出售單位,發電設備,能源類型,憑證發放年份,已移轉量(MWh),剩餘量(MWh),發電設備地址,裝置總容量,發電設備共用單位,證書編號,T-REC最後憑證發放日期,發電區間,再生能源設備查核報告,再生能源發電量查證報告,詳情_已移轉量,詳情_剩餘量
中威風力發電股份有限公司,台中風場,風力能,2026,14151.727,39281.596,臺中市大甲區福順段31、207、601、602、870;頂後厝子段281;西勢段362、362;雙寮段725、739-6、739-7、739-13、739-16;大安區田心子段223-1;下大安段268-1、284;龜壳段253、253-4;中海段640;新南埔段1103;北汕段325-4、325-10、325-21;溪州段283地號,75900 kW,中威風力發電股份有限公司,20WO0012-B026000001~53443,5/20/26,2026-01-01~2026-03-31,認可,認可,"14,151.727 MWh","39,281.596 MWh"
鹿威風力發電股份有限公司,鹿威-彰濱風場,風力能,2026,39192.347,1834.04,彰化縣線西鄉宏濱段、西興段、線興段、富貴段、伸興段、鹿港鎮崙海段,55200 kW,鹿威風力發電股份有限公司,20WO0009-B026000001~41030,5/20/26,2026-01-01~2026-03-31,認可,認可,"39,192.347 MWh","1,834.04 MWh"
創維風力發電股份有限公司,創維風場,風力能,2026,5687.797,42905.904,雲林縣麥寮鄉沿海土地,49200 kW,創維風力發電股份有限公司,22WO0013-B026000001~48603,5/20/26,2026-01-01~2026-03-31,認可,認可,"5,687.797 MWh","42,905.904 MWh"
觀威風力發電股份有限公司,觀音風力發電廠,風力能,2026,35738.061,0,桃園市觀音區沿海土地,43700 kW,觀威風力發電股份有限公司,22WO0005-B026000001~35742,5/20/26,2026-01-01~2026-03-31,認可,認可,"35,738.061 MWh",0 MWh
台汽電綠能股份有限公司,大鵬風力發電廠,風力能,2026,10242.525,21552.521,苗栗縣後龍鎮沿海土地(後龍鎮灣瓦段16-7、16-6、過港段1129-2、1129-4、1133、1134、1152、1153、1198、1240、1275、1283、1311、1322、614、1324、1325、643、灣瓦段454-124、454-125、454-126、454等地號),42000 kW,台汽電綠能股份有限公司,20WO0001-B026000001~31804,5/20/26,2026-01-01~2026-03-31,認可,認可,"10,242.525 MWh","21,552.521 MWh"
龍威風力發電股份有限公司,龍威風場一,風力能,2026,25376.687,502.365,苗栗縣後龍鎮沿海土地,37200 kW,龍威風力發電股份有限公司,22WO0001-B026000001~25888,5/20/26,2026-01-01~2026-03-31,認可,認可,"25,376.687 MWh",502.365 MWh
鹿威風力發電股份有限公司,鹿威-鹿港風場,風力能,2026,24985.125,1839.664,彰化縣鹿港鎮鹿海段、上林段,36800 kW,鹿威風力發電股份有限公司,20WO0015-B026000001~26828,5/20/26,2026-01-01~2026-03-31,認可,認可,"24,985.125 MWh","1,839.664 MWh"
新源風力發電股份有限公司,新源風場,風力能,2026,20990.802,493.318,雲林縣崙背鄉沿海土地,25200 kW,新源風力發電股份有限公司,23WO0005-B026000001~21497,5/20/26,2026-01-01~2026-03-31,認可,認可,"20,990.802 MWh",493.318 MWh
通威風力發電股份有限公司,通威風場一,風力能,2026,12725.55,524.584,苗栗縣通霄鎮沿海土地,23000 kW,通威風力發電股份有限公司,20WO0010-B026000001~13260,5/20/26,2026-01-01~2026-03-31,認可,認可,"12,725.55 MWh",524.584 MWh
通威風力發電股份有限公司,通威風場二,風力能,2026,11986.759,443.36,臺中市大甲區沿海土地,16100 kW,通威風力發電股份有限公司,20WO0011-B026000001~12440,5/20/26,2026-01-01~2026-03-31,認可,認可,"11,986.759 MWh",443.36 MWh
富威電力股份有限公司,北苑風力發電廠,風力能,2026,6500.734,145.202,彰化縣芳苑鄉漢寶園段,14400 kW,富威電力股份有限公司,20WO0016-B026000001~8380,5/20/26,2026-01-01~2026-03-31,認可,認可,"6,500.734 MWh",145.202 MWh
能元超商股份有限公司,彰旺風力發電,風力能,2026,10195.783,0,彰化縣芳苑鄉漢寶園段124-6、124-14、124-18、124-20 地號,14400 kW,能元超商股份有限公司,23WO0002-B026000001~10209,5/20/26,2026-01-01~2026-03-31,認可,認可,"10,195.783 MWh",0 MWh
富威電力股份有限公司,彰苑風力發電廠,風力能,2026,7711.832,156.377,彰化縣芳苑鄉漢寶園段,14400 kW,富威電力股份有限公司,20WO0017-B026000001~9178,5/20/26,2026-01-01~2026-03-31,認可,認可,"7,711.832 MWh",156.377 MWh
台灣塑膠工業股份有限公司,台朔重工風力發電3部*4200KW,風力能,2026,0,6424.8,雲林縣麥寮鄉雲林縣麥寮鄉雲林縣麥寮鄉三盛村7鄰台塑工業園區,12600 kW,台灣塑膠工業股份有限公司,25WO0018-B026000001~6425,4/1/26,2026-01-01~2026-02-28,認可,認可,0 MWh,"6,424.8 MWh"
東鋼風力發電股份有限公司,東鋼風力發電股份有限公司,風力能,2026,7828.397,0,苗栗縣後龍鎮南港里山邊88-5號,11500 kW,東鋼風力發電股份有限公司,22WO0009-B026000001~7832,5/20/26,2026-01-01~2026-03-31,認可,認可,"7,828.397 MWh",0 MWh
立為風力發電股份有限公司,立為風場三,風力能,2026,7987.896,2196.347,彰化縣芳苑鄉沿海土地,10800 kW,立為風力發電股份有限公司,22WO0010-B026000001~10189,5/20/26,2026-01-01~2026-03-31,認可,認可,"7,987.896 MWh","2,196.347 MWh"
立為風力發電股份有限公司,立為風場二,風力能,2026,5053.157,5390.904,彰化縣芳苑鄉沿海土地,10800 kW,立為風力發電股份有限公司,22WO0011-B026000001~10449,5/20/26,2026-01-01~2026-03-31,認可,認可,"5,053.157 MWh","5,390.904 MWh"
台汽電綠能股份有限公司,星寶風力發電廠,風力能,2026,3002.046,0,彰化縣芳苑鄉新漢寶段 387、388、389地號,10350 kW,台汽電綠能股份有限公司,21WO0001-B026000001~3035,5/20/26,2026-01-01~2026-03-31,認可,認可,"3,002.046 MWh",0 MWh
能元超商股份有限公司,台泥綠能彰濱風電二期,風力能,2026,6267.136,0,彰化縣線西鄉富貴段118、114-1地號,9000 kW,能元超商股份有限公司,24WO0002-B026000001~6302,5/20/26,2026-01-01~2026-03-31,認可,認可,"6,267.136 MWh",0 MWh
立為風力發電股份有限公司,立為風場四,風力能,2026,4939.45,3062.261,彰化縣芳苑鄉漢寶園段等地號,8400 kW,立為風力發電股份有限公司,23WO0003-B026000001~8005,5/20/26,2026-01-01~2026-03-31,認可,認可,"4,939.45 MWh","3,062.261 MWh"
台汽電綠能股份有限公司,竹南風力發電廠,風力能,2026,1382.868,3218.48,苗栗縣竹南鎮沿海土地（竹南鎮新崎頂段10、289、290、1834等地號）,7800 kW,台汽電綠能股份有限公司,20WO0002-B026000001~4608,5/20/26,2026-01-01~2026-03-31,認可,認可,"1,382.868 MWh","3,218.48 MWh"
能元超商股份有限公司,台泥綠能彰濱風力發電廠,風力能,2026,6372.897,0,彰化縣線西鄉塭仔村彰濱東一路11號,7200 kW,能元超商股份有限公司,23WO0001-B026000001~6434,5/20/26,2026-01-01~2026-03-31,認可,認可,"6,372.897 MWh",0 MWh
鹿威風力發電股份有限公司,鹿港風場二期,風力能,2026,5645.783,422.741,彰化縣鹿港鎮鹿海段69-4、70-4地號,6900 kW,鹿威風力發電股份有限公司,20WO0013-B026000001~6073,5/20/26,2026-01-01~2026-03-31,認可,認可,"5,645.783 MWh",422.741 MWh
豐威風力發電股份有限公司,豐威風場一,風力能,2026,4744.774,0,新竹縣新豐鄉沿海土地,6900 kW,豐威風力發電股份有限公司,22WO0008-B026000001~4752,5/20/26,2026-01-01~2026-03-31,認可,認可,"4,744.774 MWh",0 MWh
崎威風力發電股份有限公司,竹南二期風力發電廠,風力能,2026,2765.663,81.573,苗栗縣竹南鎮崎頂段,6900 kW,崎威風力發電股份有限公司,20WO0014-B026000001~2858,5/20/26,2026-01-01~2026-03-31,認可,認可,"2,765.663 MWh",81.573 MWh
凌威風力發電股份有限公司,林口風場,風力能,2026,3883.751,0,新北市林口區大南灣段寶斗厝村,4700 kW,凌威風力發電股份有限公司,21WO0002-B026000001~3888,5/20/26,2026-01-01~2026-03-31,認可,認可,"3,883.751 MWh",0 MWh
豐威風力發電股份有限公司,豐威風場二,風力能,2026,2951.416,0,新竹縣新豐鄉沿海土地,4600 kW,豐威風力發電股份有限公司,22WO0007-B026000001~2959,5/20/26,2026-01-01~2026-03-31,認可,認可,"2,951.416 MWh",0 MWh
桃威風力發電股份有限公司,新屋風力發電廠,風力能,2026,3284.465,0,桃園市觀音區沿海土地,4600 kW,桃威風力發電股份有限公司,22WO0004-B026000001~3288,5/20/26,2026-01-01~2026-03-31,認可,認可,"3,284.465 MWh",0 MWh
龍威風力發電股份有限公司,龍威風場二,風力能,2026,3152.153,82.586,苗栗縣後龍鎮沿海土地,4600 kW,龍威風力發電股份有限公司,22WO0002-B026000002~3245,5/20/26,2026-01-01~2026-03-31,認可,認可,"3,152.153 MWh",82.586 MWh
禾風風力發電股份有限公司,禾風風場,風力能,2026,3984.573,44.058,雲林縣臺西鄉沿海土地,4200 kW,禾風風力發電股份有限公司,24WO0001-B026000001~4040,5/20/26,2026-01-01~2026-03-31,認可,認可,"3,984.573 MWh",44.058 MWh
立為風力發電股份有限公司,立為風場一,風力能,2026,3484.956,390.186,彰化縣福興鄉沿海土地,3600 kW,立為風力發電股份有限公司,22WO0012-B026000001~3880,5/20/26,2026-01-01~2026-03-31,認可,認可,"3,484.956 MWh",390.186 MWh
永能風力發電股份有限公司,竹南鎮龍鳳里及海口里風場,風力能,2026,1332.943,41.612,苗栗縣竹南鎮營盤邊段,2350 kW,永能風力發電股份有限公司,21WO0003-B026000001~1383,5/20/26,2026-01-01~2026-03-31,認可,認可,"1,332.943 MWh",41.612 MWh
永能風力發電股份有限公司,竹南鎮海口北風場,風力能,2026,1731.93,47.735,苗栗縣竹南鎮海口段,2350 kW,永能風力發電股份有限公司,21WO0004-B026000001~1791,5/20/26,2026-01-01~2026-03-31,認可,認可,"1,731.93 MWh",47.735 MWh
安威風力發電股份有限公司,安威風場四,風力能,2026,1631.712,0,臺中市清水區沿海土地,2300 kW,安威風力發電股份有限公司,20WO0004-B026000001~1639,5/20/26,2026-01-01~2026-03-31,認可,認可,"1,631.712 MWh",0 MWh
豐威風力發電股份有限公司,豐威風場三,風力能,2026,1732.365,41.237,雲林縣麥寮鄉沿海土地,2300 kW,豐威風力發電股份有限公司,23WO0004-B026000001~1786,5/20/26,2026-01-01~2026-03-31,認可,認可,"1,732.365 MWh",41.237 MWh
安威風力發電股份有限公司,安威風場三,風力能,2026,1772.263,0,臺中市大安區沿海土地,2300 kW,安威風力發電股份有限公司,20WO0005-B026000001~1780,5/20/26,2026-01-01~2026-03-31,認可,認可,"1,772.263 MWh",0 MWh
安威風力發電股份有限公司,安威風場一,風力能,2026,1666.949,71.075,臺中市大甲區沿海土地,2300 kW,安威風力發電股份有限公司,20WO0007-B026000001~1750,5/20/26,2026-01-01~2026-03-31,認可,認可,"1,666.949 MWh",71.075 MWh
安威風力發電股份有限公司,安威風場二,風力能,2026,2114.008,0,臺中市大安區沿海土地,2300 kW,安威風力發電股份有限公司,20WO0006-B026000001~2123,5/20/26,2026-01-01~2026-03-31,認可,認可,"2,114.008 MWh",0 MWh
清風風力發電股份有限公司,清水風場,風力能,2026,1756.309,0,臺中市清水區沿海土地,2300 kW,清風風力發電股份有限公司,20WO0008-B026000001~1759,5/20/26,2026-01-01~2026-03-31,認可,認可,"1,756.309 MWh",0 MWh
安威風力發電股份有限公司,安威風場五,風力能,2026,2192.016,67.245,臺中市大甲區沿海土地,2300 kW,安威風力發電股份有限公司,20WO0003-B026000001~2270,5/20/26,2026-01-01~2026-03-31,認可,認可,"2,192.016 MWh",67.245 MWh
龍威風力發電股份有限公司,龍威風場三,風力能,2026,1564.021,36.28,苗栗縣後龍鎮沿海土地,2300 kW,龍威風力發電股份有限公司,22WO0003-B026000001~1611,5/20/26,2026-01-01~2026-03-31,認可,認可,"1,564.021 MWh",36.28 MWh
正隆股份有限公司竹北廠,正隆股份有限公司竹北廠,風力能,2026,0,623.4,新竹縣竹北市大義里長青路二段300號,1750 kW,正隆股份有限公司竹北廠,17WO0002-B026000001~625,5/20/26,2026-01-01~2026-03-31,認可,認可,0 MWh,623.4 MWh
天衝能源股份有限公司,天衝第一階段及第二階段太陽能發電廠,太陽能,2026,40469.814,0,臺南市七股區#1:三合段(13筆地號)、七股段(126筆地號)；#2:七股段(50筆地號)，共189筆地號,116510.4 kW,天衝能源股份有限公司,24SP1161-B026000001~40476,5/20/26,2026-01-01~2026-03-31,認可,認可,"40,469.814 MWh",0 MWh
厚固光電股份有限公司,崙尾東二號電廠,太陽能,2026,28371.269,0,彰化縣鹿港鎮崙海段17地號,92979.81 kW,厚固光電股份有限公司,23SP0165-B026000001~28379,5/20/26,2026-01-01~2026-03-31,認可,認可,"28,371.269 MWh",0 MWh
辰亞電力股份有限公司,崙尾東一號電廠,太陽能,2026,26524.55,0,"彰化縣鹿港鎮崙海段18地號,10-54地號,10-55地號",88038.72 kW,辰亞電力股份有限公司,23SP0166-B026000001~26536,5/20/26,2026-01-01~2026-03-31,認可,認可,"26,524.55 MWh",0 MWh
茂正能源股份有限公司,茂正太陽光電廠,太陽能,2026,31620.401,0,雲林縣口湖鄉下湖口段、水井段 共262筆地號,87833.6 kW,茂正能源股份有限公司,24SP1446-B026000001~31632,5/20/26,2026-01-01~2026-03-31,認可,認可,"31,620.401 MWh",0 MWh
天能綠電股份有限公司,台南北門蚵寮漁電共生專案,太陽能,2026,28262.962,356.726,臺南市北門區蚵寮段1407-6號等58筆地號,86184 kW,天能綠電股份有限公司、恩富資本太陽能股份有限公司,23SP0122-B026000001~29167,5/20/26,2026-01-01~2026-03-31,認可,認可,"28,262.962 MWh",356.726 MWh
天篷能源股份有限公司,天篷第一期(第一階段及第二階段)太陽能電廠,太陽能,2026,7895.956,8432.171,臺南市七股區#01:三股子段(109筆地號)、樹子腳段(42筆地號)、義合段(16筆地號)，共167筆地號；#02:三和段(15筆地號)、七十二分段(2筆地號)，共17筆地號,79980 kW,天篷能源股份有限公司,24SP1603-B026000001~16330,4/22/26,2026-01-01~2026-02-28,認可,認可,"7,895.956 MWh","8,432.171 MWh"
富威電力股份有限公司,星崴七股太陽光電發電廠,太陽能,2026,13778.342,1735.567,臺南市七股區台區段,77520 kW,能貿綠電科技股份有限公司、續興股份有限公司、富威電力股份有限公司,23SP0010-B026000001~17392,5/20/26,2026-01-01~2026-03-31,認可,認可,"13,778.342 MWh","1,735.567 MWh"
博曜電力股份有限公司,心忠學甲第一型太陽光電發電廠,太陽能,2026,3223.458,0,臺南市學甲區宅仔港段163-611等91筆地號及學甲寮段283-0012等36筆地號,75969.6 kW,博曜電力股份有限公司,22SP0023-B026000001~3303,5/20/26,2026-01-01~2026-03-31,認可,認可,"3,223.458 MWh",0 MWh
台灣艾貴太陽能源股份有限公司,台灣艾貴義竹發電廠,太陽能,2026,19405.94,6022.058,嘉義縣義竹鄉新店村13鄰新店225-5號,70200 kW,台灣艾貴太陽能源股份有限公司,20SP0007-B026000001~25435,5/20/26,2026-01-01~2026-03-31,認可,認可,"19,405.94 MWh","6,022.058 MWh"
辰華電力股份有限公司,崙尾東三號電廠,太陽能,2026,17773.573,89,彰化縣鹿港鎮山崙里崙海段71地號,67267.2 kW,辰華電力股份有限公司,23SP0183-B026000001~17821,5/20/26,2026-01-01~2026-03-31,認可,認可,"17,773.573 MWh",89 MWh
寶興能源股份有限公司,寶興金榮光電廠-枋寮案場,太陽能,2026,6426.035,655.285,屏東縣枋寮鄉屏東縣枋寮鄉金榮段、隆安段、隆山北段、內寮村段、三民段、新開村段、大響營段一小段185筆地號,62117.265 kW,寶富電力股份有限公司、寶興能源股份有限公司、天能綠電股份有限公司,23SP0275-B026001999~9181,5/20/26,2026-01-01~2026-03-31,認可,認可,"6,426.035 MWh",655.285 MWh
城市發展電業股份有限公司,屏東林邊鎮安太陽光電發電廠-第一~五期,太陽能,2026,8018.321,208.482,屏東縣林邊鄉鎮安段共22筆地號,54821.48 kW,寶富電力股份有限公司、城市發展電業股份有限公司、天能綠電股份有限公司,23SP0063-B026000035~10612,5/20/26,2026-01-01~2026-03-31,認可,認可,"8,018.321 MWh",208.482 MWh
三地怪獸電力股份有限公司,南旭第一期漁電共生太陽光電案場,太陽能,2026,9031.587,833.148,臺南市七股區下山子寮段66、66-24、67-2、68-6、69、70、70-6、70-11、70-12、70-13、72、73、73-1、73-5、73-6、73-7、73-8、73-9、73-10、73-11、73-12、73-13、73-14、73-15 等共24筆地號,52463.88 kW,三地怪獸電力股份有限公司,25SP3361-B026000001~9874,5/20/26,2026-01-01~2026-03-31,認可,認可,"9,031.587 MWh",833.148 MWh
天能綠電股份有限公司,台南北門三寮灣漁電共生專案,太陽能,2026,4051.112,0,臺南市北門區溪底寮段三寮灣小段1等47筆地號,42001.2 kW,天能綠電股份有限公司,23SP0129-B026003736~7787,4/1/26,2026-02-01~2026-02-28,認可,認可,"4,051.112 MWh",0 MWh
玉樹能源股份有限公司,玉樹能源第一期、玉樹能源第1-2期,太陽能,2026,6900.213,663.681,屏東縣高樹鄉公平段0670-0000等30筆地號、東振新段1582-0000等75筆地號,39043.6 kW,富威電力股份有限公司、玉樹能源股份有限公司,23SP0175-B026000001~8120,5/20/26,2026-01-01~2026-03-31,認可,認可,"6,900.213 MWh",663.681 MWh
續興股份有限公司,天璣佳冬,太陽能,2026,12822.399,0,屏東縣佳冬鄉佳和段、塭豐段、塭仔段、新埔段、內館段等182筆地號(詳參電業執照廠址區域清冊),37771.95 kW,續興股份有限公司,24SP1047-B026000001~13096,5/20/26,2026-01-01~2026-03-31,認可,認可,"12,822.399 MWh",0 MWh
三地怪獸電力股份有限公司,合豐屏東太陽光電案場,太陽能,2026,11764.257,599,屏東縣獅子鄉古道段：3-1、3-9、3-10、3-17、3-22、3-23、3-24、3-25、3-26、3-27、3-28、 3-29、3-30、3-31、3-32、3-33、3-34、3-35，18 筆地號，車城鄉海口段：85、85-6、85-8、85-25、85-26、85-27、85-28、85-29、85-30、85-31、 85-32、85-33、85-34、85-35、85-36、85-37、85-38、85-39、85-40、85-41、85-42、 85-43、85-44，23 筆地號，合計共41筆地號。,34564.41 kW,三地怪獸電力股份有限公司,25SP3362-B026000001~12373,5/20/26,2026-01-01~2026-03-31,認可,認可,"11,764.257 MWh",599 MWh
台康日能科技股份有限公司,台康萬興四放滯洪池,太陽能,2026,4591.707,22.206,彰化縣二林鎮二林中科段235、236、237、238、245、276、282、283、284、285、289、375、376、377、379、382、384、392、393、394、401、404、405、407、414、418、239、280、286、287、288,32600.88 kW,星星電力股份有限公司、康展電力股份有限公司、天能綠電股份有限公司、台康日能科技股份有限公司,22SP0098-B026000200~5154,5/20/26,2026-01-01~2026-03-31,認可,認可,"4,591.707 MWh",22.206 MWh
康展電力股份有限公司,康德雲林古坑,太陽能,2026,9440.614,0,雲林縣古坑鄉南昌段101、崁腳段548、548-1、548-2、548-3、549、549-1、549-2、549-3、 549-4、549-5、554、554-1、554-2、555、555-1、555-2、555-4、575-1、576-1地號,29433.375 kW,康展電力股份有限公司,25SP2860-B026000001~9456,5/20/26,2026-01-01~2026-03-31,認可,認可,"9,440.614 MWh",0 MWh
太陽神電力股份有限公司,E-001-屏東-L1,太陽能,2026,1009.601,0,屏東縣枋寮鄉共74筆土地,29092.32 kW,太陽神電力股份有限公司,25SP0082-B026000001~1010,5/20/26,2026-01-01~2026-03-31,認可,認可,"1,009.601 MWh",0 MWh
天機電力股份有限公司,天機電力股份有限公司,太陽能,2026,4197.388,0,雲林縣斗六市西平路780巷25-1號,26448 kW,開陽電力股份有限公司、天機電力股份有限公司、台汽電綠能股份有限公司,22SP0065-B026000001~4301,5/20/26,2026-01-01~2026-03-31,認可,認可,"4,197.388 MWh",0 MWh
開陽智慧能源股份有限公司,中曜股份有限公司,太陽能,2026,1284.613,0,屏東縣佳冬鄉新埔段、武丁段、內管段等99筆地號,24700.2 kW,開陽智慧能源股份有限公司、中曜股份有限公司,23SP0113-B026000001~1299,4/1/26,2026-01-01~2026-01-31,認可,認可,"1,284.613 MWh",0 MWh
天權智慧能源股份有限公司,中曜股份有限公司,太陽能,2026,86.955,2136.16,屏東縣佳冬鄉內館段、新埔段等103筆地號,24591.68 kW,天權智慧能源股份有限公司、中曜股份有限公司,22SP0057-B026000001~2235,4/1/26,2026-01-01~2026-01-31,認可,認可,86.955 MWh,"2,136.16 MWh"
玉衡智慧能源股份有限公司,中曜股份有限公司,太陽能,2026,0,2053.17,屏東縣佳冬鄉昌南段、佳和段、新埔段及武丁段等110筆地號,24382.12 kW,玉衡智慧能源股份有限公司、中曜股份有限公司,22SP0056-B026000001~2060,4/1/26,2026-01-01~2026-01-31,認可,認可,0 MWh,"2,053.17 MWh"
瑤光智慧能源股份有限公司,中曜股份有限公司,太陽能,2026,2098.009,0,屏東縣佳冬鄉昌南段、武丁段、新埔段等92筆地號,23944.91 kW,瑤光智慧能源股份有限公司、中曜股份有限公司,23SP0112-B026000001~2099,5/13/26,2026-01-01~2026-02-28,認可,認可,"2,098.009 MWh",0 MWh
星星電力股份有限公司,臺南市北門區第二期太陽光電發電系統工程(大福),太陽能,2026,1158.653,0,臺南市北門區舊埕段304、339、340、341、342-1、347地號，玉港段311、313地號，保吉段892-1、893-1、908-1、910、912、999地號,21999.91 kW,星星電力股份有限公司,24SP0067-B026000012~1246,5/20/26,2026-01-01~2026-03-31,認可,認可,"1,158.653 MWh",0 MWh
台康日能科技股份有限公司,嘉義溪墘滯洪池,太陽能,2026,6148.363,0,嘉義縣布袋鎮菜舖廍段菜舖廍小段85、86地號，義竹鄉西後寮段西後寮小段53、54、55、66、67-1、68、70-2、71-1地號,21298.68 kW,康展電力股份有限公司、台康日能科技股份有限公司、亞福儲能股份有限公司,22SP0051-B026000001~6154,5/20/26,2026-01-01~2026-03-31,認可,認可,"6,148.363 MWh",0 MWh
星星電力股份有限公司,臺南市北門區第一期太陽光電發電系統工程,太陽能,2026,1366.737,223.981,臺南市北門區保吉段797、797-3、797-5、797-6、797-7、797-8、798、 798-1、799、799-4、799-5、823、823-1、825、825-1、825-2、825-3地號,21167.9 kW,星星電力股份有限公司,22SP0070-B026000002~1765,5/20/26,2026-01-01~2026-03-31,認可,認可,"1,366.737 MWh",223.981 MWh
曄恆能源股份有限公司,曄恆嘉義鹽地太陽光電廠,太陽能,2026,3373.043,0,嘉義縣布袋鎮新南段8、8-3、8-4、13、15、15-1、19、19-2、19-3、21、21-1、21-2、39、39-2、40、40-2、42、42-2、42-3、43、43-2、43-3、43-4、43-5、44、44-2、44-3地號,19999.2 kW,曄恆能源股份有限公司,20SP0013-B026000001~3378,5/20/26,2026-01-01~2026-03-31,認可,認可,"3,373.043 MWh",0 MWh
安瑟樂威股份有限公司,乾耀能源-官田廠,太陽能,2026,0.1,0,臺南市官田區南廍段23-3等177筆地號,19349.525 kW,安瑟樂威股份有限公司,25SP1157-B026000001,3/4/26,2026-01-01~2026-01-31,認可,認可,0.1 MWh,0 MWh
成勁電力股份有限公司,成勁六七期太陽光電廠,太陽能,2026,5906.001,0,屏東縣枋寮鄉玉泉段942地號等8筆、大響營段一小段238地號等7筆、新開村段369地號等24筆，共39筆土地,17325.63 kW,成勁電力股份有限公司,25SP0740-B026000001~5915,5/20/26,2026-01-01~2026-03-31,認可,認可,"5,906.001 MWh",0 MWh
台汽電綠能股份有限公司,烏山頭水庫水面型太陽光電發電系統,太陽能,2026,2766.563,285.386,臺南市官田區社子段1-14、1-15、1-16、1-17、1-21、884、640-176地號；笨潭段73-1地號；雙溪子段59-1、60、61地號,13705.2 kW,台汽電綠能股份有限公司,22SP0113-B026000001~3064,5/20/26,2026-01-01~2026-03-31,認可,認可,"2,766.563 MWh",285.386 MWh
永堯能源股份有限公司,彰化縣大城鄉永堯一期太陽光電發電廠,太陽能,2026,2692.927,0,彰化縣大城鄉三塊厝段335-3、336-1、336-2、336-3、336-4、336-5、336-6、336-7、336-8、336-14、337-3、337-4、337-5、337-6、337-7、337-8、337-9、337-12、337-13、337-18、337-19、337-53、337-54、343-3、344-3、344-4、344-5、344-8、345、345-4、345-5、345-6、345-7、345-8、345-9、345-10、345-11、345-12、345-13、345-14、345-15、345-16、345-18、345-19、345-20、345-22、367、371、371-1、372、374、374-5地號(總計52筆地號),13264.155 kW,艾涅爾電力股份有限公司、永堯能源股份有限公司,25SP0668-B026000001~2697,4/8/26,2026-01-01~2026-02-28,認可,認可,"2,692.927 MWh",0 MWh
泰陽光電股份有限公司,泰陽義竹1-1期,太陽能,2026,3649.943,0,嘉義縣義竹鄉嘉義縣 義竹鄉 安溪寮段 246/ 嘉義縣 義竹鄉 幸福後鎮段 364 /366 /365/ 367 /361 /462/ 460 /461 /479/ 481/ 482/483/ 522/ 529/520/ 515/ 528/ 543/ 527/ 525/523/ 嘉義縣 義竹鄉 後鎮段後鎮小段 174175/176/177/178 /179,12443.3 kW,泰陽光電股份有限公司,23SP0252-B026000001~3656,5/20/26,2026-01-01~2026-03-31,認可,認可,"3,649.943 MWh",0 MWh
能元超商股份有限公司,台泥綠能彰濱光電二期,太陽能,2026,3096.336,0,彰化縣線西鄉塭仔村彰濱東一路11號,10078.42 kW,能元超商股份有限公司,23SP0255-B026000001~3109,5/20/26,2026-01-01~2026-03-31,認可,認可,"3,096.336 MWh",0 MWh
怡和綠電超商股份有限公司,怡和國際能源-中安路,太陽能,2026,878.4,782.735,高雄市小港區中厝段893、895、896、897、938-4、938-5、942-3,9999.99 kW,怡和綠電超商股份有限公司,25SP2417-B026000001~1664,4/1/26,2026-01-01~2026-02-28,認可,認可,878.4 MWh,782.735 MWh
星星電力股份有限公司,澎湖第一期太陽光電發電系統工程(方登),太陽能,2026,1590.665,0,澎湖縣湖西鄉尖山中段777...等20筆地號、尖山北段24...等25筆地號、尖山南段67...等15筆地號及湖東新段1273...等12筆地號，共72筆土地。,9817.2 kW,星星電力股份有限公司,24SP0097-B026000001~1985,4/8/26,2026-01-01~2026-02-28,認可,認可,"1,590.665 MWh",0 MWh
星星電力股份有限公司,澎湖第二期太陽光電發電系統工程(中鈁),太陽能,2026,2026.48,0,澎湖縣湖西鄉澎湖縣湖西鄉尖山中段1484等1筆地號、尖山南段6、7...等53筆地號、林投北段1-1...等11筆地號，共65筆地號。,9817.2 kW,星星電力股份有限公司,24SP0098-B026000002~2649,5/20/26,2026-01-01~2026-03-31,認可,認可,"2,026.48 MWh",0 MWh
星星電力股份有限公司,澎湖第三期太陽光電發電系統工程(仁華),太陽能,2026,2007.593,0,澎湖縣湖西鄉澎湖縣湖西鄉紅羅段2819...等64筆地號、林投北段978...等6筆地號、湖西南段2689...等2筆地號，共72筆地號。,9817.145 kW,星星電力股份有限公司,24SP0087-B026000001~2649,5/20/26,2026-01-01~2026-03-31,認可,認可,"2,007.593 MWh",0 MWh
天能綠電股份有限公司,永冠能源屋頂型太陽光電案廠,太陽能,2026,1026.486,0,臺中市龍井區環港路168號,7865.1 kW,天能綠電股份有限公司,24SP0091-B026000001~1091,5/20/26,2026-01-01~2026-03-31,認可,認可,"1,026.486 MWh",0 MWh
艾杰旭顯示玻璃股份有限公司,艾杰旭顯示玻璃股份有限公司,太陽能,2026,0,2956.444,雲林縣斗六市科工七路8號、科工八路66號,7735.22 kW,艾杰旭顯示玻璃股份有限公司,24SP0502-B026000001~2958,5/20/26,2025-12-01~2026-03-31,認可,認可,0 MWh,"2,956.444 MWh"
續興股份有限公司,森勁三、四期,太陽能,2026,1805.955,0,臺中市后里區馬場路1號,7635.28 kW,續興股份有限公司,25SP3300-B026000001~1607,5/20/26,2026-01-01~2026-03-31,認可,認可,"1,805.955 MWh",0 MWh
生利能源股份有限公司,生利枋寮太陽光電發電廠,太陽能,2026,1910.583,0,屏東縣枋寮鄉玉泉段745地號等43筆地號,6796.41 kW,生利能源股份有限公司,23SP0278-B026000002~1922,5/20/26,2026-01-01~2026-03-31,認可,認可,"1,910.583 MWh",0 MWh
陽光伏特家電力股份有限公司,奇美綠能園區二期,太陽能,2026,163.706,0,臺南市善化區茄拔段二小段617、619、623、629地號,6740.28 kW,陽光伏特家電力股份有限公司,22SP0007-B026000006~375,4/1/26,2026-01-01~2026-02-28,認可,認可,163.706 MWh,0 MWh
續興股份有限公司,日立江森,太陽能,2026,76.606,0,桃園市蘆竹區內溪路29號,6680.72 kW,續興股份有限公司,25SP2355-B026000003~78,5/20/26,2026-01-01~2026-03-31,認可,認可,76.606 MWh,0 MWh
東鋼風力發電股份有限公司,東鋼風力東苗太陽光電發電廠-軋鋼廠,太陽能,2026,1368.784,0,苗栗縣後龍鎮西湖鄉二湖村坪頂22號,6590.685 kW,東鋼風力發電股份有限公司,24SP1027-B026000001~1372,5/20/26,2026-01-01~2026-03-31,認可,認可,"1,368.784 MWh",0 MWh
富威電力股份有限公司,禾迅一號台南鹽水太陽光電發電系統工程,太陽能,2026,1793.229,228.632,臺南市鹽水區義中段、新營區嘉芳段,6497.04 kW,富威電力股份有限公司,23SP0027-B026000001~2053,5/20/26,2026-01-01~2026-03-31,認可,認可,"1,793.229 MWh",228.632 MWh
成勁電力股份有限公司,成勁空軍防空暨飛彈指揮部,太陽能,2026,1815.397,0,臺南市仁德區保仁路195號,5455.56 kW,成勁電力股份有限公司,23SP0281-B026000002~1824,5/20/26,2026-01-01~2026-03-31,認可,認可,"1,815.397 MWh",0 MWh
台汽電綠能股份有限公司,南陽電業北門,太陽能,2026,1884.183,0,臺南市北門區舊埕段704、722、814、815、816、841地號,5384.055 kW,台汽電綠能股份有限公司,24SP1167-B026000001~1887,5/20/26,2026-01-01~2026-03-31,認可,認可,"1,884.183 MWh",0 MWh
大同智能股份有限公司,臺北大眾捷運股份有限公司-土城機廠屋頂型太陽光電系統,太陽能,2026,2.001,0,新北市板橋區大觀路二段443號,4999.83 kW,大同智能股份有限公司,22SP0079-B026000001~2,4/1/26,2026-01-01~2026-01-31,認可,認可,2.001 MWh,0 MWh
大自然能源電業股份有限公司,NP111022A002(益揚-油機工業屋頂),太陽能,2026,1802.601,0,高雄市路竹區環球路92號,4990.7 kW,大自然能源電業股份有限公司、晨星電力股份有限公司,24SP1180-B026000001~1804,5/20/26,2026-01-01~2026-03-31,認可,認可,"1,802.601 MWh",0 MWh
台汽電綠能股份有限公司,鑫光電能有限公司,太陽能,2026,1110.579,0,桃園市大溪區仁善里松樹21之1、21之3號,4968 kW,台汽電綠能股份有限公司,20SP0021-B026000001~1140,5/20/26,2026-01-01~2026-03-31,認可,認可,"1,110.579 MWh",0 MWh
台汽電綠能股份有限公司,弘泰電力群創T2,太陽能,2026,1326.5,0,苗栗縣竹南鎮科學路168號,4882.25 kW,台汽電綠能股份有限公司,24SP1186-B026000001~1330,5/20/26,2026-01-01~2026-03-31,認可,認可,"1,326.5 MWh",0 MWh
台灣速力綠能股份有限公司,速力綠能芳苑發電廠第一機組,太陽能,2026,1596.307,0,彰化縣芳苑鄉「第一機組」彰化縣芳苑鄉芳苑段0392-0000、0394-0000、0394-0001、0396-0000、0404-0000、0405-0001、0565-0000、0565-0001、0565-0002、0566-0000、0566-0001、0571-0000、0573-0001、0574-0000、0575-0000、0576-0000、0577-0000、0578-0000地號共計18筆土地,4680 kW,台灣速力綠能股份有限公司,22SP0063-B026000001~1597,5/20/26,2026-01-01~2026-03-31,認可,認可,"1,596.307 MWh",0 MWh
天能綠電股份有限公司,台東大豐段掩埋場地面型太陽能光電案(高壓),太陽能,2026,1181.015,0,臺東縣臺東市大豐段542地號,4504 kW,天能綠電股份有限公司,22SP0046-B026000329~1510,5/20/26,2026-01-01~2026-03-31,認可,認可,"1,181.015 MWh",0 MWh
中鋼光能股份有限公司,中鋼#34~37庫&冷軋調質工廠,太陽能,2026,1225.331,0,高雄市小港區中鋼路1號及嘉興街2號,4434.24 kW,中鋼光能股份有限公司,22SP0130-B026000001~1226,5/20/26,2026-01-01~2026-03-31,認可,認可,"1,225.331 MWh",0 MWh
映暉能源有限公司,映暉能源第一期太陽光電發電廠,太陽能,2026,1417.358,0,,,,,,,,,,
台康日能科技股份有限公司,嘉義公館滯洪池,太陽能,2026,1230.885,0,雲林縣口湖鄉牛尿港段11、11-1、11-16、11-30、11-9911-104、11-123、11-124、11-151、11-152、12地號,4387.2 kW,映暉能源有限公司,22SP0067-B026000001~1419,5/20/26,2026-01-01~2026-03-31,認可,認可,"1,417.358 MWh",0 MWh
中鋼光能股份有限公司,中鴻鹿港廠,太陽能,2026,1150.503,0,彰化縣鹿港鎮鹿工路42號,4333.38 kW,中鋼光能股份有限公司,23SP0024-B026000001~1152,5/20/26,2026-01-01~2026-03-31,認可,認可,"1,150.503 MWh",0 MWh
昱鼎電業股份有限公司,臺南市新營掩埋場5期太陽光電發電廠,太陽能,2026,1307.25,0,臺南市新營區護鎮里104號,4262.16 kW,昱鼎電業股份有限公司,22SP0083-B026000001~1309,5/20/26,2026-01-01~2026-03-31,認可,認可,"1,307.25 MWh",0 MWh
台汽電綠能股份有限公司,桃旭電力正隆造紙(燕巢),太陽能,2026,1357.322,0,高雄市燕巢區安南段35-3、36地號,4255.68 kW,台汽電綠能股份有限公司,24SP0444-B026000001~1361,5/20/26,2026-01-01~2026-03-31,認可,認可,"1,357.322 MWh",0 MWh
中鋼光能股份有限公司,中鋼第二熱軋,太陽能,2026,1128.312,0,高雄市小港區中鋼路1號,4240.62 kW,中鋼光能股份有限公司,22SP0142-B026000001~1130,5/20/26,2026-01-01~2026-03-31,認可,認可,"1,128.312 MWh",0 MWh
台康日能科技股份有限公司,高雄典寶溪滯洪池,太陽能,2026,970.328,27.993,高雄市橋頭區三仙段1230地號,4085.64 kW,康展電力股份有限公司、台康日能科技股份有限公司,22SP0033-B026000001~1028,5/20/26,2026-01-01~2026-03-31,認可,認可,970.328 MWh,27.993 MWh
天能綠電股份有限公司,環台光電股份有限公司,太陽能,2026,851.537,0,彰化縣鹿港鎮海埔里18鄰工業西七路8號,4059.27 kW,天能綠電股份有限公司、十萬伏特電力股份有限公司、環台光電股份有限公司,22SP0121-B026000001~855,5/20/26,2026-01-01~2026-03-31,認可,認可,851.537 MWh,0 MWh
怡和綠電超商股份有限公司,怡和國際能源-台南紡織_仁德總廠(紡一東側西側+紡二),太陽能,2026,1296.129,0,臺南市仁德區中正路2段862巷45號,4027.52 kW,怡和綠電超商股份有限公司,25SP2677-B026000001~1298,5/20/26,2026-01-01~2026-03-31,認可,認可,"1,296.129 MWh",0 MWh
奇異果新能源股份有限公司,風之谷太陽光電發電廠,太陽能,2026,1214.168,0,臺南市新市區新晶段42地號(水面型),4023 kW,奇異果新能源股份有限公司,25SP0115-B026000001~1226,5/20/26,2026-01-01~2026-03-31,認可,認可,"1,214.168 MWh",0 MWh
怡和綠電超商股份有限公司,遠勁綠能-台南公滯一二_左1~8,太陽能,2026,1390.401,0,臺南市善化區善化段2066-0006、2067-0000、2067-0004、2067-0007、2068-0001、2068-0003、2069-0000、2069-0001、2069-0002、2070-0000、2070-0001、2070-0005、2072-0000、2072-0001、2072-0002、2072-0004、2073-0000、2073-0001、2073-0011、2073-0002、2073-0003、2073-0004、2073-0005、2073-0006、2073-0007、2066-0005、2066-0008、2066-0009、2066-0015、2175-0000、2176-0000、2073-0008、2073-0009、2073-0010、2073-0014、2174-0002、2067-0002、2068-0000、2067-0003、2068-0002、2069-0003、2072-0003地號、台南市新市區看西段0939-0000、1072-0000、1075-0000、1076-0000、1077-0000地號、台南市安定區安定段1370-0001、1076-0001、1077-0000、1077-0002、1080-0001、1080-0002、1080-0003、1080-0004、1078-0001地號 台南市新市區看西段0933-0000、0934-0001、0935-0000、0936-0000、0936-0001、0936-0002、0937-0000、0938-0000、0939-0000、0939-0001、0939-0002、0939-0003、0939-0004、0939-0005、0939-0006、0940-0000、0940-0001、0940-0002、0940-0003、0940-0004、0940-0005、0940-0006、0940-0007、0940-0008、0940-0009、0940-0010、0940-0011、0941-0000、0941-0003、0941-0007、0941-0008、1072-0000、1073-0000、1074-0000、1075-0000、1076-0000、1078-0000、1079-0000、1087-0000、1088-0000、1089-0000、1090-0000、1091-0000、1091-0002、1092-0001、1082-0000地號、台南市善化區善化段2074-0002、2074-0003、2074-0000、2074-0001、2074-0004、2177-0002地號、台南市安定區安定段1370-0001、0148-0002地號,3991.68 kW,怡和綠電超商股份有限公司,26SP0046-B026000001~1395,5/20/26,2026-01-01~2026-03-31,認可,認可,"1,390.401 MWh",0 MWh
群創光電股份有限公司,群創光電五廠,太陽能,2026,0,1150.273,臺南市新市區環西路二段2號,3904.735 kW,群創光電股份有限公司,24SP0382-B026000001~1152,5/20/26,2026-01-01~2026-03-31,認可,認可,0 MWh,"1,150.273 MWh"
成勁電力股份有限公司,彰化大葉廠,太陽能,2026,1192.828,0,彰化縣大村鄉學府路88之2號,3876.18 kW,成勁電力股份有限公司,23SP0345-B026000004~1204,5/20/26,2026-01-01~2026-03-31,認可,認可,"1,192.828 MWh",0 MWh
昱鼎電業股份有限公司,北捷北投機廠太陽光電發電廠,太陽能,2026,205,0,臺北市北投區112 大業路527巷88號(屋頂),3797.28 kW,奇異果新能源股份有限公司、昱鼎電業股份有限公司,22SP0091-B026000001~171,5/20/26,2026-01-01~2026-03-31,認可,認可,205 MWh,0 MWh
亞惟股份有限公司,PD2037,太陽能,2026,1035.92,0,屏東縣崁頂鄉中正路1-26號,3671.1 kW,亞惟股份有限公司,24SP0757-B026000001~1046,5/20/26,2026-01-01~2026-03-31,認可,認可,"1,035.92 MWh",0 MWh
森勁電力股份有限公司,中正預校-B,太陽能,2026,1171.515,0,,,,,,,,,,
,,,,,,高雄市小港區嘉興街8號,3660.22 kW,東鋼風力發電股份有限公司,24SP0313-B026000001~1051,5/20/26,2026-01-01~2026-03-31,認可,認可,"1,047.148 MWh",0 MWh
昱鼎電業股份有限公司,桃園捷運青埔機廠太陽光電發電廠,太陽能,2026,1,0,桃園市大園區領航北路4段251、253號,3600.35 kW,昱鼎電業股份有限公司,25SP1042-B026000001,3/4/26,2026-01-01~2026-01-31,認可,認可,1 MWh,0 MWh
大同智能股份有限公司,臺北大眾捷運股份有限公司-新莊機廠屋頂型太陽光電系統,太陽能,2026,219.817,0,新北市新莊區中正路760號,3599.64 kW,大同智能股份有限公司,23SP0076-B026000004~243,5/13/26,2026-01-01~2026-02-28,認可,認可,219.817 MWh,0 MWh
全利成電力股份有限公司,全利成2號電廠,太陽能,2026,954.419,0,屏東縣新園鄉鹽龍路1號,3519.7 kW,全利成電力股份有限公司,22SP0022-B026000001~205,5/20/26,2026-01-01~2026-03-31,認可,認可,954.419 MWh,0 MWh
台灣速力綠能股份有限公司,速力綠能芳苑發電廠第二機組,太陽能,2026,1209.603,0,彰化縣芳苑鄉「第二機組」彰化縣芳苑鄉芳苑段0599-0000、0601-0000、0602-0000、0607-0000、0608-0000、0563-0000、0610-0000、0683-0000、0684-0002、0685-0000、0686-0000地號共計11筆土地,3487.5 kW,台灣速力綠能股份有限公司,22SP0064-B026000001~1211,5/20/26,2026-01-01~2026-03-31,認可,認可,"1,209.603 MWh",0 MWh
成勁電力股份有限公司,成勁一期臺南關廟太陽光電發電廠,太陽能,2026,1182.645,0,臺南市關廟區龜洞段340-0、340-1、340-2、340-3、340-4、340-5、340-6、340-13、359-3、359-4、360、361、362、362-1、362-2、363、363-1、364、364-1、364-2、364-3、364-4、365、365-1、365-2、365-4、366、367、368、369地號,3483.48 kW,成勁電力股份有限公司,23SP0108-B026000004~1193,5/20/26,2026-01-01~2026-03-31,認可,認可,"1,182.645 MWh",0 MWh
中鋼光能股份有限公司,中鋼第一熱軋成品倉庫,太陽能,2026,965.734,0,高雄市小港區中鋼路1號及嘉興街2號,3470.4 kW,中鋼光能股份有限公司,22SP0156-B026000001~967,5/20/26,2026-01-01~2026-03-31,認可,認可,965.734 MWh,0 MWh
允強實業股份有限公司,斗六二廠,太陽能,2026,164,641.99,雲林縣斗六市科班路16號,3455.565 kW,允強實業股份有限公司,25SP0142-B026000001~807,5/20/26,2026-01-01~2026-03-31,認可,認可,164 MWh,641.99 MWh
森勁電力股份有限公司,中正預校-A,太陽能,2026,1105.933,0,高雄市鳳山區凱旋路1號,3352.14 kW,森勁電力股份有限公司,23SP0254-B026000004~1116,5/20/26,2026-01-01~2026-03-31,認可,認可,"1,105.933 MWh",0 MWh
統一實業股份有限公司,集團太陽光電設置案_統一實業股份有限公司,太陽能,2026,0,976.32,臺南市永康區中正北路837號,3350.25 kW,統一實業股份有限公司,24SP1054-B026000001~977,5/20/26,2026-01-01~2026-03-31,認可,認可,0 MWh,976.32 MWh
瓦特先生股份有限公司,南港輪胎TW190982(一期),太陽能,2026,751.547,0,新竹縣新豐鄉新興路399號,3247.38 kW,瓦特先生股份有限公司,24SP0332-B026000001~754,5/20/26,2026-01-01~2026-03-31,認可,認可,751.547 MWh,0 MWh
中鋼光能股份有限公司,興達海基,太陽能,2026,976.923,0,高雄市茄萣區東方路1段201號,3185.4 kW,中鋼光能股份有限公司,23SP0169-B026000001~978,5/20/26,2026-01-01~2026-03-31,認可,認可,976.923 MWh,0 MWh
中鋼光能股份有限公司,中鋁軋鋁廠,太陽能,2026,880.265,0,高雄市小港區東林路17號,3137.4 kW,中鋼光能股份有限公司,22SP0151-B026000001~881,5/20/26,2026-01-01~2026-03-31,認可,認可,880.265 MWh,0 MWh
怡和綠電超商股份有限公司,怡和國際能源-台南紡織_仁德總廠(空紡廠+原棉B、D倉),太陽能,2026,923.845,0,臺南市仁德區中正路二段862巷45號,3113.44 kW,怡和綠電超商股份有限公司,25SP2676-B026000001~925,5/20/26,2026-01-01~2026-03-31,認可,認可,923.845 MWh,0 MWh
大同智能股份有限公司,臺鐵高雄貨運服務所潮州新廠(二期),太陽能,2026,896.079,0,屏東縣潮州鎮光復路461號,3054.48 kW,大同智能股份有限公司,24SP1749-B026000001~897,5/20/26,2026-01-01~2026-03-31,認可,認可,896.079 MWh,0 MWh
星星電力股份有限公司,大聖營區錶4&5-停車鋼棚1-B&2(地面)(5&6期),太陽能,2026,678.639,0,屏東縣屏東市雲鵬段0962-0000地號(空軍第一後勤指揮部第五期A-E區停車場),3015.485 kW,星星電力股份有限公司,25SP3886-B026000001~679,5/20/26,2026-02-01~2026-03-31,認可,認可,678.639 MWh,0 MWh
唐榮鐵工廠股份有限公司,唐榮公司一期設備處:唐榮公司二期軋鋼西,太陽能,2026,0,810.256,高雄市小港區沿海二路4號,3001.5 kW,唐榮鐵工廠股份有限公司,24SP1529-B026000001~812,5/20/26,2026-01-01~2026-03-31,認可,認可,0 MWh,810.256 MWh
大同智能股份有限公司,臺北大眾捷運股份有限公司-蘆洲機廠屋頂型太陽光電系統,太陽能,2026,1,0,新北市蘆洲區新北市蘆洲區環堤大道698號,2993.76 kW,大同智能股份有限公司,22SP0075-B026000001,3/11/26,2026-01-01~2026-01-31,認可,認可,1 MWh,0 MWh
富威電力股份有限公司,帝崴電力太陽光電發電廠,太陽能,2026,373.849,137.677,新北市八里區下罟子段下罟子小段562、563地號,2960.72 kW,富威電力股份有限公司,25SP0479-B026000019~738,5/20/26,2026-01-01~2026-03-31,認可,認可,373.849 MWh,137.677 MWh
凱勤能源股份有限公司,勤益物流園區一-三期,太陽能,2026,73.647,0,桃園市大園區國際路一段88號,2931.6 kW,凱勤能源股份有限公司、大自然能源電業股份有限公司,23SP0359-B026000001~76,5/20/26,2026-01-01~2026-03-31,認可,認可,73.647 MWh,0 MWh
台汽電綠能股份有限公司,桃旭電力東和鋼鐵2,太陽能,2026,380.149,0,桃園市觀音區保障里草漯116號,2906.345 kW,台汽電綠能股份有限公司,24SP0684-B026000001~384,5/20/26,2026-01-01~2026-03-31,認可,認可,380.149 MWh,0 MWh
映暉能源有限公司,映暉能源第2-1期、第2-2期太陽光電發電廠,太陽能,2026,868.08,0,雲林縣臺西鄉旭安段839地號、三姓段820、825、859、860、861、862、931-1、9322地號，三姓段879、926地號,2822.4 kW,映暉能源有限公司,22SP0072-B026000001~870,5/20/26,2026-01-01~2026-03-31,認可,認可,868.08 MWh,0 MWh
天能綠電股份有限公司,旭孝矽品精密工業,太陽能,2026,429.095,0,臺中市大雅區科雅路19、21號,2802.5 kW,天能綠電股份有限公司,21SP0041-B026000001~480,5/20/26,2026-01-01~2026-03-31,認可,認可,429.095 MWh,0 MWh
台灣水泥股份有限公司和平分公司,台灣水泥股份有限公司和平廠(第三期：共5處案場),太陽能,2026,0,404.015,花蓮縣秀林鄉和平村和平263號,2788.875 kW,台灣水泥股份有限公司和平分公司,24SP0133-B026000001~406,5/20/26,2026-01-01~2026-03-31,認可,認可,0 MWh,404.015 MWh
福懋興業股份有限公司,福懋S7A，S9A，S9B,太陽能,2026,0,685.547,雲林縣斗六市石榴路317號,2600.32 kW,福懋興業股份有限公司,22SP0052-B026000001~687,5/20/26,2026-01-01~2026-03-31,認可,認可,0 MWh,685.547 MWh
遠東新世紀股份有限公司,遠東新世紀化纖新埔總廠(北廠),太陽能,2026,0,460.494,新竹縣新埔鎮文山路亞東段600號,2538.25 kW,遠東新世紀股份有限公司,23SP0134-B026000001~462,5/20/26,2026-01-01~2026-03-31,認可,認可,0 MWh,460.494 MWh
台汽電綠能股份有限公司,力麗企業廠房屋頂太陽光電發電廠,太陽能,2026,467.331,0,彰化縣芳苑鄉裕津段19、20、21、22、23、24、33、34、35、36、39、40、41、42、43、44地號,2499 kW,台汽電綠能股份有限公司,22SP0026-B026000001~492,5/20/26,2026-01-01~2026-03-31,認可,認可,467.331 MWh,0 MWh
中鋼光能股份有限公司,中鋼永光儲區,太陽能,2026,450.012,0,高雄市小港區永光街1號,2396.52 kW,中鋼光能股份有限公司,23SP0036-B026000001~451,5/20/26,2026-01-01~2026-03-31,認可,認可,450.012 MWh,0 MWh
十萬伏特電力股份有限公司,屏東車城,太陽能,2026,859.791,0,屏東縣車城鄉海口段341地號,2358.4 kW,十萬伏特電力股份有限公司,25SP0281-B026000001~862,5/20/26,2026-01-01~2026-03-31,認可,認可,859.791 MWh,0 MWh
天能綠電股份有限公司,台南地區農會怡安果菜市場第二期太陽光電案場,太陽能,2026,769.785,0,臺南市中西區怡安路2段102號,2317.2 kW,天能綠電股份有限公司,24SC0001-B026000001~773,5/20/26,2026-01-01~2026-03-31,認可,認可,769.785 MWh,0 MWh
中鋼光能股份有限公司,中龍熱軋精整廠房及中龍型鋼成品H4庫,太陽能,2026,541.437,0,臺中市龍井區龍昌路100號,2240.6 kW,中鋼光能股份有限公司,23SP0307-B026000001~542,5/20/26,2026-01-01~2026-03-31,認可,認可,541.437 MWh,0 MWh
昱鼎電業股份有限公司,台北自來水長興淨水廠太陽光電發電廠,太陽能,2026,1,0,臺北市大安區長興街131號(臺北自來水事業處),2136.96 kW,昱鼎電業股份有限公司,23SP0014-B026000001~2,4/1/26,2026-01-01~2026-02-28,認可,認可,1 MWh,0 MWh
中鋼光能股份有限公司,中龍熱軋成品倉庫D7+D3,太陽能,2026,548.696,0,臺中市龍井區龍昌路100號,2126.36 kW,中鋼光能股份有限公司,23SP0306-B026000001~550,5/20/26,2026-01-01~2026-03-31,認可,認可,548.696 MWh,0 MWh
昱鼎電業股份有限公司,臺南市新營掩埋場3&4期太陽光電發電廠,太陽能,2026,529.967,0,臺南市新營區護鎮里104號,2126.36 kW,昱鼎電業股份有限公司,22SP0161-B026000001~532,5/20/26,2026-01-01~2026-03-31,認可,認可,529.967 MWh,0 MWh
南亞塑膠工業股份有限公司,嘉義廠區-一廠硬管倉庫一期,太陽能,2026,0,558.18,嘉義縣太保市北港路二段201號,1999.98 kW,南亞塑膠工業股份有限公司,24SP0394-B026000001~560,5/20/26,2026-01-01~2026-03-31,認可,認可,0 MWh,558.18 MWh
晨星電力股份有限公司,(亞沃)世祥,太陽能,2026,598.099,0,雲林縣斗南鎮永安街36號,1999.965 kW,晨星電力股份有限公司,25SP2943-B026000001~600,5/20/26,2026-01-01~2026-03-31,認可,認可,598.099 MWh,0 MWh
天能綠電股份有限公司,京承-高雄市路竹區社東段及新興段（三鎮埤）,太陽能,2026,,,高雄市路竹區社東段0451-0000、0452-0000、0454-0000、新興段0033-0000地號,1999.89 kW,天能綠電股份有限公司,25SP1230-B026000001~537,5/20/26,2026-01-01~2026-03-31,認可,認可,535.838 MWh,0 MWh
禾丰電力股份有限公司,臺南信立化學一+二期太陽光電發電廠(屋頂型),太陽能,2026,,,臺南市學甲區興業路99號,1999.88 kW,禾丰電力股份有限公司,24SP2151-B026000001~459,5/20/26,2026-01-01~2026-03-31,認可,認可,453.168 MWh,0 MWh
阿波羅電力股份有限公司,安集高雄營區-篤實#1,太陽能,2026,,,高雄市左營區介壽路16號(隊史二館、篤實營區民車停車場、篤實餐廳、篤實樓、訓練庫房前空地(含訓練庫房)),1999.85 kW,阿波羅電力股份有限公司,25SP3185-B026000001~670,5/20/26,2026-01-01~2026-03-31,認可,認可,390.369 MWh,278.469 MWh
裕鐵企業股份有限公司,路竹園區裁剪廠屋頂型太陽光電發電系統工程,太陽能,2026,,,高雄市路竹區復興路1133巷500號,1999.835 kW,裕鐵企業股份有限公司,25SP0842-B026000001~586,5/20/26,2026-01-01~2026-03-31,認可,認可,0 MWh,585.021 MWh
長春石油化學股份有限公司苗栗廠,長春太陽能1~4廠,太陽能,2026,,,苗栗縣苗栗市文山245號,1999.8 kW,長春石油化學股份有限公司苗栗廠,23SP0268-B026000001~49,3/4/26,2026-01-01~2026-01-31,認可,認可,0 MWh,48.107 MWh
曜越綠電股份有限公司,九如北區,太陽能,2026,,,屏東縣九如鄉九明段0393-0000等六筆地號,1999.8 kW,曜越綠電股份有限公司,24SP1968-B026000001~657,5/20/26,2026-01-01~2026-03-31,認可,認可,656.008 MWh,0 MWh
傑傅能源股份有限公司,埔心鄉第六、第八公墓設置太陽光電發電系統（含遷葬整地）標租案-梧鳳段 1087地號,太陽能,2026,,,彰化縣埔心鄉梧鳳段 1087地號,1999.8 kW,傑傅能源股份有限公司,24SP0274-B026000001~641,5/20/26,2026-01-01~2026-03-31,認可,認可,387.822 MWh,249.529 MWh
陽光伏特家電力股份有限公司,春源鋼鐵,太陽能,2026,,,高雄市小港區世全路5號,1999.8 kW,陽光伏特家電力股份有限公司,21SP0023-B026000043~369,4/1/26,2026-01-01~2026-02-28,認可,認可,153.037 MWh,0 MWh
開陽電力股份有限公司,穩陽能源有限公司-太保停車場,太陽能,2026,,,嘉義縣太保市太頂珠段0004-0000地號,1999.8 kW,開陽電力股份有限公司,25SP0187-B026000001~338,4/1/26,2026-01-01~2026-02-28,認可,認可,337.81 MWh,0 MWh
協勝發鋼鐵廠股份有限公司,協勝發仁心路310號,太陽能,2026,,,高雄市仁武區仁心路310號,1999.8 kW,協勝發鋼鐵廠股份有限公司,23SP0053-B026000001~595,5/20/26,2026-01-01~2026-03-31,認可,認可,0 MWh,593.934 MWh
星星電力股份有限公司,允強 - 斗六一廠A,太陽能,2026,315.679,180.412,雲林縣斗六市科加路29號,1999.62 kW,星星電力股份有限公司,24SP1492-B026000001~638,5/20/26,2026-01-01~2026-03-31,認可,認可,315.679 MWh,180.412 MWh
晨星電力股份有限公司,(亞沃)新潭內,太陽能,2026,506.815,0,苗栗縣造橋鄉新潭內段366、367、368、369、370、371、374、376、378、379、380、381、382地號,1999.615 kW,晨星電力股份有限公司,25SP2171-B026000001~508,5/20/26,2026-01-01~2026-03-31,認可,認可,506.815 MWh,0 MWh
十萬伏特電力股份有限公司,高雄-頎邦(南一)案,太陽能,2026,377.336,0,高雄市前鎮區高雄加工出口區南一路11號,1999.605 kW,十萬伏特電力股份有限公司,25SP2034-B026000001~380,4/1/26,2026-01-01~2026-02-28,認可,認可,377.336 MWh,0 MWh
阿波羅電力股份有限公司,泓錠苗栗公部門八期案,太陽能,2026,477.729,0,苗栗縣頭份市斗煥里斗煥199之一號,1999.57 kW,阿波羅電力股份有限公司,25SP0311-B026000001~479,5/20/26,2026-01-01~2026-03-31,認可,認可,477.729 MWh,0 MWh
天能綠電股份有限公司,玖號綠能-1399.86&599.64屋頂型太陽光電案場,太陽能,2026,605.715,0,彰化縣北斗鎮彰化縣北斗鎮大新路340巷建9號、建11號(僅設置於建11號),1999.5 kW,天能綠電股份有限公司,24SP2601-B026000001~607,5/20/26,2026-01-01~2026-03-31,認可,認可,605.715 MWh,0 MWh
晨星電力股份有限公司,(創源)義力營造,太陽能,2026,601.025,0,彰化縣鹿港鎮鹿科路7號(彰化縣鹿港鎮鹿工段0022-0000地號),1999.385 kW,晨星電力股份有限公司,25SP1246-B026000001~603,5/20/26,2026-01-01~2026-03-31,認可,認可,601.025 MWh,0 MWh
晨星電力股份有限公司,(德山)德山-22號高壓2案,太陽能,2026,533.381,0,彰化縣線西鄉彰濱東二路22號,1999.25 kW,晨星電力股份有限公司,25SP3597-B026000001~534,5/20/26,2026-01-01~2026-03-31,認可,認可,533.381 MWh,0 MWh
安瑟樂威股份有限公司,大連金屬-大連一廠,太陽能,2026,124.31,0,雲林縣斗六市榴中里光復路999號,1999.2 kW,安瑟樂威股份有限公司,24SP1077-B026000002~125,5/20/26,2026-01-01~2026-03-31,認可,認可,124.31 MWh,0 MWh
能元超商股份有限公司,台泥綠能彰濱光電一期,太陽能,2026,591.68,0,彰化縣線西鄉彰濱東一路11號,1999.2 kW,能元超商股份有限公司,25SP2762-B026000001~598,5/20/26,2026-01-01~2026-03-31,認可,認可,591.68 MWh,0 MWh
中曜股份有限公司,中租 3410 號,太陽能,2026,207.731,0,苗栗縣銅鑼鄉東田洋段596、596-14、596-15、596-16、596-17地號,1999.2 kW,中曜股份有限公司,25SP1891-B026000001~208,5/13/26,2026-01-01~2026-02-28,認可,認可,207.731 MWh,0 MWh
遠勁綠能股份有限公司,永豐餘大甲廠太陽光電發電廠,太陽能,2026,560.966,0,臺中市大甲區如意路46號,1999.2 kW,遠勁綠能股份有限公司,23SP0102-B026000004~573,5/20/26,2026-01-01~2026-03-31,認可,認可,560.966 MWh,0 MWh
遠勁綠能股份有限公司,遠勁永豐餘高雄,太陽能,2026,638.275,0,高雄市阿蓮區永豐路21號,1999.2 kW,遠勁綠能股份有限公司,23SP0097-B026000004~651,5/20/26,2026-01-01~2026-03-31,認可,認可,638.275 MWh,0 MWh
陽光伏特家電力股份有限公司,遠勁9、10、11、12-永豐餘清水,太陽能,2026,541.864,0,臺中市清水區舊庄路258號,1999.2 kW,陽光伏特家電力股份有限公司,25SP1795-B026000001~544,5/20/26,2026-01-01~2026-03-31,認可,認可,541.864 MWh,0 MWh
天能綠電股份有限公司,玖號綠能-1999.2屋頂型太陽光電案場,太陽能,2026,593.128,0,彰化縣北斗鎮彰化縣北斗鎮大新路340巷建11號,1999.2 kW,天能綠電股份有限公司,24SP2572-B026000001~595,5/20/26,2026-01-01~2026-03-31,認可,認可,593.128 MWh,0 MWh
豐興鋼鐵股份有限公司,軋二廠,太陽能,2026,0,445.2,臺中市后里區甲后路一段998號,1999.11 kW,豐興鋼鐵股份有限公司,23SP0328-B026000001~447,5/20/26,2026-01-01~2026-03-31,認可,認可,0 MWh,445.2 MWh
十萬伏特電力股份有限公司,京元電子銅鑼廠,太陽能,2026,545.013,0,苗栗縣銅鑼鄉九湖村12鄰銅科北路8號,1999.06 kW,十萬伏特電力股份有限公司,25SP0305-B026000001~548,5/20/26,2026-01-01~2026-03-31,認可,認可,545.013 MWh,0 MWh
易宏熱鍍鋅工業股份有限公司,易宏熱鍍鋅工業股份有限公司,太陽能,2026,0,564.121,高雄市大寮區上發一路2號,1998.64 kW,易宏熱鍍鋅工業股份有限公司,24SP1951-B026000001~565,5/20/26,2026-01-01~2026-03-31,認可,認可,0 MWh,564.121 MWh
陽光伏特家電力股份有限公司,創勁12、13、14、15-住華,太陽能,2026,608.585,0,臺南市善化區環東路二段32號,1998.48 kW,陽光伏特家電力股份有限公司,25SP2889-B026000001~609,5/20/26,2026-01-01~2026-03-31,認可,認可,608.585 MWh,0 MWh
台汽電綠能股份有限公司,弘泰能源群創T1(1~4),太陽能,2026,0.016,0,苗栗縣竹南鎮科學路160號,1998.36 kW,台汽電綠能股份有限公司,25SP0844-B026000001,3/11/26,2026-01-01~2026-01-31,認可,認可,0.016 MWh,0 MWh
富威電力股份有限公司,信崴-天復振聲民意太陽光電發電廠,太陽能,2026,262.487,274.154,屏東縣鹽埔鄉中山路136之88號,1998.36 kW,富威電力股份有限公司,24SP1970-B026000001~544,5/20/26,2026-01-01~2026-03-31,認可,認可,262.487 MWh,274.154 MWh
寶島陽光電力事業股份有限公司,豐照能源股份有限公司(群創E廠區一二三四期),太陽能,2026,563.04,0,臺南市新市區新晶段0067-0000地號,1998 kW,寶島陽光電力事業股份有限公司,24SP2355-B026000001~564,5/20/26,2026-01-01~2026-03-31,認可,認可,563.04 MWh,0 MWh
續興股份有限公司,北勢埤,太陽能,2026,595.769,0,臺南市新化區知母義段0687-0000、0513-0021地號,1998 kW,續興股份有限公司,25SP1091-B026000001~596,5/20/26,2026-01-01~2026-03-31,認可,認可,595.769 MWh,0 MWh
芳生螺絲股份有限公司,芳生(二廠)-三型,太陽能,2026,0,452.59,高雄市岡山區本工環西路8號,1997.425 kW,芳生螺絲股份有限公司,25SP0504-B026000001~453,4/15/26,2025-11-01~2026-02-28,認可,認可,0 MWh,452.59 MWh
台塑石化股份有限公司,工務廠房+事務所+專業廠房,太陽能,2026,0,566.4,雲林縣麥寮鄉台塑工業園區15號,1997.38 kW,台塑石化股份有限公司,25SP1061-B026000001~568,5/20/26,2026-01-01~2026-03-31,認可,認可,0 MWh,566.4 MWh
怡和綠電超商股份有限公司,達倫能源-三新第一期,太陽能,2026,573.987,0,臺南市永康區中正北路711號,1997.1 kW,怡和綠電超商股份有限公司,25SP1420-B026000001~575,5/20/26,2026-01-01~2026-03-31,認可,認可,573.987 MWh,0 MWh
漢翔航空工業股份有限公司,太陽光電自用發電設備建置工程,太陽能,2026,0,609.746,臺中市沙鹿區公館段0398-0000、0398-0031、0409-0001、0414-0000、0414-0003、0455-0001地號,1996.875 kW,漢翔航空工業股份有限公司,23SP0120-B026000001~611,5/20/26,2026-01-01~2026-03-31,認可,認可,0 MWh,609.746 MWh
安瑟樂威股份有限公司,彰源企業元山廠,太陽能,2026,148.473,0,雲林縣斗六市工業路98號,1995.84 kW,安瑟樂威股份有限公司,24SP0563-B026000001~157,5/20/26,2026-01-01~2026-03-31,認可,認可,148.473 MWh,0 MWh
怡和綠電超商股份有限公司,遠勁綠能-台南公滯一二_右1~4,太陽能,2026,697.385,0,臺南市善化區善化段2059-0000、2059-0001、2062-0000、2062-0001、2063-0000、2063-0001、2063-0002、2063-0004、2066-0001、2066-0002、2066-0004、2065-0002、2067-0001、2067-0012、2067-0013、2064-0001、2067-0006、2067-0009、2150-0000、2150-0002、2150-0005、2171-0000、2172-0000、2173-0000、2174-0000、2064-0002、2062-0002、2066-0003、2175-0002、台南市安定區蘇厝段2093-0000、2130-0003、2091-0000、2092-0000、2094-0000、2095-0000、2096-0000、2097-0000、2098-0000、2099-0000、2101-0001、2130-0002、2152-0000、2153-0000、2154-0000、2155-0000、2156-0000、2156-0001、0965-0000地號,1995.84 kW,怡和綠電超商股份有限公司,26SP0044-B026000001~701,5/20/26,2026-01-01~2026-03-31,認可,認可,697.385 MWh,0 MWh
怡和綠電超商股份有限公司,遠勁綠能-漢翔台中一期-1~4,太陽能,2026,594.282,0,臺中市沙鹿區中航路一段66號,1995.84 kW,怡和綠電超商股份有限公司,26SP0053-B026000001~597,5/20/26,2026-01-01~2026-03-31,認可,認可,594.282 MWh,0 MWh
恆利電能股份有限公司,W-高雄美濃 (1995.79kw),太陽能,2026,537.293,52.613,高雄市美濃區成功段1237-0001地號,1995.79 kW,恆利電能股份有限公司,24SP1784-B026000001~600,5/20/26,2026-01-01~2026-03-31,認可,認可,537.293 MWh,52.613 MWh
晨星電力股份有限公司,金禾洋舊廠高壓(金禾洋),太陽能,2026,563.472,0,彰化縣鹿港鎮鹿新路30號、30-1號、30-2號、32號、32-1號、32-2號、32-3號(彰化縣鹿港鎮鹿工段0056-0007、0056-0045地號),1995.76 kW,晨星電力股份有限公司,25SP1236-B026000001~565,5/20/26,2026-01-01~2026-03-31,認可,認可,563.472 MWh,0 MWh
大自然能源電業股份有限公司,NP091027C001大林水頭段案場,太陽能,2026,352.866,247.191,嘉義縣大林鎮水頭段1609-0000地號,1994.65 kW,大自然能源電業股份有限公司,24SP1581-B026000001~602,5/20/26,2026-01-01~2026-03-31,認可,認可,352.866 MWh,247.191 MWh
怡和綠電超商股份有限公司,祐達能源有限公司,太陽能,2026,324.805,264.217,臺南市永康區蔦松北段513、516、517、549、552、553、555、524地號,1994.4 kW,怡和綠電超商股份有限公司,25SP1421-B026000001~592,5/20/26,2026-01-01~2026-03-31,認可,認可,324.805 MWh,264.217 MWh
晨星電力股份有限公司,(晉丞)彰化裕笙A-(1+2),太陽能,2026,303.89,207.963,彰化縣鹿港鎮鹿工北一路12號,1993.68 kW,晨星電力股份有限公司,25SP4206-B026000001~518,5/20/26,2026-01-01~2026-03-31,認可,認可,303.89 MWh,207.963 MWh
續興股份有限公司,五都嘉義一期,太陽能,2026,610.282,0,嘉義縣太保市太頂珠段0057-0000、0058-0000、0059-0000地號,1993.05 kW,續興股份有限公司,25SP2869-B026000001~611,5/20/26,2026-01-01~2026-03-31,認可,認可,610.282 MWh,0 MWh
寶島陽光電力事業股份有限公司,玉衡花蓮慈濟大學(一)太陽光電場,太陽能,2026,258.429,0,花蓮縣花蓮市介仁街67號,1991.6 kW,寶島陽光電力事業股份有限公司,24SP0620-B026000002~293,5/20/26,2026-01-01~2026-03-31,認可,認可,258.429 MWh,0 MWh
陽光伏特家電力股份有限公司,成勁電力股份有限公司,太陽能,2026,0.001,0,雲林縣口湖鄉下崙段1493、1494、1500、1501、1510、1511地號,1990.8 kW,陽光伏特家電力股份有限公司,21SP0025-B026000001,3/4/26,2026-01-01~2026-01-31,認可,認可,0.001 MWh,0 MWh
台灣玻璃工業股份有限公司,台灣玻璃工業股份有限公司鹿港廠 C棟,太陽能,2026,0,602.676,彰化縣鹿港鎮彰濱工業區鹿工路11號,1989 kW,台灣玻璃工業股份有限公司,24SP0190-B026000001~603,5/20/26,2026-01-01~2026-03-31,認可,認可,0 MWh,602.676 MWh
群創光電股份有限公司,群創光電正達二廠,太陽能,2026,0,586.107,臺南市新市區環東路二段6號,1987.02 kW,群創光電股份有限公司,24SP0422-B026000001~588,5/20/26,2026-01-01~2026-03-31,認可,認可,0 MWh,586.107 MWh
佳冬能源股份有限公司,佳冬第一期太陽光電發電廠,太陽能,2026,606.255,0,屏東縣內埔鄉建興段418、421、426地號,1985.61 kW,大自然能源電業股份有限公司、佳冬能源股份有限公司,23SP0030-B026000001~608,5/20/26,2026-01-01~2026-03-31,認可,認可,606.255 MWh,0 MWh
中鋼光能股份有限公司,中鋼鋼板工場#02#03庫,太陽能,2026,552.75,0,高雄市小港區中鋼路1號及嘉興街2號,1984.62 kW,中鋼光能股份有限公司,22SP0126-B026000001~555,5/20/26,2026-01-01~2026-03-31,認可,認可,552.75 MWh,0 MWh
怡和綠電超商股份有限公司,凱益能源股份有限公司-屏東東港,太陽能,2026,680.792,0,屏東縣東港鎮東新段0032-0000、0032-0001、0032-0002、0039-0000地號,1982.4 kW,怡和綠電超商股份有限公司,25SP2477-B026000001~683,5/20/26,2026-01-01~2026-03-31,認可,認可,680.792 MWh,0 MWh
富威電力股份有限公司,康郡開發太陽光電發電廠,太陽能,2026,150.327,0,桃園市龍潭區永福段2002-0028、2002-0029、2002-0030、2002-0031、2002-0032、2002-0033、2002-0034、2002-0035、2002-0036、2002-0037、2002-0038、2002-0039、2002-0040、2002-0041、2002-0042、2002-0043、2002-0044、2002-0045、2002-0046、2002-0047、2002-0048、2002-0049、2002-0050、2002-0051、2002-0052、2002-0056、2002-0057、2002-0058、2002-0059、2002-0060、2002-0061、2002-0062、2002-0063、2002-0066、2002-0067、2002-0068、2002-0069、2002-0070、2002-0071、2002-0072、2002-0073、2002-0074地號,1972.495 kW,富威電力股份有限公司,25SP1936-B026000128~284,4/1/26,2026-01-01~2026-02-28,認可,認可,150.327 MWh,0 MWh
康展電力股份有限公司,崇越科技_和鑫光電,太陽能,2026,667.599,0,臺南市善化區北園一路7號,1968 kW,康展電力股份有限公司,25SP2855-B026000001~674,5/20/26,2026-01-01~2026-03-31,認可,認可,667.599 MWh,0 MWh
續興股份有限公司,學甲170,太陽能,2026,656.464,0,臺南市學甲區宅子港段0170-0015地號,1963 kW,續興股份有限公司,24SP0967-B026000001~658,5/20/26,2026-01-01~2026-03-31,認可,認可,656.464 MWh,0 MWh
桃苗汽車股份有限公司,桃苗(新屋),太陽能,2026,0,429.635,桃園市新屋區新華路1段158號,1959.82 kW,桃苗汽車股份有限公司,25SP0799-B026000001~432,5/20/26,2026-01-01~2026-03-31,認可,認可,0 MWh,429.635 MWh
日集綠能股份有限公司,日集大平頂太陽光電發電廠,太陽能,2026,2.877,646.086,屏東縣恆春鎮四溝段1110地號,1958.04 kW,日集綠能股份有限公司,23SP0139-B026000004~661,5/20/26,2026-01-01~2026-03-31,認可,認可,2.877 MWh,646.086 MWh
星星電力股份有限公司,維棋-D區,太陽能,2026,511.724,0,雲林縣虎尾鎮惠來厝段737、738、739、 1164、1167地號,1954.2 kW,星星電力股份有限公司,25SP0204-B026000001~513,5/20/26,2026-01-01~2026-03-31,認可,認可,511.724 MWh,0 MWh
大自然能源電業股份有限公司,NP061030C001大同瓷器,太陽能,2026,298.012,193.291,新竹縣新埔鎮義民路2段10號,1953.49 kW,大自然能源電業股份有限公司,24SP1398-B026000001~493,5/20/26,2026-01-01~2026-03-31,認可,認可,298.012 MWh,193.291 MWh
南方電力股份有限公司,屏東鹽埔太陽光電發電廠,太陽能,2026,492.832,0,屏東縣鹽埔鄉屏東縣鹽埔鄉上洛陽段910、911、912、913、916地號,1949.56 kW,南方電力股份有限公司,22SP0050-B026000001~494,5/20/26,2026-01-01~2026-03-31,認可,認可,492.832 MWh,0 MWh
寶島陽光電力事業股份有限公司,玉衡能源股份有限公司(TW170698),太陽能,2026,560.689,0,屏東縣高樹鄉埔羗崙段876、877、879、880、881、882地號,1942.815 kW,寶島陽光電力事業股份有限公司,24SP2448-B026000001~562,5/20/26,2026-01-01~2026-03-31,認可,認可,560.689 MWh,0 MWh
新世紀資通股份有限公司,屏東內埔1942.2 KW,太陽能,2026,0,584.318,屏東縣內埔鄉中原巷475號,1942.2 kW,新世紀資通股份有限公司,23SP0114-B026000001~586,5/20/26,2026-01-01~2026-03-31,認可,認可,0 MWh,584.318 MWh
宇軒電業股份有限公司,三寮灣小段405-1、2、3、4期,太陽能,2026,400.953,269.999,"臺南市北門區溪底寮段三寮灣小段405 ,406-1, 410-1, 411, 411-1地號",1940.4 kW,宇軒電業股份有限公司,25SP2030-B026000001~672,5/20/26,2026-01-01~2026-03-31,認可,認可,400.953 MWh,269.999 MWh
集盛實業股份有限公司,集盛實業股份有限公司大園廠,太陽能,2026,0,403.782,桃園市大園區大工路17號,1930.5 kW,集盛實業股份有限公司,25SP0421-B026000001~405,5/20/26,2026-01-01~2026-03-31,認可,認可,0 MWh,403.782 MWh
南茂科技股份有限公司,南茂科技207,太陽能,2026,0,444.45,臺東縣延平鄉永陵段0024-0000地號,1929.18 kW,南茂科技股份有限公司,25SP0386-B026000001~446,5/20/26,2026-01-01~2026-03-31,認可,認可,0 MWh,444.45 MWh
富威電力股份有限公司,信崴-屏東洛陽太陽光電發電廠,太陽能,2026,266.832,300.602,屏東縣鹽埔鄉洛陽村信義街52號、56號,1927.89 kW,富威電力股份有限公司,24SP1972-B026000001~575,5/20/26,2026-01-01~2026-03-31,認可,認可,266.832 MWh,300.602 MWh
安瑟樂威股份有限公司,彰源企業元富廠,太陽能,2026,224.669,0,雲林縣斗六市斗工十路138之8號,1920 kW,安瑟樂威股份有限公司,24SP0625-B026000002~230,5/20/26,2026-01-01~2026-03-31,認可,認可,224.669 MWh,0 MWh
遠勁綠能股份有限公司,遠勁中華紙漿久堂廠,太陽能,2026,616.941,0,高雄市大樹區久堂路14、112號,1916.64 kW,遠勁綠能股份有限公司,23SP0096-B026000004~632,5/20/26,2026-01-01~2026-03-31,認可,認可,616.941 MWh,0 MWh
陽光伏特家電力股份有限公司,益佳桃園4廠,太陽能,2026,215.439,0,桃園市大園區航科路161號,1909.44 kW,陽光伏特家電力股份有限公司,25SP0810-B026000001~217,5/20/26,2026-01-01~2026-03-31,認可,認可,215.439 MWh,0 MWh
昱鼎電業股份有限公司,鳳山淨水場北清水池太陽光電發電廠,太陽能,2026,584.112,0,高雄市小港區812042 天池路1號(北清水池)(高雄市小港區水庫段431、431-3、432、433、433-1、433-2地號),1900 kW,昱鼎電業股份有限公司,25SP0661-B026000001~586,5/20/26,2026-01-01~2026-03-31,認可,認可,584.112 MWh,0 MWh
大自然能源電業股份有限公司,NP081010C001卓越,太陽能,2026,182.578,0,彰化縣竹塘鄉竹塘段0045-0000地號,1890.9 kW,大自然能源電業股份有限公司,24SP0758-B026000001~184,3/4/26,2026-01-01~2026-01-31,認可,認可,182.578 MWh,0 MWh
宇軒電業股份有限公司,草坔段1、2、3、4期,太陽能,2026,374.871,252.8,"臺南市學甲區草坔段1265,1266,1271,1272,1273地號",1890 kW,宇軒電業股份有限公司,25SP1995-B026000001~629,5/20/26,2026-01-01~2026-03-31,認可,認可,374.871 MWh,252.8 MWh
恆利電能股份有限公司,W-台南鹽水1 (1889.28kw),太陽能,2026,420.576,112.497,"臺南市鹽水區水秀段0741-0002, 0741-0003, 0741-0006地號",1889.28 kW,恆利電能股份有限公司,25SP0113-B026000001~542,5/20/26,2026-01-01~2026-03-31,認可,認可,420.576 MWh,112.497 MWh
英屬開曼群島商功成資本有限公司台灣分公司,英屬開曼群島商功成資本有限公司台灣分公司,太陽能,2026,0,412.904,桃園市楊梅區電研路68號,1886.4 kW,英屬開曼群島商功成資本有限公司台灣分公司,24SP1108-B026000001~415,5/20/26,2026-01-01~2026-03-31,認可,認可,0 MWh,412.904 MWh
開陽電力股份有限公司,開陽能源股份有限公司-南投竹山消防署訓練中心(下滯洪池),太陽能,2026,257.275,0,南投縣竹山鎮紫南段1763-0000地號,1882.88 kW,開陽電力股份有限公司,25SP1895-B026000001~258,4/1/26,2026-01-01~2026-02-28,認可,認可,257.275 MWh,0 MWh
艾涅爾電力股份有限公司,裕國-隆盛畜牧場1.2.3.4,太陽能,2026,345.87,0,彰化縣芳苑鄉芳漢路漢1段106巷97號,1882.5 kW,艾涅爾電力股份有限公司,25SP1207-B026000001~347,4/8/26,2026-01-01~2026-02-28,認可,認可,345.87 MWh,0 MWh
恆升能源有限公司,嘉義義竹-1881.6KW,太陽能,2026,605.746,0,嘉義縣義竹鄉北港子新段768、775-1地號,1881.6 kW,恆升能源有限公司、大自然能源電業股份有限公司、恆利電能股份有限公司,23SP0216-B026000003~625,5/20/26,2026-01-01~2026-03-31,認可,認可,605.746 MWh,0 MWh
森勁電力股份有限公司,中區配水池,太陽能,2026,631.272,0,臺中市大雅區科雅七路2號,1878.24 kW,森勁電力股份有限公司,23SP0355-B026000004~643,5/20/26,2026-01-01~2026-03-31,認可,認可,631.272 MWh,0 MWh
財團法人工業技術研究院,財團法人工業技術研究院-中興院區,太陽能,2026,0,463.351,新竹縣竹東鎮中興路四段195號,1861.08 kW,財團法人工業技術研究院,21SP0052-B026000001~465,5/20/26,2026-01-01~2026-03-31,認可,認可,0 MWh,463.351 MWh
宇軒電業股份有限公司,崙子頂段111地號,太陽能,2026,198.701,0,"臺南市歸仁區111,112,114,115,116-1,116-2,116-3,117地號",1844.16 kW,宇軒電業股份有限公司,25SP1331-B026000177~375,4/15/26,2026-02-01~2026-02-28,認可,認可,198.701 MWh,0 MWh
續興股份有限公司,富懋光電高雄廠,太陽能,2026,546.126,0,高雄市小港區鴻星一路32號,1839.24 kW,續興股份有限公司,24SP0952-B026000001~548,5/20/26,2026-01-01~2026-03-31,認可,認可,546.126 MWh,0 MWh
陽光伏特家電力股份有限公司,益佳桃園5廠,太陽能,2026,186.416,0,桃園市大園區環區北路100號,1836 kW,陽光伏特家電力股份有限公司,25SP0811-B026000001~187,5/20/26,2026-01-01~2026-03-31,認可,認可,186.416 MWh,0 MWh
阿波羅電力股份有限公司,台中公部門-第二期(第三型),太陽能,2026,317.528,203.393,臺中市大里區健民路86號,1821.14 kW,阿波羅電力股份有限公司,25SP3171-B026000001~522,5/20/26,2026-01-01~2026-03-31,認可,認可,317.528 MWh,203.393 MWh
彰源企業股份有限公司,彰源企業-一廠,太陽能,2026,224,166.688,雲林縣斗六市榴中里工業路122號,1816.3 kW,彰源企業股份有限公司,25SP0679-B026000001~392,5/20/26,2026-01-01~2026-03-31,認可,認可,224 MWh,166.688 MWh
艾涅爾電力股份有限公司,陽光-劉春長PV1235,太陽能,2026,285.707,0,高雄市湖內區和平路2之2號,1811.89 kW,艾涅爾電力股份有限公司,25SP0185-B026000001~287,4/8/26,2026-01-01~2026-02-28,認可,認可,285.707 MWh,0 MWh
曜越綠電股份有限公司,九如南區,太陽能,2026,586.469,0,屏東縣九如鄉九明段0459-0000等十筆電號,1810.38 kW,曜越綠電股份有限公司,24SP1923-B026000001~588,5/20/26,2026-01-01~2026-03-31,認可,認可,586.469 MWh,0 MWh
星星電力股份有限公司,茂誠-台南果菜市場(一期~四期)(台南),太陽能,2026,585.066,0,臺南市安南區怡安路二段102號,1806.57 kW,星星電力股份有限公司,25SP2253-B026000001~586,5/20/26,2026-01-01~2026-03-31,認可,認可,585.066 MWh,0 MWh
環台光電股份有限公司,環台苗栗高埔段案地面型太陽光電發電廠,太陽能,2026,277.02,0,苗栗縣西湖鄉高埔段0920-0004地號,1804.4 kW,十萬伏特電力股份有限公司、環台光電股份有限公司,24SP1385-B026000001~279,4/1/26,2026-01-01~2026-02-28,認可,認可,277.02 MWh,0 MWh
台灣水泥股份有限公司蘇澳廠,台泥蘇澳廠,太陽能,2026,0,261.056,宜蘭縣蘇澳鎮宜蘭縣蘇澳鎮宜蘭縣蘇澳鎮永昌路46號,1803.98 kW,台灣水泥股份有限公司蘇澳廠,23SP0271-B026000001~262,5/20/26,2026-01-01~2026-03-31,認可,認可,0 MWh,261.056 MWh
續興股份有限公司,中部汽車1期(屋頂型),太陽能,2026,572.714,0,臺中市龍井區沙田路4段336號,1803.14 kW,續興股份有限公司,25SP3655-B026000001~574,5/20/26,2026-01-01~2026-03-31,認可,認可,572.714 MWh,0 MWh
開陽電力股份有限公司,開陽能源股份有限公司-成大安南校區,太陽能,2026,587.206,0,臺南市安南區安明路三段500號,1800 kW,開陽電力股份有限公司,25SP0013-B026000001~589,5/20/26,2026-01-01~2026-03-31,認可,認可,587.206 MWh,0 MWh
怡和綠電超商股份有限公司,賽斯-左鎮光和段415-1地號等6筆,太陽能,2026,595.033,0,臺南市左鎮區光和段415-1、417-9、417-28、437-4、437-12、437-13地號,1800 kW,怡和綠電超商股份有限公司,25SP2668-B026000001~597,5/20/26,2026-01-01~2026-03-31,認可,認可,595.033 MWh,0 MWh
大自然能源電業股份有限公司,NP081010C002 (卓越-竹塘第六),太陽能,2026,599.887,0,彰化縣竹塘鄉新田段1542-0000地號,1796.52 kW,大自然能源電業股份有限公司、晨星電力股份有限公司,24SP1805-B026000001~602,5/20/26,2026-01-01~2026-03-31,認可,認可,599.887 MWh,0 MWh
晨星電力股份有限公司,(安集)桃子園_忠誠營區-案二,太陽能,2026,588.505,0,高雄市左營區介壽路16號(通訊庫房、日新樓、永誠堂、女官寢停車場、通電後方庫房新增停車場、通電後方停車場F區新建庫房),1787.1 kW,晨星電力股份有限公司,25SP2729-B026000001~590,5/20/26,2026-01-01~2026-03-31,認可,認可,588.505 MWh,0 MWh
阿波羅電力股份有限公司,安集高雄營區-篤實#2,太陽能,2026,345.266,242.426,高雄市左營區介壽路16號(待命班、二級廠空地民車停車場、二級廠空地大車停車場),1783.4 kW,阿波羅電力股份有限公司,25SP3187-B026000001~590,5/20/26,2026-01-01~2026-03-31,認可,認可,345.266 MWh,242.426 MWh
崑鼎綠能環保股份有限公司,嘉義竹崎掩埋場太陽光電發電廠,太陽能,2026,489.812,0,嘉義縣竹崎鄉崎腳段4-3 地號,1776.015 kW,崑鼎綠能環保股份有限公司,23SP0125-B026000001~496,5/20/26,2026-01-01~2026-03-31,認可,認可,489.812 MWh,0 MWh
續興股份有限公司,五都台南,太陽能,2026,593.066,0,臺南市歸仁區武東段0262-0000、0263-0000地號,1773.75 kW,續興股份有限公司,25SP2312-B026000001~595,5/20/26,2026-01-01~2026-03-31,認可,認可,593.066 MWh,0 MWh
晨星電力股份有限公司,屏東監獄1~4(亞沃),太陽能,2026,529.276,0,屏東縣竹田鄉永豐路132號,1767.05 kW,晨星電力股份有限公司,25SP2324-B026000001~531,5/20/26,2026-01-01~2026-03-31,認可,認可,529.276 MWh,0 MWh
大同智能股份有限公司,沅碁光電_高雄文化中心(一、二、三期),太陽能,2026,611.427,0,高雄市苓雅區五福一路67號(高雄文化中心),1762.68 kW,大同智能股份有限公司、晨星電力股份有限公司,24SP0730-B026000002~614,5/20/26,2026-01-01~2026-03-31,認可,認可,611.427 MWh,0 MWh
阿波羅電力股份有限公司,安集台中公部門第一期,太陽能,2026,310.8,201.318,臺中市大里區健民路86號,1762.31 kW,阿波羅電力股份有限公司,25SP3173-B026000001~514,5/20/26,2026-01-01~2026-03-31,認可,認可,310.8 MWh,201.318 MWh
續興股份有限公司,鹿9,太陽能,2026,485.128,0,彰化縣鹿港鎮鹿工路29號、29-1號、29-2號、29-3號,1751.04 kW,續興股份有限公司,23SP0365-B026000001~486,5/20/26,2026-01-01~2026-03-31,認可,認可,485.128 MWh,0 MWh
星星電力股份有限公司,"和潤電能-彰化延和段611,611-1,611-2地號",太陽能,2026,523.076,0,彰化縣彰化市延和段0611-0000、0611-0001 、0611-0002地號,1749.375 kW,星星電力股份有限公司,25SP3396-B026000001~525,5/20/26,2026-01-01~2026-03-31,認可,認可,523.076 MWh,0 MWh
冠越科技工程股份有限公司,帝寶總部及F棟,太陽能,2026,479.004,14.8,彰化縣鹿港鎮南勢巷20-3號,1748.4 kW,曜越綠電股份有限公司、冠越科技工程股份有限公司,24SP1897-B026000001~472,5/20/26,2026-01-01~2026-03-31,認可,認可,479.004 MWh,14.8 MWh
開陽電力股份有限公司,弘儒投資有限公司-褒忠鄉龍岩段地面型,太陽能,2026,435.999,0,雲林縣褒忠鄉龍岩段0752-0000地號,1746.86 kW,開陽電力股份有限公司,25SP0039-B026000001~438,5/20/26,2026-01-01~2026-03-31,認可,認可,435.999 MWh,0 MWh
中鋼光能股份有限公司,中龍窄板改切工場及中龍集塵灰倉庫,太陽能,2026,394.324,0,臺中市龍井區龍昌路100號,1746.24 kW,中鋼光能股份有限公司,23SP0106-B026000001~396,5/20/26,2026-01-01~2026-03-31,認可,認可,394.324 MWh,0 MWh
協勝發鋼鐵廠股份有限公司,協勝發軋鋼廠9號,太陽能,2026,0,482.88,高雄市小港區光陽街9號,1732.95 kW,協勝發鋼鐵廠股份有限公司,23SP0055-B026000001~484,5/20/26,2026-01-01~2026-03-31,認可,認可,0 MWh,482.88 MWh
晨星電力股份有限公司,(亞沃)灣瓦段,太陽能,2026,433.107,0,苗栗縣後龍鎮灣瓦段444地號,1721.9 kW,晨星電力股份有限公司,25SP2930-B026000001~436,5/20/26,2026-01-01~2026-03-31,認可,認可,433.107 MWh,0 MWh
天能綠電股份有限公司,御鑒科技-雲林台西牛舍屋頂型光電案場,太陽能,2026,514.677,0,雲林縣臺西鄉山寮村山寮32之41號,1719.48 kW,天能綠電股份有限公司,24SP0765-B026000001~519,5/20/26,2026-01-01~2026-03-31,認可,認可,514.677 MWh,0 MWh
大自然能源電業股份有限公司,NP091043C001(林炳宏2),太陽能,2026,336.471,223.37,嘉義縣大林鎮湖北段905、909、911、912地號,1708.88 kW,大自然能源電業股份有限公司,24SP1634-B026000001~562,5/20/26,2026-01-01~2026-03-31,認可,認可,336.471 MWh,223.37 MWh
豐興鋼鐵股份有限公司,煉一廠,太陽能,2026,0,428.34,臺中市后里區甲后路一段998號,1695.34 kW,豐興鋼鐵股份有限公司,23SP0344-B026000001~430,5/20/26,2026-01-01~2026-03-31,認可,認可,0 MWh,428.34 MWh
南亞塑膠工業股份有限公司,新港硬布一廠太陽光電系統設置工程,太陽能,2026,0,512.765,嘉義縣新港鄉中洋村後厝仔中洋工業區2號,1694.7 kW,南亞塑膠工業股份有限公司,22SP0084-B026000001~514,5/20/26,2026-01-01~2026-03-31,認可,認可,0 MWh,512.765 MWh
台朔重工股份有限公司,ABCD棟(八期),太陽能,2026,0,490.488,雲林縣麥寮鄉台塑工業園區3號,1694.56 kW,台朔重工股份有限公司,25SP2074-B026000001~492,5/20/26,2026-01-01~2026-03-31,認可,認可,0 MWh,490.488 MWh
台塑勝高科技股份有限公司,EFG棟(六期),太陽能,2026,0,558.496,雲林縣麥寮鄉台塑工業園區3號,1694.115 kW,台塑勝高科技股份有限公司,25SP2299-B026000001~560,5/20/26,2026-01-01~2026-03-31,認可,認可,0 MWh,558.496 MWh
崑鼎綠能環保股份有限公司,台中港旅客服務中心停車場太陽光電發電廠,太陽能,2026,269.318,167.033,臺中市梧棲區港口段0051-0011、0340-0000地號,1692.42 kW,崑鼎綠能環保股份有限公司,23SP0021-B026000001~439,5/20/26,2026-01-01~2026-03-31,認可,認可,269.318 MWh,167.033 MWh
阿波羅電力股份有限公司,泓錠澎湖(第三型),太陽能,2026,241.694,181.834,澎湖縣湖西鄉機場段1213-0000、1214-0000、1215-0000、1217-0000、1218-0000、1219-0000、1220-0000、1225-0000、1226-0000、1227-0000、1228-0000、1245-0000、1246-0000、1299-0000、1300-0000、1301-0000、1302-0000、1305-0000、1306-0000、1307-0000、1308-0000、1309-0000、1310-0000、1311-0000、1312-0000地號,1691 kW,阿波羅電力股份有限公司,25SP3932-B026000001~425,5/20/26,2026-01-01~2026-03-31,認可,認可,241.694 MWh,181.834 MWh
台灣玻璃工業股份有限公司,台灣玻璃工業股份有限公司台中廠,太陽能,2026,0,713.595,臺中市梧棲區自強路377號,1685.04 kW,台灣玻璃工業股份有限公司,24SP0188-B026000001~715,5/20/26,2026-01-01~2026-03-31,認可,認可,0 MWh,713.595 MWh
晨星電力股份有限公司,元翎-1~4期(108年),太陽能,2026,505.066,0,雲林縣虎尾鎮科虎三路18、20號,1674.88 kW,晨星電力股份有限公司,24SP2078-B026000001~507,5/20/26,2026-01-01~2026-03-31,認可,認可,505.066 MWh,0 MWh
芳生螺絲股份有限公司,芳生(二廠)-二型,太陽能,2026,0,330.628,高雄市岡山區本工環西路8號,1670.97 kW,芳生螺絲股份有限公司,25SP0600-B026000001~331,4/15/26,2026-01-01~2026-02-28,認可,認可,0 MWh,330.628 MWh
豐興鋼鐵股份有限公司,軋一廠,太陽能,2026,0,318.3,臺中市后里區甲后路一段1000號,1659.08 kW,豐興鋼鐵股份有限公司,23SP0329-B026000001~320,5/20/26,2026-01-01~2026-03-31,認可,認可,0 MWh,318.3 MWh
富威電力股份有限公司,威甸企業太陽光電發電廠,太陽能,2026,245.518,0,屏東縣新埤鄉太平路2之8號,1656 kW,富威電力股份有限公司,25SP1910-B026000032~324,4/1/26,2026-01-01~2026-02-28,認可,認可,245.518 MWh,0 MWh
陽光伏特家電力股份有限公司,新智台南1廠,太陽能,2026,549.874,0,臺南市左鎮區光和段0418-0000地號,1652.06 kW,陽光伏特家電力股份有限公司,24SP1011-B026000001~551,5/20/26,2026-01-01~2026-03-31,認可,認可,549.874 MWh,0 MWh
怡和綠電超商股份有限公司,欣雄-潮州棒球場旁滑輪公路賽道(標案),太陽能,2026,376.79,3.38,屏東縣潮州鎮中山段0902-0000、0902-0002、0902-0003、0902-0004、0902-0005地號,1640.25 kW,怡和綠電超商股份有限公司,25SP2474-B026000001~445,5/20/26,2026-01-01~2026-03-31,認可,認可,376.79 MWh,3.38 MWh
晨星電力股份有限公司,(安集)桃子園_忠誠營區-案四,太陽能,2026,535.818,0,高雄市左營區介壽路16號(醫務所後方停車場、運輸車堡、中正堂),1636.88 kW,晨星電力股份有限公司,25SP2218-B026000001~537,5/20/26,2026-01-01~2026-03-31,認可,認可,535.818 MWh,0 MWh
中興電工機械股份有限公司,中興電工機械股份有限公司,太陽能,2026,0,73.856,臺南市善化區木柵港西路1號,1636.8 kW,中興電工機械股份有限公司,25SP0134-B026000001~74,3/11/26,2026-01-01~2026-01-31,認可,認可,0 MWh,73.856 MWh
中興電工機械股份有限公司,中興電工機械股份有限公司(南科廠),太陽能,2026,0,89.909,臺南市善化區台南市善化區木柵港西路1號,1636.8 kW,中興電工機械股份有限公司,26SP0001-B026000001~90,4/1/26,2026-01-27~2026-02-28,認可,認可,0 MWh,89.909 MWh
英特盛科技股份有限公司,廠區一1635.9KW,太陽能,2026,0,167.548,臺中市后里區后科南路二號,1635.9 kW,英特盛科技股份有限公司,24SP0735-B026000001~168,3/18/26,2026-01-01~2026-01-31,認可,認可,0 MWh,167.548 MWh
阿波羅電力股份有限公司,安集高雄營區-忠誠#5,太陽能,2026,309.048,212.124,高雄市左營區介壽路16號(光電網球場+籃球場、游泳池),1621.71 kW,阿波羅電力股份有限公司,25SP3224-B026000001~523,5/20/26,2026-01-01~2026-03-31,認可,認可,309.048 MWh,212.124 MWh
續興股份有限公司,旭愛能源台特化廠,太陽能,2026,470.184,0,彰化縣芬園鄉線西鄉彰濱西三路1號,1617.2 kW,續興股份有限公司,23SP0066-B026000001~472,5/20/26,2026-01-01~2026-03-31,認可,認可,470.184 MWh,0 MWh
寶富電力股份有限公司,智捷能源股份有限公司-福山段,太陽能,2026,153.524,0,桃園市大溪區福山段362、502、510、511、512、513、514、554、578地號,1616.9 kW,寶富電力股份有限公司,25SP0435-B026000078~237,5/20/26,2026-02-01~2026-03-31,認可,認可,153.524 MWh,0 MWh
映暉能源有限公司,映暉能源第3-1期太陽光電發電廠,太陽能,2026,489.243,0,雲林縣臺西鄉三姓段974、982、984、984-1、1172、1182地號,1612.8 kW,映暉能源有限公司,22SP0068-B026000001~491,5/20/26,2026-01-01~2026-03-31,認可,認可,489.243 MWh,0 MWh
大自然能源電業股份有限公司,NP121034C003龍泉水(1-5期),太陽能,2026,325.231,0,屏東縣恆春鎮龍泉水段0244-0002、0243-0005、0244-0003、0243-0002、0242-0000、0243-0001地號,1610.15 kW,大自然能源電業股份有限公司,24SP1453-B026000003~330,4/1/26,2026-01-01~2026-02-28,認可,認可,325.231 MWh,0 MWh
星星電力股份有限公司,新綠-天明能源-安南二期,太陽能,2026,333.663,233.602,臺南市安南區海南段559-17地號,1604.7 kW,星星電力股份有限公司,24SP2544-B026000001~761,5/20/26,2026-01-01~2026-03-31,認可,認可,333.663 MWh,233.602 MWh
星星電力股份有限公司,琉璃光_福安1508,太陽能,2026,51.705,0,臺南市後壁區臺南市後壁區福安段1508地號,1603.21 kW,星星電力股份有限公司,24SP0060-B026000001~57,5/20/26,2026-01-01~2026-03-31,認可,認可,51.705 MWh,0 MWh
星星電力股份有限公司,勳銘_桃園八德地面型電廠,太陽能,2026,338.707,0,桃園市八德區大安段440地號,1597.96 kW,星星電力股份有限公司,24SP2465-B026000001~351,5/20/26,2026-01-01~2026-03-31,認可,認可,338.707 MWh,0 MWh
艾涅爾電力股份有限公司,喬熙二廠培煜,太陽能,2026,300.688,0,臺中市大里區草堤路235號、158巷2之6號,1591.92 kW,艾涅爾電力股份有限公司,25SP0721-B026000001~302,4/8/26,2026-01-01~2026-02-28,認可,認可,300.688 MWh,0 MWh
開陽電力股份有限公司,玖基企業-彰化縣二林鎮公所(萬興掩埋場),太陽能,2026,299.521,0,彰化縣二林鎮柳子溝段798、799、802、805地號,1588.24 kW,開陽電力股份有限公司,25SP1457-B026000001~300,4/1/26,2026-01-01~2026-02-28,認可,認可,299.521 MWh,0 MWh
台朔重工股份有限公司,ABCD棟(七期),太陽能,2026,0,482.077,雲林縣麥寮鄉台塑工業園區3號,1578.86 kW,台朔重工股份有限公司,25SP1345-B026000001~484,5/20/26,2026-01-01~2026-03-31,認可,認可,0 MWh,482.077 MWh
艾涅爾電力股份有限公司,普晴-新社地面型1031地號,太陽能,2026,263.882,0,臺中市新社區永興段1031-0000地號,1578.42 kW,艾涅爾電力股份有限公司,24SP2391-B026000001~265,4/8/26,2026-01-01~2026-02-28,認可,認可,263.882 MWh,0 MWh
星星電力股份有限公司,琉璃光_福安1499,太陽能,2026,50.821,0,臺南市後壁區臺南市後壁區福安段1499、1504等地號,1575.46 kW,星星電力股份有限公司,24SP0072-B026000001~57,5/20/26,2026-01-01~2026-03-31,認可,認可,50.821 MWh,0 MWh
怡和綠電超商股份有限公司,千照(科風)-北門麗湖,太陽能,2026,138.697,0,臺南市北門區麗湖段0205-0000地號,1569.6 kW,怡和綠電超商股份有限公司,25SP2543-B026000133~271,4/1/26,2026-02-01~2026-02-28,認可,認可,138.697 MWh,0 MWh
晨星電力股份有限公司,(輝庭)輝庭一二三四期,太陽能,2026,431.168,0,彰化縣線西鄉彰濱西二路18號,1565.88 kW,晨星電力股份有限公司,26SP0038-B026000001~436,5/20/26,2026-01-01~2026-03-31,認可,認可,431.168 MWh,0 MWh
全利成電力股份有限公司,全利成3號電廠,太陽能,2026,418.143,0,嘉義縣大林鎮大埔美園區二路26號,1561.6 kW,全利成電力股份有限公司,22SP0058-B026000001~269,5/20/26,2026-01-01~2026-03-31,認可,認可,418.143 MWh,0 MWh
星星電力股份有限公司,茂誠 - 嘉里大榮(新市廠)(台南),太陽能,2026,471.605,0,臺南市新市區大營里大營2之6號。大營段 1355-1、1528、1539-1、1540-1地號,1561.47 kW,星星電力股份有限公司,25SP2984-B026000001~474,5/20/26,2026-01-01~2026-03-31,認可,認可,471.605 MWh,0 MWh
寶島陽光電力事業股份有限公司,玉衡能源股份有限公司(台南看守所一戒護大樓),太陽能,2026,486.257,0,臺南市歸仁區武東里明德新村 2 號,1561.125 kW,寶島陽光電力事業股份有限公司,24SP1144-B026000001~487,5/20/26,2026-01-01~2026-03-31,認可,認可,486.257 MWh,0 MWh
阿波羅電力股份有限公司,安集高雄營區-厚綵#1,太陽能,2026,303.919,210.219,高雄市左營區介壽路16號(厚綵二級廠、厚綵樓、厚綵樓南面庫房、厚綵餐廳、厚綵樓後方軍車停車棚、軍車停放區、三中隊後方建物、三中隊),1552.52 kW,阿波羅電力股份有限公司,25SP3223-B026000001~515,5/20/26,2026-01-01~2026-03-31,認可,認可,303.919 MWh,210.219 MWh
艾涅爾電力股份有限公司,益揚-永安二號電廠,太陽能,2026,146.905,0,高雄市永安區保興段1074、1084地號,1545.64 kW,艾涅爾電力股份有限公司,24SP0001-B026000001~148,4/8/26,2026-01-01~2026-01-31,認可,認可,146.905 MWh,0 MWh
艾涅爾電力股份有限公司,普晴-新社菇寮,太陽能,2026,227.658,0,臺中市新社區永源里水井街261號,1531.53 kW,艾涅爾電力股份有限公司,24SP2426-B026000001~229,4/8/26,2026-01-01~2026-02-28,認可,認可,227.658 MWh,0 MWh
大中鋼鐵股份有限公司,大中鋼鐵楊梅廠,太陽能,2026,0,268.2,桃園市楊梅區高山里3鄰高獅路130號,1530.1 kW,大中鋼鐵股份有限公司,24SP1366-B026000001~270,5/20/26,2026-01-01~2026-03-31,認可,認可,0 MWh,268.2 MWh
大同智能股份有限公司,臺北大眾捷運股份有限公司-內湖機廠屋頂型太陽光電系統,太陽能,2026,117.944,0,臺北市南港區經貿一路77號,1529.88 kW,大同智能股份有限公司,24SP0171-B026000002~139,5/20/26,2026-01-01~2026-03-31,認可,認可,117.944 MWh,0 MWh
阿波羅電力股份有限公司,安集嘉義公部門五期案,太陽能,2026,463.739,0,嘉義縣水上鄉石仔缸1之6號,1526.62 kW,阿波羅電力股份有限公司,25SP0692-B026000001~465,5/20/26,2026-01-01~2026-03-31,認可,認可,463.739 MWh,0 MWh
曜越綠電股份有限公司,晶越-湧銪電站,太陽能,2026,340.746,0,桃園市楊梅區梅獅路395巷99號,1518.48 kW,曜越綠電股份有限公司,24SP0842-B026000001~343,5/20/26,2026-01-01~2026-03-31,認可,認可,340.746 MWh,0 MWh
大自然能源電業股份有限公司,NP191028C001三間厝案場,太陽能,2026,225.761,160.317,嘉義縣新港鄉三間村三間厝72之86號,1508.86 kW,大自然能源電業股份有限公司,24SP1262-B026000001~388,5/20/26,2026-01-01~2026-03-31,認可,認可,225.761 MWh,160.317 MWh
星星電力股份有限公司,允強 - 溪州廠B1/B2,太陽能,2026,343.127,0,彰化縣溪州鄉彰化縣溪州鄉舊眉村中山路4段270號,1508.22 kW,星星電力股份有限公司,24SP1855-B026000001~345,5/20/26,2026-01-01~2026-03-31,認可,認可,343.127 MWh,0 MWh
豐興鋼鐵股份有限公司,立達三,太陽能,2026,0,212.484,新竹縣湖口鄉光復路22、24號,1507.75 kW,豐興鋼鐵股份有限公司,23SP0273-B026000001~214,4/1/26,2026-01-01~2026-02-28,認可,認可,0 MWh,212.484 MWh
曜越綠電股份有限公司,晶陽-湧銪電站,太陽能,2026,331.595,0,桃園市楊梅區梅獅路395巷59號,1505.16 kW,曜越綠電股份有限公司,24SP0845-B026000001~333,5/20/26,2026-01-01~2026-03-31,認可,認可,331.595 MWh,0 MWh
曜越綠電股份有限公司,冠越-湧銪電站,太陽能,2026,337.587,0,桃園市楊梅區梅獅路395巷19號,1505.16 kW,曜越綠電股份有限公司,24SP0847-B026000001~338,5/20/26,2026-01-01~2026-03-31,認可,認可,337.587 MWh,0 MWh
富威電力股份有限公司,凱蘭特崑山太陽光電發電廠,太陽能,2026,133.637,0,臺東縣卑南鄉上源段0119-0000、0119-0002、0119-0003地號,1503.765 kW,富威電力股份有限公司,25SP1146-B026000122~263,4/1/26,2026-01-01~2026-02-28,認可,認可,133.637 MWh,0 MWh
阿波羅電力股份有限公司,辰信欣大園藝,太陽能,2026,481.32,0,彰化縣鹿港鎮廖厝巷109之7號、109之15號、75號之6,1503.48 kW,阿波羅電力股份有限公司,24SP2311-B026000001~490,5/20/26,2026-01-01~2026-03-31,認可,認可,481.32 MWh,0 MWh
續興股份有限公司,日立江森停車場,太陽能,2026,18.127,0,桃園市蘆竹區長興段0377-0000地號、0378-0000地號、0384-0000地號、0385-0000地號,1500 kW,續興股份有限公司,25SP2799-B026000003~20,5/20/26,2026-01-01~2026-03-31,認可,認可,18.127 MWh,0 MWh
艾涅爾電力股份有限公司,石榴PV0605,太陽能,2026,261.353,0,雲林縣斗六市石榴段0131-0000、0139-0000、0142-0000地號,1499.85 kW,艾涅爾電力股份有限公司,23SP0356-B026000001~490,4/8/26,2026-01-01~2026-02-28,認可,認可,261.353 MWh,0 MWh
天能綠電股份有限公司,普洛能源-雲林縣東勢鄉程南路46號屋頂型(伍聯畜牧場),太陽能,2026,427.902,0,雲林縣東勢鄉程南路46號,1499.6 kW,天能綠電股份有限公司,25SP2879-B026000001~436,5/20/26,2026-01-01~2026-03-31,認可,認可,427.902 MWh,0 MWh
盛餘股份有限公司,盛餘股份有限公司,太陽能,2026,0,536.544,高雄市小港區中林路11號,1499.37 kW,盛餘股份有限公司,25SP1495-B026000001~538,5/20/26,2026-01-01~2026-03-31,認可,認可,0 MWh,536.544 MWh
臺南紡織股份有限公司,台南紡織股份有限公司仁德廠,太陽能,2026,0,502.073,臺南市仁德區中正路二段862巷45號,1499.19 kW,臺南紡織股份有限公司,23SP0350-B026000001~503,5/20/26,2026-01-01~2026-03-31,認可,認可,0 MWh,502.073 MWh
星星電力股份有限公司,大聖營區錶2-飛機修護棚廠2 (2期),太陽能,2026,446.066,0,屏東縣屏東市勝利路350號(空軍第一後勤指揮部【屏東大聖營區-C棟及D棟部分屋頂飛機修護棚廠】),1499.19 kW,星星電力股份有限公司,25SP2195-B026000001~453,5/20/26,2026-01-01~2026-03-31,認可,認可,446.066 MWh,0 MWh
星星電力股份有限公司,大聖營區錶3-飛機修護棚廠3 (3期),太陽能,2026,444.297,0,屏東縣屏東市勝利路350號(空軍第一後勤指揮部A、B棟飛機修護棚廠),1499.19 kW,星星電力股份有限公司,25SP2196-B026000001~450,5/20/26,2026-01-01~2026-03-31,認可,認可,444.297 MWh,0 MWh
星星電力股份有限公司,大聖營區錶1-飛機修護棚廠1 (1期),太陽能,2026,442.266,0,屏東縣屏東市勝利路350號(空軍第一後勤指揮部【屏東大聖營區-E棟及D棟部分屋頂飛機修護棚廠】),1499.19 kW,星星電力股份有限公司,25SP2144-B026000001~448,5/20/26,2026-01-01~2026-03-31,認可,認可,442.266 MWh,0 MWh
大自然能源電業股份有限公司,NP101036C003(農場段0709-0000地號),太陽能,2026,0.003,0,臺南市安南區顯宮里安中路5段1巷166號,1499.16 kW,大自然能源電業股份有限公司,24SP1333-B026000001~3,3/4/26,2026-01-01~2026-01-31,認可,認可,0.003 MWh,0 MWh
阿波羅電力股份有限公司,億唯牛厝高壓,太陽能,2026,469.089,0,雲林縣臺西鄉牛厝村成功172之8、172之10號,1497.6 kW,阿波羅電力股份有限公司,24SP0513-B026000001~470,5/20/26,2026-01-01~2026-03-31,認可,認可,469.089 MWh,0 MWh
怡和綠電超商股份有限公司,明暉綠能-添進裕本場,太陽能,2026,293.365,0,桃園市蘆竹區三德街42號,1497.6 kW,怡和綠電超商股份有限公司,25SP1576-B026000001~295,5/20/26,2026-01-01~2026-03-31,認可,認可,293.365 MWh,0 MWh
富威電力股份有限公司,江山-翰德二期太陽光電發電廠,太陽能,2026,161.832,172.301,屏東縣長治鄉神農東路22號,1496.88 kW,富威電力股份有限公司,25SP1163-B026000001~339,5/20/26,2026-01-01~2026-03-31,認可,認可,161.832 MWh,172.301 MWh
星星電力股份有限公司,雄利 - 大響營,太陽能,2026,472.677,0,屏東縣佳冬鄉屏東縣佳冬鄉昌北段1289-0000地號、屏東縣枋寮鄉靶場段0696-0000地號、屏東縣新埤鄉畚箕湖段0224-0110、0224-0114、1004-0001地號,1495.2 kW,星星電力股份有限公司,25SP1765-B026000001~474,5/20/26,2026-01-01~2026-03-31,認可,認可,472.677 MWh,0 MWh
巧新科技工業股份有限公司,巧新科技工業屏東廠,太陽能,2026,0,435.45,屏東縣屏東市大溪路325號,1492.4 kW,巧新科技工業股份有限公司,23SP0156-B026000001~437,5/20/26,2026-01-01~2026-03-31,認可,認可,0 MWh,435.45 MWh
天聲工業股份有限公司,新竹-香山電廠,太陽能,2026,0,372.896,新竹市香山區南港街23號,1491.5 kW,天聲工業股份有限公司,24SP0008-B026000001~374,5/20/26,2026-01-01~2026-03-31,認可,認可,0 MWh,372.896 MWh
瓦特先生股份有限公司,北科附工二期,太陽能,2026,175.652,126.144,桃園市桃園區成功路二段144號,1490.56 kW,瓦特先生股份有限公司,23SP0302-B026000001~279,5/20/26,2026-01-01~2026-03-31,認可,認可,175.652 MWh,126.144 MWh
香印永續股份有限公司,讚鋒,太陽能,2026,432.663,0,臺中市太平區光興路8號,1490.48 kW,香印永續股份有限公司,25SP1150-B026000005~571,5/20/26,2026-01-01~2026-03-31,認可,認可,432.663 MWh,0 MWh
崑鼎綠能環保股份有限公司,高雄港三櫃68、69倉太陽光電發電廠,太陽能,2026,280.905,37.982,高雄市前鎮區高雄港68號碼頭(高雄港第三貨櫃中心-1)、高雄市小港區亞太路10號(高雄港第三貨櫃中心-2)、高雄市前鎮區高雄港68號碼頭&高雄市小港區亞太路10號(高雄港第三貨櫃中心-3),1487.485 kW,崑鼎綠能環保股份有限公司,23SP0035-B026000001~334,5/20/26,2026-01-01~2026-03-31,認可,認可,280.905 MWh,37.982 MWh
大自然能源電業股份有限公司,NP121058C001 高樹埔田,太陽能,2026,217.575,139.484,屏東縣高樹鄉新南村新一路280號(屏東縣高樹鄉埔田段58、59、66、67、68地號),1484.61 kW,大自然能源電業股份有限公司,25SP0343-B026000001~358,5/20/26,2026-01-01~2026-03-31,認可,認可,217.575 MWh,139.484 MWh
陽光伏特家電力股份有限公司,新光電力彰化1、2廠,太陽能,2026,55.403,0,彰化縣芳苑鄉大同路655號,1484 kW,陽光伏特家電力股份有限公司,23SP0368-B026000001~63,5/20/26,2026-01-01~2026-03-31,認可,認可,55.403 MWh,0 MWh
亞洲水泥股份有限公司,亞泥新竹廠第六機組,太陽能,2026,0,300.74,"新竹縣橫山鄉中豐路二段109號、橫華段696,750,751,787,788,791地號",1482.15 kW,亞洲水泥股份有限公司,24SP2219-B026000001~301,5/20/26,2026-01-01~2026-03-31,認可,認可,0 MWh,300.74 MWh
晨星電力股份有限公司,(亞沃)宏仁(佑瑩),太陽能,2026,445.461,0,嘉義縣民雄鄉中正路47號,1477.74 kW,晨星電力股份有限公司,25SP3234-B026000001~446,5/20/26,2026-01-01~2026-03-31,認可,認可,445.461 MWh,0 MWh
冠越科技工程股份有限公司,進安國際太陽光電發電廠,太陽能,2026,317.113,0,臺中市梧棲區中南一路2段251號,1476 kW,曜越綠電股份有限公司、冠越科技工程股份有限公司,23SP0245-B026000001~319,5/20/26,2026-01-01~2026-03-31,認可,認可,317.113 MWh,0 MWh
續興股份有限公司,旭信電力宜蘭廠,太陽能,2026,117.268,0,宜蘭縣五結鄉宜蘭縣五結鄉利工段0186-0081、0186-0083、 0186-0084、0186-0085、0186-0086地號,1474.2 kW,續興股份有限公司,22SP0094-B026000001~119,5/20/26,2026-01-01~2026-03-31,認可,認可,117.268 MWh,0 MWh
森勁電力股份有限公司,后里配水池,太陽能,2026,476.165,0,臺中市后里區后科南路12號,1472.64 kW,森勁電力股份有限公司,23SP0346-B026000004~489,5/20/26,2026-01-01~2026-03-31,認可,認可,476.165 MWh,0 MWh
天能綠電股份有限公司,"立發-雲林惠來厝2,3,4地面型太陽光電案場",太陽能,2026,152.312,0,雲林縣虎尾鎮惠來厝段1887-0000、1887-0001、1887-0002、1887-0003、1887-0004、1889-0000、1889-0001、1889-0002地號,1471.26 kW,天能綠電股份有限公司,24SP2502-B026000146~298,4/1/26,2026-02-01~2026-02-28,認可,認可,152.312 MWh,0 MWh
大自然能源電業股份有限公司,NP201012C001光普實業(海埤),太陽能,2026,266.369,0,臺南市麻豆區海埤段0180-0000地號,1470.6 kW,大自然能源電業股份有限公司,24SP1227-B026000001~279,5/20/26,2026-01-01~2026-03-31,認可,認可,266.369 MWh,0 MWh
富威電力股份有限公司,祥記水電太陽光電發電廠,太陽能,2026,162.966,0,高雄市旗山區秋良山段279、280、281、282、283、284、292、293、294地號,1469.7 kW,富威電力股份有限公司,25SP0889-B026000136~307,4/1/26,2026-01-01~2026-02-28,認可,認可,162.966 MWh,0 MWh
天能綠電股份有限公司,高雄小港(坪鳳)地面型太陽光電案廠,太陽能,2026,390.356,0,高雄市小港區坪鳳段105地號,1469.44 kW,天能綠電股份有限公司,23SP0080-B026000001~393,5/20/26,2026-01-01~2026-03-31,認可,認可,390.356 MWh,0 MWh
富威電力股份有限公司,雪山太陽光電發電廠,太陽能,2026,310.398,119.298,臺南市七股區篤加段1268-0000 地號,1462.86 kW,富威電力股份有限公司,24SP0738-B026000019~683,5/20/26,2026-01-01~2026-03-31,認可,認可,310.398 MWh,119.298 MWh
映暉能源有限公司,映暉能源第6-1期太陽光電發電廠,太陽能,2026,416.208,0,雲林縣四湖鄉萡子寮段160-15、160-17、160-38、161-1、161-2、162-0地段,1461.6 kW,映暉能源有限公司,22SP0074-B026000001~417,5/20/26,2026-01-01~2026-03-31,認可,認可,416.208 MWh,0 MWh
台汽電綠能股份有限公司,旭忠能源正新橡膠1-1、1-2、1-3,太陽能,2026,444.227,0,雲林縣斗六市科加段80-3、80-4、80-5、80-6、80-9、80-10、80-12、80-13、83-8、83-9、83-10、83-11、83-12地號,1460.72 kW,台汽電綠能股份有限公司,24SP0775-B026000001~447,5/20/26,2026-01-01~2026-03-31,認可,認可,444.227 MWh,0 MWh
南亞塑膠工業股份有限公司,嘉義廠區-甲乙棟,太陽能,2026,0,327.361,嘉義縣太保市北港路二段201號,1455.91 kW,南亞塑膠工業股份有限公司,23SP0287-B026000001~329,5/20/26,2026-01-01~2026-03-31,認可,認可,0 MWh,327.361 MWh
香印永續股份有限公司,鏵福,太陽能,2026,424.877,0,高雄市阿蓮區港後134之36號,1451.275 kW,香印永續股份有限公司,25SP3934-B026000019~737,5/20/26,2026-01-01~2026-03-31,認可,認可,424.877 MWh,0 MWh
艾涅爾電力股份有限公司,小岩-瓊中段(北案),太陽能,2026,274.472,0,高雄市燕巢區瓊招路20巷168號,1451.255 kW,艾涅爾電力股份有限公司,24SP0834-B026000001~435,4/8/26,2026-01-01~2026-02-28,認可,認可,274.472 MWh,0 MWh
東鋼風力發電股份有限公司,東鋼風力台中物流中心太陽光電發電廠,太陽能,2026,409.065,0,"臺中市梧棲區三民路984-21,984-4",1449.9 kW,東鋼風力發電股份有限公司,24SP0102-B026000001~412,5/20/26,2026-01-01~2026-03-31,認可,認可,409.065 MWh,0 MWh
力成科技股份有限公司,力成科技(P10棟),太陽能,2026,0,316.396,新竹縣湖口鄉新竹工業區新興路458-28號,1448.55 kW,力成科技股份有限公司,23SP0191-B026000001~318,5/20/26,2026-01-01~2026-03-31,認可,認可,0 MWh,316.396 MWh
富威電力股份有限公司,衆崴-狀佳果太陽光電發電廠,太陽能,2026,356.465,0,雲林縣斗六市斗工一路2號,1448.12 kW,富威電力股份有限公司,25SP0195-B026000002~390,5/20/26,2026-01-01~2026-03-31,認可,認可,356.465 MWh,0 MWh
艾涅爾電力股份有限公司,軒逸-下營雞舍PV0783,太陽能,2026,231.429,0,臺南市下營區大吉里大屯寮48之32號,1444.86 kW,艾涅爾電力股份有限公司,25SP0987-B026000001~233,4/8/26,2026-01-01~2026-02-28,認可,認可,231.429 MWh,0 MWh
寶島陽光電力事業股份有限公司,豐照能源股份有限公司(群創B廠區一二三期),太陽能,2026,436.901,0,臺南市新市區環西路二段2之1號,1440.75 kW,寶島陽光電力事業股份有限公司,24SP1343-B026000001~439,5/20/26,2026-01-01~2026-03-31,認可,認可,436.901 MWh,0 MWh
天能綠電股份有限公司,鴻晶-新竹市香山區香雅段一二期,太陽能,2026,39.424,69.184,新竹市香山區香雅段145-1、145-2、232-1、233-1、254地號、229地號,1435 kW,天能綠電股份有限公司、鴻晶新科技股份有限公司,24SP1909-B026000001~111,5/20/26,2026-01-01~2026-01-31,認可,認可,39.424 MWh,69.184 MWh
富威電力股份有限公司,詰埕科技有限公司-地面型,太陽能,2026,404.595,27.516,彰化縣埤頭鄉山寮段1061、1062、1063、1065、1084地號,1433.85 kW,富威電力股份有限公司,25SP1296-B026000001~447,5/20/26,2026-01-01~2026-03-31,認可,認可,404.595 MWh,27.516 MWh
富威電力股份有限公司,日盛全-大將作工業太陽光電發電廠,太陽能,2026,250.615,97.728,彰化縣鹿港鎮工業東四路12之1號,1422.72 kW,富威電力股份有限公司,25SP0797-B026000078~599,5/20/26,2026-01-01~2026-03-31,認可,認可,250.615 MWh,97.728 MWh
天能綠電股份有限公司,祥邑-南投屋頂型太陽光電案場,太陽能,2026,407.352,0,南投縣埔里鎮南投縣埔里鎮隆生路二段16號,1421.64 kW,天能綠電股份有限公司,24SP2463-B026000001~409,5/20/26,2026-01-01~2026-03-31,認可,認可,407.352 MWh,0 MWh
陽光伏特家電力股份有限公司,益佳桃園3廠,太陽能,2026,292.586,0,桃園市大園區園航路57號,1419.84 kW,陽光伏特家電力股份有限公司,25SP0809-B026000001~295,5/20/26,2026-01-01~2026-03-31,認可,認可,292.586 MWh,0 MWh
大自然能源電業股份有限公司,NP081057C001福壽鹿港案場,太陽能,2026,220.587,147.458,彰化縣鹿港鎮鹿工路7號,1416.725 kW,大自然能源電業股份有限公司,25SP0761-B026000001~370,5/20/26,2026-01-01~2026-03-31,認可,認可,220.587 MWh,147.458 MWh
星星電力股份有限公司,維棋-J3區,太陽能,2026,391.572,0,雲林縣莿桐鄉新庄子段3252、3253、 3254、3259地號,1416.6 kW,星星電力股份有限公司,25SP0216-B026000001~452,5/20/26,2026-02-01~2026-03-31,認可,認可,391.572 MWh,0 MWh
續興股份有限公司,正氧精密,太陽能,2026,423.447,0,臺南市官田區工業路7之1號,1411.87 kW,續興股份有限公司,25SP1087-B026000001~424,5/20/26,2026-01-01~2026-03-31,認可,認可,423.447 MWh,0 MWh
台塑勝高科技股份有限公司,HI棟(四期),太陽能,2026,0,460.699,雲林縣麥寮鄉台塑工業園區3號,1405.755 kW,台塑勝高科技股份有限公司,25SP2298-B026000001~462,5/20/26,2026-01-01~2026-03-31,認可,認可,0 MWh,460.699 MWh
阿波羅電力股份有限公司,禾盈運發局-青少年運動園區藍球場,太陽能,2026,0,425.843,高雄市苓雅區明德街2號,1401.48 kW,阿波羅電力股份有限公司,25SP4205-B026000001~427,5/20/26,2026-01-01~2026-03-31,認可,認可,0 MWh,425.843 MWh
日集綠能股份有限公司,日集保力小段太陽光電發電廠,太陽能,2026,2.362,530.452,屏東縣車城鄉保安段1、2、3、5、6、7地號,1399.95 kW,日集綠能股份有限公司,23SP0137-B026000004~544,5/20/26,2026-01-01~2026-03-31,認可,認可,2.362 MWh,530.452 MWh
續興股份有限公司,恆伍第一期太陽光電發電廠,太陽能,2026,416.053,0,屏東縣佳冬鄉繁昌段67、67-1、67-2、67-3、67-4、67-5 地號,1399.68 kW,續興股份有限公司,22SP0090-B026000001~417,5/20/26,2026-01-01~2026-03-31,認可,認可,416.053 MWh,0 MWh
中鋼光能股份有限公司,中鋼#09~#11條鋼工廠,太陽能,2026,405.874,0,高雄市小港區中鋼路1號及嘉興街2號,1398.72 kW,中鋼光能股份有限公司,22SP0135-B026000001~408,5/20/26,2026-01-01~2026-03-31,認可,認可,405.874 MWh,0 MWh
艾涅爾電力股份有限公司,昱金生-金農友PV0317、296,太陽能,2026,241.707,0,彰化縣鹿港鎮鹿工路21號,1397.26 kW,艾涅爾電力股份有限公司,24SP0014-B026000001~242,4/8/26,2026-01-01~2026-02-28,認可,認可,241.707 MWh,0 MWh
維特克能源有限公司,維特克台中3廠,太陽能,2026,403.96,0,臺中市清水區北堤路1之7號,1393.92 kW,維特克能源有限公司,24SP0246-B026000001~418,5/20/26,2026-01-01~2026-03-31,認可,認可,403.96 MWh,0 MWh
森勁電力股份有限公司,澎湖監獄,太陽能,2026,312.682,46.62,澎湖縣湖西鄉鼎灣1號之1,1393.26 kW,森勁電力股份有限公司,23SP0441-B026000001~363,5/20/26,2026-01-01~2026-03-31,認可,認可,312.682 MWh,46.62 MWh
星星電力股份有限公司,神岡營區錶2_C棟C2-1區/C棟C2-2區/C棟C2-3區/C棟C2-4區,太陽能,2026,292.007,0,臺中市大雅區中清路5段2號(臺中市神岡區圳堵段01095-000建號),1391.39 kW,星星電力股份有限公司,25SP3351-B026000001~299,5/20/26,2026-02-01~2026-03-31,認可,認可,292.007 MWh,0 MWh
怡和綠電超商股份有限公司,開泰-潮州中山195、196、197、198,太陽能,2026,135.12,0,屏東縣潮州鎮中山段0195-0000、0196-0000、0197-0000、0198-0000地號,1390.11 kW,怡和綠電超商股份有限公司,25SP0467-B026000130~265,4/1/26,2026-02-01~2026-02-28,認可,認可,135.12 MWh,0 MWh
大同智能股份有限公司,桃園殯葬用地-第四公墓,太陽能,2026,260.325,0,桃園市新屋區東勢段甲頭厝小段146地號、146-3地號、146-4地號(桃園市新屋區第四公墓),1382.4 kW,大同智能股份有限公司,24SP1007-B026000001~261,5/20/26,2026-01-01~2026-03-31,認可,認可,260.325 MWh,0 MWh
豐興鋼鐵股份有限公司,林宜清,太陽能,2026,0,382.454,嘉義縣新港鄉月眉村月眉潭606號,1380.1 kW,豐興鋼鐵股份有限公司,23SP0333-B026000001~385,5/20/26,2026-01-01~2026-03-31,認可,認可,0 MWh,382.454 MWh
晨星電力股份有限公司,(德豐)德山-22號高壓1案,太陽能,2026,0,405.219,彰化縣線西鄉彰濱東二路22號,1377.405 kW,晨星電力股份有限公司,25SP4290-B026000001~407,5/20/26,2026-01-01~2026-03-31,認可,認可,0 MWh,405.219 MWh
阿波羅電力股份有限公司,綠順大內頭社段,太陽能,2026,485.999,0,臺南市大內區頭社段0639-0000、0639-0001、0645-0000、0647-0000、0647-0001、0647-0004、0648-0002地號,1373.5 kW,阿波羅電力股份有限公司,24SP0763-B026000001~495,5/20/26,2026-01-01~2026-03-31,認可,認可,485.999 MWh,0 MWh
開陽電力股份有限公司,前進綠能科技股份有限公司-台北國防醫學院本院校舍屋頂,太陽能,2026,187.94,0,臺北市內湖區民權東路六段161號,1373.44 kW,開陽電力股份有限公司,25SP2732-B026000001~189,4/1/26,2026-01-01~2026-02-28,認可,認可,187.94 MWh,0 MWh
宇軒電業股份有限公司,保吉段894地號-1期.2期.3期,太陽能,2026,292.74,195.222,臺南市北門區保吉段894地號,1366.8 kW,宇軒電業股份有限公司,25SP2025-B026000001~490,5/20/26,2026-01-01~2026-03-31,認可,認可,292.74 MWh,195.222 MWh
怡和綠電超商股份有限公司,大武山-大武山關廟(天地人牧場),太陽能,2026,293.904,0,臺南市關廟區關新路1段135巷100號,1365.21 kW,怡和綠電超商股份有限公司,25SP4030-B026000001~296,5/20/26,2026-01-01~2026-03-31,認可,認可,293.904 MWh,0 MWh
晨星電力股份有限公司,一丞冷凍工業股份有限公司,太陽能,2026,423.355,0,高雄市大寮區和業一路63號(高雄市大寮區翁公園段三小段2008-43、2008-44地號),1359 kW,晨星電力股份有限公司,25SP2216-B026000001~425,5/20/26,2026-01-01~2026-03-31,認可,認可,423.355 MWh,0 MWh
康展電力股份有限公司,冠越科技工程_鉅巃,太陽能,2026,422.401,0,彰化縣溪州鄉中山路2段83號(彰化縣溪州鄉 1259、1260、1261、1262、1263、1268、1268-1、1269 、1275、1276、1277、1278、1279、1280、1281地號,1352.26 kW,康展電力股份有限公司,25SP3144-B026000001~429,5/20/26,2026-01-01~2026-03-31,認可,認可,422.401 MWh,0 MWh
豐興鋼鐵股份有限公司,立達一,太陽能,2026,0,323.633,新竹縣湖口鄉光復路65、67號,1351.24 kW,豐興鋼鐵股份有限公司,23SP0274-B026000001~324,5/20/26,2026-01-01~2026-03-31,認可,認可,0 MWh,323.633 MWh
維特克能源有限公司,維特克屏東1、2、3廠,太陽能,2026,348.689,0,屏東縣高樹鄉新南村興店路6之6號,1347.76 kW,維特克能源有限公司,24SP0419-B026000004~361,5/20/26,2026-01-01~2026-03-31,認可,認可,348.689 MWh,0 MWh
星星電力股份有限公司,桃園市觀音區太陽光電發電系統工程 (星泓/伸泰),太陽能,2026,223.39,0,桃園市觀音區桃科十路100號,1344.8 kW,星星電力股份有限公司,24SP0331-B026000001~225,5/20/26,2026-01-01~2026-03-31,認可,認可,223.39 MWh,0 MWh
中華汽車工業股份有限公司,中華汽車(楊梅廠)第二期屋頂型光電案,太陽能,2026,0,299.709,桃園市楊梅區桃園市楊梅區秀才路618號,1343.16 kW,中華汽車工業股份有限公司,24SP1158-B026000001~301,5/20/26,2026-01-01~2026-03-31,認可,認可,0 MWh,299.709 MWh
長耕國際股份有限公司,長耕國際股份有限公司,太陽能,2026,0,412.64,高雄市大寮區和業一路55號,1338.24 kW,長耕國際股份有限公司,24SP0234-B026000001~414,5/20/26,2026-01-01~2026-03-31,認可,認可,0 MWh,412.64 MWh
超豐電子股份有限公司,超豐電子201,太陽能,2026,0,339.45,苗栗縣竹南鎮公義路100、112號,1336.44 kW,超豐電子股份有限公司,23SP0250-B026000001~341,5/20/26,2026-01-01~2026-03-31,認可,認可,0 MWh,339.45 MWh
台灣玻璃工業股份有限公司,台灣玻璃工業股份有限公司新竹廠,太陽能,2026,0,289.393,新竹市香山區中華路四段470號,1328.38 kW,台灣玻璃工業股份有限公司,24SP0361-B026000001~291,5/20/26,2026-01-01~2026-03-31,認可,認可,0 MWh,289.393 MWh
正新橡膠工業股份有限公司,正新橡膠工業股份有限公司,太陽能,2026,0,475.334,彰化縣大村鄉美港路215號,1324.3 kW,正新橡膠工業股份有限公司,23SP0406-B026000001~477,5/20/26,2025-12-01~2026-03-31,認可,認可,0 MWh,475.334 MWh
晨星電力股份有限公司,(晉丞)南投縣農會(一)(二)(三)(四),太陽能,2026,247.805,4.842,南投縣南投市南崗三路1號/仁和路13之1號,1316.99 kW,晨星電力股份有限公司,25SP4158-B026000001~262,5/20/26,2026-01-01~2026-03-31,認可,認可,247.805 MWh,4.842 MWh
怡和綠電超商股份有限公司,晶盛能源-嘉義市晶盛舊廠,太陽能,2026,216.813,146.864,嘉義市東區保順路178號,1315.6 kW,怡和綠電超商股份有限公司,25SP1693-B026000001~365,5/20/26,2026-01-01~2026-03-31,認可,認可,216.813 MWh,146.864 MWh
新世紀資通股份有限公司,彰化伸港 1315 kWp,太陽能,2026,0,407.315,彰化縣伸港鄉興工路35號,1315.405 kW,新世紀資通股份有限公司,25SP0341-B026000001~409,5/20/26,2026-01-01~2026-03-31,認可,認可,0 MWh,407.315 MWh
陽光伏特家電力股份有限公司,偉澄嘉義1、2廠,太陽能,2026,133.582,0,嘉義市西區博愛路2段461號,1315.2 kW,陽光伏特家電力股份有限公司,23SP0352-B026000002~171,5/20/26,2026-01-01~2026-03-31,認可,認可,133.582 MWh,0 MWh
明基材料股份有限公司,明基材料股份有限公司雲科製造一廠,太陽能,2026,0,443.376,雲林縣斗六市科工七路２５號,1310.4 kW,明基材料股份有限公司,24SP2066-B026000001~446,5/20/26,2026-01-01~2026-03-31,認可,認可,0 MWh,443.376 MWh
中華電信股份有限公司桃園營運處,中華電信-如毅物流二型發電站,太陽能,2026,0,286.838,桃園市楊梅區幼獅路二段185號、185-1號,1306.26 kW,中華電信股份有限公司桃園營運處,25SP1052-B026000001~288,5/20/26,2026-01-01~2026-03-31,認可,認可,0 MWh,286.838 MWh
陽光伏特家電力股份有限公司,台蠟彰化1、2、3廠,太陽能,2026,428.193,0,彰化縣芳苑鄉王功段1203-0000、1203-0003、1203-0004、1203-0005、1203-0006、1203-0007地號,1296 kW,陽光伏特家電力股份有限公司,24SP2081-B026000001~430,5/20/26,2026-01-01~2026-03-31,認可,認可,428.193 MWh,0 MWh
大同智能股份有限公司,桃園殯葬用地-第七公墓,太陽能,2026,292.576,0,桃園市新屋區大牛欄段下埔頂小段37-3地號(桃園市新屋區第七公墓),1290.24 kW,大同智能股份有限公司,24SP1849-B026000001~294,5/20/26,2026-01-01~2026-03-31,認可,認可,292.576 MWh,0 MWh
正隆股份有限公司后里分公司,BM-7倉庫 BM-10倉庫 BM-10製漿廠房,太陽能,2026,0,141.33,臺中市后里區廣福里三豐路3段2號,1289.6 kW,正隆股份有限公司后里分公司,23SP0086-B026000001~142,5/20/26,2026-01-01~2026-03-31,認可,認可,0 MWh,141.33 MWh
東鋼風力發電股份有限公司,東鋼風力東桃太陽光電發電廠-定尺清,太陽能,2026,208.818,0,桃園市觀音區保障里8鄰草漯116號,1289.52 kW,東鋼風力發電股份有限公司,24SP0624-B026000001~210,5/20/26,2026-01-01~2026-03-31,認可,認可,208.818 MWh,0 MWh
星星電力股份有限公司,琉璃光_學甲,太陽能,2026,37.335,0,臺南市學甲區臺南市學甲區學甲段247-4、247-5、247-6、252地號,1289.34 kW,星星電力股份有限公司,24SP0076-B026000002~42,5/20/26,2026-01-01~2026-03-31,認可,認可,37.335 MWh,0 MWh
星星電力股份有限公司,日兆_南投市農會,太陽能,2026,341.461,0,南投縣南投市彰南路3段179號,1288.67 kW,星星電力股份有限公司,24SP1874-B026000001~353,5/20/26,2026-01-01~2026-03-31,認可,認可,341.461 MWh,0 MWh
宇軒電業股份有限公司,台南-飯店段一、二、三期,太陽能,2026,244.762,171.421,"臺南市鹽水區飯店段1484,1485,1486,1487,1488地號",1279.68 kW,宇軒電業股份有限公司,25SP2022-B026000001~418,5/20/26,2026-01-01~2026-03-31,認可,認可,244.762 MWh,171.421 MWh
國碩能源股份有限公司,交通局停車場,太陽能,2026,4.135,332.29,"高雄市茄萣區興達段0052-0001,0060-0002,0061-0000,0062-0001地號",1274.32 kW,國碩能源股份有限公司,25SP4145-B026000001~350,5/20/26,2026-01-01~2026-03-31,認可,認可,4.135 MWh,332.29 MWh
大同智能股份有限公司,台中市屋頂型太陽光電系統-引春物流倉儲股份有限公司一廠,太陽能,2026,368.205,0,臺中市梧棲區中港加工出口區經一路35號,1273.5 kW,大同智能股份有限公司,24SP1530-B026000001~370,5/20/26,2026-01-01~2026-03-31,認可,認可,368.205 MWh,0 MWh
台灣玻璃工業股份有限公司,台灣玻璃工業股份有限公司桃園廠 A,太陽能,2026,0,264.028,桃園市觀音區經建五路1號,1271.94 kW,台灣玻璃工業股份有限公司,24SP0324-B026000001~266,5/20/26,2026-01-01~2026-03-31,認可,認可,0 MWh,264.028 MWh
天能綠電股份有限公司,綠順-雲林縣土庫鎮竹寮段,太陽能,2026,240.025,0,雲林縣土庫鎮竹寮段0147-0000、0147-0002、0147-0003地號,1270.4 kW,天能綠電股份有限公司,24SP0972-B026000002~242,4/22/26,2026-01-01~2026-02-28,認可,認可,240.025 MWh,0 MWh
泓德能源科技股份有限公司,星星電力-YL南波萬,太陽能,2026,45,,雲林縣斗六市保長路60號,1259.52 kW,泓德能源科技股份有限公司,20SP0023-B026000001~45,5/20/26,2026-01-01~2026-03-31,認可,認可,45 MWh,0 MWh
艾涅爾電力股份有限公司,德鑫-林邊雞舍(一)(二)PV0017,太陽能,2026,208.436,,屏東縣林邊鄉竹林村19鄰夏裝37之21號,1259.02 kW,艾涅爾電力股份有限公司,25SP1209-B026000001~211,4/8/26,2026-01-01~2026-02-28,認可,認可,208.436 MWh,0 MWh
天能綠電股份有限公司,雲正投資-雲林土庫大荖魚塭太陽光電案場,太陽能,2026,67.87,,雲林縣褒忠鄉大部2之33號,1258.74 kW,天能綠電股份有限公司,24SP1202-B026000001~69,3/4/26,2026-01-01~2026-01-31,認可,認可,67.87 MWh,0 MWh
大自然能源電業股份有限公司,NP141040C001(廣原段1165-0000地號),太陽能,2026,272.469,,臺東縣海端鄉廣原段1165-0000地號,1257 kW,大自然能源電業股份有限公司,24SP2144-B026000002~278,5/20/26,2026-01-01~2026-03-31,認可,認可,272.469 MWh,0 MWh
傑傅能源股份有限公司,"同均停車場太陽光電發電系統-台南市南區龍岡段251,256,257地號",太陽能,2026,168.499,,"臺南市南區龍岡段251,256,257地號",1256.64 kW,傑傅能源股份有限公司,24SP2269-B026000001~169,4/29/26,2026-01-01~2026-02-28,認可,認可,168.499 MWh,0 MWh
晨星電力股份有限公司,(安集)桃子園_厚綵營區-案三,太陽能,2026,389.492,,高雄市左營區介壽路16號(民車停車場、快艇庫房後方開放空間),1254.67 kW,晨星電力股份有限公司,25SP1857-B026000001~390,5/20/26,2026-01-01~2026-03-31,認可,認可,389.492 MWh,0 MWh
星星電力股份有限公司,臺南市佳里區第一期、二期、三期太陽光電發電系統工程 (仁登/佳里),太陽能,2026,329.666,,臺南市佳里區延平段 0897、0898、0899 地號,1251.72 kW,星星電力股份有限公司,24SP0685-B026000001~404,5/20/26,2026-01-01~2026-03-31,認可,認可,329.666 MWh,0 MWh
宇軒電業股份有限公司,宅子港633(1~3期),太陽能,2026,114.141,,臺南市學甲區學甲東段3473、3474、3475地號,1249.92 kW,宇軒電業股份有限公司,25SP1007-B026000119~233,4/15/26,2026-02-01~2026-02-28,認可,認可,114.141 MWh,0 MWh
宇軒電業股份有限公司,溪底寮段二重港小段207-4地號,太陽能,2026,260.756,,臺南市北門區溪底寮段二重港小段207-4、207-6、208、208-8、208-9、209、209-14、209-15、209-16、209-17地號,1249.61 kW,宇軒電業股份有限公司,25SP2023-B026000001~439,5/20/26,2026-01-01~2026-03-31,認可,認可,260.756 MWh,176.863 MWh
儒鴻企業股份有限公司,儒鴻企業溪洲廠,太陽能,2026,0,,苗栗縣後龍鎮溪洲里七鄰三好路39號,1248.615 kW,儒鴻企業股份有限公司,24SP0431-B026000001~298,5/20/26,2026-01-01~2026-03-31,認可,認可,0 MWh,296.668 MWh
星星電力股份有限公司,茂誠-溪湖掩埋場(彰化),太陽能,2026,396.242,0,彰化縣溪湖鎮 彰化縣溪湖鎮中興段1180、1182地號,1248.32 kW,星星電力股份有限公司,25SP3020-B026000001~398,5/20/26,2026-01-01~2026-03-31,認可,認可,396.242 MWh,0 MWh
阿波羅電力股份有限公司,綠順仁德中洲段,太陽能,2026,438.328,0,臺南市安南區仁德區中洲段0059-0002、0060-0002、0125-0000、0126-0000地號,1247.2 kW,阿波羅電力股份有限公司,24SP0600-B026000001~447,5/20/26,2026-01-01~2026-03-31,認可,認可,438.328 MWh,0 MWh
大同智能股份有限公司,臺鐵高雄貨運服務所潮州新廠(一期),太陽能,2026,355.275,0,屏東縣潮州鎮光復路461號,1246.08 kW,大同智能股份有限公司,24SP1732-B026000001~358,5/20/26,2026-01-01~2026-03-31,認可,認可,355.275 MWh,0 MWh
遠東新世紀股份有限公司,遠東新世紀觀音化纖廠,太陽能,2026,0,240.046,桃園市觀音區經建六路3號,1241.8 kW,遠東新世紀股份有限公司,23SP0079-B026000001~242,5/20/26,2026-01-01~2026-03-31,認可,認可,0 MWh,240.046 MWh
順長興企業股份有限公司,順長興嘉義1廠,太陽能,2026,392.719,0,嘉義縣東石鄉湖底段湖底小段0298-0000地號,1240.4 kW,順長興企業股份有限公司,24SP0080-B026000004~405,5/20/26,2026-01-01~2026-03-31,認可,認可,392.719 MWh,0 MWh
大自然能源電業股份有限公司,NP111022A001 (益揚-滯洪池),太陽能,2026,359.509,0,高雄市永安區保興段1076、1078地號,1240.2 kW,大自然能源電業股份有限公司、晨星電力股份有限公司,24SP1501-B026000001~361,5/20/26,2026-01-01~2026-03-31,認可,認可,359.509 MWh,0 MWh
怡和綠電超商股份有限公司,大武山-蛋雞畜牧場第二分場(第一、二期),太陽能,2026,279.201,0,屏東縣新埤鄉萬隆村平山路90號(A2棟【雞舍】、A3棟【雞舍】；第1期 共2期)(A1【雞舍】、A3【雞舍】部分、A4【雞舍】、E2【管理室】、F1【資料處理室內】、H【產禽蛋洗選室】屋頂；第2期 共2期),1235.465 kW,怡和綠電超商股份有限公司,25SP1162-B026000001~281,5/20/26,2026-01-01~2026-03-31,認可,認可,279.201 MWh,0 MWh
怡和綠電超商股份有限公司,新日陽-一、二、三期,太陽能,2026,229.597,149.922,臺南市新化區𦰡拔林89之81、89之82號,1228.8 kW,怡和綠電超商股份有限公司,25SP1883-B026000001~381,5/20/26,2026-01-01~2026-03-31,認可,認可,229.597 MWh,149.922 MWh
寶島陽光電力事業股份有限公司,昕瑞能源有限公司(TW170644),太陽能,2026,314.697,10.14,屏東縣鹽埔鄉莒光路168號,1227.2 kW,寶島陽光電力事業股份有限公司,24SP2449-B026000001~334,5/20/26,2026-01-01~2026-03-31,認可,認可,314.697 MWh,10.14 MWh
富威電力股份有限公司,久鋒-堤維西三廠太陽光電發電廠,太陽能,2026,349.839,14.635,臺南市安南區工業三路27號,1226.4 kW,富威電力股份有限公司,25SP1134-B026000001~369,5/20/26,2026-01-01~2026-03-31,認可,認可,349.839 MWh,14.635 MWh
漢翔航空工業股份有限公司,#7太陽光電自發自用,太陽能,2026,0,368.832,臺中市西屯區漢翔路2號,1222.375 kW,漢翔航空工業股份有限公司,24SP0871-B026000001~370,5/20/26,2026-01-01~2026-03-31,認可,認可,0 MWh,368.832 MWh
寶島陽光電力事業股份有限公司,雋和四能源有限公司(禾聯碩台南安南一二三期),太陽能,2026,334.577,31.735,臺南市安南區安新二路199、201號,1215.73 kW,寶島陽光電力事業股份有限公司,24SP0979-B026000001~375,5/20/26,2026-01-01~2026-03-31,認可,認可,334.577 MWh,31.735 MWh
怡和綠電超商股份有限公司,晶久-昭輝3期,太陽能,2026,353.584,0,彰化縣鹿港鎮興業路8號,1209.6 kW,怡和綠電超商股份有限公司,25SP2521-B026000001~356,5/20/26,2026-01-01~2026-03-31,認可,認可,353.584 MWh,0 MWh
寶島陽光電力事業股份有限公司,玉衡能源股份有限公司(和興公墓轉型標案),太陽能,2026,375.694,0,屏東縣屏東市和興段777-2、778、779地號,1207.2 kW,寶島陽光電力事業股份有限公司,24SP1026-B026000001~378,5/20/26,2026-01-01~2026-03-31,認可,認可,375.694 MWh,0 MWh
台塑石化股份有限公司,保養中心-K9111,太陽能,2026,0,337.04,雲林縣麥寮鄉台塑工業園區15號,1205.82 kW,台塑石化股份有限公司,25SP1060-B026000001~338,5/20/26,2026-01-01~2026-03-31,認可,認可,0 MWh,337.04 MWh
長榮航太科技股份有限公司,屋頂型太陽光電發電系統-第二號飛機維修棚,太陽能,2026,0,271.92,桃園市大園區航站南路6號,1204.91 kW,長榮航太科技股份有限公司,25SP0875-B026000001~273,5/20/26,2026-01-01~2026-03-31,認可,認可,0 MWh,271.92 MWh
陽光伏特家電力股份有限公司,新光彰化35、36、37、38、51廠,太陽能,2026,336.316,0,彰化縣芳苑鄉上林路頂廍段338巷建455號,1190.8 kW,陽光伏特家電力股份有限公司,23SP0373-B026000001~339,5/20/26,2026-01-01~2026-03-31,認可,認可,336.316 MWh,0 MWh
中華紙漿股份有限公司台東廠,中華紙漿股份有限公司台東廠,太陽能,2026,0,270.08,臺東縣臺東市中興路4段371號,1187.94 kW,中華紙漿股份有限公司台東廠,23SP0335-B026000001~272,5/20/26,2026-01-01~2026-03-31,認可,認可,0 MWh,270.08 MWh
宇軒電業股份有限公司,六堆停車場、增設,太陽能,2026,96.977,0,屏東縣內埔鄉建興段851-16、851-17、851-19、851-20、852-5、852-7地號,1186.27 kW,宇軒電業股份有限公司,25SP1999-B026000083~179,4/15/26,2026-02-01~2026-02-28,認可,認可,96.977 MWh,0 MWh
陽光伏特家電力股份有限公司,新智嘉義1廠,太陽能,2026,297.464,0,嘉義縣番路鄉新福村1鄰五虎寮9號,1185.375 kW,陽光伏特家電力股份有限公司,24SP2412-B026000001~299,5/20/26,2026-01-01~2026-03-31,認可,認可,297.464 MWh,0 MWh
南亞塑膠工業股份有限公司,嘉義廠區-一廠硬管二期,太陽能,2026,0,309.489,嘉義縣太保市北港路二段201號,1184.9 kW,南亞塑膠工業股份有限公司,24SP0427-B026000001~311,5/20/26,2026-01-01~2026-03-31,認可,認可,0 MWh,309.489 MWh
映暉能源有限公司,映暉能源第7-1期太陽光電發電廠,太陽能,2026,375.659,0,雲林縣口湖鄉安南段77、80、102、103、104、120、121、124、126地段,1184.4 kW,映暉能源有限公司,22SP0069-B026000001~378,5/20/26,2026-01-01~2026-03-31,認可,認可,375.659 MWh,0 MWh
豐興鋼鐵股份有限公司,國威,太陽能,2026,0,313.831,臺中市后里區七星街36號,1182.89 kW,豐興鋼鐵股份有限公司,23SP0330-B026000001~316,5/20/26,2026-01-01~2026-03-31,認可,認可,0 MWh,313.831 MWh
日集綠能股份有限公司,日集洛陽段太陽光電發電廠,太陽能,2026,1.726,389.493,屏東縣鹽埔鄉洛陽段1028、1029、1051、1051、1052、1053地號,1180.48 kW,日集綠能股份有限公司,23SP0117-B026000004~404,5/20/26,2026-01-01~2026-03-31,認可,認可,1.726 MWh,389.493 MWh
莊松榮製藥廠股份有限公司,莊松榮製藥廠股份有限公司,太陽能,2026,0,326.709,屏東縣里港鄉三和路119-51、119-53、119-61、119-63、119-65、119-49號,1179.16 kW,莊松榮製藥廠股份有限公司,23SP0358-B026000001~329,5/20/26,2026-01-01~2026-03-31,認可,認可,0 MWh,326.709 MWh
南亞塑膠工業股份有限公司,嘉義廠區-丙棟,太陽能,2026,0,267.486,嘉義縣太保市北港路二段201號,1171.78 kW,南亞塑膠工業股份有限公司,23SP0259-B026000001~268,5/20/26,2026-01-01~2026-03-31,認可,認可,0 MWh,267.486 MWh
台灣中油股份有限公司,林園石化廠,太陽能,2026,0,537.014,,,,,,,,,,
台塑勝高科技股份有限公司,EFG棟(五期),太陽能,2026,0,369.473,,,,,,,,,,
怡和綠電超商股份有限公司,欣雄-佳里國中一(停車場)、二(風雨球場)、三期(屋頂),太陽能,2026,206.244,153.331,高雄市林園區石化二路3號,1171.625 kW,台灣中油股份有限公司,21SP0034-B026000001~538,5/20/26,2025-10-31~2026-03-31,認可,認可,0 MWh,537.014 MWh
怡和綠電超商股份有限公司,和田-嘉義思伶,太陽能,2026,74.902,0,嘉義縣大林鎮大埔美園區三路52號,1159.2 kW,怡和綠電超商股份有限公司,25SP0669-B026000078~152,4/1/26,2026-02-01~2026-02-28,認可,認可,74.902 MWh,0 MWh
群創光電股份有限公司,群創光電FAB7廠 三型,太陽能,2026,0,312.447,臺南市新市區環西路一段3號,1159.095 kW,群創光電股份有限公司,25SP1037-B026000001~314,5/20/26,2026-01-01~2026-03-31,認可,認可,0 MWh,312.447 MWh
陽光伏特家電力股份有限公司,益佳桃園1廠,太陽能,2026,239.142,0,桃園市大園區航科路161之1號,1158.72 kW,陽光伏特家電力股份有限公司,25SP0806-B026000001~242,5/20/26,2026-01-01~2026-03-31,認可,認可,239.142 MWh,0 MWh
星星電力股份有限公司,德杉光電-A區,太陽能,2026,108.759,0,雲林縣虎尾鎮過溪子段3274、3281地號 、惠來厝段1378、1378-1地號,1157.7 kW,星星電力股份有限公司,25SP0214-B026000001~163,3/18/26,2026-01-01~2026-01-31,認可,認可,108.759 MWh,0 MWh
大自然能源電業股份有限公司,NP111047C006(樹德科大),太陽能,2026,344.572,0,高雄市燕巢區橫山路59號,1156.32 kW,大自然能源電業股份有限公司,25SP3281-B026000001~346,5/20/26,2026-01-01~2026-03-31,認可,認可,344.572 MWh,0 MWh
群創光電股份有限公司,群創光電FAB C廠,太陽能,2026,0,353.817,臺南市善化區南科八路12號,1155.25 kW,群創光電股份有限公司,24SP0381-B026000001~355,5/20/26,2026-01-01~2026-03-31,認可,認可,0 MWh,353.817 MWh
大自然能源電業股份有限公司,NP101054C002瓦度(友俊一、二期),太陽能,2026,223.759,155.998,臺南市仁德區二仁路一段315巷273號,1153.8 kW,大自然能源電業股份有限公司,25SP0191-B026000001~381,5/20/26,2026-01-01~2026-03-31,認可,認可,223.759 MWh,155.998 MWh
怡和綠電超商股份有限公司,踴隆企業-會結二路326巷37號,太陽能,2026,340.828,0,高雄市大寮區會結二路326巷37號,1150.64 kW,怡和綠電超商股份有限公司,25SP3687-B026000001~346,5/20/26,2026-01-01~2026-03-31,認可,認可,340.828 MWh,0 MWh
天能綠電股份有限公司,台南易昇屋頂型太陽光電案場,太陽能,2026,229.06,0,臺南市永康區經中路11號,1150.1 kW,天能綠電股份有限公司,23SP0095-B026000001~233,5/20/26,2026-01-01~2026-03-31,認可,認可,229.06 MWh,0 MWh
天能綠電股份有限公司,光旭盈蕭川和一二三期屋頂型太陽光電案場,太陽能,2026,265.246,56.485,臺南市白河區馬稠後里草店86之18號(白河區草店段1175-0000、1176-0000，1177-0000地號),1141.14 kW,天能綠電股份有限公司,25SP3050-B026000001~330,5/20/26,2026-01-01~2026-03-31,認可,認可,265.246 MWh,56.485 MWh
天能綠電股份有限公司,勝隆纖維二期(1)-彰化縣和美鎮屋頂型太陽光電案場,太陽能,2026,211.615,0,彰化縣和美鎮和港路646號,1134 kW,天能綠電股份有限公司,25SP1428-B026000001~212,4/1/26,2026-01-01~2026-02-28,認可,認可,211.615 MWh,0 MWh
大自然能源電業股份有限公司,NP171010C003(卓越-台豐 自立一路),太陽能,2026,320.926,0,南投縣南投市自立一路5號、中華路318之1號,1128.82 kW,大自然能源電業股份有限公司、晨星電力股份有限公司,24SP1810-B026000001~322,5/20/26,2026-01-01~2026-03-31,認可,認可,320.926 MWh,0 MWh
續興股份有限公司,頭份觀音302,太陽能,2026,284.902,0,苗栗縣頭份市觀音段0302-0000、0303-0000、0317-0000地號,1127.68 kW,續興股份有限公司,24SP1044-B026000001~287,5/20/26,2026-01-01~2026-03-31,認可,認可,284.902 MWh,0 MWh
東鋼風力發電股份有限公司,東鋼風力東高太陽能發電廠(第一階段) - K2,太陽能,2026,335.432,0,高雄市小港區嘉興街8號,1127.605 kW,東鋼風力發電股份有限公司,24SP0363-B026000001~339,5/20/26,2026-01-01~2026-03-31,認可,認可,335.432 MWh,0 MWh
開陽電力股份有限公司,玖基企業股份有限公司-永康科加壓站配水池,太陽能,2026,212.237,0,臺南市永康區王行段92地號,1127.16 kW,開陽電力股份有限公司,25SP3284-B026000001~219,4/1/26,2026-01-01~2026-02-28,認可,認可,212.237 MWh,0 MWh
瓦特先生股份有限公司,金山種畜場,太陽能,2026,303.439,0,屏東縣九如鄉耆老村九如路3段611巷33號,1123.69 kW,瓦特先生股份有限公司,25SP0454-B026000001~305,5/20/26,2026-01-01~2026-03-31,認可,認可,303.439 MWh,0 MWh
統正開發股份有限公司,統正開發股份有限公司,太陽能,2026,0,329.181,臺南市永康區中正北路837號,1120.25 kW,統正開發股份有限公司,24SP1643-B026000001~330,5/20/26,2026-01-01~2026-03-31,認可,認可,0 MWh,329.181 MWh
陽光伏特家電力股份有限公司,新光彰化27、28、29廠,太陽能,2026,198.445,0,彰化縣芳苑鄉上林路路上段279巷55弄建245號,1115.4 kW,陽光伏特家電力股份有限公司,23SP0390-B026000001~202,5/20/26,2026-01-01~2026-03-31,認可,認可,198.445 MWh,0 MWh
星星電力股份有限公司,新綠-陳明和一二期,太陽能,2026,307.111,0,南投縣魚池鄉大林村金天巷1之13號,1115.2 kW,星星電力股份有限公司,26SP0005-B026000001~308,5/20/26,2026-01-01~2026-03-31,認可,認可,307.111 MWh,0 MWh
大自然能源電業股份有限公司,NP121047C005(龍泉水1~3期),太陽能,2026,223.307,147.07,屏東縣恆春鎮龍泉水段247-9、247-4、246-3、245-3、245-4地號,1112.8 kW,大自然能源電業股份有限公司,25SP0024-B026000001~372,5/20/26,2026-01-01~2026-03-31,認可,認可,223.307 MWh,147.07 MWh
陽光伏特家電力股份有限公司,宣冠台中1、2、3廠,太陽能,2026,294.151,0,臺中市梧棲區臨港路3段68號,1106.84 kW,陽光伏特家電力股份有限公司,24SP1814-B026000001~295,5/20/26,2026-01-01~2026-03-31,認可,認可,294.151 MWh,0 MWh
長亨精密股份有限公司,長亨精密-永安廠,太陽能,2026,0,334.723,高雄市永安區文興路8號,1103.6 kW,長亨精密股份有限公司,25SP3309-B026000001~336,5/20/26,2026-01-01~2026-03-31,認可,認可,0 MWh,334.723 MWh
星星電力股份有限公司,新綠能源-詹益灶(一&二期),太陽能,2026,161.374,59.275,南投縣埔里鎮枇杷里枇杷路111之3號,1102.9 kW,星星電力股份有限公司,24SP1877-B026000013~371,5/20/26,2026-01-01~2026-03-31,認可,認可,161.374 MWh,59.275 MWh
恆利電能股份有限公司,W-台南鹽水2 (1102.08kw),太陽能,2026,254.237,66.97,臺南市鹽水區水秀段0741-0004地號,1102.08 kW,恆利電能股份有限公司,25SP0215-B026000001~333,5/20/26,2026-01-01~2026-03-31,認可,認可,254.237 MWh,66.97 MWh
台灣菸酒股份有限公司南投酒廠,臺灣菸酒-南投酒廠一期+二期,太陽能,2026,0,210.527,南投縣南投市東山路82號,1101.94 kW,台灣菸酒股份有限公司南投酒廠,25SP1987-B026000001~212,5/20/26,2025-10-02~2026-03-31,認可,認可,0 MWh,210.527 MWh
樺良企業股份有限公司,樺良彰化1廠,太陽能,2026,352.105,0,彰化縣大村鄉學府路88-1號,1099.86 kW,樺良企業股份有限公司,24SP0602-B026000001~355,5/20/26,2026-01-01~2026-03-31,認可,認可,352.105 MWh,0 MWh
崑鼎綠能環保股份有限公司,嘉義布袋港(第三停車場)太陽光電發電廠,太陽能,2026,175.113,142.476,嘉義縣布袋鎮新生段115-5 地號(布袋港專用區第三停車場),1099.56 kW,崑鼎綠能環保股份有限公司,23SP0124-B026000001~320,5/20/26,2026-01-01~2026-03-31,認可,認可,175.113 MWh,142.476 MWh
艾涅爾電力股份有限公司,晶紘-百材企業PV0836,太陽能,2026,156.028,0,高雄市大寮區上發二路21號,1099.34 kW,艾涅爾電力股份有限公司,24SP0226-B026000001~158,4/8/26,2026-01-01~2026-02-28,認可,認可,156.028 MWh,0 MWh
阿波羅電力股份有限公司,安集高雄營區-篤實#4,太陽能,2026,214.734,151.139,高雄市左營區介壽路16號(篤實1~5庫房、服裝站篤實a庫房、篤實b庫房、廢品庫存區),1098.53 kW,阿波羅電力股份有限公司,25SP3209-B026000001~367,5/20/26,2026-01-01~2026-03-31,認可,認可,214.734 MWh,151.139 MWh
陽光伏特家電力股份有限公司,麗橙台南1、2、3廠,太陽能,2026,365.741,0,臺南市東山區許秀才段0470-0000、0470-0001、0470-0002、0470-0003、0470-0005、0474-0001、0474-0002、0474-0003、0474-0005地號,1098.465 kW,陽光伏特家電力股份有限公司,25SP0229-B026000001~367,5/20/26,2026-01-01~2026-03-31,認可,認可,365.741 MWh,0 MWh
續興股份有限公司,旭愛能源宜蘭廠,太陽能,2026,94.912,0,宜蘭縣五結鄉利工段 0186-0081、0186-0083地號,1098.02 kW,續興股份有限公司,22SP0089-B026000001~97,5/20/26,2026-01-01~2026-03-31,認可,認可,94.912 MWh,0 MWh
中鋼光能股份有限公司,中鴻酸鍍廠,太陽能,2026,305.41,0,高雄市小港區沿海三路24-1號,1096.2 kW,中鋼光能股份有限公司,23SP0032-B026000001~307,5/20/26,2026-01-01~2026-03-31,認可,認可,305.41 MWh,0 MWh
東鋼風力發電股份有限公司,東鋼風力台北港倉庫太陽光電發電廠,太陽能,2026,174.013,0,新北市八里區厦竹圍25之16號,1096.2 kW,東鋼風力發電股份有限公司,24SP0212-B026000001~176,5/20/26,2026-01-01~2026-03-31,認可,認可,174.013 MWh,0 MWh
續興股份有限公司,頭份興埔208,太陽能,2026,262.643,0,苗栗縣頭份市興埔段0208-0000地號,1095.68 kW,續興股份有限公司,24SP0992-B026000001~264,5/20/26,2026-01-01~2026-03-31,認可,認可,262.643 MWh,0 MWh
怡和綠電超商股份有限公司,博達綠能-南投埔里-黃惠佳2-4號場,太陽能,2026,295.239,0,南投縣埔里鎮東潤路18之8號,1092.65 kW,怡和綠電超商股份有限公司,25SP1503-B026000001~296,5/20/26,2026-01-01~2026-03-31,認可,認可,295.239 MWh,0 MWh
星星電力股份有限公司,國碩科技-彰化昌靖本廠,太陽能,2026,300.455,0,"彰化縣鹿港鎮鹿工南二路27號, 上林段174地號.",1092.65 kW,星星電力股份有限公司,25SP3423-B026000002~392,5/20/26,2026-01-01~2026-03-31,認可,認可,300.455 MWh,0 MWh
阿波羅電力股份有限公司,安集高雄營區-厚綵#2,太陽能,2026,201.45,140.56,高雄市左營區介壽路16號(軍車停車場含庫房、快艇庫房),1082.62 kW,阿波羅電力股份有限公司,25SP3166-B026000001~344,5/20/26,2026-01-01~2026-03-31,認可,認可,201.45 MWh,140.56 MWh
南亞塑膠工業股份有限公司,嘉義廠區-三廠,太陽能,2026,0,295.134,嘉義縣太保市北港路二段201號,1080.76 kW,南亞塑膠工業股份有限公司,23SP0282-B026000001~297,5/20/26,2026-01-01~2026-03-31,認可,認可,0 MWh,295.134 MWh
東盟開發實業股份有限公司,東盟維修廠、東盟停車場、東盟品管&倉儲,太陽能,2026,0,710.565,臺南市學甲區秀昌里一秀155號,1080.36 kW,東盟開發實業股份有限公司,23SP0240-B026000001~712,5/20/26,2025-10-01~2026-03-31,認可,認可,0 MWh,710.565 MWh
怡和綠電超商股份有限公司,東南水泥-河堤路二段750號,太陽能,2026,235.229,0,高雄市大寮區河堤路二段750號,1080.015 kW,怡和綠電超商股份有限公司,26SP0029-B026000001~239,5/20/26,2026-02-01~2026-03-31,認可,認可,235.229 MWh,0 MWh
晨星電力股份有限公司,元翎氣囊廠1~2期(111年),太陽能,2026,327.901,0,雲林縣虎尾鎮科虎三路18號,1079.5 kW,晨星電力股份有限公司,24SP2077-B026000001~329,5/20/26,2026-01-01~2026-03-31,認可,認可,327.901 MWh,0 MWh
續興股份有限公司,義竹張林素梅豬舍,太陽能,2026,302.347,0,嘉義縣義竹鄉岸腳村15鄰角帶圍1號之3,1078.025 kW,續興股份有限公司,24SP0971-B026000001~303,5/20/26,2026-01-01~2026-03-31,認可,認可,302.347 MWh,0 MWh
台灣玻璃工業股份有限公司,台灣玻璃工業股份有限公司鹿港廠 TF4棟,太陽能,2026,0,335.136,彰化縣鹿港鎮彰濱工業區鹿工路11號,1074.4 kW,台灣玻璃工業股份有限公司,24SP0192-B026000001~336,5/20/26,2026-01-01~2026-03-31,認可,認可,0 MWh,335.136 MWh
怡和綠電超商股份有限公司,戎居-G12,太陽能,2026,299.095,0,臺南市麻豆區北勢寮段1446、1447、1448、1449、1450地號,1072.335 kW,怡和綠電超商股份有限公司,25SP1198-B026000001~300,5/20/26,2026-01-01~2026-03-31,認可,認可,299.095 MWh,0 MWh
艾涅爾電力股份有限公司,承品綠能-繼茂,太陽能,2026,136.275,0,彰化縣鹿港鎮工業東四路8號,1067.84 kW,艾涅爾電力股份有限公司,24SP1157-B026000001~137,4/8/26,2026-01-01~2026-02-28,認可,認可,136.275 MWh,0 MWh
富威電力股份有限公司,聰明的家太陽光電發電廠,太陽能,2026,102.093,0,嘉義縣大林鎮大埔美園區十二路18號,1063.36 kW,富威電力股份有限公司,25SP0982-B026000086~193,4/1/26,2026-01-01~2026-02-28,認可,認可,102.093 MWh,0 MWh
台灣碳資產電業股份有限公司,福東段477地號(一) (二) (三),太陽能,2026,126.599,0,苗栗縣公館鄉公館鄉福東段477號,1062 kW,台灣碳資產電業股份有限公司,25SP0686-B026000001~147,5/20/26,2026-01-01~2026-03-31,認可,認可,126.599 MWh,0 MWh
怡和綠電超商股份有限公司,嘉創-鼎立金屬包裝 2,太陽能,2026,249.744,0,新竹縣新豐鄉建興路二段372號,1061.9 kW,怡和綠電超商股份有限公司,25SP3988-B026000002~253,5/20/26,2026-01-01~2026-03-31,認可,認可,249.744 MWh,0 MWh
南方電力股份有限公司,台灣格瑞特工業太陽光電發電廠,太陽能,2026,160.924,0,屏東縣屏東市大溪路327之1號,1061.775 kW,南方電力股份有限公司,25SP2251-B026000002~240,4/1/26,2026-01-01~2026-02-28,認可,認可,160.924 MWh,0 MWh
瓦特先生股份有限公司,矽品精密【二林廠】,太陽能,2026,353.717,0,彰化縣二林鎮中科二林大道2段177、179、189號(彰化縣二林鎮二林中科段0358-0001地號),1060.26 kW,瓦特先生股份有限公司,25SP0132-B026000001~355,5/20/26,2026-01-01~2026-03-31,認可,認可,353.717 MWh,0 MWh
怡和綠電超商股份有限公司,存量能源-造橋淡湖段,太陽能,2026,0,270.281,苗栗縣造橋鄉文湖段151、152、153、153-1、154、154-1、154-2、154-3、803-2、803-10、803-11、803-12、803-13地號,1048.5 kW,怡和綠電超商股份有限公司,25SP4493-B026000001~279,5/20/26,2026-01-01~2026-03-31,認可,認可,0 MWh,270.281 MWh
長春石油化學股份有限公司苗栗廠,煤炭倉庫,太陽能,2026,0,254.91,苗栗縣苗栗市福星246號,1045.5 kW,長春石油化學股份有限公司苗栗廠,24SP0841-B026000001~256,5/20/26,2026-01-01~2026-03-31,認可,認可,0 MWh,254.91 MWh
日集綠能股份有限公司,日集隆安段太陽光電發電廠,太陽能,2026,1.661,371.749,屏東縣枋寮鄉隆安段625、626、627地號,1043.46 kW,日集綠能股份有限公司,23SP0119-B026000004~385,5/20/26,2026-01-01~2026-03-31,認可,認可,1.661 MWh,371.749 MWh
寶富電力股份有限公司,林邊五小福-1-寶財-復興段279、280地號,太陽能,2026,393.048,0,屏東縣林邊鄉復興段279號、280號,1042.8 kW,寶富電力股份有限公司,25SP0483-B026000016~415,5/20/26,2026-01-01~2026-03-31,認可,認可,393.048 MWh,0 MWh
瓦特先生股份有限公司,北科附工一期,太陽能,2026,25.769,87.18,桃園市桃園區萬壽路三段136、80號，成功路二段144號,1039.04 kW,瓦特先生股份有限公司,23SP0303-B026000001~147,5/20/26,2026-01-01~2026-03-31,認可,認可,25.769 MWh,87.18 MWh
廣源造紙股份有限公司,廣源造紙股份有限公司,太陽能,2026,0,305.471,臺中市大甲區幼獅路81之1號,1032.38 kW,廣源造紙股份有限公司,25SP0157-B026000001~307,5/20/26,2026-01-01~2026-03-31,認可,認可,0 MWh,305.471 MWh
南亞塑膠工業股份有限公司,嘉義廠區-二廠,太陽能,2026,0,248.406,嘉義縣太保市北港路二段201號,1031.56 kW,南亞塑膠工業股份有限公司,24SP0389-B026000001~250,5/20/26,2026-01-01~2026-03-31,認可,認可,0 MWh,248.406 MWh
瓦特先生股份有限公司,臺南市立安南醫院停車場,太陽能,2026,311.274,0,臺南市安南區和農段925地號,1030.03 kW,瓦特先生股份有限公司,25SP0398-B026000001~313,5/20/26,2026-01-01~2026-03-31,認可,認可,311.274 MWh,0 MWh
星星電力股份有限公司,廣泰台中龍井,太陽能,2026,300.041,0,臺中市龍井區台西南路212號,1027.52 kW,星星電力股份有限公司,25SP3416-B026000001~302,5/20/26,2026-01-01~2026-03-31,認可,認可,300.041 MWh,0 MWh
艾涅爾電力股份有限公司,普曌-僑隆興PV0168,太陽能,2026,186.568,0,臺中市清水區和睦路1段1000巷99號,1027.05 kW,艾涅爾電力股份有限公司,24SP1263-B026000001~187,4/8/26,2026-01-01~2026-02-28,認可,認可,186.568 MWh,0 MWh
阿波羅電力股份有限公司,力麗染二廠,太陽能,2026,130.31,87.561,桃園市楊梅區新榮路339號,1025.64 kW,阿波羅電力股份有限公司,25SP3188-B026000001~220,5/20/26,2026-01-01~2026-03-31,認可,認可,130.31 MWh,87.561 MWh
開陽電力股份有限公司,環台光電-彰化鹿港緞帶王,太陽能,2026,175.768,0,彰化縣鹿港鎮鹿工路15號,1024.38 kW,開陽電力股份有限公司,25SP1181-B026000001~177,4/1/26,2026-01-01~2026-02-28,認可,認可,175.768 MWh,0 MWh
英特盛科技股份有限公司,廠區二1021.44KW,太陽能,2026,0,321.204,臺中市后里區后科南路二號,1021.44 kW,英特盛科技股份有限公司,24SP0737-B026000001~323,5/20/26,2026-01-01~2026-03-31,認可,認可,0 MWh,321.204 MWh
中曜股份有限公司,中晏 86 號,太陽能,2026,20.214,0,屏東縣鹽埔鄉新德段1091、1093地號,1020.8 kW,中曜股份有限公司,24SP0628-B026000001~21,5/13/26,2026-01-01~2026-02-28,認可,認可,20.214 MWh,0 MWh
續興股份有限公司,頭份興埔091,太陽能,2026,243.04,0,苗栗縣頭份市興埔段0091-0000、0126-0000地號,1020 kW,續興股份有限公司,24SP1060-B026000001~245,5/20/26,2026-01-01~2026-03-31,認可,認可,243.04 MWh,0 MWh
南方電力股份有限公司,十源加祿段太陽光電發電廠,太陽能,2026,161.941,0,屏東縣枋山鄉加祿段0772-0000、0802-0000、0803-0000地號,1016.025 kW,南方電力股份有限公司,25SP0282-B026000002~244,5/20/26,2026-01-01~2026-03-31,認可,認可,161.941 MWh,0 MWh
怡和綠電超商股份有限公司,戎居-G4,太陽能,2026,283.482,0,臺南市官田區官田段219-11地號,1015.72 kW,怡和綠電超商股份有限公司,25SP0951-B026000001~285,5/20/26,2026-01-01~2026-03-31,認可,認可,283.482 MWh,0 MWh
富威電力股份有限公司,馬特蘭山太陽光電發電廠,太陽能,2026,120.663,0,"臺南市山上區豐德段0623-0000, 0624-0000, 0625-0000地號",1014.99 kW,富威電力股份有限公司,24SP1845-B026000106~236,4/1/26,2026-01-01~2026-02-28,認可,認可,120.663 MWh,0 MWh
義美食品股份有限公司,義美食品股份有限公司南崁廠,太陽能,2026,0,187.56,桃園市蘆竹區南工路一段11號,1014.375 kW,義美食品股份有限公司,24SP0683-B026000001~189,5/20/26,2026-01-01~2026-03-31,認可,認可,0 MWh,187.56 MWh
怡和綠電超商股份有限公司,磐石能源股份有限公司,太陽能,2026,155.841,0,臺南市關廟區深坑子段0019-0000、0020-0000、1034-0000、1035-0000地號,1011.685 kW,怡和綠電超商股份有限公司,24SP1368-B026000001~167,5/20/26,2026-01-01~2026-03-31,認可,認可,155.841 MWh,0 MWh
富威電力股份有限公司,新暐科技-屏東里港太陽光電發電廠,太陽能,2026,235.741,0,屏東縣里港鄉載興段957、958、997、998、999地號,1009.71 kW,富威電力股份有限公司,25SP3492-B026000001~242,5/20/26,2026-02-01~2026-03-31,認可,認可,235.741 MWh,0 MWh
續興股份有限公司,芳苑新生,太陽能,2026,347.446,0,彰化縣芳苑鄉崙腳段0659-0000、0661-0000、0662-0000、0663-0000、0665-0000、0707-0000、0710-0000地號,1000 kW,續興股份有限公司,24SP0887-B026000001~349,5/20/26,2026-01-01~2026-03-31,認可,認可,347.446 MWh,0 MWh
阿波羅電力股份有限公司,泓錠苗栗公部門九期案,太陽能,2026,231.683,0,苗栗縣頭份市大化段957、958、990、991、993、996、997地號,999.99 kW,阿波羅電力股份有限公司,25SP0370-B026000001~233,5/20/26,2026-01-01~2026-03-31,認可,認可,231.683 MWh,0 MWh
大自然能源電業股份有限公司,NP081021C005(統益-永靖清潔隊),太陽能,2026,326.594,0,彰化縣永靖鄉港新段0047-0000、0048-0000、0049-0000、0050-0000地號,999.95 kW,大自然能源電業股份有限公司、晨星電力股份有限公司,24SP1772-B026000001~329,5/20/26,2026-01-01~2026-03-31,認可,認可,326.594 MWh,0 MWh
怡和綠電超商股份有限公司,博達綠能工業有限公司-陳順義(陳敬修),太陽能,2026,282.296,0,南投縣埔里鎮中正路58之8號,999.9 kW,怡和綠電超商股份有限公司,25SP1179-B026000001~285,5/20/26,2026-01-01~2026-03-31,認可,認可,282.296 MWh,0 MWh
阿波羅電力股份有限公司,力寳龍F棟一期,太陽能,2026,176.319,114.044,彰化縣芳苑鄉工區七路16號,999.9 kW,阿波羅電力股份有限公司,25SP3704-B026000001~292,5/20/26,2026-01-01~2026-03-31,認可,認可,176.319 MWh,114.044 MWh
台灣碳資產電業股份有限公司,存量能源-台中壯佳果電廠,太陽能,2026,290.171,0,臺中市大甲區幼九路6號,999.9 kW,台灣碳資產電業股份有限公司,23SP0028-B026000001~292,5/20/26,2026-01-01~2026-03-31,認可,認可,290.171 MWh,0 MWh
阿波羅電力股份有限公司,力寳龍J棟三期,太陽能,2026,157.492,114.897,彰化縣芳苑鄉工區九路6號,999.9 kW,阿波羅電力股份有限公司,25SP3991-B026000001~273,5/20/26,2026-01-01~2026-03-31,認可,認可,157.492 MWh,114.897 MWh
阿波羅電力股份有限公司,力寳龍F棟二期,太陽能,2026,179.024,114.873,彰化縣芳苑鄉工區七路16號,999.9 kW,阿波羅電力股份有限公司,25SP3993-B026000001~295,5/20/26,2026-01-01~2026-03-31,認可,認可,179.024 MWh,114.873 MWh
怡和綠電超商股份有限公司,怡和國際能源-森鉅柳科一期、二期ABC棟,太陽能,2026,87.29,0,臺南市柳營區大農里環園東路1段2號,999.79 kW,怡和綠電超商股份有限公司,25SP2679-B026000080~167,4/1/26,2026-02-01~2026-02-28,認可,認可,87.29 MWh,0 MWh
大同智能股份有限公司,台中市屋頂型太陽光電系統-引春物流倉儲股份有限公司二廠,太陽能,2026,305.674,0,臺中市梧棲區台中市梧棲區中港加工出口區緯五路１號,999.75 kW,大同智能股份有限公司,24SP1560-B026000001~307,5/20/26,2026-01-01~2026-03-31,認可,認可,305.674 MWh,0 MWh
星星電力股份有限公司,琉璃光_崁682,太陽能,2026,32.857,0,臺南市白河區臺南市白河區崁子頭段682; 684-6、684-7、690-1、692地號,999.6 kW,星星電力股份有限公司,24SP0078-B026000001~40,5/20/26,2026-01-01~2026-03-31,認可,認可,32.857 MWh,0 MWh
天能綠電股份有限公司,高雄三爺埤池999.6kWp水面型太陽光電案場,太陽能,2026,240.809,0,高雄市路竹區三爺段725地號,999.6 kW,天能綠電股份有限公司,22SP0105-B026000002~293,5/20/26,2026-01-01~2026-03-31,認可,認可,240.809 MWh,0 MWh
天能綠電股份有限公司,凱格_雲林元長屋頂型太陽光電案場,太陽能,2026,190.672,116.876,雲林縣元長鄉山內村古松29號,999.6 kW,天能綠電股份有限公司,25SP2796-B026000001~309,5/20/26,2026-01-01~2026-03-31,認可,認可,190.672 MWh,116.876 MWh
大自然能源電業股份有限公司,NP191073C001東庄段0224地號,太陽能,2026,170.344,75.834,雲林縣元長鄉東庄段0224-0000地號,999.6 kW,大自然能源電業股份有限公司,25SP1257-B026000001~256,5/20/26,2026-01-01~2026-03-31,認可,認可,170.344 MWh,75.834 MWh
晨星電力股份有限公司,(亞沃)台中看守所1、2期,太陽能,2026,334.582,0,臺中市南屯區培德路11號,999.6 kW,晨星電力股份有限公司,25SP3311-B026000001~335,5/20/26,2026-01-01~2026-03-31,認可,認可,334.582 MWh,0 MWh
晨星電力股份有限公司,(智慧昀)灣瓦436-2,太陽能,2026,26.57,242.175,苗栗縣後龍鎮灣瓦段436-2、436-5、439-3地號,999.58 kW,晨星電力股份有限公司,25SP4400-B026000001~281,5/20/26,2026-01-01~2026-03-31,認可,認可,26.57 MWh,242.175 MWh
怡和綠電超商股份有限公司,大泳能源-高雄-湖內區圍子內段,太陽能,2026,321.629,0,高雄市湖內區湖中路457巷27號(高雄市湖內區圍子內段3094-0000、3095-0000、3096-0000、3097-0000地號),999.58 kW,怡和綠電超商股份有限公司,25SP3570-B026000001~327,5/20/26,2026-01-01~2026-03-31,認可,認可,321.629 MWh,0 MWh
富威電力股份有限公司,聚眾-和美嘉慶太陽光電發電廠,太陽能,2026,202.362,74.084,彰化縣和美鎮家慶段504-1、565、565-5地號,999.54 kW,富威電力股份有限公司,25SP1126-B026000078~532,5/20/26,2026-01-01~2026-03-31,認可,認可,202.362 MWh,74.084 MWh
怡和綠電超商股份有限公司,遠勁綠能-明碁材料一、二期,太陽能,2026,194.104,82.896,雲林縣斗六市科工七路29號,999.54 kW,怡和綠電超商股份有限公司,25SP2891-B026000001~286,5/20/26,2026-01-01~2026-03-31,認可,認可,194.104 MWh,82.896 MWh
天能綠電股份有限公司,高雄三爺埤池999.54kWp水面型太陽光電案場,太陽能,2026,310.358,0,高雄市路竹區三爺段578地號,999.54 kW,天能綠電股份有限公司,23SP0242-B026000001~312,5/20/26,2026-01-01~2026-03-31,認可,認可,310.358 MWh,0 MWh
富威電力股份有限公司,新埔太陽光電發電廠,太陽能,2026,202.764,82.589,臺南市七股區七股段656、656-4、657-2、658、659-21、659-26、659-29地號及 三股子段87-4地號,999.495 kW,富威電力股份有限公司,24SP0718-B026000078~541,5/20/26,2026-01-01~2026-03-31,認可,認可,202.764 MWh,82.589 MWh
續興股份有限公司,達豐鐵材行,太陽能,2026,289.232,0,彰化縣伸港鄉工西二路6號,999.485 kW,續興股份有限公司,25SP1458-B026000001~291,5/20/26,2026-01-01~2026-03-31,認可,認可,289.232 MWh,0 MWh
晨星電力股份有限公司,(亞沃)雲林監獄1、2,太陽能,2026,335.461,0,雲林縣虎尾鎮仁愛新村1號,999.46 kW,晨星電力股份有限公司,25SP2927-B026000001~337,5/20/26,2026-01-01~2026-03-31,認可,認可,335.461 MWh,0 MWh
晨星電力股份有限公司,(亞沃)元山台南1.2,太陽能,2026,305.859,0,臺南市官田區官田里官田421號,999.44 kW,晨星電力股份有限公司,25SP1776-B026000001~308,5/20/26,2026-01-01~2026-03-31,認可,認可,305.859 MWh,0 MWh
大自然能源電業股份有限公司,NP081008C004錦軒能源(益碁橡膠),太陽能,2026,230.667,0,彰化縣二水鄉南通路一段20巷51號,999.44 kW,大自然能源電業股份有限公司,24SP0451-B026000002~233,5/20/26,2026-01-01~2026-03-31,認可,認可,230.667 MWh,0 MWh
續興股份有限公司,新太原,太陽能,2026,264.498,0,彰化縣線西鄉彰濱西四路25號,999.44 kW,續興股份有限公司,25SP2350-B026000001~267,5/20/26,2026-01-01~2026-03-31,認可,認可,264.498 MWh,0 MWh
天能綠電股份有限公司,全家02台中冷鏈及常恆溫棟-台中市大肚區屋頂型太陽能光電案場,太陽能,2026,173.668,0,臺中市大肚區沙田路3段245巷62號、萬興路60號,999.325 kW,天能綠電股份有限公司,24SP2211-B026000006~179,4/1/26,2026-01-01~2026-02-28,認可,認可,173.668 MWh,0 MWh
怡和綠電超商股份有限公司,創勁綠能-南科康寧一、二期,太陽能,2026,309.269,0,臺南市善化區環東路二段33號,999.24 kW,怡和綠電超商股份有限公司,26SP0045-B026000001~315,5/20/26,2026-01-01~2026-03-31,認可,認可,309.269 MWh,0 MWh
宇軒電業股份有限公司,南海段251地號(一二期),太陽能,2026,99.575,0,臺南市後壁區南海段251、251-1、251-2、251-3地號,999.24 kW,宇軒電業股份有限公司,25SP1335-B026000098~197,4/15/26,2026-02-01~2026-02-28,認可,認可,99.575 MWh,0 MWh
天能綠電股份有限公司,光旭盈-久皇機械鹿港屋頂型太陽光電案場,太陽能,2026,146.303,139.631,彰化縣鹿港鎮上林段0115-0000地號,999.18 kW,天能綠電股份有限公司,25SP3805-B026000001~291,5/20/26,2026-01-01~2026-03-31,認可,認可,146.303 MWh,139.631 MWh
艾涅爾電力股份有限公司,優品-一原金屬PV0379,太陽能,2026,176.27,0,彰化縣鹿港鎮鹿工北路一段11號,999.18 kW,艾涅爾電力股份有限公司,24SP2330-B026000001~177,4/8/26,2026-01-01~2026-02-28,認可,認可,176.27 MWh,0 MWh
豐興鋼鐵股份有限公司,軋三廠,太陽能,2026,0,212.28,臺中市后里區甲后路一段998號,999 kW,豐興鋼鐵股份有限公司,23SP0343-B026000001~214,5/20/26,2026-01-01~2026-03-31,認可,認可,0 MWh,212.28 MWh
康展電力股份有限公司,冠越科技工程_亞航仁德廠,太陽能,2026,323.588,0,臺南市仁德區機場路1050號,999 kW,康展電力股份有限公司,25SP2858-B026000001~332,5/20/26,2026-01-01~2026-03-31,認可,認可,323.588 MWh,0 MWh
宇軒電業股份有限公司,麗湖段779地號一、二期,太陽能,2026,171.315,113.316,"臺南市北門區麗湖段779,780,782地號",999 kW,宇軒電業股份有限公司,25SP2021-B026000001~286,5/20/26,2026-01-01~2026-03-31,認可,認可,171.315 MWh,113.316 MWh
國泰人壽保險股份有限公司,置地生活廣場八德,太陽能,2026,0,147.076,桃園市八德區八德區介壽路一段728號,998.76 kW,國泰人壽保險股份有限公司,24SP1916-B026000001~148,4/1/26,2026-01-01~2026-02-28,認可,認可,0 MWh,147.076 MWh
天能綠電股份有限公司,承躍科技-惠來厝段1887、1887-1、1887-2、1889地號(虎尾AB區),太陽能,2026,194.051,0,雲林縣虎尾鎮惠來厝段1887、1887-1、1887-2、1889地號,998.4 kW,天能綠電股份有限公司,24SP2358-B026000005~199,4/1/26,2026-01-01~2026-02-28,認可,認可,194.051 MWh,0 MWh
恆利電能股份有限公司,CYA-沙崙2 (997.92kw),太陽能,2026,306.928,48.551,臺南市歸仁區沙崙段1179、1179-4地號,997.92 kW,恆利電能股份有限公司,25SP0071-B026000001~361,5/20/26,2026-01-01~2026-03-31,認可,認可,306.928 MWh,48.551 MWh
中鋼光能股份有限公司,中龍扁鋼胚儲區,太陽能,2026,234.654,0,臺中市龍井區龍昌路100號,997.92 kW,中鋼光能股份有限公司,23SP0090-B026000001~236,5/20/26,2026-01-01~2026-03-31,認可,認可,234.654 MWh,0 MWh
恆利電能股份有限公司,W-台南七股1 (997.56kw),太陽能,2026,333.439,28.967,臺南市七股區新篤加段224、227地號,997.56 kW,恆利電能股份有限公司,25SP1658-B026000001~368,5/20/26,2026-01-01~2026-03-31,認可,認可,333.439 MWh,28.967 MWh
大自然能源電業股份有限公司,NP121013C001(洪偉-漢晶),太陽能,2026,19.945,0,"屏東縣佳冬鄉塭仔段420,423,424,463地號",997.12 kW,大自然能源電業股份有限公司,24SP1005-B026000004~27,4/1/26,2026-01-01~2026-02-28,認可,認可,19.945 MWh,0 MWh
宇軒電業股份有限公司,高樹泰山1、2期,太陽能,2026,98.672,0,屏東縣高樹鄉泰山段1173、1174、1175地號,996.48 kW,宇軒電業股份有限公司,25SP2009-B026000089~187,4/15/26,2026-02-01~2026-02-28,認可,認可,98.672 MWh,0 MWh
星星電力股份有限公司,國碩利高 - 楊文國,太陽能,2026,89.433,0,"屏東縣內埔鄉早角段0454-0000,0454-0005, 0454 0008, 0454 0012地號.",996.03 kW,星星電力股份有限公司,24SP2332-B026000001~112,3/18/26,2026-01-01~2026-01-31,認可,認可,89.433 MWh,0 MWh
怡和綠電超商股份有限公司,晶久綠能(王董)-彰南電池,太陽能,2026,288.23,0,彰化縣鹿港鎮工南三路27號,996 kW,怡和綠電超商股份有限公司,25SP0792-B026000001~289,5/20/26,2026-01-01~2026-03-31,認可,認可,288.23 MWh,0 MWh
中鋼光能股份有限公司,中鋼#20成品倉庫,太陽能,2026,261.491,0,高雄市小港區中鋼路1號及嘉興街2號,995.52 kW,中鋼光能股份有限公司,22SP0148-B026000001~263,5/20/26,2026-01-01~2026-03-31,認可,認可,261.491 MWh,0 MWh
奇異果新能源股份有限公司,彰化溪州廣一12-6太陽光電發電廠,太陽能,2026,271.82,0,彰化縣溪州鄉廣一巷建12之6號,994.68 kW,奇異果新能源股份有限公司,25SP0948-B026000005~270,5/20/26,2026-01-01~2026-03-31,認可,認可,271.82 MWh,0 MWh
天能綠電股份有限公司,高雄大寮地面型太陽光電案場,太陽能,2026,269.454,0,高雄市大寮區赤崁段6113、6114、6114-1、6161、6162、6163、6163-1、6164-1、6137-4地號,994.56 kW,天能綠電股份有限公司,23SP0085-B026000001~272,5/20/26,2026-01-01~2026-03-31,認可,認可,269.454 MWh,0 MWh
寶島陽光電力事業股份有限公司,昌瑞能源有限公司(張林素梅一二),太陽能,2026,175.676,103.199,嘉義縣義竹鄉岸腳村角帶圍1號之3,993.665 kW,寶島陽光電力事業股份有限公司,24SP2191-B026000001~285,5/20/26,2026-01-01~2026-03-31,認可,認可,175.676 MWh,103.199 MWh
怡和綠電超商股份有限公司,克林-昭輝實業,太陽能,2026,261.809,0,彰化縣鹿港鎮興業路8號,991.9 kW,怡和綠電超商股份有限公司,25SP2466-B026000001~263,5/20/26,2026-01-01~2026-03-31,認可,認可,261.809 MWh,0 MWh
天能綠電股份有限公司,宏陽-嘉義縣民雄鄉北斗村覆鼎金56號（民雄雞舍）,太陽能,2026,169.595,0,嘉義縣民雄鄉北斗村覆鼎金56號,991.36 kW,天能綠電股份有限公司,24SP1652-B026000002~171,4/1/26,2026-01-01~2026-02-28,認可,認可,169.595 MWh,0 MWh
中鋼光能股份有限公司,中龍中心倉庫,太陽能,2026,151.199,0,臺中市龍井區龍昌路100號,991.2 kW,中鋼光能股份有限公司,23SP0091-B026000001~153,5/20/26,2026-01-01~2026-03-31,認可,認可,151.199 MWh,0 MWh
中鋼光能股份有限公司,中鋼成品倉庫#25庫,太陽能,2026,285.591,0,高雄市小港區中鋼路1號,991.2 kW,中鋼光能股份有限公司,22SP0139-B026000001~287,5/20/26,2026-01-01~2026-03-31,認可,認可,285.591 MWh,0 MWh
怡和綠電超商股份有限公司,晶久綠能(王董)-昭輝實業,太陽能,2026,235.563,0,彰化縣鹿港鎮上林段0257-0000、0258-0000、0258-0001、0259-0000地號,990.6 kW,怡和綠電超商股份有限公司,25SP2447-B026000001~237,5/20/26,2026-01-01~2026-03-31,認可,認可,235.563 MWh,0 MWh
曜越綠電股份有限公司,全程興業945,太陽能,2026,306.988,0,臺南市學甲區興業路333號,989.7 kW,曜越綠電股份有限公司,24SP1350-B026000001~309,5/20/26,2026-01-01~2026-03-31,認可,認可,306.988 MWh,0 MWh
陽光伏特家電力股份有限公司,巨光台中1、2廠,太陽能,2026,110.99,0,臺中市梧棲區中南一路2段757號,989.42 kW,陽光伏特家電力股份有限公司,23SP0248-B026000001~130,4/1/26,2026-01-01~2026-02-28,認可,認可,110.99 MWh,0 MWh
大同智能股份有限公司,台南市屋頂型太陽光電系統-佳里榮譽國民之家,太陽能,2026,321.997,0,臺南市七股區三股里三股147號,989.34 kW,大同智能股份有限公司,24SP0215-B026000001~324,5/20/26,2026-01-01~2026-03-31,認可,認可,321.997 MWh,0 MWh
星星電力股份有限公司,駿鑫-公雞叫-學甲一期988kW,太陽能,2026,284.707,0,臺南市學甲區宅子港段0165-0551、0165-0552地號,988 kW,星星電力股份有限公司,25SP2988-B026000001~339,5/20/26,2026-01-01~2026-03-31,認可,認可,284.707 MWh,0 MWh
怡和綠電超商股份有限公司,戎居-G13,太陽能,2026,253.508,0,臺南市下營區下營段1646、1647、1648地號,987.66 kW,怡和綠電超商股份有限公司,25SP0955-B026000001~255,5/20/26,2026-01-01~2026-03-31,認可,認可,253.508 MWh,0 MWh
日集綠能股份有限公司,日集恆春機場段太陽光電發電廠,太陽能,2026,1.519,339.802,屏東縣恆春鎮機場段259地號,986.58 kW,日集綠能股份有限公司,23SP0140-B026000004~356,5/20/26,2026-01-01~2026-03-31,認可,認可,1.519 MWh,339.802 MWh
中鋼光能股份有限公司,中鋼成品倉庫88庫,太陽能,2026,257.352,0,高雄市小港區大業南路38號,982.08 kW,中鋼光能股份有限公司,23SP0042-B026000001~259,5/20/26,2026-01-01~2026-03-31,認可,認可,257.352 MWh,0 MWh
陽光伏特家電力股份有限公司,和坤台南1、2廠,太陽能,2026,92.528,0,臺南市永康區中山南路358號,977.74 kW,陽光伏特家電力股份有限公司,24SP1612-B026000016~350,4/1/26,2026-01-01~2026-02-28,認可,認可,92.528 MWh,0 MWh
豐興鋼鐵股份有限公司,路竹新益,太陽能,2026,0,310.254,高雄市路竹區復興路667號,977.625 kW,豐興鋼鐵股份有限公司,23SP0362-B026000001~312,5/20/26,2026-01-01~2026-03-31,認可,認可,0 MWh,310.254 MWh
友達晶材股份有限公司,友達晶材后里廠太陽光電系統設置工程,太陽能,2026,0,298.246,臺中市后里區后科路二段335號,976.32 kW,友達晶材股份有限公司,23SP0239-B026000001~300,5/20/26,2026-01-01~2026-03-31,認可,認可,0 MWh,298.246 MWh
美利達工業股份有限公司,彰化縣屋頂型太陽光電系統-美利達工業股份有限公司,太陽能,2026,0,215.304,彰化縣大村鄉美港村美港路116號,976.1 kW,美利達工業股份有限公司,24SP1024-B026000001~217,5/20/26,2026-01-01~2026-03-31,認可,認可,0 MWh,215.304 MWh
晨星電力股份有限公司,(陽光)陽光中所一期、二期,太陽能,2026,300.25,0,臺中市南屯區寶文段490地號,973.76 kW,晨星電力股份有限公司,25SP3089-B026000001~302,5/20/26,2026-01-01~2026-03-31,認可,認可,300.25 MWh,0 MWh
天能綠電股份有限公司,鼎日能源-大聖交通屋頂型太陽光電案場,太陽能,2026,264.729,0,臺中市梧棲區臨港路三段301號,973.08 kW,天能綠電股份有限公司,24SP0417-B026000001~266,5/20/26,2026-01-01~2026-03-31,認可,認可,264.729 MWh,0 MWh
怡和綠電超商股份有限公司,"太陽動力-台南市學甲區興業路360,362,366屋頂",太陽能,2026,245.555,0,臺南市學甲區興業路360、362、366號,972.42 kW,怡和綠電超商股份有限公司,25SP4014-B026000001~247,5/20/26,2026-01-01~2026-03-31,認可,認可,245.555 MWh,0 MWh
台塑勝高科技股份有限公司,HI棟(三期),太陽能,2026,0,319.678,雲林縣麥寮鄉台塑工業園區3號,971.88 kW,台塑勝高科技股份有限公司,25SP2085-B026000001~321,5/20/26,2026-01-01~2026-03-31,認可,認可,0 MWh,319.678 MWh
台塑石化股份有限公司,公用一廠,太陽能,2026,0,180.32,雲林縣麥寮鄉中興村台塑工業園區1號之1,971.7 kW,台塑石化股份有限公司,24SP0240-B026000001~181,5/20/26,2026-01-01~2026-03-31,認可,認可,0 MWh,180.32 MWh
天能綠電股份有限公司,新竹縣全家新豐屋頂型太陽光電案場,太陽能,2026,143.263,0,新竹縣新豐鄉中崙289之3、289之5號,971.25 kW,天能綠電股份有限公司,24SP0033-B026000001~156,5/20/26,2026-01-01~2026-03-31,認可,認可,143.263 MWh,0 MWh
亞洲水泥股份有限公司,亞泥花蓮廠第三機組,太陽能,2026,0,171.076,花蓮縣新城鄉新興路125號,970.06 kW,亞洲水泥股份有限公司,24SP1444-B026000001~172,5/20/26,2026-01-01~2026-03-31,認可,認可,0 MWh,171.076 MWh
晨星電力股份有限公司,(晉丞)彰化彰茂(二),太陽能,2026,165.925,113.444,彰化縣鹿港鎮鹿工南二路8號,967.875 kW,晨星電力股份有限公司,25SP4141-B026000001~287,5/20/26,2026-01-01~2026-03-31,認可,認可,165.925 MWh,113.444 MWh
怡和綠電超商股份有限公司,瑢曜實業-瑢曜1~2,太陽能,2026,95.306,205.824,嘉義縣布袋鎮新生段0117-0003地號,967.08 kW,怡和綠電超商股份有限公司,25SP1279-B026000001~305,5/20/26,2026-01-01~2026-03-31,認可,認可,95.306 MWh,205.824 MWh
大自然能源電業股份有限公司,NP111082C001(高雄右昌國小一、二期),太陽能,2026,234.38,65.332,高雄市楠梓區藍昌段三小段0168-0000、0232-0000、0236-0000地號(高雄市楠梓區右昌國民小學),966.9 kW,大自然能源電業股份有限公司,25SP3640-B026000001~304,5/20/26,2026-01-01~2026-03-31,認可,認可,234.38 MWh,65.332 MWh
南亞塑膠工業股份有限公司,嘉義廠區-異押工廠二,太陽能,2026,0,214.696,嘉義縣太保市北港路二段201號,966.78 kW,南亞塑膠工業股份有限公司,24SP0388-B026000001~215,5/20/26,2026-01-01~2026-03-31,認可,認可,0 MWh,214.696 MWh
陽光伏特家電力股份有限公司,麗橙新北1廠,太陽能,2026,199.808,0,新北市林口區小南灣段下福小段1086-0000、1087-0000、1091-0000、1532-0002、1537-0000、1538-0000、1540-0000地號,966.475 kW,陽光伏特家電力股份有限公司,25SP0813-B026000001~201,5/20/26,2026-01-01~2026-03-31,認可,認可,199.808 MWh,0 MWh
阿波羅電力股份有限公司,台中公部門-第三期(第三型),太陽能,2026,167.966,105.504,臺中市大里區健民路86號,964.96 kW,阿波羅電力股份有限公司,25SP3172-B026000001~275,5/20/26,2026-01-01~2026-03-31,認可,認可,167.966 MWh,105.504 MWh
阿波羅電力股份有限公司,安集高雄營區-忠誠#1,太陽能,2026,185.539,127.042,高雄市左營區介壽路16號(指揮部會客室停車場、健身房、校官寢室),963.85 kW,阿波羅電力股份有限公司,25SP3204-B026000001~315,5/20/26,2026-01-01~2026-03-31,認可,認可,185.539 MWh,127.042 MWh
天能綠電股份有限公司,叡朋瑞穗二番-柳營恆耀一、二期屋頂型太陽光電案場,太陽能,2026,285.634,0,臺南市柳營區工一路2號,963.27 kW,天能綠電股份有限公司,24SP0438-B026000001~287,5/20/26,2026-01-01~2026-03-31,認可,認可,285.634 MWh,0 MWh
大同智能股份有限公司,台中市屋頂型太陽光電系統-台中高工-二三期,太陽能,2026,293.394,0,臺中市南區高工路191號,960 kW,大同智能股份有限公司,24SP0892-B026000001~296,5/20/26,2026-01-01~2026-03-31,認可,認可,293.394 MWh,0 MWh
遠龍不銹鋼股份有限公司,遠龍不銹鋼一期,太陽能,2026,0,302.234,高雄市小港區大業南路28號,959.81 kW,遠龍不銹鋼股份有限公司,24SP1412-B026000001~304,5/20/26,2026-01-01~2026-03-31,認可,認可,0 MWh,302.234 MWh
阿波羅電力股份有限公司,力寳龍H棟,太陽能,2026,166.336,107.612,彰化縣芳苑鄉工區七路16號,959.4 kW,阿波羅電力股份有限公司,25SP3992-B026000001~275,5/20/26,2026-01-01~2026-03-31,認可,認可,166.336 MWh,107.612 MWh
晨星電力股份有限公司,番子寮(亞沃),太陽能,2026,285.232,0,屏東縣長治鄉番子寮段1113-0000地號,958.52 kW,晨星電力股份有限公司,25SP1812-B026000001~287,5/20/26,2026-01-01~2026-03-31,認可,認可,285.232 MWh,0 MWh
寶富電力股份有限公司,寶發-嘉義國產,太陽能,2026,268.83,0,嘉義縣民雄鄉北斗村中山路50號,956.67 kW,寶富電力股份有限公司,25SP0607-B026000021~295,5/20/26,2026-01-01~2026-03-31,認可,認可,268.83 MWh,0 MWh
大同智能股份有限公司,沅碁光電_高雄大東藝術文化中心(一、二期),太陽能,2026,324.278,0,高雄市鳳山區光遠路161號(大東文化中心),954.27 kW,大同智能股份有限公司、晨星電力股份有限公司,24SP1854-B026000001~326,5/20/26,2026-01-01~2026-03-31,認可,認可,324.278 MWh,0 MWh
艾涅爾電力股份有限公司,福展-白河榮家,太陽能,2026,125.348,0,臺南市白河區仙草里63號,954 kW,艾涅爾電力股份有限公司,24SP1604-B026000001~126,4/8/26,2026-01-01~2026-02-28,認可,認可,125.348 MWh,0 MWh
怡和綠電超商股份有限公司,克林-彰南電池-克林,太陽能,2026,275.271,0,彰化縣鹿港鎮鹿工南三路27號,953.4 kW,怡和綠電超商股份有限公司,25SP2495-B026000001~277,5/20/26,2026-01-01~2026-03-31,認可,認可,275.271 MWh,0 MWh
國巨股份有限公司,國巨大發三廠,太陽能,2026,0,320.345,高雄市大寮區華東路35號,952.84 kW,國巨股份有限公司,24SP2204-B026000001~321,5/20/26,2026-01-01~2026-03-31,認可,認可,0 MWh,320.345 MWh
艾涅爾電力股份有限公司,昱撼-俞澤民二期PV0063,太陽能,2026,137.214,0,苗栗縣造橋鄉豐湖村1鄰乳姑山9號、11號,951.9 kW,艾涅爾電力股份有限公司,24SP0446-B026000001~186,4/8/26,2026-01-01~2026-02-28,認可,認可,137.214 MWh,0 MWh
星星電力股份有限公司,國碩利晁 - 謝文生,太陽能,2026,315.212,0,臺南市白河區永秀段0804-0000、0805-0000地號。,948.09 kW,星星電力股份有限公司,24SP1709-B026000001~324,5/20/26,2026-01-01~2026-03-31,認可,認可,315.212 MWh,0 MWh
艾涅爾電力股份有限公司,群捷-劉文達PV0310,太陽能,2026,141.83,0,苗栗縣頭份市興埔段526、529、530地號,945.785 kW,艾涅爾電力股份有限公司,25SP1182-B026000001~145,4/8/26,2026-01-01~2026-02-28,認可,認可,141.83 MWh,0 MWh
晨星電力股份有限公司,(亞沃)興農生物廠1期.2期,太陽能,2026,283.226,0,臺中市大肚區南榮路70巷8號、10號,943.975 kW,晨星電力股份有限公司,25SP2713-B026000001~285,5/20/26,2026-01-01~2026-03-31,認可,認可,283.226 MWh,0 MWh
南方電力股份有限公司,迎輝本廠&停車場太陽光電發電場,太陽能,2026,125.948,0,臺南市安南區科工段0325-0000地號/本田路2段391號、工業2路33號,943.89 kW,南方電力股份有限公司,25SP2887-B026000001~128,5/20/26,2026-03-01~2026-03-31,認可,認可,125.948 MWh,0 MWh
寶島陽光電力事業股份有限公司,晟鑫能源有限公司(FS2005001),太陽能,2026,181.627,6.29,花蓮縣花蓮市介仁街67號,943.8 kW,寶島陽光電力事業股份有限公司,24SP2604-B026000001~198,5/20/26,2026-01-01~2026-03-31,認可,認可,181.627 MWh,6.29 MWh
日益智慧能源股份有限公司,屏東潮州-崙東段地號9地面型(一、二期),太陽能,2026,264.907,0,屏東縣潮州鎮崙東段9地號,943.575 kW,日益智慧能源股份有限公司,24SP0486-B026000001~270,5/20/26,2026-01-01~2026-03-31,認可,認可,264.907 MWh,0 MWh
南亞塑膠工業股份有限公司,嘉義廠區-異押工廠一,太陽能,2026,0,225.331,嘉義縣太保市北港路二段201號,943 kW,南亞塑膠工業股份有限公司,24SP0429-B026000001~227,5/20/26,2026-01-01~2026-03-31,認可,認可,0 MWh,225.331 MWh
南方電力股份有限公司,屏東縣長治鄉德協村德新路84、84-2號太陽光電發電廠,太陽能,2026,264.576,0,屏東縣長治鄉德協村德新路84、84-2號,940.4 kW,南方電力股份有限公司,24SP1666-B026000001~266,5/20/26,2026-01-01~2026-03-31,認可,認可,264.576 MWh,0 MWh
艾涅爾電力股份有限公司,永耀-屏東和協1.2.3場,太陽能,2026,171.266,0,屏東縣枋寮鄉東海村23鄰永翔路12號,939.3 kW,艾涅爾電力股份有限公司,25SP2088-B026000001~173,4/8/26,2026-01-01~2026-02-28,認可,認可,171.266 MWh,0 MWh
陽光伏特家電力股份有限公司,匯群台南1廠,太陽能,2026,175.137,0,臺南市鹽水區下林段0707-0000、0707-0001地號,939.18 kW,陽光伏特家電力股份有限公司,25SP0285-B026000001~177,5/20/26,2026-01-01~2026-03-31,認可,認可,175.137 MWh,0 MWh
怡和綠電超商股份有限公司,嘉創-金日實業,太陽能,2026,146.865,64.497,桃園市中壢區中正區4段320號,937.575 kW,怡和綠電超商股份有限公司,25SP1791-B026000002~216,5/20/26,2026-01-01~2026-03-31,認可,認可,146.865 MWh,64.497 MWh
東鋼風力發電股份有限公司,東鋼風力東桃加工中心一太陽光電發電廠,太陽能,2026,183.124,0,桃園市觀音區保障里8鄰草漯49-6 號,935.22 kW,東鋼風力發電股份有限公司,24SP0457-B026000001~187,5/20/26,2026-01-01~2026-03-31,認可,認可,183.124 MWh,0 MWh
富威電力股份有限公司,久鋒-堤維西二廠太陽光電發電廠,太陽能,2026,283.427,12.443,臺南市安南區工業三路36號,933.91 kW,富威電力股份有限公司,25SP1137-B026000001~301,5/20/26,2026-01-01~2026-03-31,認可,認可,283.427 MWh,12.443 MWh
富威電力股份有限公司,東小南山太陽光電發電廠,太陽能,2026,196.272,74.763,臺南市北門區溪底寮段二重港小段1107-0000地號,926.64 kW,富威電力股份有限公司,24SP0719-B026000078~527,5/20/26,2026-01-01~2026-03-31,認可,認可,196.272 MWh,74.763 MWh
台汽電綠能股份有限公司,旭忠能源正新橡膠2-1、2-2,太陽能,2026,273.84,0,雲林縣斗六市科加段85-6、85-7、85-8、85-9、85-10、85-11、85-12、85-13、85-14地號,924.42 kW,台汽電綠能股份有限公司,24SP0776-B026000001~276,5/20/26,2026-01-01~2026-03-31,認可,認可,273.84 MWh,0 MWh
怡和綠電超商股份有限公司,大力綠能-大地亮,太陽能,2026,252.469,0,高雄市林園區清水岩路435號,923.4 kW,怡和綠電超商股份有限公司,25SP1787-B026000001~254,5/20/26,2026-01-01~2026-03-31,認可,認可,252.469 MWh,0 MWh
中鋼焊材廠股份有限公司,中鋼焊材廠仁德一廠,太陽能,2026,0,176.22,臺南市仁德區文華路二段358巷88號,921.12 kW,中鋼焊材廠股份有限公司,23SP0210-B026000001~178,5/20/26,2026-01-01~2026-03-31,認可,認可,0 MWh,176.22 MWh
怡和綠電超商股份有限公司,欣雄-仁武高中,太陽能,2026,85.813,0,高雄市仁武區仁林路20號,919.1 kW,怡和綠電超商股份有限公司,25SP2443-B026000083~168,4/1/26,2026-02-01~2026-02-28,認可,認可,85.813 MWh,0 MWh
國碩能源股份有限公司,高雄榮民之家,太陽能,2026,8.123,0,高雄市楠梓區加昌路631號,916.3 kW,國碩能源股份有限公司,25SP0109-B026000012~20,5/13/26,2026-01-01~2026-02-28,認可,認可,8.123 MWh,0 MWh
日集綠能股份有限公司,北勢寮段太陽光電發電廠,太陽能,2026,1.377,310.683,臺南市東區北勢寮段766地號,915.12 kW,日集綠能股份有限公司,23SP0107-B026000004~327,5/20/26,2026-01-01~2026-03-31,認可,認可,1.377 MWh,310.683 MWh
強新工業股份有限公司,強新二廠,太陽能,2026,164,120.264,臺南市佳里區萊芊寮1號之25,914.25 kW,強新工業股份有限公司,24SP0383-B026000001~286,5/20/26,2026-01-01~2026-03-31,認可,認可,164 MWh,120.264 MWh
星星電力股份有限公司,琉璃光_崁484,太陽能,2026,29.187,0,臺南市白河區臺南市白河區崁子頭段484、485、486、488、488-2地號,913.38 kW,星星電力股份有限公司,24SP0079-B026000001~35,5/20/26,2026-01-01~2026-03-31,認可,認可,29.187 MWh,0 MWh
大自然能源電業股份有限公司,NP081071C002(王敏男畜舍),太陽能,2026,164.772,112.905,彰化縣大城鄉中正路2巷1弄建171號(彰化縣大城鄉三林段23、24、25、29、30、31地號),911.25 kW,大自然能源電業股份有限公司,25SP2096-B026000001~279,5/20/26,2026-01-01~2026-03-31,認可,認可,164.772 MWh,112.905 MWh
艾涅爾電力股份有限公司,太旭-張志泓PV0699,太陽能,2026,205.282,0,彰化縣和美鎮大霞段0958-0000、0959-0000地號,910 kW,艾涅爾電力股份有限公司,24SP0123-B026000001~206,4/8/26,2026-01-01~2026-02-28,認可,認可,205.282 MWh,0 MWh
續興股份有限公司,旭愛能源普威廠,太陽能,2026,170.933,0,宜蘭縣蘇澳鎮頂寮段0662-0030地號,909.025 kW,續興股份有限公司,22SP0111-B026000001~173,5/20/26,2026-01-01~2026-03-31,認可,認可,170.933 MWh,0 MWh
艾涅爾電力股份有限公司,恆河PV0373、374(高壓),太陽能,2026,0.084,0,嘉義縣大埔鄉大埔段1265-0038、1265-0044地號,907.2 kW,艾涅爾電力股份有限公司,23SP0435-B026000001~84,4/8/26,2026-01-01~2026-01-31,認可,認可,0.084 MWh,0 MWh
大自然能源電業股份有限公司,NP081071C001怡陽(福興畜舍),太陽能,2026,176.987,0,彰化縣福興鄉大崙街建29之22號,904.54 kW,大自然能源電業股份有限公司,25SP2098-B026000002~187,5/20/26,2026-01-01~2026-03-31,認可,認可,176.987 MWh,0 MWh
續興股份有限公司,新和嘉義4廠,太陽能,2026,298.074,0,嘉義縣六腳鄉港美村1鄰港尾寮1之16號(嘉義縣六腳鄉港尾寮段港美小段0332-0000、0333-0000、0334-0000地號),901.18 kW,續興股份有限公司,25SP2814-B026000001~300,5/20/26,2026-01-01~2026-03-31,認可,認可,298.074 MWh,0 MWh
陽光伏特家電力股份有限公司,聯奇台南2、3廠,太陽能,2026,104.794,0,臺南市新市區新晶段26、23-2地號,900.9 kW,陽光伏特家電力股份有限公司,25SP0092-B026000001~114,5/20/26,2026-01-01~2026-03-31,認可,認可,104.794 MWh,0 MWh
阿波羅電力股份有限公司,安集高雄營區-忠誠#3,太陽能,2026,174.034,118.092,高雄市左營區介壽路16號(演奏室、支中二館(籃球場)),900.58 kW,阿波羅電力股份有限公司,25SP3168-B026000001~294,5/20/26,2026-01-01~2026-03-31,認可,認可,174.034 MWh,118.092 MWh
星星電力股份有限公司,賢思-B區,太陽能,2026,81.666,0,雲林縣虎尾鎮墘段154、360、419地號、 惠來厝段1391地號,900.3 kW,星星電力股份有限公司,25SP0254-B026000014~132,3/18/26,2026-01-01~2026-01-31,認可,認可,81.666 MWh,0 MWh
中鋼光能股份有限公司,中鋼南站80000T原水池&VC-1F03原水池-2,太陽能,2026,229.386,0,高雄市小港區高雄市小港區中鋼路1號,897.6 kW,中鋼光能股份有限公司,23SP0222-B026000001~231,5/20/26,2026-01-01~2026-03-31,認可,認可,229.386 MWh,0 MWh
台灣水泥股份有限公司和平分公司,台灣水泥股份有限公司和平廠 (第二期：共9處案場),太陽能,2026,0,156.544,花蓮縣秀林鄉和平村和平263號,891.33 kW,台灣水泥股份有限公司和平分公司,23SP0059-B026000001~157,5/20/26,2026-01-01~2026-03-31,認可,認可,0 MWh,156.544 MWh
傑傅能源股份有限公司,桃園市大園區太陽光電發電系統電廠標租案_客運一段30地號,太陽能,2026,109.529,0,桃園市大園區客運一段30號,889.96 kW,傑傅能源股份有限公司,24SP1885-B026000001~110,4/29/26,2026-01-01~2026-02-28,認可,認可,109.529 MWh,0 MWh
康展電力股份有限公司,屏東都計農里港F,太陽能,2026,81.172,123.418,屏東縣里港鄉定國段720-1、720-2地號,888.3 kW,康展電力股份有限公司,24SP0627-B026000001~212,5/20/26,2026-01-01~2026-03-31,認可,認可,81.172 MWh,123.418 MWh
星星電力股份有限公司,風昇-官田農糧署,太陽能,2026,151.777,0,臺南市官田區中華路一段339號,888.3 kW,星星電力股份有限公司,25SP0591-B026000001~152,4/8/26,2026-01-01~2026-02-28,認可,認可,151.777 MWh,0 MWh
日皓造紙工業股份有限公司,日皓造紙工業股份有限公司,太陽能,2026,0,169.179,桃園市觀音區國建三路五號,887.04 kW,日皓造紙工業股份有限公司,24SP0366-B026000001~171,5/20/26,2026-01-01~2026-03-31,認可,認可,0 MWh,169.179 MWh
大自然能源電業股份有限公司,"NP031024C005瀚鑫(叡麟一期,二期)",太陽能,2026,167.427,0,宜蘭縣五結鄉利工二路88、90號,885.6 kW,大自然能源電業股份有限公司,25SP1259-B026000001~169,5/20/26,2026-01-01~2026-03-31,認可,認可,167.427 MWh,0 MWh
大自然能源電業股份有限公司,"NP081067C001巨鍕(富貴一,二期)",太陽能,2026,158.696,111.041,彰化縣線西鄉富貴段160地號,884.39 kW,大自然能源電業股份有限公司,25SP0579-B026000001~272,5/20/26,2026-01-01~2026-03-31,認可,認可,158.696 MWh,111.041 MWh
天能綠電股份有限公司,綠順-臺南市永康區王行段38地號(地+水),太陽能,2026,167.69,0,臺南市永康區王行段0038-0000地號,881.525 kW,天能綠電股份有限公司,24SP2451-B026000002~170,4/22/26,2026-01-01~2026-02-28,認可,認可,167.69 MWh,0 MWh
台灣博世舒適科技股份有限公司,台灣日立江森自控股份有限公司,太陽能,2026,0,162.568,桃園市蘆竹區內溪路29號,881.28 kW,台灣博世舒適科技股份有限公司,24SP1427-B026000001~163,5/20/26,2026-01-01~2026-03-31,認可,認可,0 MWh,162.568 MWh
陽光伏特家電力股份有限公司,睿聯雲林1、2廠,太陽能,2026,168.031,0,雲林縣斗六市科加路5號,879.16 kW,陽光伏特家電力股份有限公司,23SP0205-B026000001~227,5/20/26,2026-01-01~2026-03-31,認可,認可,168.031 MWh,0 MWh
華友農業產品行,華友太陽能發電廠,太陽能,2026,223.475,0,屏東縣麟洛鄉玄勝段88地號,878.46 kW,華友農業產品行,24SP0819-B026000001~226,5/20/26,2026-01-01~2026-03-31,認可,認可,223.475 MWh,0 MWh
南方電力股份有限公司,高雄市大寮區磚子磘段2537-0000地號,太陽能,2026,235.542,0,高雄市大寮區磚子磘段2537-0000地號,876.24 kW,南方電力股份有限公司,24SP1324-B026000001~237,5/20/26,2026-01-01~2026-03-31,認可,認可,235.542 MWh,0 MWh
晨星電力股份有限公司,(陽光)雲林監獄陽光一期 /二期 /三期,太陽能,2026,277.06,0,雲林縣虎尾鎮番薯段0984-0001、0985-0001、0986-0001、0987-0000、0990-0000地號,875.49 kW,晨星電力股份有限公司,25SP1852-B026000001~279,5/20/26,2026-01-01~2026-03-31,認可,認可,277.06 MWh,0 MWh
寶島陽光電力事業股份有限公司,玉衡能源股份有限公司(TW190946),太陽能,2026,5.491,0,高雄市仁武區高楠公路94 號,875.13 kW,寶島陽光電力事業股份有限公司,24SP2215-B026000001~15,5/20/26,2026-01-01~2026-03-31,認可,認可,5.491 MWh,0 MWh
傑傅能源股份有限公司,山上區太陽光電發電系統-宏佳騰一期/二期,太陽能,2026,170.926,0,臺南市山上區南洲里南洲41號,874.38 kW,傑傅能源股份有限公司,25SP0561-B026000001~173,4/29/26,2026-01-01~2026-02-28,認可,認可,170.926 MWh,0 MWh
艾涅爾電力股份有限公司,賽斯-天泰官田廠一、二期,太陽能,2026,123.031,7.501,臺南市官田區富強路8號,873 kW,艾涅爾電力股份有限公司,24SP0237-B026000060~315,4/8/26,2026-01-01~2026-02-28,認可,認可,123.031 MWh,7.501 MWh
陽光伏特家電力股份有限公司,瑞光雲林1廠,太陽能,2026,271.881,0,雲林縣古坑鄉下崁腳段0110、0111、0112、0119、0122地號,872.52 kW,陽光伏特家電力股份有限公司,24SP2389-B026000001~273,5/20/26,2026-01-01~2026-03-31,認可,認可,271.881 MWh,0 MWh
台汽電綠能股份有限公司,華晶12,太陽能,2026,95.888,0,彰化縣鹿港鎮工業東三路12、13號,869.86 kW,台汽電綠能股份有限公司,23SP0065-B026000001~98,5/20/26,2026-01-01~2026-03-31,認可,認可,95.888 MWh,0 MWh
開陽電力股份有限公司,玖基企業股份有限公司-柳科加壓站配水池,太陽能,2026,158.16,0,臺南市柳營區環園西路2段15號,867.96 kW,開陽電力股份有限公司,25SP3283-B026000001~164,4/1/26,2026-01-01~2026-02-28,認可,認可,158.16 MWh,0 MWh
怡和綠電超商股份有限公司,旭恩能源-台中大甲_大發電廠一+二期(屋頂型),太陽能,2026,168.713,0,臺中市大甲區大發路168號,867 kW,怡和綠電超商股份有限公司,25SP3986-B026000001~256,5/20/26,2026-01-01~2026-03-31,認可,認可,168.713 MWh,0 MWh
怡和綠電超商股份有限公司,育渲投資-鋁台精密二廠(特登工廠),太陽能,2026,269.611,0,臺中市神岡區和睦路1段801之1號,864.78 kW,怡和綠電超商股份有限公司,25SP1832-B026000001~271,5/20/26,2026-01-01~2026-03-31,認可,認可,269.611 MWh,0 MWh
香印永續股份有限公司,胡家監,太陽能,2026,197.301,0,屏東縣里港鄉新民路49之1號,864.3 kW,香印永續股份有限公司,25SP0475-B026000001~329,5/20/26,2026-01-01~2026-03-31,認可,認可,197.301 MWh,0 MWh
中曜股份有限公司,中租 2743 號,太陽能,2026,29.124,0,屏東縣車城鄉保力段保力小段0187-0000地號,863.04 kW,中曜股份有限公司,25SP0599-B026000001~30,5/13/26,2026-01-01~2026-02-28,認可,認可,29.124 MWh,0 MWh
中鋼光能股份有限公司,中能資中林儲區,太陽能,2026,1,0,高雄市小港區中林路1號,860.2 kW,中鋼光能股份有限公司,23SP0223-B026000001,3/4/26,2026-01-01~2026-01-31,認可,認可,1 MWh,0 MWh
怡和綠電超商股份有限公司,凱躍-三新第三期,太陽能,2026,245.588,0,臺南市永康區中正北路711號,860.09 kW,怡和綠電超商股份有限公司,25SP1419-B026000001~247,5/20/26,2026-01-01~2026-03-31,認可,認可,245.588 MWh,0 MWh
聯華電子股份有限公司12A1,聯電12A1,太陽能,2026,0,276.736,臺南市新市區南科二路18號,859.25 kW,聯華電子股份有限公司12A1,22SP0029-B026000001~279,5/20/26,2026-01-01~2026-03-31,認可,認可,0 MWh,276.736 MWh
怡和綠電超商股份有限公司,怡和國際能源-東山區公所-運動公園,太陽能,2026,184.305,0,臺南市東山區東安段0581-0000、0582-0000、0585-0000、0593-0000、0627-0000、0628-0000、0629-0000地號；東安段0593-0000、0594-0000、0599-0000、0600-0000、0602-0000地號,857.28 kW,怡和綠電超商股份有限公司,25SP2687-B026000001~186,5/20/26,2026-01-01~2026-03-31,認可,認可,184.305 MWh,0 MWh
瓦特先生股份有限公司,岡山日出畜牧場,太陽能,2026,249.116,0,高雄市岡山區本洲路381巷126之1號,856.98 kW,瓦特先生股份有限公司,23SP0154-B026000001~250,5/20/26,2026-01-01~2026-03-31,認可,認可,249.116 MWh,0 MWh
續興股份有限公司,新電高雄2廠,太陽能,2026,0,136.784,高雄市旗山區旗尾段二小段2228-0003、2228-0004地號,856.765 kW,續興股份有限公司,25SP3303-B026000001~138,4/22/26,2026-01-01~2026-02-28,認可,認可,0 MWh,136.784 MWh
遠東新世紀股份有限公司,遠東新世紀股份有限公司(機車棚+宿舍+紡織廠-大停車場),太陽能,2026,0,128.597,新竹縣湖口鄉和興路30號,856.615 kW,遠東新世紀股份有限公司,23SP0178-B026000001~130,5/20/26,2026-01-01~2026-03-31,認可,認可,0 MWh,128.597 MWh
恆利電能股份有限公司,W-高雄大寮1 (854.4kw),太陽能,2026,243.641,15.407,高雄市大寮區上發六路2號,854.4 kW,恆利電能股份有限公司,25SP0166-B026000001~267,5/20/26,2026-01-01~2026-03-31,認可,認可,243.641 MWh,15.407 MWh
大自然能源電業股份有限公司,NP071031C006三發製網,太陽能,2026,150.36,98.572,彰化縣鹿港鎮鹿工南二路16號,853.2 kW,大自然能源電業股份有限公司,24SP1442-B026000001~251,5/20/26,2026-01-01~2026-03-31,認可,認可,150.36 MWh,98.572 MWh
天能綠電股份有限公司,永益_梅高路431號屋頂型太陽光電案場,太陽能,2026,187.981,0,桃園市楊梅區梅高路431號,849.69 kW,天能綠電股份有限公司,25SP3652-B026000001~196,5/20/26,2026-01-01~2026-03-31,認可,認可,187.981 MWh,0 MWh
崑鼎綠能環保股份有限公司,台南市菁寮掩埋場太陽光電發電廠,太陽能,2026,57.235,52.056,臺南市後壁區菁寮段1845-0009地號,849.4 kW,崑鼎綠能環保股份有限公司、奇異果新能源股份有限公司,21SP0004-B026000001~112,5/20/26,2026-01-01~2026-03-31,認可,認可,57.235 MWh,52.056 MWh
上銀科技股份有限公司,精科二廠,太陽能,2026,0,223.363,臺中市南屯區精科八路13號,849.31 kW,上銀科技股份有限公司,24SP1184-B026000001~225,5/20/26,2026-01-01~2026-03-31,認可,認可,0 MWh,223.363 MWh
阿波羅電力股份有限公司,朝偉一二三期,太陽能,2026,149.989,108.731,臺南市安定區大同里牛肉寮31之2號,848.65 kW,阿波羅電力股份有限公司,24SP0760-B026000001~260,5/20/26,2026-01-01~2026-03-31,認可,認可,149.989 MWh,108.731 MWh
中鋼光能股份有限公司,中鋼W3扁鋼胚鑄造精整儲區,太陽能,2026,198.361,0,高雄市小港區中鋼路1號,848.16 kW,中鋼光能股份有限公司,22SP0141-B026000001~200,5/20/26,2026-01-01~2026-03-31,認可,認可,198.361 MWh,0 MWh
瓦特先生股份有限公司,屏南京沅鎢業,太陽能,2026,3.083,9.875,屏東縣枋寮鄉科技路1之11號,846.63 kW,瓦特先生股份有限公司,21SP0057-B026000004~25,4/1/26,2026-01-01~2026-02-28,認可,認可,3.083 MWh,9.875 MWh
大同智能股份有限公司,台中市屋頂型太陽光電系統-太平國中二期,太陽能,2026,162.61,0,臺中市太平區中山路二段116號,846.12 kW,大同智能股份有限公司,24SP0319-B026000001~181,5/20/26,2026-01-01~2026-03-31,認可,認可,162.61 MWh,0 MWh
星星電力股份有限公司,日兆_張和成,太陽能,2026,246.943,0,南投縣埔里鎮南投縣埔里鎮珠生路3之7號,844.75 kW,星星電力股份有限公司,24SP1870-B026000001~256,5/20/26,2026-01-01~2026-03-31,認可,認可,246.943 MWh,0 MWh
三地怪獸電力股份有限公司,永樂再生屏東縣萬丹鄉屋頂型太陽光電,太陽能,2026,157.661,82.209,屏東縣萬丹鄉崙頂段1153-0000、1154-0000、1169-0000地號,844.56 kW,三地怪獸電力股份有限公司,24SP0476-B026000001~242,5/20/26,2026-01-01~2026-03-31,認可,認可,157.661 MWh,82.209 MWh
冠越科技工程股份有限公司,鎔利太陽光電發電廠,太陽能,2026,227.938,0,嘉義縣梅山鄉過山村4鄰大埔美園區2路66號,844.13 kW,曜越綠電股份有限公司、冠越科技工程股份有限公司,23SP0163-B026000001~229,5/20/26,2026-01-01~2026-03-31,認可,認可,227.938 MWh,0 MWh
阿波羅電力股份有限公司,睿宜東興巷21-39,太陽能,2026,202.668,0,南投縣魚池鄉東池村東興巷21之39號,838.7 kW,阿波羅電力股份有限公司,24SP0497-B026000001~204,5/20/26,2026-01-01~2026-03-31,認可,認可,202.668 MWh,0 MWh
怡和綠電超商股份有限公司,駿騰光電-山亞實業,太陽能,2026,268.56,0,臺南市安南區長和路1段217巷179弄22、30號,837.66 kW,怡和綠電超商股份有限公司,25SP2639-B026000001~270,5/20/26,2026-01-01~2026-03-31,認可,認可,268.56 MWh,0 MWh
續興股份有限公司,頭份興埔116,太陽能,2026,217.267,0,苗栗縣頭份市興埔段0116-0000、0117-0000、0118-0000、0163-0000地號,837.08 kW,續興股份有限公司,24SP0990-B026000001~218,5/20/26,2026-01-01~2026-03-31,認可,認可,217.267 MWh,0 MWh
永豐餘消費品實業股份有限公司,永豐餘消費品實業股份有限公司-清水廠,太陽能,2026,0,214.574,臺中市清水區舊庄路258號,836.55 kW,永豐餘消費品實業股份有限公司,23SP0313-B026000001~215,5/20/26,2026-01-01~2026-03-31,認可,認可,0 MWh,214.574 MWh
經濟部能源署,沙崙綠能科技示範場域,太陽能,2026,0,200.43,臺南市歸仁區武東里10鄰高發二路360號,835.7 kW,經濟部能源署,23SP0047-B026000001~202,5/20/26,2026-01-01~2026-03-31,認可,認可,0 MWh,200.43 MWh
三井物產台灣供應鏈有限公司,中區配銷中心 太陽能光電系統,太陽能,2026,0,255.86,彰化縣大城鄉南平路1-2號,835.58 kW,三井物產台灣供應鏈有限公司,25SP1041-B026000001~258,5/20/26,2026-01-01~2026-03-31,認可,認可,0 MWh,255.86 MWh
續興股份有限公司,鹿15,太陽能,2026,91.525,0,彰化縣鹿港鎮工業西七路3號,835.58 kW,續興股份有限公司,23SP0357-B026000001~93,5/20/26,2026-01-01~2026-03-31,認可,認可,91.525 MWh,0 MWh
晨星電力股份有限公司,(陽光綠能)輝庭線西,太陽能,2026,252.96,0,彰化縣線西鄉彰濱西二路18號,835.2 kW,晨星電力股份有限公司,25SP3520-B026000001~255,5/20/26,2026-01-01~2026-03-31,認可,認可,252.96 MWh,0 MWh
富威電力股份有限公司,日盛全-萬丹鴨舍太陽光電發電廠,太陽能,2026,109.18,131.938,屏東縣萬丹鄉社安段0878-0000、0879-0000地號,832.48 kW,富威電力股份有限公司,25SP1546-B026000002~248,5/20/26,2026-01-01~2026-03-31,認可,認可,109.18 MWh,131.938 MWh
星星電力股份有限公司,神岡營區錶3-H棟H1區/H2區/H3區/E棟E1區,太陽能,2026,262.997,0,臺中市大雅區中清路5段2號(臺中市神岡區圳堵段01097-000及0110-000建號),831.6 kW,星星電力股份有限公司,25SP3389-B026000001~264,5/20/26,2026-01-01~2026-03-31,認可,認可,262.997 MWh,0 MWh
南亞塑膠工業股份有限公司,嘉義廠區-機工廠,太陽能,2026,0,232.158,嘉義縣太保市北港路二段201號,827.38 kW,南亞塑膠工業股份有限公司,23SP0267-B026000001~234,5/20/26,2026-01-01~2026-03-31,認可,認可,0 MWh,232.158 MWh
艾涅爾電力股份有限公司,敏菁二,太陽能,2026,165.686,0,臺中市大里區草堤路158巷7號,826.2 kW,艾涅爾電力股份有限公司,25SP0720-B026000001~167,4/8/26,2026-01-01~2026-02-28,認可,認可,165.686 MWh,0 MWh
南亞塑膠工業股份有限公司,嘉義廠區-平板工廠,太陽能,2026,0,213.5,嘉義縣太保市北港路二段201號,825.74 kW,南亞塑膠工業股份有限公司,23SP0272-B026000001~215,5/20/26,2026-01-01~2026-03-31,認可,認可,0 MWh,213.5 MWh
寶富電力股份有限公司,林邊五小福-1-寶財-內庄段382、381-1地號,太陽能,2026,298.035,0,屏東縣林邊鄉內庄段0381-1、0382號,825.66 kW,寶富電力股份有限公司,25SP0525-B026000015~321,5/20/26,2026-01-01~2026-03-31,認可,認可,298.035 MWh,0 MWh
星星電力股份有限公司,國碩科技-彰化昌靖二廠,太陽能,2026,70.407,0,"彰化縣鹿港鎮鹿工北二路6號, 上林段29地號",823.69 kW,星星電力股份有限公司,25SP3255-B026000002~105,5/20/26,2026-01-01~2026-02-28,認可,認可,70.407 MWh,0 MWh
長亨精密股份有限公司,長亨精密-路竹廠,太陽能,2026,0,257.606,高雄市路竹區路科十路9號,819.02 kW,長亨精密股份有限公司,25SP3308-B026000001~258,5/20/26,2026-01-01~2026-03-31,認可,認可,0 MWh,257.606 MWh
日集綠能股份有限公司,日集潭頂段,太陽能,2026,1.236,278.99,臺南市新市區潭頂段1038之1、1039之1、1039之3、1039之10、1335地號,818.4 kW,日集綠能股份有限公司,23SP0098-B026000004~295,5/20/26,2026-01-01~2026-03-31,認可,認可,1.236 MWh,278.99 MWh
康展電力股份有限公司,屏東都計農里港H,太陽能,2026,136.841,99,屏東縣里港鄉土庫段1790、1790-1地號,817.74 kW,康展電力股份有限公司,24SP0448-B026000001~155,5/20/26,2026-01-01~2026-03-31,認可,認可,136.841 MWh,99 MWh
遠東百貨股份有限公司,遠東百貨花蓮店,太陽能,2026,0,997.539,花蓮縣花蓮市和平路581號,817.54 kW,遠東百貨股份有限公司,25SP1806-B026000001~998,4/29/26,2025-02-01~2026-02-28,認可,認可,0 MWh,997.539 MWh
崑鼎綠能環保股份有限公司,台中港公共倉儲太陽光電發電廠,太陽能,2026,203.172,0,臺中市梧棲區中南一路2段411號,815.85 kW,崑鼎綠能環保股份有限公司,23SP0015-B026000001~205,5/20/26,2026-01-01~2026-03-31,認可,認可,203.172 MWh,0 MWh
台灣山葉機車工業股份有限公司,台灣山葉機車工業股份有限公司,太陽能,2026,0,235.336,新竹縣湖口鄉東興村山葉路81號,815.48 kW,台灣山葉機車工業股份有限公司,24SP0081-B026000001~236,5/20/26,2025-12-01~2026-03-31,認可,認可,0 MWh,235.336 MWh
大同智能股份有限公司,臺北大眾捷運股份有限公司-木柵機廠屋頂型太陽光電系統,太陽能,2026,71.879,0,臺北市文山區新光路二段21號,813.78 kW,大同智能股份有限公司,24SP0173-B026000002~94,5/20/26,2026-01-01~2026-03-31,認可,認可,71.879 MWh,0 MWh
怡和綠電超商股份有限公司,克林-信和段,太陽能,2026,229.39,0,屏東縣屏東市信和段45-1、46地號,811.52 kW,怡和綠電超商股份有限公司,25SP1518-B026000001~231,5/20/26,2026-01-01~2026-03-31,認可,認可,229.39 MWh,0 MWh
中華紙漿股份有限公司-久堂廠,中華紙漿股份有限公司久堂廠,太陽能,2026,0,242.56,高雄市大樹區久堂路112之1號,810.42 kW,中華紙漿股份有限公司-久堂廠,23SP0361-B026000001~244,5/20/26,2026-01-01~2026-03-31,認可,認可,0 MWh,242.56 MWh
永豐餘工業用紙股份有限公司,永豐餘工業用紙股份有限公司-新屋廠,太陽能,2026,0,156.368,桃園市新屋區永福路281號,810.42 kW,永豐餘工業用紙股份有限公司,23SP0320-B026000001~159,5/20/26,2026-01-01~2026-03-31,認可,認可,0 MWh,156.368 MWh
富威電力股份有限公司,日盛全-森鉅科技太陽光電發電廠,太陽能,2026,126.02,0,臺南市仁德區義林路256巷168號,808.26 kW,富威電力股份有限公司,25SP1927-B026000040~169,4/1/26,2026-01-01~2026-02-28,認可,認可,126.02 MWh,0 MWh
宇軒電業股份有限公司,三張廍1期、2期,太陽能,2026,77.46,0,屏東縣里港鄉三張廍段71-43、71-44、500地號,806.4 kW,宇軒電業股份有限公司,25SP1876-B026000067~144,4/15/26,2026-02-01~2026-02-28,認可,認可,77.46 MWh,0 MWh
宇軒電業股份有限公司,西盛段1期、2期,太陽能,2026,68.393,0,屏東縣萬巒鄉西盛段461地號,805.76 kW,宇軒電業股份有限公司,25SP1990-B026000072~140,4/15/26,2026-02-01~2026-02-28,認可,認可,68.393 MWh,0 MWh
星星電力股份有限公司,允強 - 溪州廠A1/A2,太陽能,2026,71.854,0,彰化縣溪州鄉舊眉村中山路4段270號,805.74 kW,星星電力股份有限公司,24SP1670-B026000037~126,3/18/26,2026-01-01~2026-01-31,認可,認可,71.854 MWh,0 MWh
陽光伏特家電力股份有限公司,日晶嘉義1、2廠,太陽能,2026,221.987,0,嘉義縣義竹鄉義工二路2號,805.38 kW,陽光伏特家電力股份有限公司、天能綠電股份有限公司,24SP0106-B026000001~223,5/20/26,2026-01-01~2026-03-31,認可,認可,221.987 MWh,0 MWh
幸福水泥股份有限公司東澳廠,幸福高爾夫球場停車場,太陽能,2026,0,90.393,新北市林口區下福里71-2號,803 kW,幸福水泥股份有限公司東澳廠,24SP0122-B026000001~92,5/20/26,2026-01-01~2026-03-31,認可,認可,0 MWh,90.393 MWh
續興股份有限公司,溪口本厝雞舍,太陽能,2026,246.125,0,嘉義縣溪口鄉本厝村本廳2之11號,802.995 kW,續興股份有限公司,24SP1008-B026000001~248,5/20/26,2026-01-01~2026-03-31,認可,認可,246.125 MWh,0 MWh
星星電力股份有限公司,昶峻 - 台控富岡廠,太陽能,2026,54.635,0,桃園市新屋區 桃園市新屋區望間里13鄰十五間15之3號,802.335 kW,星星電力股份有限公司,25SP3324-B026000052~106,4/8/26,2026-02-01~2026-02-28,認可,認可,54.635 MWh,0 MWh
富威電力股份有限公司,玉山太陽光電發電廠,太陽能,2026,186.01,67.271,臺南市北門區溪底寮二重港小段1108-0000地號,801.99 kW,富威電力股份有限公司,24SP0720-B026000078~510,5/20/26,2026-01-01~2026-03-31,認可,認可,186.01 MWh,67.271 MWh
怡和綠電超商股份有限公司,遠勁綠能-文華高中一、二期,太陽能,2026,220.555,0,臺中市西屯區寧夏路240號(台中市文華高級中等學校),799.2 kW,怡和綠電超商股份有限公司,26SP0056-B026000002~225,5/20/26,2026-01-01~2026-03-31,認可,認可,220.555 MWh,0 MWh
艾涅爾電力股份有限公司,太旭-關西五合吉PV0057,太陽能,2026,118.666,0,新竹縣關西鎮小東坑3之16號,799.2 kW,艾涅爾電力股份有限公司,24SP0164-B026000002~178,4/8/26,2026-01-01~2026-02-28,認可,認可,118.666 MWh,0 MWh
晉禾企業股份有限公司,晉禾企業股份有限公司,太陽能,2026,0,225.504,高雄市岡山區新樂街105、107號,797.86 kW,晉禾企業股份有限公司,24SP0687-B026000001~227,5/20/26,2026-01-01~2026-03-31,認可,認可,0 MWh,225.504 MWh
聯華電子股份有限公司8E,8E-2A & 8E-FAB,太陽能,2026,0,196.368,新竹市東區力行路17號,794.85 kW,聯華電子股份有限公司8E,21SP0037-B026000001~198,5/20/26,2026-01-01~2026-03-31,認可,認可,0 MWh,196.368 MWh
陽光伏特家電力股份有限公司,威固屏東1、2廠,太陽能,2026,200.875,0,屏東縣鹽埔鄉新莊段0628-000、0629-0000、0630-0000、0631-0000、0735-0000地號,793.61 kW,陽光伏特家電力股份有限公司,24SP1087-B026000001~205,5/20/26,2026-01-01~2026-03-31,認可,認可,200.875 MWh,0 MWh
大自然能源電業股份有限公司,NP081067C002巨鍕(富貴三期),太陽能,2026,145.152,101.447,彰化縣線西鄉富貴段160地號,788.625 kW,大自然能源電業股份有限公司,25SP0636-B026000001~249,5/20/26,2026-01-01~2026-03-31,認可,認可,145.152 MWh,101.447 MWh
陽光伏特家電力股份有限公司,嶸欣嘉義1、2廠,太陽能,2026,112.934,0,嘉義縣鹿草鄉豊稠村10鄰馬稠後園區二路30號,786.5 kW,陽光伏特家電力股份有限公司,24SP1942-B026000001~123,5/20/26,2026-01-01~2026-03-31,認可,認可,112.934 MWh,0 MWh
十萬伏特電力股份有限公司,林坊霞台南白河案,太陽能,2026,103.637,0,臺南市白河區關帝段0726-0000地號,785.18 kW,十萬伏特電力股份有限公司,25SP2907-B026000001~106,5/20/26,2026-02-01~2026-03-31,認可,認可,103.637 MWh,0 MWh
南亞塑膠工業股份有限公司,嘉義廠區-射出工廠,太陽能,2026,0,181.561,嘉義縣太保市北港路二段201號,782.28 kW,南亞塑膠工業股份有限公司,23SP0266-B026000001~183,5/20/26,2026-01-01~2026-03-31,認可,認可,0 MWh,181.561 MWh
宇軒電業股份有限公司,瀰力肚一、二期,太陽能,2026,68.08,0,屏東縣里港鄉土庫段1772-1、1773地號、瀰力肚段755-15、715-104、715-56地號,780.8 kW,宇軒電業股份有限公司,25SP1989-B026000071~139,4/15/26,2026-02-01~2026-02-28,認可,認可,68.08 MWh,0 MWh
怡和綠電超商股份有限公司,晶久-世佳舊廠,太陽能,2026,238.006,0,彰化縣鹿港鎮鹿工南二路7號,780 kW,怡和綠電超商股份有限公司,25SP2522-B026000001~239,5/20/26,2026-01-01~2026-03-31,認可,認可,238.006 MWh,0 MWh
長興材料工業股份有限公司,西側停車場,太陽能,2026,0,172.712,高雄市路竹區順安段213、214、218、235、236、237、238地號,779.28 kW,長興材料工業股份有限公司,23SP0256-B026000001~174,5/20/26,2026-01-01~2026-03-31,認可,認可,0 MWh,172.712 MWh
精金科技股份有限公司,精金科技-太陽能案場,太陽能,2026,0,76.272,臺南市善化區北園一路7號,777 kW,精金科技股份有限公司,23SP0291-B026000001~77,3/4/26,2026-01-01~2026-01-31,認可,認可,0 MWh,76.272 MWh
和平電力股份有限公司,和平電廠,太陽能,2026,0,157.513,花蓮縣秀林鄉和平村和工二路7號,774.18 kW,和平電力股份有限公司,21SP0049-B026000001~159,5/20/26,2026-01-01~2026-03-31,認可,認可,0 MWh,157.513 MWh
星星電力股份有限公司,國碩利晁 -尤寶慶,太陽能,2026,265.396,0,臺南市麻豆區謝厝寮段1249-0001、1252-0000、1252-0001。,773.16 kW,星星電力股份有限公司,24SP1714-B026000001~274,5/20/26,2026-01-01~2026-03-31,認可,認可,265.396 MWh,0 MWh
怡和綠電超商股份有限公司,博碩綠能有限公司-台南-運通(2期),太陽能,2026,240.833,0,臺南市善化區小新營342號,772.875 kW,怡和綠電超商股份有限公司,25SP2402-B026000001~242,5/20/26,2026-01-01~2026-03-31,認可,認可,240.833 MWh,0 MWh
南茂科技股份有限公司,南茂科技108,太陽能,2026,0,199.814,苗栗縣銅鑼鄉中隆三路17號,772.86 kW,南茂科技股份有限公司,25SP0825-B026000001~201,5/20/26,2026-01-01~2026-03-31,認可,認可,0 MWh,199.814 MWh
晨星電力股份有限公司,(陽光)元翎鋼瓶廠,太陽能,2026,237.02,0,雲林縣虎尾鎮科虎三路18號,772.82 kW,晨星電力股份有限公司,25SP2174-B026000001~239,5/20/26,2026-01-01~2026-03-31,認可,認可,237.02 MWh,0 MWh
怡和綠電超商股份有限公司,嘉創-成台,太陽能,2026,167.966,0,宜蘭縣蘇澳鎮頂寮段0662-0110地號,772.74 kW,怡和綠電超商股份有限公司,25SP3512-B026000002~173,5/20/26,2026-01-01~2026-03-31,認可,認可,167.966 MWh,0 MWh
聯穎光電股份有限公司,聯穎光電股份有限公司,太陽能,2026,0,195.98,新竹縣寶山鄉創新一路10號,771 kW,聯穎光電股份有限公司,23SP0100-B026000001~197,5/20/26,2026-01-01~2026-03-31,認可,認可,0 MWh,195.98 MWh
天能綠電股份有限公司,郡都-屏東縣枋寮鄉北玄段0310、0311地號（一二期）,太陽能,2026,242.462,0,屏東縣枋寮鄉北玄段0310-0000、0311-0000地號,767.82 kW,天能綠電股份有限公司,24SP0948-B026000001~244,5/20/26,2026-01-01~2026-03-31,認可,認可,242.462 MWh,0 MWh
天能綠電股份有限公司,日鼎-浩羚國際屋頂型太陽光案場,太陽能,2026,70.588,0,臺南市善化區光復路297號,766.48 kW,天能綠電股份有限公司,25SP3849-B026000001~71,3/18/26,2026-01-01~2026-01-31,認可,認可,70.588 MWh,0 MWh
開陽電力股份有限公司,玖基企業股份有限公司-樹谷加壓站配水池,太陽能,2026,137.676,0,臺南市新市區堤塘港路6號,765.36 kW,開陽電力股份有限公司,25SP3287-B026000001~143,4/1/26,2026-01-01~2026-02-28,認可,認可,137.676 MWh,0 MWh
台灣銅箔股份有限公司,工業西七路29號,太陽能,2026,0,200.936,彰化縣鹿港鎮工業西七路29號,765 kW,台灣銅箔股份有限公司,23SP0339-B026000001~202,5/20/26,2026-01-01~2026-03-31,認可,認可,0 MWh,200.936 MWh
天能綠電股份有限公司,鉑東-屏東縣屏東市仁愛路188號(一二期),太陽能,2026,68.545,0,屏東縣屏東市仁愛路188號,764.77 kW,天能綠電股份有限公司,24SP2096-B026000066~134,4/1/26,2026-02-01~2026-02-28,認可,認可,68.545 MWh,0 MWh
怡和綠電超商股份有限公司,晁能-楊崇儀(一期+二期合併),太陽能,2026,214.402,0,臺南市鹽水區坔頭港200之100、103號,763.36 kW,怡和綠電超商股份有限公司,25SP1422-B026000001~215,5/20/26,2026-01-01~2026-03-31,認可,認可,214.402 MWh,0 MWh
大自然能源電業股份有限公司,NP191053C001(易利興鋼鐵),太陽能,2026,140.175,93.271,雲林縣西螺鎮七座里文和23號,763.07 kW,大自然能源電業股份有限公司,25SP0484-B026000001~235,5/20/26,2026-01-01~2026-03-31,認可,認可,140.175 MWh,93.271 MWh
怡和綠電超商股份有限公司,漢翔(王董)-陳淑如,太陽能,2026,76.09,0,彰化縣二林鎮新湖巷建521號 (彰化縣二林鎮後厝段0007-0009地號),762.3 kW,怡和綠電超商股份有限公司,25SP1727-B026000070~146,4/1/26,2026-02-01~2026-02-28,認可,認可,76.09 MWh,0 MWh
台塑石化股份有限公司,保養中心-K9108,太陽能,2026,0,221.728,雲林縣麥寮鄉台塑工業園區15號,762.3 kW,台塑石化股份有限公司,25SP1059-B026000001~224,5/20/26,2026-01-01~2026-03-31,認可,認可,0 MWh,221.728 MWh
宇軒電業股份有限公司,南海段195、197一二期,太陽能,2026,76.067,0,臺南市後壁區南海段195、197地號,752.4 kW,宇軒電業股份有限公司,25SP1327-B026000075~151,4/15/26,2026-02-01~2026-02-28,認可,認可,76.067 MWh,0 MWh
晨星電力股份有限公司,(安集)桃子園_篤實營區-案三,太陽能,2026,253.673,0,高雄市左營區介壽路16號(篤實二級廠區、射控間、保養廠空地、工兵機械保養廠、篤實9-14庫房),751.1 kW,晨星電力股份有限公司,25SP1433-B026000001~255,5/20/26,2026-01-01~2026-03-31,認可,認可,253.673 MWh,0 MWh
陽光伏特家電力股份有限公司,新光彰化13、14廠,太陽能,2026,224.451,0,彰化縣大城鄉青埔路16號,750.2 kW,陽光伏特家電力股份有限公司,23SP0443-B026000001~226,5/20/26,2026-01-01~2026-03-31,認可,認可,224.451 MWh,0 MWh
星星電力股份有限公司,神岡營區錶7-B棟B1區/B2區,太陽能,2026,233.418,0,臺中市大雅區中清路5段2號(臺中市神岡區圳堵段01094-000建號),749.98 kW,星星電力股份有限公司,25SP3387-B026000001~235,5/20/26,2026-01-01~2026-03-31,認可,認可,233.418 MWh,0 MWh
陽光伏特家電力股份有限公司,麗橙高雄1、2廠,太陽能,2026,234.528,0,高雄市湖內區仁愛街286號(湖內區劉家段0901-0000、0903-0002地號),749.73 kW,陽光伏特家電力股份有限公司,25SP0081-B026000001~236,5/20/26,2026-01-01~2026-03-31,認可,認可,234.528 MWh,0 MWh
儒鴻企業股份有限公司,儒鴻企業大園廠,太陽能,2026,0,175.746,桃園市大園區大工路134號,749.25 kW,儒鴻企業股份有限公司,24SP0309-B026000001~177,5/20/26,2025-11-29~2026-03-31,認可,認可,0 MWh,175.746 MWh
怡和綠電超商股份有限公司,晴美能源-宇通油脂,太陽能,2026,66.699,0,彰化縣線西鄉彰濱東十路3巷2號,749.25 kW,怡和綠電超商股份有限公司,25SP0895-B026000064~130,4/1/26,2026-02-01~2026-02-28,認可,認可,66.699 MWh,0 MWh
南亞塑膠工業股份有限公司,堆肥廠,太陽能,2026,0,211.295,雲林縣麥寮鄉台塑工業園區6號之6、6之10號,748.25 kW,南亞塑膠工業股份有限公司,24SP2076-B026000001~213,5/20/26,2026-01-01~2026-03-31,認可,認可,0 MWh,211.295 MWh
艾涅爾電力股份有限公司,育渲-苗栗造橋大潭段0892地號,太陽能,2026,117.733,0,苗栗縣造橋鄉大潭段892地號,747.2 kW,艾涅爾電力股份有限公司,24SP1217-B026000001~162,4/8/26,2026-01-01~2026-02-28,認可,認可,117.733 MWh,0 MWh
十萬伏特電力股份有限公司,台勵福,太陽能,2026,130.293,0,南投縣南投市南崗三路109號,747.195 kW,十萬伏特電力股份有限公司,25SP3019-B026000001~132,4/1/26,2026-01-01~2026-02-28,認可,認可,130.293 MWh,0 MWh
天能綠電股份有限公司,"立發-雲林惠來厝5,6地面型太陽光電案場",太陽能,2026,77.556,0,雲林縣虎尾鎮惠來厝段1887-0000、1887-0001、1887-0002、1887-0003、1887-0004、1889-0000、1889-0001、1889-0002地號,746.48 kW,天能綠電股份有限公司,24SP2481-B026000077~154,4/1/26,2026-02-01~2026-02-28,認可,認可,77.556 MWh,0 MWh
星星電力股份有限公司,允強 - 溪州廠C1,太陽能,2026,171.567,0,彰化縣溪州鄉彰化縣溪州鄉舊眉村中山路4段270號,745.18 kW,星星電力股份有限公司,24SP1835-B026000001~173,5/20/26,2026-01-01~2026-03-31,認可,認可,171.567 MWh,0 MWh
晨星電力股份有限公司,(統益)枋寮高中光電球場+園藝步道,太陽能,2026,268.646,0,屏東縣枋寮鄉新龍段177、178、190、196、201、203、205地號,745.14 kW,晨星電力股份有限公司,25SP1070-B026000001~269,5/20/26,2026-01-01~2026-03-31,認可,認可,268.646 MWh,0 MWh
致富鋁業股份有限公司,致富鋁業股份有限公司,太陽能,2026,0,106.37,臺南市安南區工業二路68號,744.755 kW,致富鋁業股份有限公司,25SP1786-B026000001~108,5/20/26,2026-01-01~2026-03-31,認可,認可,0 MWh,106.37 MWh
艾涅爾電力股份有限公司,軒逸-八翁豬舍PV0896,太陽能,2026,100.284,0,臺南市柳營區八老爺140之36號,744.48 kW,艾涅爾電力股份有限公司,25SP1737-B026000001~101,4/8/26,2026-01-01~2026-02-28,認可,認可,100.284 MWh,0 MWh
陽光伏特家電力股份有限公司,新光彰化24、25廠,太陽能,2026,200.904,0,彰化縣芳苑鄉上城路12巷建362號,743.625 kW,陽光伏特家電力股份有限公司,23SP0428-B026000001~205,5/20/26,2026-01-01~2026-03-31,認可,認可,200.904 MWh,0 MWh
開陽電力股份有限公司,玖基企業股份有限公司-清洲淨水場清水池,太陽能,2026,94.337,0,宜蘭縣三星鄉星洲路一段50號,742.7 kW,開陽電力股份有限公司,25SP3312-B026000001~96,4/1/26,2026-01-01~2026-02-28,認可,認可,94.337 MWh,0 MWh
開陽電力股份有限公司,榮華綠金有限公司-嘉義縣太保市太頂珠段地面型,太陽能,2026,229.557,0,嘉義縣太保市太頂珠段0005-0001地號,742.5 kW,開陽電力股份有限公司,25SP0061-B026000001~231,5/20/26,2026-01-01~2026-03-31,認可,認可,229.557 MWh,0 MWh
宇軒電業股份有限公司,旭山段165-1.2期,太陽能,2026,149.656,98.295,"臺南市柳營區旭山段165,166,167地號",741.6 kW,宇軒電業股份有限公司,25SP2016-B026000001~250,5/20/26,2026-01-01~2026-03-31,認可,認可,149.656 MWh,98.295 MWh
台達電子工業股份有限公司,台達中壢五廠,太陽能,2026,0,174.298,桃園市中壢區東園路16號、16號之1,741.39 kW,台達電子工業股份有限公司,21SP0048-B026000001~176,5/20/26,2026-01-01~2026-03-31,認可,認可,0 MWh,174.298 MWh
香印永續股份有限公司,胡書銘,太陽能,2026,95.996,0,屏東縣鹽埔鄉永隆村中校路98巷15號,737.1 kW,香印永續股份有限公司,25SP0575-B026000116~220,4/15/26,2026-01-01~2026-02-28,認可,認可,95.996 MWh,0 MWh
艾涅爾電力股份有限公司,昌蒲PV0274,太陽能,2026,79.49,0,桃園市觀音區觀塘段0070-0000、0071-0000地號,737 kW,艾涅爾電力股份有限公司,24SP0692-B026000001~81,4/8/26,2026-01-01~2026-02-28,認可,認可,79.49 MWh,0 MWh
怡和綠電超商股份有限公司,和田能源(王董)-新文欽新廠+二期,太陽能,2026,198.679,0,彰化縣鹿港鎮工業東四路5號(彰化縣鹿港鎮上林段60地號),736.84 kW,怡和綠電超商股份有限公司,25SP3564-B026000002~201,5/20/26,2026-01-01~2026-03-31,認可,認可,198.679 MWh,0 MWh
怡和綠電超商股份有限公司,嘉創-聯合報 1,太陽能,2026,116.349,50.8,桃園市龜山區頂湖一街45號,736.23 kW,怡和綠電超商股份有限公司,25SP1793-B026000002~170,5/20/26,2026-01-01~2026-03-31,認可,認可,116.349 MWh,50.8 MWh
艾涅爾電力股份有限公司,鑫動綠-程華工業PV0295,太陽能,2026,132.526,0,高雄市燕巢區中安路345-6號,732.78 kW,艾涅爾電力股份有限公司,25SP0098-B026000002~135,4/8/26,2026-01-01~2026-02-28,認可,認可,132.526 MWh,0 MWh
阿波羅電力股份有限公司,安集台中公部門-第四期(第三型),太陽能,2026,139.868,87.86,臺中市大里區練武段0120-0000、0121-0000、0128-0000地號,732.6 kW,阿波羅電力股份有限公司,25SP3198-B026000001~229,5/20/26,2026-01-01~2026-03-31,認可,認可,139.868 MWh,87.86 MWh
晨星電力股份有限公司,(加州儲能)台南市政府一二期,太陽能,2026,214.863,0,臺南市安平區永華路二段6號,732.55 kW,晨星電力股份有限公司,25SP2611-B026000001~217,5/20/26,2026-01-01~2026-03-31,認可,認可,214.863 MWh,0 MWh
中鋼光能股份有限公司,中鋼小鋼胚儲區,太陽能,2026,181.774,0,高雄市小港區中鋼路1號及嘉興街2號,732 kW,中鋼光能股份有限公司,22SP0134-B026000001~183,5/20/26,2026-01-01~2026-03-31,認可,認可,181.774 MWh,0 MWh
陽光伏特家電力股份有限公司,日晶雲林2、3廠,太陽能,2026,209.978,0,雲林縣元長鄉龍岩村龍岩450號,730.6 kW,陽光伏特家電力股份有限公司、天能綠電股份有限公司,24SP0227-B026000001~212,5/20/26,2026-01-01~2026-03-31,認可,認可,209.978 MWh,0 MWh
巨大機械工業股份有限公司,巨大機械日南廠-東倉&中央倉,太陽能,2026,0,220.08,臺中市大甲區順帆路19、19-5號,728.98 kW,巨大機械工業股份有限公司,22SP0062-B026000001~222,5/20/26,2026-01-01~2026-03-31,認可,認可,0 MWh,220.08 MWh
開陽電力股份有限公司,開陽國際生技股份有限公司-嘉義縣太保市太頂珠段地面型,太陽能,2026,211.668,0,嘉義縣太保市太頂珠段0005-0000地號,728.08 kW,開陽電力股份有限公司,25SP0136-B026000001~213,5/20/26,2026-01-01~2026-03-31,認可,認可,211.668 MWh,0 MWh
陽光伏特家電力股份有限公司,匯群高雄1廠,太陽能,2026,247.723,0,高雄市路竹區營前段138、139、147地號,727.65 kW,陽光伏特家電力股份有限公司,25SP0207-B026000001~250,5/20/26,2026-01-01~2026-03-31,認可,認可,247.723 MWh,0 MWh
艾涅爾電力股份有限公司,瑞陽-聖田,太陽能,2026,118.49,0,彰化縣線西鄉彰濱東四路5號,725.9 kW,艾涅爾電力股份有限公司,24SP1871-B026000001~119,4/8/26,2026-01-01~2026-02-28,認可,認可,118.49 MWh,0 MWh
能元超商股份有限公司,林園先進,太陽能,2026,221.269,0,高雄市林園區石化四路2號,725.4 kW,能元超商股份有限公司,25SP1308-B026000001~226,5/20/26,2026-01-01~2026-03-31,認可,認可,221.269 MWh,0 MWh
天能綠電股份有限公司,欣上原_台中梧棲屋頂型太陽光電案場,太陽能,2026,222.995,0,臺中市梧棲區大通路7號,724.275 kW,天能綠電股份有限公司,25SP3420-B026000001~231,5/20/26,2026-01-01~2026-03-31,認可,認可,222.995 MWh,0 MWh
台灣松下電器股份有限公司,台灣松下電器股份有限公司,太陽能,2026,0,166.206,新北市中和區員山路579、579-1號,723.6 kW,台灣松下電器股份有限公司,23SP0312-B026000001~167,5/20/26,2026-01-01~2026-03-31,認可,認可,0 MWh,166.206 MWh
天能綠電股份有限公司,旭旺-台南安南區科技五路39號屋頂型太陽光電案場,太陽能,2026,72.832,0,臺南市安南區科技五路39號,722.38 kW,天能綠電股份有限公司,24SP1937-B026000065~137,4/1/26,2026-02-01~2026-02-28,認可,認可,72.832 MWh,0 MWh
天能綠電股份有限公司,安晟綠能-嘉義民雄一、二期屋頂型太陽光電案場,太陽能,2026,166.324,0,嘉義縣民雄鄉工業二路6號、6之1號、6之2號,721.2 kW,天能綠電股份有限公司,24SP1776-B026000001~169,5/20/26,2026-01-01~2026-03-31,認可,認可,166.324 MWh,0 MWh
台灣玻璃工業股份有限公司,台灣玻璃工業股份有限公司桃園廠 B,太陽能,2026,0,152.206,桃園市觀音區經建五路1號,721.14 kW,台灣玻璃工業股份有限公司,24SP0323-B026000001~154,5/20/26,2026-01-01~2026-03-31,認可,認可,0 MWh,152.206 MWh
陽光伏特家電力股份有限公司,惠來雲林19、20廠,太陽能,2026,212.147,0,雲林縣北港鎮好收146之28號,720 kW,陽光伏特家電力股份有限公司、天能綠電股份有限公司,23SP0379-B026000001~213,5/20/26,2026-01-01~2026-03-31,認可,認可,212.147 MWh,0 MWh
陽光伏特家電力股份有限公司,遠勁1-中山國中,太陽能,2026,222.425,0,臺中市西屯區寧夏路179號,718.9 kW,陽光伏特家電力股份有限公司,25SP4038-B026000001~224,5/20/26,2026-01-01~2026-03-31,認可,認可,222.425 MWh,0 MWh
陽光伏特家電力股份有限公司,益佳桃園2廠,太陽能,2026,77.798,0,桃園市大園區園航路59號,718.08 kW,陽光伏特家電力股份有限公司,25SP0807-B026000001~79,5/20/26,2026-01-01~2026-03-31,認可,認可,77.798 MWh,0 MWh
豐泰企業股份有限公司,豐泰企業股份有限公司(FL儲運中心),太陽能,2026,0,228.859,雲林縣斗六市雲科路三段118號,716.72 kW,豐泰企業股份有限公司,24SP0134-B026000001~230,5/20/26,2026-01-01~2026-03-31,認可,認可,0 MWh,228.859 MWh
晨星電力股份有限公司,(新台)新台塑膠一二六期,太陽能,2026,201.902,0,嘉義縣水上鄉大崙村大崙160號,715.67 kW,晨星電力股份有限公司,25SP2510-B026000001~203,5/20/26,2026-01-01~2026-03-31,認可,認可,201.902 MWh,0 MWh
星星電力股份有限公司,臺南市官田區一期及二期太陽光電發電系統工程 (日辰/裕興),太陽能,2026,154.816,0,臺南市官田區二鎮里工業路1號,715.375 kW,星星電力股份有限公司,24SP0686-B026000001~231,5/20/26,2026-01-01~2026-03-31,認可,認可,154.816 MWh,0 MWh
富威電力股份有限公司,惠來光電-東和化工太陽光電發電廠,太陽能,2026,63.734,0,彰化縣伸港鄉線工北一路11號,715.065 kW,富威電力股份有限公司,25SP1152-B026000057~127,4/1/26,2026-01-01~2026-02-28,認可,認可,63.734 MWh,0 MWh
台灣玻璃工業股份有限公司,台灣玻璃工股份有限公司鹿港平板廠 原料庫棟,太陽能,2026,0,216.046,彰化縣鹿港鎮彰濱工業區鹿工路11號,715.02 kW,台灣玻璃工業股份有限公司,24SP0189-B026000001~218,5/20/26,2026-01-01~2026-03-31,認可,認可,0 MWh,216.046 MWh
富威電力股份有限公司,衆崴-百達精密太陽光電發電廠,太陽能,2026,116.069,82.404,彰化縣鹿港鎮崙工北二路50、52號,714.85 kW,富威電力股份有限公司,25SC0001-B026000001~214,5/20/26,2026-01-01~2026-03-31,認可,認可,116.069 MWh,82.404 MWh
恆利電能股份有限公司,RKA-西屯2 (714.45kw),太陽能,2026,61.219,131.232,臺中市西屯區工業區六路6號,714.45 kW,恆利電能股份有限公司,24SP2375-B026000001~199,5/20/26,2026-01-01~2026-03-31,認可,認可,61.219 MWh,131.232 MWh
艾涅爾電力股份有限公司,昰暟能源-火鐵高壓,太陽能,2026,128.75,0,彰化縣埔心鄉五通南路180號,709.735 kW,艾涅爾電力股份有限公司,24SP1260-B026000001~130,4/8/26,2026-01-01~2026-02-28,認可,認可,128.75 MWh,0 MWh
天能綠電股份有限公司,輝煌-玉井國中2、3、4期太陽光電案場,太陽能,2026,60.278,0,臺南市玉井區大成路152號,707.25 kW,天能綠電股份有限公司,24SP1611-B026000065~109,4/1/26,2026-02-01~2026-02-28,認可,認可,60.278 MWh,0 MWh
寶島陽光電力事業股份有限公司,豐照能源股份有限公司(群創光電股份有限公司A廠一二),太陽能,2026,225.294,0,臺南市新市區奇業路1號,704.25 kW,寶島陽光電力事業股份有限公司,24SP1753-B026000001~227,5/20/26,2026-01-01~2026-03-31,認可,認可,225.294 MWh,0 MWh
天能綠電股份有限公司,圓恆科技-嘉義大埔美一期、二期屋頂型光電案場,太陽能,2026,168.918,0,嘉義縣大林鎮大埔美園區十八路6號,704.25 kW,天能綠電股份有限公司,24SP0827-B026000001~173,5/20/26,2026-01-01~2026-03-31,認可,認可,168.918 MWh,0 MWh
崑鼎綠能環保股份有限公司,高雄港二櫃66倉太陽光電發電廠,太陽能,2026,47.219,120.384,高雄市前鎮區鎮港路16號,703.08 kW,崑鼎綠能環保股份有限公司,23SP0034-B026000001~169,5/20/26,2026-01-01~2026-03-31,認可,認可,47.219 MWh,120.384 MWh
陽光伏特家電力股份有限公司,賽斯高雄1、2廠,太陽能,2026,79.001,0,高雄市小港區漢民路352號,702.975 kW,陽光伏特家電力股份有限公司,24SP0606-B026000016~329,4/1/26,2026-01-01~2026-02-28,認可,認可,79.001 MWh,0 MWh
中鋼光能股份有限公司,中鋼成品倉庫#39庫&第一熱浸鍍鋅線,太陽能,2026,207.446,0,高雄市小港區中鋼路1號,702.72 kW,中鋼光能股份有限公司,22SP0143-B026000001~209,5/20/26,2026-01-01~2026-03-31,認可,認可,207.446 MWh,0 MWh
中鋼光能股份有限公司,中龍室內備品儲區及耐火材料倉庫,太陽能,2026,170.588,0,臺中市龍井區龍昌路100號,702.44 kW,中鋼光能股份有限公司,23SP0105-B026000001~172,5/20/26,2026-01-01~2026-03-31,認可,認可,170.588 MWh,0 MWh
阿波羅電力股份有限公司,泓錠苗栗公部門七期案,太陽能,2026,173.309,0,苗栗縣頭份市斗煥里斗煥199之一號,701.92 kW,阿波羅電力股份有限公司,25SP0350-B026000001~174,5/20/26,2026-01-01~2026-03-31,認可,認可,173.309 MWh,0 MWh
怡和綠電超商股份有限公司,博碩-彰化-林翠琴1、2期,太陽能,2026,157.142,0,彰化縣芳苑鄉三成路建1之1號,701.58 kW,怡和綠電超商股份有限公司,25SP2827-B026000001~159,5/20/26,2026-01-01~2026-03-31,認可,認可,157.142 MWh,0 MWh
大自然能源電業股份有限公司,NP041008C003錦軒能源(優頻科技),太陽能,2026,145.439,0,桃園市觀音區廣興一路205巷36號,701.42 kW,大自然能源電業股份有限公司,24SP0770-B026000001~154,5/20/26,2026-01-01~2026-03-31,認可,認可,145.439 MWh,0 MWh
大自然能源電業股份有限公司,NP081016C001鑫興能源(彰化鹿草),太陽能,2026,240.857,0,"彰化縣鹿港鎮鹿草段1112,1112-1地號",701.385 kW,大自然能源電業股份有限公司,24SP1455-B026000001~248,5/20/26,2026-01-01~2026-03-31,認可,認可,240.857 MWh,0 MWh
陽光伏特家電力股份有限公司,旭陽嘉義1、2廠,太陽能,2026,93.964,0,嘉義縣大林鎮大美里大埔美園區五路6號,701.025 kW,陽光伏特家電力股份有限公司,24SP0289-B026000004~116,5/20/26,2026-01-01~2026-03-31,認可,認可,93.964 MWh,0 MWh
怡和綠電超商股份有限公司,怡和國際能源-振聯一、二期,太陽能,2026,183.244,0,屏東縣萬丹鄉四維村丹榮路998號,697.23 kW,怡和綠電超商股份有限公司,25SP2406-B026000001~185,5/20/26,2026-01-01~2026-03-31,認可,認可,183.244 MWh,0 MWh
亞洲水泥股份有限公司,亞泥花蓮廠第一機組,太陽能,2026,0,86.182,花蓮縣新城鄉新興路125號,696.59 kW,亞洲水泥股份有限公司,24SP1443-B026000001~87,5/20/26,2026-01-01~2026-03-31,認可,認可,0 MWh,86.182 MWh
阿波羅電力股份有限公司,達興許德喜等4人,太陽能,2026,92.934,75.033,澎湖縣湖西鄉紅羅段0193-0000地號、紅羅段0194-0000地號,696.32 kW,阿波羅電力股份有限公司,25SP3195-B026000001~170,5/20/26,2026-01-01~2026-03-31,認可,認可,92.934 MWh,75.033 MWh
中鋼光能股份有限公司,中鋼第二連續退火線(庫,太陽能,2026,196.565,0,高雄市小港區中鋼路1號,695.4 kW,中鋼光能股份有限公司,22SP0146-B026000001~197,5/20/26,2026-01-01~2026-03-31,認可,認可,196.565 MWh,0 MWh
星星電力股份有限公司,日兆_楊碧鳳,太陽能,2026,174.515,0,南投縣魚池鄉南投縣魚池鄉東光村慶隆巷51之28號,694.71 kW,星星電力股份有限公司,24SP1872-B026000001~185,5/20/26,2026-01-01~2026-03-31,認可,認可,174.515 MWh,0 MWh
日禕紡織企業股份有限公司,桃園觀音(屋頂、地面型),太陽能,2026,0,216.4,桃園市觀音區忠富路上大段489號,694.35 kW,日禕紡織企業股份有限公司,25SP0837-B026000001~217,5/20/26,2025-11-25~2026-03-31,認可,認可,0 MWh,216.4 MWh
日集綠能股份有限公司,日集舊庄段太陽光電發電廠,太陽能,2026,125.016,140.016,屏東縣枋山鄉舊庄段468地號,691.92 kW,日集綠能股份有限公司,23SP0138-B026000004~279,5/20/26,2026-01-01~2026-03-31,認可,認可,125.016 MWh,140.016 MWh
橋椿金屬股份有限公司,橋椿金屬股份有限公司,太陽能,2026,0,217.616,臺中市大雅區科雅路11號,690.44 kW,橋椿金屬股份有限公司,24SP0069-B026000001~219,5/20/26,2026-01-01~2026-03-31,認可,認可,0 MWh,217.616 MWh
合眾紙業股份有限公司,合眾紙業,太陽能,2026,0,183.48,雲林縣林內鄉林中村瑞農65號,690.3 kW,合眾紙業股份有限公司,23SP0316-B026000001~184,5/20/26,2026-01-01~2026-03-31,認可,認可,0 MWh,183.48 MWh
怡和綠電超商股份有限公司,昱金生科技-鹽埕停車場,太陽能,2026,213.524,0,高雄市鹽埕區大仁路10號,687.96 kW,怡和綠電超商股份有限公司,25SP3684-B026000001~219,5/20/26,2026-01-01~2026-03-31,認可,認可,213.524 MWh,0 MWh
瓦特先生股份有限公司,大甲野寶,太陽能,2026,101.842,2.6,臺中市大甲區幼九路16號,687.93 kW,瓦特先生股份有限公司,21SP0010-B026000001~108,5/20/26,2026-01-01~2026-03-31,認可,認可,101.842 MWh,2.6 MWh
中鋼光能股份有限公司,中鋼第一熱軋精整,太陽能,2026,203.014,0,高雄市小港區中鋼路1號,686.76 kW,中鋼光能股份有限公司,22SP0157-B026000001~204,5/20/26,2026-01-01~2026-03-31,認可,認可,203.014 MWh,0 MWh
艾涅爾電力股份有限公司,太翔-仁友客運二期,太陽能,2026,122.695,0,臺中市南屯區寶文段422地號,685.75 kW,艾涅爾電力股份有限公司,24SP1739-B026000001~186,4/8/26,2026-01-01~2026-02-28,認可,認可,122.695 MWh,0 MWh
怡和綠電超商股份有限公司,怡和國際能源-森鉅四期C棟F棟,太陽能,2026,123.64,80.325,臺南市仁德區義林路256巷168號,685.72 kW,怡和綠電超商股份有限公司,25SP0723-B026000001~231,5/20/26,2026-01-01~2026-03-31,認可,認可,123.64 MWh,80.325 MWh
強新工業股份有限公司,強新七廠,太陽能,2026,121,82.47,臺南市佳里區海澄里萊芊寮12之37號,682.525 kW,強新工業股份有限公司,24SP0352-B026000001~206,5/20/26,2026-01-01~2026-03-31,認可,認可,121 MWh,82.47 MWh
中鋼光能股份有限公司,中鋼#17成品倉庫,太陽能,2026,201.01,0,高雄市小港區中鋼路1號及嘉興街2號,680.76 kW,中鋼光能股份有限公司,22SP0149-B026000001~203,5/20/26,2026-01-01~2026-03-31,認可,認可,201.01 MWh,0 MWh
怡和綠電超商股份有限公司,戎居-G9,太陽能,2026,197.114,0,臺南市下營區茅港尾段666-36地號,678.28 kW,怡和綠電超商股份有限公司,25SP0958-B026000001~198,5/20/26,2026-01-01~2026-03-31,認可,認可,197.114 MWh,0 MWh
台達電子工業股份有限公司,台達電子工業股份有限公司(平鎮廠),太陽能,2026,0,154.408,桃園市平鎮區中興路平鎮段458號,677.12 kW,台達電子工業股份有限公司,21SP0047-B026000001~156,5/20/26,2026-01-01~2026-03-31,認可,認可,0 MWh,154.408 MWh
艾涅爾電力股份有限公司,太翔-仁友客運一期,太陽能,2026,119.043,0,臺中市南屯區寶文段422地號,675.35 kW,艾涅爾電力股份有限公司,24SP1843-B026000004~175,4/8/26,2026-01-01~2026-02-28,認可,認可,119.043 MWh,0 MWh
大自然能源電業股份有限公司,NP111066COO2諾可(信和),太陽能,2026,172.022,42.143,高雄市梓官區大舍東路300巷26號,674.88 kW,大自然能源電業股份有限公司,25SP0671-B026000001~219,5/20/26,2026-01-01~2026-03-31,認可,認可,172.022 MWh,42.143 MWh
宇軒電業股份有限公司,大客南段656、659、660地號,太陽能,2026,67.045,0,臺南市東山區大客南段656、659、660地號,673.7 kW,宇軒電業股份有限公司,25SP1328-B026000070~137,4/15/26,2026-02-01~2026-02-28,認可,認可,67.045 MWh,0 MWh
恆利電能股份有限公司,W-嘉義朴子1 (672.52kw),太陽能,2026,115.955,78.708,嘉義縣朴子市崁後83之21號,672.52 kW,恆利電能股份有限公司,25SP0295-B026000001~200,5/20/26,2026-01-01~2026-03-31,認可,認可,115.955 MWh,78.708 MWh
聯華電子股份有限公司8CD,8D,太陽能,2026,0,170.956,新竹市東區力行三路6號、8號,672.29 kW,聯華電子股份有限公司8CD,23SP0025-B026000001~172,5/20/26,2026-01-01~2026-03-31,認可,認可,0 MWh,170.956 MWh
香印永續股份有限公司,旺矽路竹,太陽能,2026,204.845,0,高雄市路竹區路科一路5號、7號,671.88 kW,香印永續股份有限公司,25SP0675-B026000001~638,5/20/26,2026-01-01~2026-03-31,認可,認可,204.845 MWh,0 MWh
續興股份有限公司,永靖高工,太陽能,2026,199.102,0,彰化縣永靖鄉永坡路101號(國立永靖高級工業職業學校),669.72 kW,續興股份有限公司,25SP2956-B026000001~201,5/20/26,2026-01-01~2026-03-31,認可,認可,199.102 MWh,0 MWh
冠越科技工程股份有限公司,興隆興太陽光電發電廠,太陽能,2026,83.885,0,嘉義縣大林鎮大美里19鄰大埔美園區三路55號,669.6 kW,曜越綠電股份有限公司、冠越科技工程股份有限公司,23SP0164-B026000001~86,5/20/26,2026-01-01~2026-03-31,認可,認可,83.885 MWh,0 MWh
陽光伏特家電力股份有限公司,創勁10、11-翔宇貿易,太陽能,2026,199.054,0,彰化縣鹿港鎮工業西七路1之41號,667.575 kW,陽光伏特家電力股份有限公司,25SP2068-B026000001~201,5/20/26,2026-01-01~2026-03-31,認可,認可,199.054 MWh,0 MWh
晨星電力股份有限公司,(晉丞)南投新豐國小(一)(二)(三),太陽能,2026,175.595,4.938,南投縣南投市彰南路三段221號,665.505 kW,晨星電力股份有限公司,25SP4159-B026000001~189,5/20/26,2026-01-01~2026-03-31,認可,認可,175.595 MWh,4.938 MWh
天能綠電股份有限公司,叡朋科技-路竹民權豬舍一、二期屋頂型太陽光電案場(康武鎮),太陽能,2026,192.696,0,高雄市路竹區民權路35之1號,664.455 kW,天能綠電股份有限公司,24SP0470-B026000001~194,5/20/26,2026-01-01~2026-03-31,認可,認可,192.696 MWh,0 MWh
怡和綠電超商股份有限公司,旭順發-梁昆金牧場,太陽能,2026,190.035,0,雲林縣褒忠鄉褒忠鄉鎮安路32之52號,664.24 kW,怡和綠電超商股份有限公司,25SP1708-B026000001~192,5/20/26,2026-01-01~2026-03-31,認可,認可,190.035 MWh,0 MWh
欣建工業股份有限公司,欣建工業一二期,太陽能,2026,0,229.48,高雄市橋頭區芋林路301號,664.2 kW,欣建工業股份有限公司,22SP0042-B026000001~231,5/20/26,2026-01-01~2026-03-31,認可,認可,0 MWh,229.48 MWh
力麗企業股份有限公司,芳苑力麗B棟,太陽能,2026,0,268.091,彰化縣芳苑鄉工區十一路34號,663 kW,力麗企業股份有限公司,25SP3998-B026000001~269,5/20/26,2025-11-13~2026-03-31,認可,認可,0 MWh,268.091 MWh
正瀚生技股份有限公司,正瀚生技自發自用太陽能發電案廠,太陽能,2026,0,214.284,南投縣南投市文獻路89號,661.5 kW,正瀚生技股份有限公司,23SP0171-B026000001~215,5/20/26,2026-01-01~2026-03-31,認可,認可,0 MWh,214.284 MWh
台灣穗高科技股份有限公司,(一廠二、三期)太陽能設備,太陽能,2026,0,187.464,臺南市新市區環東路一段2號,660.66 kW,台灣穗高科技股份有限公司,25SP0047-B026000001~189,5/20/26,2026-01-01~2026-03-31,認可,認可,0 MWh,187.464 MWh
怡和綠電超商股份有限公司,嘉創-麗清科技 1,太陽能,2026,93.762,42.175,桃園市觀音區成功路1段513號,659.28 kW,怡和綠電超商股份有限公司,25SP1794-B026000002~140,5/20/26,2026-01-01~2026-03-31,認可,認可,93.762 MWh,42.175 MWh
晨星電力股份有限公司,樺嶺企業股份有限公司,太陽能,2026,228.109,0,臺南市鹽水區岸內里蔦松腳13之5號,655.38 kW,晨星電力股份有限公司,25SP1031-B026000001~229,5/20/26,2026-01-01~2026-03-31,認可,認可,228.109 MWh,0 MWh
鴻海精密工業股份有限公司,鴻海精密工業股份有限公司,太陽能,2026,0,145.838,新北市土城區自由街2號,653.725 kW,鴻海精密工業股份有限公司,24SP0050-B026000001~147,5/20/26,2026-01-01~2026-03-31,認可,認可,0 MWh,145.838 MWh
怡和綠電超商股份有限公司,弦華科技-高雄市路竹區路科三路2-2號,太陽能,2026,137.368,71.653,高雄市路竹區路科三路2-2號,653.42 kW,怡和綠電超商股份有限公司,25SP2457-B026000001~215,5/20/26,2026-01-01~2026-03-31,認可,認可,137.368 MWh,71.653 MWh
臺灣菸酒股份有限公司,臺灣菸酒股份有限公司(竹南啤酒廠),太陽能,2026,0,170.128,苗栗縣竹南鎮和興路345號,652.72 kW,臺灣菸酒股份有限公司,23SP0099-B026000001~172,5/20/26,2026-01-01~2026-03-31,認可,認可,0 MWh,170.128 MWh
崑鼎綠能環保股份有限公司,高雄港二櫃63倉太陽光電發電廠,太陽能,2026,44.682,16.318,高雄市前鎮區鎮港路16號,652.05 kW,崑鼎綠能環保股份有限公司,23SP0033-B026000001~62,4/1/26,2026-01-01~2026-02-28,認可,認可,44.682 MWh,16.318 MWh
晨星電力股份有限公司,(亞沃)精銳1.2,太陽能,2026,203.717,0,臺中市后里區后科南路18號,650.24 kW,晨星電力股份有限公司,25SP2950-B026000001~205,5/20/26,2026-01-01~2026-03-31,認可,認可,203.717 MWh,0 MWh
達邁科技股份有限公司,達邁科技股份有限公司,太陽能,2026,0,178.45,苗栗縣銅鑼鄉銅科二路6號,650.08 kW,達邁科技股份有限公司,22SP0045-B026000001~180,5/20/26,2026-01-01~2026-03-31,認可,認可,0 MWh,178.45 MWh
星星電力股份有限公司,琉璃光_官田,太陽能,2026,21.319,0,臺南市官田區臺南市官田區番子渡頭段310-16等地號,649.955 kW,星星電力股份有限公司,24SP0075-B026000002~28,5/20/26,2026-01-01~2026-03-31,認可,認可,21.319 MWh,0 MWh
晨星電力股份有限公司,(亞沃)新泰山1.2,太陽能,2026,200.318,0,屏東縣高樹鄉新泰山段0853地號,646.75 kW,晨星電力股份有限公司,25SP1778-B026000001~202,5/20/26,2026-01-01~2026-03-31,認可,認可,200.318 MWh,0 MWh
星星電力股份有限公司,國碩科技-綺麗珊瑚博物館B棟,太陽能,2026,128.628,0,宜蘭縣蘇澳鎮利工一路一段6號,646.57 kW,星星電力股份有限公司,25SP2369-B026000001~131,5/20/26,2026-01-01~2026-03-31,認可,認可,128.628 MWh,0 MWh
星星電力股份有限公司,日兆_羅秋鎮,太陽能,2026,184.021,0,雲林縣東勢鄉雲林縣東勢鄉嘉芳南路61之25號,646.38 kW,星星電力股份有限公司,24SP1546-B026000001~193,5/20/26,2026-01-01~2026-03-31,認可,認可,184.021 MWh,0 MWh
陽光伏特家電力股份有限公司,睿聯高雄1、2廠,太陽能,2026,142.051,0,高雄市路竹區中山路88巷56號,646.04 kW,陽光伏特家電力股份有限公司,23SP0235-B026000021~205,5/20/26,2026-01-01~2026-03-31,認可,認可,142.051 MWh,0 MWh
艾涅爾電力股份有限公司,鑫鐮-至光,太陽能,2026,119.335,0,臺中市大里區景庄街180巷20號,643.29 kW,艾涅爾電力股份有限公司,24SP2025-B026000001~121,4/8/26,2026-01-01~2026-02-28,認可,認可,119.335 MWh,0 MWh
怡和綠電超商股份有限公司,東南水泥1、2期,太陽能,2026,59.282,0,高雄市仁武區高楠公路95之1號(善德段383、384、384-1、386、387、391-1地號),640.05 kW,怡和綠電超商股份有限公司,25SP1830-B026000060~119,4/1/26,2026-02-01~2026-02-28,認可,認可,59.282 MWh,0 MWh
續興股份有限公司,復華機械,太陽能,2026,153.128,0,高雄市大寮區和業二路16號、翁公園段三小段2003-0033、2003-0034地號,633.07 kW,續興股份有限公司,24SP2132-B026000001~154,5/20/26,2026-01-01~2026-03-31,認可,認可,153.128 MWh,0 MWh
富威電力股份有限公司,日盛全-台玻太陽光電發電廠,太陽能,2026,168.659,9.003,彰化縣鹿港鎮鹿工南四路30號,632 kW,富威電力股份有限公司,25SP1292-B026000001~190,5/20/26,2026-01-01~2026-03-31,認可,認可,168.659 MWh,9.003 MWh
怡和綠電超商股份有限公司,克林-和勤機械,太陽能,2026,186.404,0,彰化縣伸港鄉興工路40號,631.16 kW,怡和綠電超商股份有限公司,25SP3861-B026000001~188,5/20/26,2026-01-01~2026-03-31,認可,認可,186.404 MWh,0 MWh
欣昱晟工業股份有限公司,欣昱晟工業股份有限公司,太陽能,2026,0,20.896,臺南市安南區工業六路57號,628.23 kW,欣昱晟工業股份有限公司,25SP3366-B026000001~22,5/20/26,2026-01-21~2026-03-31,認可,認可,0 MWh,20.896 MWh
晨星電力股份有限公司,(亞沃)金城國中-屋頂+球場,太陽能,2026,202.467,0,臺南市安平區怡平路8號 台南市安平區新南段0046-0000地號,627.33 kW,晨星電力股份有限公司,25SP1772-B026000001~204,5/20/26,2026-01-01~2026-03-31,認可,認可,202.467 MWh,0 MWh
超豐電子股份有限公司,超豐電子501,太陽能,2026,0,153.5,苗栗縣頭份市民生里10鄰中民路11號,625.86 kW,超豐電子股份有限公司,25SP1401-B026000001~155,5/20/26,2026-01-01~2026-03-31,認可,認可,0 MWh,153.5 MWh
艾涅爾電力股份有限公司,陽欣-翊誠,太陽能,2026,120.26,0,臺中市大里區草堤路158巷15號、草堤路158巷13弄22號,624.24 kW,艾涅爾電力股份有限公司,24SP1975-B026000001~121,4/8/26,2026-01-01~2026-02-28,認可,認可,120.26 MWh,0 MWh
中鋼光能股份有限公司,中龍第一原水池,太陽能,2026,139.397,0,臺中市龍井區龍昌路100號,622.2 kW,中鋼光能股份有限公司,23SP0109-B026000001~141,5/20/26,2026-01-01~2026-03-31,認可,認可,139.397 MWh,0 MWh
天能綠電股份有限公司,光旭盈10--屏東皓正鋼構屋頂型光電案場,太陽能,2026,176.487,8.589,屏東縣萬丹鄉萬壽路一段178巷36號,620.1 kW,天能綠電股份有限公司,25SP0124-B026000001~193,5/20/26,2026-01-01~2026-03-31,認可,認可,176.487 MWh,8.589 MWh
怡和綠電超商股份有限公司,晶久綠能(王董)-啟華工業,太陽能,2026,165.278,0,彰化縣鹿港鎮工業東三路11號(即彰化縣鹿港鎮上林段0075-0000地號),618 kW,怡和綠電超商股份有限公司,25SP0793-B026000001~167,5/20/26,2026-01-01~2026-03-31,認可,認可,165.278 MWh,0 MWh
阿波羅電力股份有限公司,辰信陳志榮,太陽能,2026,106.623,71.227,雲林縣水林鄉西井105之23號,616.64 kW,阿波羅電力股份有限公司,25SP1652-B026000001~179,5/20/26,2026-01-01~2026-03-31,認可,認可,106.623 MWh,71.227 MWh
大自然能源電業股份有限公司,NP041004C003佳益能源(嘉聯益一),太陽能,2026,35.798,0,桃園市觀音區桃科十路8號,615.06 kW,大自然能源電業股份有限公司,24SP0437-B026000001~36,3/4/26,2026-01-01~2026-01-31,認可,認可,35.798 MWh,0 MWh
大光長榮機械股份有限公司,大光,太陽能,2026,57,14.712,臺中市大里區工業九路51.53號,614.84 kW,大光長榮機械股份有限公司,24SP0005-B026000001~73,5/20/26,2026-01-01~2026-03-31,認可,認可,57 MWh,14.712 MWh
富威電力股份有限公司,晃晏-鏵友益太陽光電發電廠,太陽能,2026,64.407,46.117,高雄市路竹區北嶺六路88號,613.46 kW,富威電力股份有限公司,25SP1539-B026000075~290,5/20/26,2026-02-01~2026-03-31,認可,認可,64.407 MWh,46.117 MWh
天能綠電股份有限公司,國紡企業一&二期屋頂型太陽光電案場,太陽能,2026,199.626,0,雲林縣斗六市科加段0117-0000地號,612.15 kW,天能綠電股份有限公司,25SP4084-B026000001~203,5/20/26,2026-01-01~2026-03-31,認可,認可,199.626 MWh,0 MWh
天能綠電股份有限公司,輝煌-六甲國小太陽光電案場,太陽能,2026,49.855,0,臺南市六甲區中正路319號,612 kW,天能綠電股份有限公司,25SP0861-B026000050~100,4/1/26,2026-02-01~2026-02-28,認可,認可,49.855 MWh,0 MWh
環台光電股份有限公司,環台承煒實業廠房屋頂太陽光電發電廠,太陽能,2026,110.849,0,臺中市神岡區神洲路750號,611.66 kW,十萬伏特電力股份有限公司、環台光電股份有限公司,23SP0247-B026000001~113,4/1/26,2026-01-01~2026-02-28,認可,認可,110.849 MWh,0 MWh
誠美材料科技股份有限公司,誠美材料科技股份有限公司,太陽能,2026,0,151.642,臺南市善化區木柵港西路13號,611.52 kW,誠美材料科技股份有限公司,17SP0005-B026000001~153,5/20/26,2026-01-01~2026-03-31,認可,認可,0 MWh,151.642 MWh
星星電力股份有限公司,維棋-H區,太陽能,2026,175.969,0,雲林縣莿桐鄉大埔尾段2851地號,610.8 kW,星星電力股份有限公司,25SP0203-B026000002~261,5/20/26,2026-01-01~2026-03-31,認可,認可,175.969 MWh,0 MWh
艾涅爾電力股份有限公司,太旭-黃林汪PV0175,太陽能,2026,94.574,0,苗栗縣後龍鎮新港段埔頂小段145、146、146-1、147地號,610.3 kW,艾涅爾電力股份有限公司,24SP0032-B026000001~434,4/8/26,2026-01-01~2026-02-28,認可,認可,94.574 MWh,0 MWh
怡和綠電超商股份有限公司,晶久綠能-鈜發實業,太陽能,2026,195.956,0,高雄市路竹區復興路1273號,610.24 kW,怡和綠電超商股份有限公司,25SP1673-B026000001~198,5/20/26,2026-01-01~2026-03-31,認可,認可,195.956 MWh,0 MWh
中鋼光能股份有限公司,中聯資南堤廠,太陽能,2026,119.034,0,臺中市龍井區南堤路2號,609.28 kW,中鋼光能股份有限公司,23SP0157-B026000001~121,5/20/26,2026-01-01~2026-03-31,認可,認可,119.034 MWh,0 MWh
宇軒電業股份有限公司,亞立森1、2,太陽能,2026,0,179.743,臺南市永康區和平東路159、159-1號,606.6 kW,宇軒電業股份有限公司,25SP3776-B026000001~181,5/20/26,2026-01-01~2026-03-31,認可,認可,0 MWh,179.743 MWh
阿波羅電力股份有限公司,力寳龍A棟,太陽能,2026,104.748,65.784,彰化縣芳苑鄉工區十一路34號,605.15 kW,阿波羅電力股份有限公司,25SP3703-B026000001~171,5/20/26,2026-01-01~2026-03-31,認可,認可,104.748 MWh,65.784 MWh
開陽電力股份有限公司,開陽能源股份有限公司-民安國小,太陽能,2026,70.307,0,新北市新莊區民安路261號,603.84 kW,開陽電力股份有限公司,25SP1407-B026000001~71,4/1/26,2026-01-01~2026-02-28,認可,認可,70.307 MWh,0 MWh
續興股份有限公司,新智彰化9廠,太陽能,2026,0,97.517,彰化縣芳苑鄉大同路建667號,602.68 kW,續興股份有限公司,25SP2961-B026000001~98,4/22/26,2026-01-01~2026-02-28,認可,認可,0 MWh,97.517 MWh
裕益汽車股份有限公司,順益一期,太陽能,2026,0,128.1,桃園市中壢區中園路158號、158-1號,602.48 kW,裕益汽車股份有限公司,21SP0056-B026000001~130,5/20/26,2026-01-01~2026-03-31,認可,認可,0 MWh,128.1 MWh
宏偉勝工業股份有限公司,宏偉勝工業股份有限公司,太陽能,2026,0,104.824,南投縣名間鄉頂廍巷42、42之1號,600.92 kW,宏偉勝工業股份有限公司,25SP1065-B026000001~106,5/20/26,2026-01-01~2026-03-31,認可,認可,0 MWh,104.824 MWh
陽光伏特家電力股份有限公司,旭陽台南1、2廠,太陽能,2026,83.902,0,臺南市柳營區工五路5號,600.78 kW,陽光伏特家電力股份有限公司,24SP1655-B026000004~110,5/20/26,2026-01-01~2026-03-31,認可,認可,83.902 MWh,0 MWh
艾涅爾電力股份有限公司,太旭-邱文章PV0139,太陽能,2026,101.414,0,苗栗縣苗栗市嘉盛段1429-0000、1430-0000地號,599.4 kW,艾涅爾電力股份有限公司,24SP0048-B026000001~434,4/8/26,2026-01-01~2026-02-28,認可,認可,101.414 MWh,0 MWh
艾涅爾電力股份有限公司,雅博-新虎將PV0919,太陽能,2026,26.801,73.486,臺中市外埔區水頭一路100巷66號、68號、72號,599.01 kW,艾涅爾電力股份有限公司,24SP0900-B026000001~107,4/8/26,2026-01-01~2026-02-28,認可,認可,26.801 MWh,73.486 MWh
怡和綠電超商股份有限公司,賽斯新能源-科工館北館一、二期,太陽能,2026,185.903,0,高雄市三民區九如一路720號,597.45 kW,怡和綠電超商股份有限公司,25SP2435-B026000001~188,5/20/26,2026-01-01~2026-03-31,認可,認可,185.903 MWh,0 MWh
陽光伏特家電力股份有限公司,新光雲林3、4廠,太陽能,2026,7.044,0,雲林縣四湖鄉羊調村中洋南路17之1號,594 kW,陽光伏特家電力股份有限公司,23SP0218-B026000001~95,4/1/26,2026-01-01~2026-02-28,認可,認可,7.044 MWh,0 MWh
阿波羅電力股份有限公司,力寳龍E棟,太陽能,2026,116.647,76.411,彰化縣芳苑鄉工區十路16號,593.34 kW,阿波羅電力股份有限公司,25SP3906-B026000001~195,5/20/26,2026-01-01~2026-03-31,認可,認可,116.647 MWh,76.411 MWh
南台彩藝股份有限公司,同昱能源 GTEC-340G3S6A,太陽能,2026,0,39.401,臺南市安南區工業六路29號,591.26 kW,南台彩藝股份有限公司,25SP2874-B026000001~40,4/8/26,2025-11-25~2026-02-28,認可,認可,0 MWh,39.401 MWh
開陽電力股份有限公司,前進綠能科技有限公司-台北國防醫學院汽機車停車場,太陽能,2026,69.537,0,臺北市內湖區民權東路六段161號,585.71 kW,開陽電力股份有限公司,25SP2735-B026000001~70,4/1/26,2026-01-01~2026-02-28,認可,認可,69.537 MWh,0 MWh
長春石油化學股份有限公司苗栗廠,一廠區停車場,太陽能,2026,0,145.89,苗栗縣苗栗市福星段田寮小段4、5地號,585.48 kW,長春石油化學股份有限公司苗栗廠,24SP0838-B026000001~147,5/20/26,2026-01-01~2026-03-31,認可,認可,0 MWh,145.89 MWh
大自然能源電業股份有限公司,NP181021C001 (統益-八卦國小),太陽能,2026,166.89,0,高雄市仁武區豐禾段618、619、620、621、622、623、624、625、626、688、1421、1423地號,584.91 kW,大自然能源電業股份有限公司、晨星電力股份有限公司,24SP1185-B026000001~169,5/20/26,2026-01-01~2026-03-31,認可,認可,166.89 MWh,0 MWh
開陽電力股份有限公司,開陽能源-臺東女子高中,太陽能,2026,92.196,0,臺東縣臺東市四維路一段690號、690之1號,583.02 kW,開陽電力股份有限公司,25SP2737-B026000001~94,4/1/26,2026-01-01~2026-02-28,認可,認可,92.196 MWh,0 MWh
六和機械股份有限公司,中壢廠,太陽能,2026,0,128.456,桃園市中壢區新生路二段334號,582.12 kW,六和機械股份有限公司,21SP0040-B026000001~130,5/20/26,2026-01-01~2026-03-31,認可,認可,0 MWh,128.456 MWh
巨菱精密化學股份有限公司,巨菱精密化學股份有限公司 台中港廠,太陽能,2026,0,88.28,臺中市梧棲區南堤路二段75號,577.8 kW,巨菱精密化學股份有限公司,24SP1417-B026000001~89,4/1/26,2026-01-01~2026-02-28,認可,認可,0 MWh,88.28 MWh
怡和綠電超商股份有限公司,欣雄-公誠國小,太陽能,2026,155.654,17.513,臺南市新營區興業段0491-000、0492-0000地號(市立公誠國小),577.15 kW,怡和綠電超商股份有限公司,25SP3933-B026000001~183,5/20/26,2026-01-01~2026-03-31,認可,認可,155.654 MWh,17.513 MWh
天能綠電股份有限公司,晶豪_郭俊億菇舍一期屋頂型太陽光電案場,太陽能,2026,42.245,0,南投縣埔里鎮守城路32之2號,575.32 kW,天能綠電股份有限公司,25SP3820-B026000001~43,4/22/26,2026-01-01~2026-01-31,認可,認可,42.245 MWh,0 MWh
富威電力股份有限公司,日盛全-精鋁太陽光電發電廠,太陽能,2026,63.632,0,臺南市安南區鹿耳一路128號,574 kW,富威電力股份有限公司,25SP1636-B026000056~125,4/1/26,2026-01-01~2026-02-28,認可,認可,63.632 MWh,0 MWh
天能綠電股份有限公司,日鼎-興國高中屋頂型太陽光案場,太陽能,2026,53.975,0,臺南市新營區大同路86號,570.57 kW,天能綠電股份有限公司,25SP3788-B026000001~54,3/18/26,2026-01-01~2026-01-31,認可,認可,53.975 MWh,0 MWh
梧濟工業股份有限公司,梧濟工業股份有限公司四期,太陽能,2026,18,24.74,臺中市南屯區臺中市南屯區工業區二十路42號,568.46 kW,梧濟工業股份有限公司,25SP2526-B026000002~45,5/20/26,2026-01-01~2026-03-31,認可,認可,18 MWh,24.74 MWh
晨星電力股份有限公司,(統益)南安國小,太陽能,2026,0,197.146,臺南市安定區港尾段1285、1308、1309、1312、1313地號,565.44 kW,晨星電力股份有限公司,26SP0158-B026000001~198,5/20/26,2026-01-01~2026-03-31,認可,認可,0 MWh,197.146 MWh
晨星電力股份有限公司,(統益)麻豆國小(風雨球場)(停車場),太陽能,2026,170.643,18.139,臺南市麻豆區東角段0648-0000、0646-0001、0648-0004地號/東角段0648-0000、0648-0004地號,565.15 kW,晨星電力股份有限公司,25SP4234-B026000001~201,5/20/26,2026-01-01~2026-03-31,認可,認可,170.643 MWh,18.139 MWh
天能綠電股份有限公司,日晶旺-台南楠西區558.135kwp地面型太陽光電案場,太陽能,2026,198.635,0,臺南市楠西區楠西段0083-0000地號,558.135 kW,天能綠電股份有限公司,24SP0768-B026000001~201,5/20/26,2026-01-01~2026-03-31,認可,認可,198.635 MWh,0 MWh
誠美材料科技股份有限公司,誠美材料科技股份有限公司三期,太陽能,2026,0,150.547,臺南市善化區木柵港西路13號,556.85 kW,誠美材料科技股份有限公司,25SP0498-B026000001~152,5/20/26,2026-01-01~2026-03-31,認可,認可,0 MWh,150.547 MWh
晨星電力股份有限公司,(加州儲能)安順國小一二期,太陽能,2026,1.792,0,臺南市安南區安和路3段193號,554.2 kW,晨星電力股份有限公司,25SP2573-B026000001~3,5/20/26,2026-01-01~2026-03-31,認可,認可,1.792 MWh,0 MWh
星星電力股份有限公司,允強 - 溪州廠C2,太陽能,2026,125.591,0,彰化縣溪州鄉彰化縣溪州鄉舊眉村中山路4段270號,554.04 kW,星星電力股份有限公司,24SP1834-B026000001~127,5/20/26,2026-01-01~2026-03-31,認可,認可,125.591 MWh,0 MWh
晨星電力股份有限公司,(沅碁)文府國小一~三期,太陽能,2026,170.485,0,高雄市左營區文府路399號,548.72 kW,晨星電力股份有限公司,25SP2609-B026000001~172,5/20/26,2026-01-01~2026-03-31,認可,認可,170.485 MWh,0 MWh
力晶積成電子製造股份有限公司,力積電新竹廠區,太陽能,2026,0,135.067,新竹市東區新竹科學園區新竹市力行一路12號,541.68 kW,力晶積成電子製造股份有限公司,23SP0094-B026000001~137,5/20/26,2026-01-01~2026-03-31,認可,認可,0 MWh,135.067 MWh
怡和綠電超商股份有限公司,惠嘉電-彰化縣鹿港鎮鹿工路51號,太陽能,2026,150.733,0,彰化縣鹿港鎮鹿工路51號(彰化縣鹿港鎮鹿海段0031-0023、0031-0024地號),539.6 kW,怡和綠電超商股份有限公司,25SP3819-B026000002~153,5/20/26,2026-01-01~2026-03-31,認可,認可,150.733 MWh,0 MWh
天能綠電股份有限公司,城市發展-屏東縣林邊鄉鎮安段地面型太陽光電案場,太陽能,2026,187.372,0,屏東縣林邊鄉鎮安段1000-0000、1001-0000地號,538.74 kW,天能綠電股份有限公司,24SP0440-B026000001~188,5/20/26,2026-01-01~2026-03-31,認可,認可,187.372 MWh,0 MWh
中華汽車工業股份有限公司,中華汽車(楊梅廠)第一期屋頂型光電案,太陽能,2026,0,113.966,桃園市楊梅區秀才路618號,536.5 kW,中華汽車工業股份有限公司,24SP1280-B026000001~115,5/20/26,2026-01-01~2026-03-31,認可,認可,0 MWh,113.966 MWh
上銀科技股份有限公司,營運總部,太陽能,2026,0,146.442,臺中市南屯區精科路7號,535.11 kW,上銀科技股份有限公司,24SP1359-B026000001~148,5/20/26,2026-01-01~2026-03-31,認可,認可,0 MWh,146.442 MWh
台灣穗高科技股份有限公司,(一廠四期)太陽能設備,太陽能,2026,0,162.56,臺南市新市區環東路一段2號,535.08 kW,台灣穗高科技股份有限公司,24SP1365-B026000001~164,5/20/26,2026-01-01~2026-03-31,認可,認可,0 MWh,162.56 MWh
財團法人工業技術研究院-光復院區,財團法人工業技術研究院-光復院區,太陽能,2026,0,131.915,新竹市東區光復路2段321號,532.85 kW,財團法人工業技術研究院-光復院區,22SP0116-B026000001~134,5/20/26,2026-01-01~2026-03-31,認可,認可,0 MWh,131.915 MWh
中國鋼鐵股份有限公司,小港廠,太陽能,2026,0,121.958,高雄市小港區茂大街4號,529.29 kW,中國鋼鐵股份有限公司,21SP0033-B026000001~123,5/20/26,2026-01-01~2026-03-31,認可,認可,0 MWh,121.958 MWh
聯華電子股份有限公司8F,8F-FAB,太陽能,2026,0,134.96,新竹市東區力行六路3號,529.1 kW,聯華電子股份有限公司8F,23SP0001-B026000001~136,5/20/26,2026-01-01~2026-03-31,認可,認可,0 MWh,134.96 MWh
台塑汽車股份有限公司,大肚廠二期,太陽能,2026,0,115.109,臺中市大肚區沙田路2段310巷2號,528.55 kW,台塑汽車股份有限公司,23SP0075-B026000001~117,5/20/26,2026-01-01~2026-03-31,認可,認可,0 MWh,115.109 MWh
巨大機械工業股份有限公司,巨大機械工業524.8kWp停車棚太陽光電發電系統設置工程,太陽能,2026,0,148.4,臺中市大甲區渭水段0046-0000地號,524.8 kW,巨大機械工業股份有限公司,23SP0051-B026000001~149,5/20/26,2026-01-01~2026-03-31,認可,認可,0 MWh,148.4 MWh
三福氣體股份有限公司,三福氣體安南廠,太陽能,2026,0,155.507,臺南市安南區鹿耳二路168號,524.8 kW,三福氣體股份有限公司,24SP0490-B026000001~157,5/20/26,2026-01-01~2026-03-31,認可,認可,0 MWh,155.507 MWh
晨星電力股份有限公司,(沅碁)青山國小二三期,太陽能,2026,186.074,0,高雄市小港區飛機路153號,522.585 kW,晨星電力股份有限公司,25SP2945-B026000001~188,5/20/26,2026-01-01~2026-03-31,認可,認可,186.074 MWh,0 MWh
瓦特先生股份有限公司,I-RR21-001白河國中(屋頂),太陽能,2026,156.747,0,臺南市白河區臺南市白河區昇安里三間厝220號,520.88 kW,瓦特先生股份有限公司,25SP0367-B026000001~158,5/20/26,2026-01-01~2026-03-31,認可,認可,156.747 MWh,0 MWh
維鎮工業股份有限公司,維鎮,太陽能,2026,42,106.148,臺中市大甲區大安港路410巷5號,517.59 kW,維鎮工業股份有限公司,24SP0068-B026000001~150,5/20/26,2026-01-01~2026-03-31,認可,認可,42 MWh,106.148 MWh
艾涅爾電力股份有限公司,普曌-台燦二期,太陽能,2026,94.866,0,雲林縣斗南鎮林子里台榮1號,516.24 kW,艾涅爾電力股份有限公司,24SP0866-B026000001~96,4/8/26,2026-01-01~2026-02-28,認可,認可,94.866 MWh,0 MWh
長春石油化學股份有限公司苗栗廠,銅箔九廠,太陽能,2026,0,121.001,苗栗縣苗栗市文山245號,513.73 kW,長春石油化學股份有限公司苗栗廠,24SP0840-B026000001~122,5/20/26,2026-01-01~2026-03-31,認可,認可,0 MWh,121.001 MWh
英業達股份有限公司,英業達桃科廠自發自用案,太陽能,2026,0,127.992,桃園市桃園區大智路88號,511.2 kW,英業達股份有限公司,23SP0019-B026000001~129,5/20/26,2026-01-01~2026-03-31,認可,認可,0 MWh,127.992 MWh
永湖複合材料股份有限公司,永湖#1、永湖#2,太陽能,2026,0,152.131,臺中市豐原區榮春街310號,509.58 kW,永湖複合材料股份有限公司,23SP0325-B026000001~154,5/20/26,2026-01-01~2026-03-31,認可,認可,0 MWh,152.131 MWh
天能綠電股份有限公司,得貿興業屋頂型太陽光電案場,太陽能,2026,145.769,0,嘉義市東區保忠一街105號,499.98 kW,天能綠電股份有限公司,24SP0334-B026000001~148,5/20/26,2026-01-01~2026-03-31,認可,認可,145.769 MWh,0 MWh
寶島陽光電力事業股份有限公司,昕瑞能源有限公司(嘉義太保市公有垃圾掩埋場二),太陽能,2026,92.537,53.338,嘉義縣太保市茄苳脚段春珠小段1542、1543、1544、1545及1546地號,499.96 kW,寶島陽光電力事業股份有限公司,24SP1088-B026000001~153,5/20/26,2026-01-01~2026-03-31,認可,認可,92.537 MWh,53.338 MWh
阿波羅電力股份有限公司,環球大宇宙溪埔國小,太陽能,2026,132.601,0,高雄市大樹區溪埔路43號、高雄市大樹區新溪埔段1155、1158、1159地號,499.96 kW,阿波羅電力股份有限公司,24SP2532-B026000001~134,5/20/26,2026-01-01~2026-03-31,認可,認可,132.601 MWh,0 MWh
寶島陽光電力事業股份有限公司,昕瑞能源有限公司(嘉義太保市公有垃圾掩埋場一),太陽能,2026,85.99,52.059,嘉義縣太保市茄苳脚段春珠小段1542、1543、1544、1545及1546地號,499.96 kW,寶島陽光電力事業股份有限公司,24SP1683-B026000001~145,5/20/26,2026-01-01~2026-03-31,認可,認可,85.99 MWh,52.059 MWh
晨星電力股份有限公司,(沅碁)瑞祥高中一~三期,太陽能,2026,175.88,0,高雄市前鎮區班超路63號(高雄市立瑞祥高級中學),499.96 kW,晨星電力股份有限公司,25SP1437-B026000001~178,5/20/26,2026-01-01~2026-03-31,認可,認可,175.88 MWh,0 MWh
寶島陽光電力事業股份有限公司,昕瑞能源有限公司(嘉義太保市公有垃圾掩埋場三),太陽能,2026,94.636,55.855,嘉義縣太保市茄苳脚段春珠小段1542、1543、1544、1545及1546地號,499.96 kW,寶島陽光電力事業股份有限公司,24SP1717-B026000001~157,5/20/26,2026-01-01~2026-03-31,認可,認可,94.636 MWh,55.855 MWh
阿波羅電力股份有限公司,環球大宇宙楠梓國中一二期案,太陽能,2026,172.836,0,高雄市楠梓區楠梓路336號,499.96 kW,阿波羅電力股份有限公司,25SP0393-B026000001~175,5/20/26,2026-01-01~2026-03-31,認可,認可,172.836 MWh,0 MWh
寶島陽光電力事業股份有限公司,昌瑞能源有限公司(TW170629),太陽能,2026,116.674,0,屏東縣九如鄉九如路一段53巷45號,499.96 kW,寶島陽光電力事業股份有限公司,24SP2196-B026000001~118,5/20/26,2026-01-01~2026-03-31,認可,認可,116.674 MWh,0 MWh
陽光伏特家電力股份有限公司,惠來嘉義2廠,太陽能,2026,141.62,0,嘉義縣新港鄉安和村新部落280號,499.95 kW,陽光伏特家電力股份有限公司、天能綠電股份有限公司,24SP0130-B026000001~143,5/20/26,2026-01-01~2026-03-31,認可,認可,141.62 MWh,0 MWh
怡和綠電超商股份有限公司,漢翔(王董)-陳見宗,太陽能,2026,47.678,0,彰化縣竹塘鄉竹林路2段建173號(面前厝段184-12地號),499.95 kW,怡和綠電超商股份有限公司,25SP1719-B026000046~93,4/1/26,2026-02-01~2026-02-28,認可,認可,47.678 MWh,0 MWh
陽光伏特家電力股份有限公司,聚眾雲林2廠,太陽能,2026,163.812,0,雲林縣崙背鄉阿勸村中厝51之36、51之37及51之38號,499.95 kW,陽光伏特家電力股份有限公司、天能綠電股份有限公司,24SP0253-B026000001~165,5/20/26,2026-01-01~2026-03-31,認可,認可,163.812 MWh,0 MWh
天能綠電股份有限公司,昱全企業-李全年屋頂型太陽能電廠,太陽能,2026,130.506,0,臺中市新社區協興街55號,499.95 kW,天能綠電股份有限公司,25SP0308-B026000001~132,5/20/26,2026-01-01~2026-03-31,認可,認可,130.506 MWh,0 MWh
陽光伏特家電力股份有限公司,昇太苗栗1廠,太陽能,2026,47.88,1.353,苗栗縣通霄鎮中山路364巷79號,499.95 kW,陽光伏特家電力股份有限公司,24SP1363-B026000010~82,5/20/26,2026-01-01~2026-03-31,認可,認可,47.88 MWh,1.353 MWh
大自然能源電業股份有限公司,NP191054C001瓦度(雲林牛舍一、二期),太陽能,2026,79.607,51.024,雲林縣林內鄉永安路89號,499.95 kW,大自然能源電業股份有限公司,25SP0279-B026000001~133,5/20/26,2026-01-01~2026-03-31,認可,認可,79.607 MWh,51.024 MWh
天能綠電股份有限公司,景山興業-台中大肚-社腳(499.95kw),太陽能,2026,50.685,0,臺中市大肚區沙田路一段854巷67之5號,499.95 kW,天能綠電股份有限公司,24SP1884-B026000048~98,4/1/26,2026-02-01~2026-02-28,認可,認可,50.685 MWh,0 MWh
晨星電力股份有限公司,(陽光)全興工業區,太陽能,2026,0,132.543,彰化縣伸港鄉伸新段50、51、52地號,499.95 kW,晨星電力股份有限公司,25SP4391-B026000001~135,5/20/26,2026-01-01~2026-03-31,認可,認可,0 MWh,132.543 MWh
寶富電力股份有限公司,凱宇綠能東石二期,太陽能,2026,170.841,0,嘉義縣東石鄉栗子崙段402-4、402-7地號,499.95 kW,寶富電力股份有限公司,24SP1778-B026000012~189,5/20/26,2026-01-01~2026-03-31,認可,認可,170.841 MWh,0 MWh
天能綠電股份有限公司,橙茂能源-燁昌鋼鐵屋頂型太陽光電案場,太陽能,2026,178.164,0,高雄市梓官區高雄市梓官區赤崁北路120號 (赤崁新段772、773、774地號),499.95 kW,天能綠電股份有限公司,24SP0610-B026000001~180,5/20/26,2026-01-01~2026-03-31,認可,認可,178.164 MWh,0 MWh
大自然能源電業股份有限公司,NP091039C001(東石下蔦松5-10號),太陽能,2026,159.436,0,嘉義縣東石鄉下蔦松5之10號,499.95 kW,大自然能源電業股份有限公司,24SP2369-B026000002~165,5/20/26,2026-01-01~2026-03-31,認可,認可,159.436 MWh,0 MWh
富威電力股份有限公司,旭源-竹塘241太陽光電發電廠,太陽能,2026,103.656,38.678,彰化縣竹塘鄉安樂路17巷建241號,499.95 kW,富威電力股份有限公司,25SP1127-B026000072~413,5/20/26,2026-01-01~2026-03-31,認可,認可,103.656 MWh,38.678 MWh
富威電力股份有限公司,久鋒-美食家太陽光電發電廠,太陽能,2026,118.61,6.317,高雄市仁武區高楠公路81號,499.95 kW,富威電力股份有限公司,25SP0887-B026000001~142,5/20/26,2026-01-01~2026-03-31,認可,認可,118.61 MWh,6.317 MWh
富威電力股份有限公司,旭陽-旭晴221太陽光電發電廠,太陽能,2026,55.45,0,彰化縣竹塘鄉安樂路17巷建221號,499.95 kW,富威電力股份有限公司,25SP3734-B026000001~113,4/1/26,2026-01-01~2026-02-28,認可,認可,55.45 MWh,0 MWh
怡和綠電超商股份有限公司,磐石-新營-天鵝湖,太陽能,2026,147.962,0,臺南市新營區建國段422地號,499.95 kW,怡和綠電超商股份有限公司,25SP2666-B026000001~150,5/20/26,2026-01-01~2026-03-31,認可,認可,147.962 MWh,0 MWh
怡和綠電超商股份有限公司,統益機電-竹塘鄉第二公墓(戴厝段)(標案),太陽能,2026,98.235,65.534,彰化縣竹塘鄉戴厝段0002-0000地號,499.95 kW,怡和綠電超商股份有限公司,25SP3578-B026000001~165,5/20/26,2026-01-01~2026-03-31,認可,認可,98.235 MWh,65.534 MWh
陽光伏特家電力股份有限公司,聚眾雲林1廠,太陽能,2026,149.198,0,雲林縣二崙鄉荷苞嶼段0145-0000地號,499.95 kW,陽光伏特家電力股份有限公司,24SP0426-B026000001~151,5/20/26,2026-01-01~2026-03-31,認可,認可,149.198 MWh,0 MWh
阿波羅電力股份有限公司,環球大宇宙彌陀區彌陀國中,太陽能,2026,166.023,0,高雄市彌陀區進學路136號,499.92 kW,阿波羅電力股份有限公司,24SP1083-B026000001~167,5/20/26,2026-01-01~2026-03-31,認可,認可,166.023 MWh,0 MWh
怡和綠電超商股份有限公司,虹韋綠能-嘉義三興雞舍1+2期,太陽能,2026,102.113,0,嘉義縣民雄鄉三興村18之16號,499.91 kW,怡和綠電超商股份有限公司,25SP4115-B026000002~107,5/20/26,2026-01-01~2026-03-31,認可,認可,102.113 MWh,0 MWh
天能綠電股份有限公司,高雄市穎東工業屋頂型太陽光電案場,太陽能,2026,44.436,0,高雄市路竹區大仁路811號,499.905 kW,天能綠電股份有限公司,24SP0149-B026000001~45,3/4/26,2026-01-01~2026-01-31,認可,認可,44.436 MWh,0 MWh
續興股份有限公司,富象三廠,太陽能,2026,143.723,0,南投縣南投市自強一路6、6之1、6之2、6之3號,499.905 kW,續興股份有限公司,25SP2970-B026000001~145,5/20/26,2026-01-01~2026-03-31,認可,認可,143.723 MWh,0 MWh
大自然能源電業股份有限公司,NP171015C001華爵國際(連陽),太陽能,2026,13.782,22.238,南投縣埔里鎮福興路198巷9號(福興段1345-0000地號),499.905 kW,大自然能源電業股份有限公司,24SP1525-B026000007~47,5/20/26,2026-01-01~2026-03-31,認可,認可,13.782 MWh,22.238 MWh
漢泰鋼鐵廠股份有限公司,漢泰鋼鐵廠股份有限公司,太陽能,2026,0,148.45,高雄市小港區世全路4號,499.905 kW,漢泰鋼鐵廠股份有限公司,24SP0138-B026000001~150,5/20/26,2026-01-01~2026-03-31,認可,認可,0 MWh,148.45 MWh
天能綠電股份有限公司,豐光03-屏東林鐘靈高朗屋頂型太陽光電案場,太陽能,2026,137.393,4.682,屏東縣鹽埔鄉屏東縣鹽埔鄉高朗村民治路68-18號,499.895 kW,天能綠電股份有限公司,24SP2074-B026000001~151,5/20/26,2026-01-01~2026-03-31,認可,認可,137.393 MWh,4.682 MWh
能元超商股份有限公司,和廣(一),太陽能,2026,138.24,0,嘉義縣大林鎮大埔美園區三路66、66之1號,499.895 kW,能元超商股份有限公司,25SP3072-B026000001~145,5/20/26,2026-01-01~2026-03-31,認可,認可,138.24 MWh,0 MWh
天能綠電股份有限公司,光旭盈08-屏東戴任主屋頂型光電案場,太陽能,2026,155.695,8.079,屏東縣佳冬鄉玉光村16鄰上隆路7-21號,499.895 kW,天能綠電股份有限公司,24SP1990-B026000001~172,5/20/26,2026-01-01~2026-03-31,認可,認可,155.695 MWh,8.079 MWh
富威電力股份有限公司,永慶綠能-鹽埔鄉三民路太陽光電發電廠,太陽能,2026,58.308,0,屏東縣鹽埔鄉三民路106之26號,499.89 kW,富威電力股份有限公司,25SP1921-B026000021~89,4/1/26,2026-01-01~2026-02-28,認可,認可,58.308 MWh,0 MWh
怡和綠電超商股份有限公司,輝煌綠能-財產署-雲林林內(標案),太陽能,2026,41.902,0,雲林縣林內鄉進興段0039-0000地號,499.875 kW,怡和綠電超商股份有限公司,25SP1701-B026000041~82,4/1/26,2026-02-01~2026-02-28,認可,認可,41.902 MWh,0 MWh
續興股份有限公司,屏東佳訊生技,太陽能,2026,140.659,0,屏東縣長治鄉神農東路15號,499.875 kW,續興股份有限公司,24SP1046-B026000001~143,5/20/26,2026-01-01~2026-03-31,認可,認可,140.659 MWh,0 MWh
續興股份有限公司,銓鎰鑫鋒,太陽能,2026,157.813,0,臺中市潭子區甘水路2段300號、306號,499.875 kW,續興股份有限公司,25SP3323-B026000001~159,5/20/26,2026-01-01~2026-03-31,認可,認可,157.813 MWh,0 MWh
艾涅爾電力股份有限公司,賽斯能源-豐翊工程行,太陽能,2026,87.812,5.353,臺南市仁德區太新路39號,499.87 kW,艾涅爾電力股份有限公司,24SP0206-B026000060~312,4/8/26,2026-01-01~2026-02-28,認可,認可,87.812 MWh,5.353 MWh
阿波羅電力股份有限公司,安集嘉義公部門一期案,太陽能,2026,146.294,0,嘉義縣水上鄉石仔缸1之6號,499.87 kW,阿波羅電力股份有限公司,25SP0717-B026000001~148,5/20/26,2026-01-01~2026-03-31,認可,認可,146.294 MWh,0 MWh
天能綠電股份有限公司,健晟綠能-屏東和生市場屋頂屋頂型太陽光電案場,太陽能,2026,156.548,0,屏東縣屏東市和生路二段221號,499.85 kW,天能綠電股份有限公司,24SP0642-B026000001~159,5/20/26,2026-01-01~2026-03-31,認可,認可,156.548 MWh,0 MWh
南方電力股份有限公司,屏東縣南州鄉七塊段0401-0001、0402-0000地號太陽光電發電場,太陽能,2026,174.136,0,屏東縣南州鄉七塊段0401-0001、0402-0000地號,499.85 kW,南方電力股份有限公司,24SP0813-B026000001~176,5/20/26,2026-01-01~2026-03-31,認可,認可,174.136 MWh,0 MWh
大自然能源電業股份有限公司,NP111084C002(高加),太陽能,2026,152.117,0,高雄市前鎮區中四路5號,499.85 kW,大自然能源電業股份有限公司,25SP3638-B026000001~154,5/20/26,2026-01-01~2026-03-31,認可,認可,152.117 MWh,0 MWh
大自然能源電業股份有限公司,NP171029C001南投埔里,太陽能,2026,81.621,54.28,南投縣埔里鎮西安路3段490號,499.85 kW,大自然能源電業股份有限公司,24SP1520-B026000001~138,5/20/26,2026-01-01~2026-03-31,認可,認可,81.621 MWh,54.28 MWh
富威電力股份有限公司,盛禾-泰安食品太陽光電發電廠,太陽能,2026,114.566,0,屏東縣新園鄉新園村16鄰媽祖路407巷89號,499.85 kW,富威電力股份有限公司,25SP3486-B026000001~119,5/20/26,2026-02-01~2026-03-31,認可,認可,114.566 MWh,0 MWh
天能綠電股份有限公司,鴻晶-台南市善化區南關里木柵港西路13號,太陽能,2026,15.016,29.404,臺南市善化區南關里木柵港西路13號,499.85 kW,天能綠電股份有限公司、鴻晶新科技股份有限公司,24SP1436-B026000001~47,5/20/26,2026-01-01~2026-01-31,認可,認可,15.016 MWh,29.404 MWh
續興股份有限公司,鹿10,太陽能,2026,137.714,0,彰化縣鹿港鎮彰化縣鹿港鎮工業西六路30號,499.84 kW,續興股份有限公司,23SP0364-B026000001~139,5/20/26,2026-01-01~2026-03-31,認可,認可,137.714 MWh,0 MWh
曜越綠電股份有限公司,潮州五魁836,太陽能,2026,177.318,0,屏東縣潮州鎮潮州鎮五魁段836地號,499.84 kW,曜越綠電股份有限公司,24SC0003-B026000001~179,5/20/26,2026-01-01~2026-03-31,認可,認可,177.318 MWh,0 MWh
富威電力股份有限公司,康信-竑譯租賃太陽光電發電廠,太陽能,2026,69.684,0,臺中市龍井區中華路一段11號,499.84 kW,富威電力股份有限公司,25SP3139-B026000001~103,4/1/26,2026-01-01~2026-02-28,認可,認可,69.684 MWh,0 MWh
曜越綠電股份有限公司,潮州五魁834,太陽能,2026,175.942,0,屏東縣潮州鎮潮州鎮五魁段834地號,499.84 kW,曜越綠電股份有限公司,24SC0004-B026000001~177,5/20/26,2026-01-01~2026-03-31,認可,認可,175.942 MWh,0 MWh
中曜股份有限公司,中租 4052 號,太陽能,2026,11.974,0,嘉義縣太保市過溝里嘉太工業區光復路14號,499.84 kW,中曜股份有限公司,25SP0647-B026000001~13,5/13/26,2026-01-01~2026-02-28,認可,認可,11.974 MWh,0 MWh
富威電力股份有限公司,峻翔-工業五路太陽光電發電廠,太陽能,2026,104.722,39.459,臺南市安南區工業五路66號,499.82 kW,富威電力股份有限公司,26SP0015-B026000081~414,5/20/26,2026-01-01~2026-03-31,認可,認可,104.722 MWh,39.459 MWh
陽光伏特家電力股份有限公司,麗橙屏東2廠,太陽能,2026,150.5,0,屏東縣高樹鄉加蚋埔段547-201地號,499.82 kW,陽光伏特家電力股份有限公司,25SP0083-B026000001~152,5/20/26,2026-01-01~2026-03-31,認可,認可,150.5 MWh,0 MWh
南茂科技股份有限公司,南茂科技109,太陽能,2026,0,152.313,臺南市柳營區神農里6鄰果毅後350之66號,499.815 kW,南茂科技股份有限公司,25SP3741-B026000001~153,5/20/26,2026-01-01~2026-03-31,認可,認可,0 MWh,152.313 MWh
日益智慧能源股份有限公司,高雄大社-崇瑋工業,太陽能,2026,136.543,0,高雄市大社區萬金路6號,499.8 kW,日益智慧能源股份有限公司,24SP0514-B026000001~142,5/20/26,2026-01-01~2026-03-31,認可,認可,136.543 MWh,0 MWh
怡和綠電超商股份有限公司,大泳能源-台中-爵盛,太陽能,2026,147.631,0,臺中市神岡區溪頭路181號,499.8 kW,怡和綠電超商股份有限公司,25SP3982-B026000002~151,5/20/26,2026-01-01~2026-03-31,認可,認可,147.631 MWh,0 MWh
傑傅能源股份有限公司,埤頭鄉設置太陽光電發電系統電廠_和豐段932.935.936地號,太陽能,2026,89.067,59.511,彰化縣埤頭鄉和豐段932.935.936地號,499.8 kW,傑傅能源股份有限公司,24SP0275-B026000001~152,5/20/26,2026-01-01~2026-03-31,認可,認可,89.067 MWh,59.511 MWh
長興材料工業股份有限公司,中華停車場,太陽能,2026,0,136.765,高雄市路竹區順安段0020-0000地號,499.8 kW,長興材料工業股份有限公司,23SP0249-B026000001~139,5/20/26,2026-01-01~2026-03-31,認可,認可,0 MWh,136.765 MWh
阿波羅電力股份有限公司,環球大宇宙梓官區梓官國中,太陽能,2026,162.961,0,高雄市梓官區中學路71號,499.8 kW,阿波羅電力股份有限公司,24SP1497-B026000001~164,5/20/26,2026-01-01~2026-03-31,認可,認可,162.961 MWh,0 MWh
艾涅爾電力股份有限公司,歐萬成PV0612,太陽能,2026,83.301,0,雲林縣口湖鄉林圍110號,499.8 kW,艾涅爾電力股份有限公司,23SP0444-B026000001~490,4/8/26,2026-01-01~2026-02-28,認可,認可,83.301 MWh,0 MWh
大自然能源電業股份有限公司,NP121009C001星鋐,太陽能,2026,100.931,0,屏東縣里港鄉土庫段1705、1705-5地號,499.8 kW,大自然能源電業股份有限公司,24SP1332-B026000001~108,5/20/26,2026-01-01~2026-03-31,認可,認可,100.931 MWh,0 MWh
華邦電子股份有限公司,華邦中科廠,太陽能,2026,0,157.841,臺中市大雅區科雅一路8號,499.8 kW,華邦電子股份有限公司,24SP0800-B026000001~159,5/20/26,2026-01-01~2026-03-31,認可,認可,0 MWh,157.841 MWh
艾涅爾電力股份有限公司,德康能源-鼎貿工業,太陽能,2026,65.776,0,桃園市桃園區國際路一段736號,499.8 kW,艾涅爾電力股份有限公司,24SP0932-B026000001~110,4/8/26,2026-01-01~2026-02-28,認可,認可,65.776 MWh,0 MWh
艾涅爾電力股份有限公司,德康能源-原通工業PV1103,太陽能,2026,74.942,0,屏東縣萬巒鄉佳興路101號,499.8 kW,艾涅爾電力股份有限公司,24SP0929-B026000001~76,4/8/26,2026-01-01~2026-02-28,認可,認可,74.942 MWh,0 MWh
天能綠電股份有限公司,凱銳-台南市瑞商屋頂型太陽光電案場,太陽能,2026,0,61.72,臺南市柳營區環園東路2段15號,499.8 kW,天能綠電股份有限公司,24SP1774-B026000001~62,5/20/26,2026-03-01~2026-03-31,認可,認可,0 MWh,61.72 MWh
天能綠電股份有限公司,高雄大寮鴻洋遊艇一期太陽光電案場,太陽能,2026,145.031,0,高雄市大寮區大業街42號,499.8 kW,天能綠電股份有限公司,24SP0208-B026000001~148,5/20/26,2026-01-01~2026-03-31,認可,認可,145.031 MWh,0 MWh
寶島陽光電力事業股份有限公司,玉衡能源股份有限公司(國睦工業),太陽能,2026,153.592,0,臺中市南屯區精科路18號,499.8 kW,寶島陽光電力事業股份有限公司,24SP1282-B026000001~159,5/20/26,2026-01-01~2026-03-31,認可,認可,153.592 MWh,0 MWh
中曜股份有限公司,中租 6061 號,太陽能,2026,10.127,0,屏東縣內埔鄉永豐巷155之1號,499.8 kW,中曜股份有限公司,25SP0627-B026000001~11,5/13/26,2026-01-01~2026-02-28,認可,認可,10.127 MWh,0 MWh
星星電力股份有限公司,茂誠 - 嘉里大榮(觀音廠),太陽能,2026,112.202,0,桃園市觀音區桃科二路288號 / 觀塘段0031-0000地號,499.8 kW,星星電力股份有限公司,25SP2371-B026000001~119,5/20/26,2026-01-01~2026-03-31,認可,認可,112.202 MWh,0 MWh
天能綠電股份有限公司,輝煌-政德製藥屋頂型太陽光電案場,太陽能,2026,43.671,0,雲林縣大埤鄉嘉興村豐田路2號,499.8 kW,天能綠電股份有限公司,24SP2137-B026000047~92,4/1/26,2026-02-01~2026-02-28,認可,認可,43.671 MWh,0 MWh
天能綠電股份有限公司,玉成-彰化和美鎮大霞段1702地號地面型光電案場,太陽能,2026,53.584,0,彰化縣和美鎮大霞段1702地號,499.8 kW,天能綠電股份有限公司,24SP1052-B026000053~106,4/1/26,2026-02-01~2026-02-28,認可,認可,53.584 MWh,0 MWh
中曜股份有限公司,中租 1427 號,太陽能,2026,10.071,0,嘉義縣新港鄉溪北村溪北190之50號,499.8 kW,中曜股份有限公司,24SP1752-B026000001~11,5/13/26,2026-01-01~2026-02-28,認可,認可,10.071 MWh,0 MWh
陽光伏特家電力股份有限公司,微笑豬彰化1廠,太陽能,2026,50.856,0,彰化縣田尾鄉海豐村光榮巷116號,499.8 kW,陽光伏特家電力股份有限公司,24SP2113-B026000016~311,4/1/26,2026-01-01~2026-02-28,認可,認可,50.856 MWh,0 MWh
大舜鈑金股份有限公司,大舜鈑金一期 太陽能模組,太陽能,2026,0,112.169,臺南市安南區工業二路155號,499.8 kW,大舜鈑金股份有限公司,25SP1174-B026000001~113,5/20/26,2026-01-01~2026-03-31,認可,認可,0 MWh,112.169 MWh
怡和綠電超商股份有限公司,鑫元陽-聯鋼二廠,太陽能,2026,50.798,0,臺南市安定區港尾里港子尾1之30號,499.8 kW,怡和綠電超商股份有限公司,25SP0924-B026000049~99,4/1/26,2026-02-01~2026-02-28,認可,認可,50.798 MWh,0 MWh
阿波羅電力股份有限公司,辰翔李清練,太陽能,2026,79.785,56.629,彰化縣芳苑鄉芳草路文津段911巷建410號,499.8 kW,阿波羅電力股份有限公司,24SP2116-B026000001~138,5/20/26,2026-01-01~2026-03-31,認可,認可,79.785 MWh,56.629 MWh
艾涅爾電力股份有限公司,普晴-三義地面型,太陽能,2026,77.705,0,苗栗縣三義鄉雙草湖段12-1地號,499.8 kW,艾涅爾電力股份有限公司,24SP1506-B026000001~79,4/8/26,2026-01-01~2026-02-28,認可,認可,77.705 MWh,0 MWh
陽光伏特家電力股份有限公司,凱銳能源彰化1廠,太陽能,2026,140.389,0,彰化縣線西鄉彰濱東一路1之2號,499.8 kW,陽光伏特家電力股份有限公司,24SP2305-B026000001~142,5/20/26,2026-01-01~2026-03-31,認可,認可,140.389 MWh,0 MWh
怡和綠電超商股份有限公司,鑫元陽-聯鋼三廠,太陽能,2026,49.746,0,臺南市安定區港尾里港子尾16之21號,499.8 kW,怡和綠電超商股份有限公司,25SP0925-B026000049~98,4/1/26,2026-02-01~2026-02-28,認可,認可,49.746 MWh,0 MWh
天能綠電股份有限公司,鴻晶-高雄市岡山區光潭路16號,太陽能,2026,93.149,0,高雄市岡山區光潭路16號(高雄市岡山區石螺潭段0606-0021、0606-0144、0606-0159、0606-0160、0606-1206地號),499.8 kW,天能綠電股份有限公司、鴻晶新科技股份有限公司,24SP2093-B026000002~97,4/1/26,2026-01-01~2026-02-28,認可,認可,93.149 MWh,0 MWh
開陽電力股份有限公司,玖基企業股份有限公司-台電苗栗區營業處調度+配電+業務大樓,太陽能,2026,79.281,0,苗栗縣苗栗市為公路236號,499.8 kW,開陽電力股份有限公司,25SP1571-B026000001~81,4/1/26,2026-01-01~2026-02-28,認可,認可,79.281 MWh,0 MWh
怡和綠電超商股份有限公司,怡和國際能源-雍御企業一期,太陽能,2026,39.125,0,臺南市關廟區關新路1段288號,499.8 kW,怡和綠電超商股份有限公司,25SP2629-B026000041~80,4/1/26,2026-02-01~2026-02-28,認可,認可,39.125 MWh,0 MWh
怡和綠電超商股份有限公司,漢翔(王董)-菇1,太陽能,2026,50.412,0,彰化縣二林鎮後厝里新華巷18之8號,499.8 kW,怡和綠電超商股份有限公司,25SP1724-B026000049~99,4/1/26,2026-02-01~2026-02-28,認可,認可,50.412 MWh,0 MWh
晨星電力股份有限公司,(立豐)三景-1,太陽能,2026,144.465,0,彰化縣線西鄉線平路1號,499.8 kW,晨星電力股份有限公司,25SP2332-B026000001~146,5/20/26,2026-01-01~2026-03-31,認可,認可,144.465 MWh,0 MWh
怡和綠電超商股份有限公司,映光能源科技-雲林縣口湖鄉新北興段183地號,太陽能,2026,175.153,0,雲林縣口湖鄉港東村12鄰北興街260之7號,499.8 kW,怡和綠電超商股份有限公司,25SP1706-B026000001~177,5/20/26,2026-01-01~2026-03-31,認可,認可,175.153 MWh,0 MWh
怡和綠電超商股份有限公司,光華國際展覽-雲林縣口湖鄉埔北段789號,太陽能,2026,169.723,0,雲林縣口湖鄉埔北村沙崙7之60號,499.8 kW,怡和綠電超商股份有限公司,25SP1705-B026000001~170,5/20/26,2026-01-01~2026-03-31,認可,認可,169.723 MWh,0 MWh
星星電力股份有限公司,傑能-古坑林評祥,太陽能,2026,103.208,0,雲林縣古坑鄉棋盤村28鄰棋山118之20號,499.8 kW,星星電力股份有限公司,25SP2994-B026000001~108,5/20/26,2026-01-01~2026-03-31,認可,認可,103.208 MWh,0 MWh
續興股份有限公司,國立臺南高級海事水產職業學校三四五期,太陽能,2026,152.241,0,臺南市安平區世平路1號,499.8 kW,續興股份有限公司,25SP2567-B026000001~154,5/20/26,2026-01-01~2026-03-31,認可,認可,152.241 MWh,0 MWh
怡和綠電超商股份有限公司,傑能光電-李雲石一期+二期,太陽能,2026,99.328,14.926,雲林縣元長鄉潭東村興安路30號,499.8 kW,怡和綠電超商股份有限公司,26SP0032-B026000001~121,5/20/26,2026-02-01~2026-03-31,認可,認可,99.328 MWh,14.926 MWh
續興股份有限公司,高明精機1,太陽能,2026,153.405,0,臺中市后里區后科南路53號,499.8 kW,續興股份有限公司,25SP2758-B026000001~155,5/20/26,2026-01-01~2026-03-31,認可,認可,153.405 MWh,0 MWh
續興股份有限公司,高明精機2,太陽能,2026,153.24,0,臺中市后里區后科南路53號,499.8 kW,續興股份有限公司,25SP2756-B026000001~154,5/20/26,2026-01-01~2026-03-31,認可,認可,153.24 MWh,0 MWh
天能綠電股份有限公司,凱暉新北鶯歌屋頂型太陽光電案場,太陽能,2026,108.877,0,新北市鶯歌區環河路190、190-1號,499.8 kW,天能綠電股份有限公司,25SP2793-B026000001~117,5/20/26,2026-01-01~2026-03-31,認可,認可,108.877 MWh,0 MWh
怡和綠電超商股份有限公司,漢翔(王董)-菇3,太陽能,2026,49.983,0,彰化縣二林鎮後厝里新華巷38弄111、115號,499.8 kW,怡和綠電超商股份有限公司,25SP1728-B026000050~99,4/1/26,2026-02-01~2026-02-28,認可,認可,49.983 MWh,0 MWh
大舜鈑金股份有限公司,大舜鈑金二期太陽能模組,太陽能,2026,0,97.16,臺南市安南區工業二路130、150號,499.8 kW,大舜鈑金股份有限公司,25SP1317-B026000001~99,5/20/26,2026-01-01~2026-03-31,認可,認可,0 MWh,97.16 MWh
台灣碳資產電業股份有限公司,元長李雲石1期 & 2期,太陽能,2026,36.081,0,雲林縣元長鄉雲林縣元長鄉潭東村興安路30號,499.8 kW,台灣碳資產電業股份有限公司,24SP0530-B026000001~38,3/4/26,2026-01-01~2026-01-31,認可,認可,36.081 MWh,0 MWh
天能綠電股份有限公司,屏東萬丹加勇屋頂型太陽光電案場,太陽能,2026,146.105,0,屏東縣萬丹鄉加勇路98號,499.79 kW,天能綠電股份有限公司,24SP0322-B026000001~151,5/20/26,2026-01-01~2026-03-31,認可,認可,146.105 MWh,0 MWh
晨星電力股份有限公司,(銓泰)南都斗六,太陽能,2026,153.746,0,雲林縣斗六市保庄里明德北路3段280號,499.79 kW,晨星電力股份有限公司,25SP1587-B026000001~155,5/20/26,2026-01-01~2026-03-31,認可,認可,153.746 MWh,0 MWh
阿波羅電力股份有限公司,泓錠苗栗公部門二期案,太陽能,2026,96.249,0,苗栗縣頭份市斗煥里斗煥199之一號,499.79 kW,阿波羅電力股份有限公司,25SP0299-B026000001~98,5/20/26,2026-01-01~2026-03-31,認可,認可,96.249 MWh,0 MWh
星星電力股份有限公司,茂誠 - 台彰纖維(彰化),太陽能,2026,135.803,0,彰化縣鹿港鎮工業西一路8號、工業西二路7號 / 彰化縣鹿港鎮上林段453、454、447地號,499.79 kW,星星電力股份有限公司,25SP3025-B026000001~137,5/20/26,2026-01-01~2026-03-31,認可,認可,135.803 MWh,0 MWh
阿波羅電力股份有限公司,泓錠苗栗公部門四期案,太陽能,2026,104.555,0,苗栗縣頭份市斗煥里斗煥199之一號,499.79 kW,阿波羅電力股份有限公司,25SP0376-B026000001~107,5/20/26,2026-01-01~2026-03-31,認可,認可,104.555 MWh,0 MWh
天能綠電股份有限公司,豐光_龔英珠屋頂型太陽光電案場,太陽能,2026,42.416,0,屏東縣鹽埔鄉七份路10之28號、10之28(騰諒養雞畜牧場),499.79 kW,天能綠電股份有限公司,25SP3276-B026000001~43,4/22/26,2026-01-01~2026-01-31,認可,認可,42.416 MWh,0 MWh
大自然能源電業股份有限公司,NP041024C007(繼德科技-伍仕電子),太陽能,2026,102.609,0,桃園市觀音區白玉北路1589號,499.79 kW,大自然能源電業股份有限公司,25SP1903-B026000001~104,5/20/26,2026-01-01~2026-03-31,認可,認可,102.609 MWh,0 MWh
艾涅爾電力股份有限公司,碩燿-建鑫鋼鐵PV0616,太陽能,2026,96.573,0,彰化縣伸港鄉彰新路7段601巷26號,499.79 kW,艾涅爾電力股份有限公司,25SP1203-B026000001~97,4/8/26,2026-01-01~2026-02-28,認可,認可,96.573 MWh,0 MWh
怡和綠電超商股份有限公司,昕陽隆-花蓮美工路,太陽能,2026,30.856,0,花蓮縣花蓮市美工路56、56之12號,499.79 kW,怡和綠電超商股份有限公司,25SP3572-B026000031~61,4/1/26,2026-02-01~2026-02-28,認可,認可,30.856 MWh,0 MWh
阿波羅電力股份有限公司,泓錠苗栗公部門一期案,太陽能,2026,78.165,0,苗栗縣頭份市斗煥里斗煥199之一號,499.79 kW,阿波羅電力股份有限公司,25SP0298-B026000001~79,5/20/26,2026-01-01~2026-03-31,認可,認可,78.165 MWh,0 MWh
怡和綠電超商股份有限公司,育渲投資-竹圍子513號,太陽能,2026,106.905,64.541,雲林縣虎尾鎮竹圍子段0513-0000地號,499.79 kW,怡和綠電超商股份有限公司,25SP1680-B026000001~181,5/20/26,2026-01-01~2026-03-31,認可,認可,106.905 MWh,64.541 MWh
全日大林冷鏈股份有限公司,全日大林冷鏈股份有限公司,太陽能,2026,91,63.52,嘉義縣大林鎮嘉義縣大林鎮大糖里糖廠7號,499.79 kW,全日大林冷鏈股份有限公司,25SP0628-B026000001~157,5/20/26,2026-01-01~2026-03-31,認可,認可,91 MWh,63.52 MWh
怡和綠電超商股份有限公司,輝煌綠能-國統特登,太陽能,2026,174.717,0,臺南市安定區新吉里新吉58之15號,499.79 kW,怡和綠電超商股份有限公司,25SP2663-B026000001~176,5/20/26,2026-01-01~2026-03-31,認可,認可,174.717 MWh,0 MWh
續興股份有限公司,內新紡織,太陽能,2026,48.124,0,臺中市大里區環中東路5段882號,499.79 kW,續興股份有限公司,25SP3661-B026000001~49,4/22/26,2026-01-01~2026-01-31,認可,認可,48.124 MWh,0 MWh
怡和綠電超商股份有限公司,昶泉-屏東縣佳冬鄉永翔路10-8號,太陽能,2026,46.914,0,屏東縣佳冬鄉永翔路10-8號,499.79 kW,怡和綠電超商股份有限公司,25SP0332-B026000046~92,4/1/26,2026-02-01~2026-02-28,認可,認可,46.914 MWh,0 MWh
艾涅爾電力股份有限公司,陽光-益萊工業(中壢)PV0437,太陽能,2026,33.083,0,桃園市中壢區高鐵南路四段888號,499.77 kW,艾涅爾電力股份有限公司,24SP0400-B026000034~67,4/8/26,2026-02-01~2026-02-28,認可,認可,33.083 MWh,0 MWh
天能綠電股份有限公司,玉成-彰化和美鎮大霞段2325地號地面型光電案場,太陽能,2026,53.302,0,彰化縣和美鎮大霞段2325地號,499.77 kW,天能綠電股份有限公司,24SP1051-B026000052~105,4/1/26,2026-02-01~2026-02-28,認可,認可,53.302 MWh,0 MWh
富威電力股份有限公司,惠來光電-褒忠太陽光電發電廠,太陽能,2026,90.61,31.986,雲林縣褒忠鄉新湖路99之2號,499.77 kW,富威電力股份有限公司,25SP0344-B026000081~397,5/20/26,2026-01-01~2026-03-31,認可,認可,90.61 MWh,31.986 MWh
富威電力股份有限公司,祐茂-南投仁愛太陽光電發電廠,太陽能,2026,100.632,35.092,南投縣仁愛鄉中正路1之9號,499.765 kW,富威電力股份有限公司,25SP1294-B026000013~409,5/20/26,2026-01-01~2026-03-31,認可,認可,100.632 MWh,35.092 MWh
怡和綠電超商股份有限公司,晶紘能源-嘉里大榮(長安段552等地),太陽能,2026,94.783,0,新北市汐止區大同路3段213號,499.765 kW,怡和綠電超商股份有限公司,25SP3726-B026000002~98,5/20/26,2026-01-01~2026-03-31,認可,認可,94.783 MWh,0 MWh
怡和綠電超商股份有限公司,旭浤-旭浤官田(地面型),太陽能,2026,169.814,0,臺南市官田區拔子林段0268-0000、0274-0002、0277-0000、0278-0000地號,499.765 kW,怡和綠電超商股份有限公司,25SP2630-B026000001~172,5/20/26,2026-01-01~2026-03-31,認可,認可,169.814 MWh,0 MWh
大自然能源電業股份有限公司,NP091032C004(後壁1302地號),太陽能,2026,100.865,68.995,臺南市後壁區道場段1302-0000地號,499.765 kW,大自然能源電業股份有限公司,25SP1258-B026000001~171,5/20/26,2026-01-01~2026-03-31,認可,認可,100.865 MWh,68.995 MWh
怡和綠電超商股份有限公司,昆億生物-昆億生物科技01,太陽能,2026,160.995,0,嘉義縣大林鎮明華里2鄰下埤頭路17之1號、明華里明華路217之3號,499.735 kW,怡和綠電超商股份有限公司,25SP3688-B026000001~162,5/20/26,2026-01-01~2026-03-31,認可,認可,160.995 MWh,0 MWh
十萬伏特電力股份有限公司,彰化-丁守企業(大村廠)案,太陽能,2026,132.896,0,彰化縣大村鄉中山路二段37號,499.735 kW,十萬伏特電力股份有限公司,25SP2321-B026000001~136,5/20/26,2026-01-01~2026-03-31,認可,認可,132.896 MWh,0 MWh
富威電力股份有限公司,惠來光電-北斗（順富發）太陽光電發電廠,太陽能,2026,47.564,0,彰化縣北斗鎮興農路1段293巷208號,499.73 kW,富威電力股份有限公司,25SP1010-B026000048~104,4/1/26,2026-01-01~2026-02-28,認可,認可,47.564 MWh,0 MWh
陽光伏特家電力股份有限公司,台南擔仔6號,太陽能,2026,61.87,0,臺南市西港區中山路492號,499.73 kW,陽光伏特家電力股份有限公司,24SP1233-B026000001~63,4/1/26,2026-01-01~2026-02-28,認可,認可,61.87 MWh,0 MWh
續興股份有限公司,元山鋼,太陽能,2026,159.387,0,高雄市岡山區光潭路16之6號,499.73 kW,續興股份有限公司,25SP0314-B026000001~161,5/20/26,2026-01-01~2026-03-31,認可,認可,159.387 MWh,0 MWh
寶島陽光電力事業股份有限公司,雋和四能源有限公司 (TW170666),太陽能,2026,147.018,0,雲林縣二崙鄉大同路22之10號,499.73 kW,寶島陽光電力事業股份有限公司,24SP2585-B026000001~148,5/20/26,2026-01-01~2026-03-31,認可,認可,147.018 MWh,0 MWh
晨星電力股份有限公司,(亞沃)嘉義監獄1,太陽能,2026,157.524,0,嘉義縣鹿草鄉維新新村1號,499.73 kW,晨星電力股份有限公司,25SP3236-B026000001~159,5/20/26,2026-01-01~2026-03-31,認可,認可,157.524 MWh,0 MWh
大舜鈑金股份有限公司,大舜鈑金三期太陽能模組,太陽能,2026,0,60.52,臺南市安南區工業一路81、101號,499.73 kW,大舜鈑金股份有限公司,25SP1318-B026000001~62,5/20/26,2025-12-01~2026-03-31,認可,認可,0 MWh,60.52 MWh
大自然能源電業股份有限公司,NP171010C004(卓越-台豐 成功),太陽能,2026,113.03,0,南投縣南投市成功三路176號,499.73 kW,大自然能源電業股份有限公司、晨星電力股份有限公司,24SP1804-B026000001~114,5/20/26,2026-01-01~2026-03-31,認可,認可,113.03 MWh,0 MWh
艾涅爾電力股份有限公司,優品-盧尚宜雞舍PV1316,太陽能,2026,87.453,0,臺南市後壁區新東里新港東148之87號,499.73 kW,艾涅爾電力股份有限公司,25SP1243-B026000001~88,4/8/26,2026-01-01~2026-02-28,認可,認可,87.453 MWh,0 MWh
恆立能源股份有限公司,屏東模組廠一期,太陽能,2026,5,0,屏東縣屏東市前進里24鄰大溪路335之12號,499.73 kW,恆立能源股份有限公司,25SP1588-B026000001~5,3/11/26,2026-01-01~2026-01-31,認可,認可,5 MWh,0 MWh
怡和綠電超商股份有限公司,廣大利蛋品-仕絨廠,太陽能,2026,168.382,0,屏東縣鹽埔鄉仕正路12之49號,499.73 kW,怡和綠電超商股份有限公司,25SP4116-B026000001~176,5/20/26,2026-01-01~2026-03-31,認可,認可,168.382 MWh,0 MWh
富威電力股份有限公司,惠來光電-北斗太陽光電發電廠,太陽能,2026,49.323,0,彰化縣北斗鎮興農路1段293巷208號,499.73 kW,富威電力股份有限公司,25SP0980-B026000048~105,4/1/26,2026-01-01~2026-02-28,認可,認可,49.323 MWh,0 MWh
南方電力股份有限公司,華菱冷氣太陽光電發電廠,太陽能,2026,65.808,0,臺南市新化區牧場1之23號,499.73 kW,南方電力股份有限公司,25SP2886-B026000005~155,4/1/26,2026-01-01~2026-02-28,認可,認可,65.808 MWh,0 MWh
星星電力股份有限公司,銘光_佳里許恒堅,太陽能,2026,170.968,0,臺南市佳里區臺南市佳里區塭內里東勢寮8號之3,499.73 kW,星星電力股份有限公司,24SP0883-B026000001~182,5/20/26,2026-01-01~2026-03-31,認可,認可,170.968 MWh,0 MWh
陽光伏特家電力股份有限公司,惠來雲林1廠,太陽能,2026,156.688,0,雲林縣北港鎮草湖里東湖53之86號,499.73 kW,陽光伏特家電力股份有限公司,23SP0399-B026000001~158,5/20/26,2026-01-01~2026-03-31,認可,認可,156.688 MWh,0 MWh
艾涅爾電力股份有限公司,昰暟科技-威士頓科技,太陽能,2026,52.155,0,臺中市大里區國中路495巷2號,499.72 kW,艾涅爾電力股份有限公司,24SP1375-B026000049~101,4/8/26,2026-02-01~2026-02-28,認可,認可,52.155 MWh,0 MWh
怡和綠電超商股份有限公司,博碩-張德波1+2期,太陽能,2026,146.587,0,彰化縣福興鄉新生路建87之6號,499.72 kW,怡和綠電超商股份有限公司,25SP3593-B026000001~147,5/20/26,2026-01-01~2026-03-31,認可,認可,146.587 MWh,0 MWh
陽光伏特家電力股份有限公司,新光彰化20廠,太陽能,2026,23.522,0,彰化縣芳苑鄉上城路1-38巷建71號,499.72 kW,陽光伏特家電力股份有限公司,23SP0438-B026000001~29,5/20/26,2026-01-01~2026-03-31,認可,認可,23.522 MWh,0 MWh
天能綠電股份有限公司,鉑東-高雄市楠梓區藍田路288號,太陽能,2026,43.026,0,高雄市楠梓區藍田路288號,499.72 kW,天能綠電股份有限公司,24SP2142-B026000044~87,4/1/26,2026-02-01~2026-02-28,認可,認可,43.026 MWh,0 MWh
大自然能源電業股份有限公司,NP101017C001中勝峰漚汪案場,太陽能,2026,101.13,0,臺南市將軍區西和里西湖79之3、79之5號,499.72 kW,大自然能源電業股份有限公司,25SP0021-B026000001~110,5/20/26,2026-01-01~2026-03-31,認可,認可,101.13 MWh,0 MWh
怡和綠電超商股份有限公司,寶嵂安-水尾路21-10號(二期),太陽能,2026,128.779,0,屏東縣九如鄉水尾路21之10號(九如鄉大坵段830地號；重測前:九如鄉三塊厝段544-46地號)),499.72 kW,怡和綠電超商股份有限公司,25SP1168-B026000001~130,5/20/26,2026-01-01~2026-03-31,認可,認可,128.779 MWh,0 MWh
陽光伏特家電力股份有限公司,新光彰化12廠,太陽能,2026,155.945,0,彰化縣大城鄉青埔路16號,499.72 kW,陽光伏特家電力股份有限公司,23SP0442-B026000001~158,5/20/26,2026-01-01~2026-03-31,認可,認可,155.945 MWh,0 MWh
陽光伏特家電力股份有限公司,新光彰化16廠,太陽能,2026,144.862,0,彰化縣大城鄉南平路675巷建345號,499.72 kW,陽光伏特家電力股份有限公司,24SP2439-B026000001~146,5/20/26,2026-01-01~2026-03-31,認可,認可,144.862 MWh,0 MWh
陽光伏特家電力股份有限公司,歐克颯麗斯台南1廠,太陽能,2026,68.771,0,臺南市麻豆區磚子井段0511-0057地號,499.72 kW,陽光伏特家電力股份有限公司,24SP2009-B026000001~69,4/1/26,2026-01-01~2026-02-28,認可,認可,68.771 MWh,0 MWh
天能綠電股份有限公司,綠順-高雄市楠梓區德民路1010號(國昌一期),太陽能,2026,101.013,0,高雄市楠梓區德民路1010號,499.72 kW,天能綠電股份有限公司,24SP1160-B026000002~103,4/22/26,2026-01-01~2026-02-28,認可,認可,101.013 MWh,0 MWh
瓦力電能股份有限公司,高雄市路竹區499.72瓩(T8305),太陽能,2026,67.354,45.733,高雄市路竹區東安路36巷325弄51號,499.72 kW,瓦力電能股份有限公司,25SP1046-B026000001~114,5/20/26,2026-01-01~2026-03-31,認可,認可,67.354 MWh,45.733 MWh
怡和綠電超商股份有限公司,戎居-G7,太陽能,2026,146.221,0,臺南市官田區三塊厝段10-3地號,499.72 kW,怡和綠電超商股份有限公司,25SP1201-B026000001~148,5/20/26,2026-01-01~2026-03-31,認可,認可,146.221 MWh,0 MWh
怡和綠電超商股份有限公司,寶嵂安-水尾路21-8號(一期),太陽能,2026,125.259,0,屏東縣九如鄉水尾路21之8號,499.72 kW,怡和綠電超商股份有限公司,25SP1167-B026000001~126,5/20/26,2026-01-01~2026-03-31,認可,認可,125.259 MWh,0 MWh
怡和綠電超商股份有限公司,明暉綠能-添進裕499,太陽能,2026,97.253,0,桃園市蘆竹區三德街42-2號及48號,499.72 kW,怡和綠電超商股份有限公司,25SP1339-B026000001~99,5/20/26,2026-01-01~2026-03-31,認可,認可,97.253 MWh,0 MWh
怡和綠電超商股份有限公司,漢翔(王董)-張和濱第一、二期,太陽能,2026,41.463,0,雲林縣大埤鄉聯美村聯豐路1、3號,499.72 kW,怡和綠電超商股份有限公司,25SP1281-B026000041~82,4/1/26,2026-02-01~2026-02-28,認可,認可,41.463 MWh,0 MWh
晨星電力股份有限公司,(紳易)里港鄉新土庫-1,太陽能,2026,163.058,5.624,屏東縣里港鄉新土庫段1038-0000、1040-0000地號,499.72 kW,晨星電力股份有限公司,25SP4057-B026000001~180,5/20/26,2026-01-01~2026-03-31,認可,認可,163.058 MWh,5.624 MWh
大自然能源電業股份有限公司,NP0610C002福欣金屬(福欣),太陽能,2026,113.044,40.458,臺南市學甲區秀昌里一秀154之22號,499.72 kW,大自然能源電業股份有限公司,24SP1200-B026000001~161,5/20/26,2026-01-01~2026-03-31,認可,認可,113.044 MWh,40.458 MWh
阿波羅電力股份有限公司,億唯傅俊皓,太陽能,2026,41.079,107.67,雲林縣四湖鄉林厝村文化路20巷88之2號,499.7 kW,阿波羅電力股份有限公司,24SP0500-B026000001~151,5/20/26,2026-01-01~2026-03-31,認可,認可,41.079 MWh,107.67 MWh
大同智能股份有限公司,沅碁光電_南成國小(屋頂型一、二期),太陽能,2026,163.065,0,高雄市鳳山區南和街101號,499.7 kW,大同智能股份有限公司、晨星電力股份有限公司,24SP0746-B026000001~165,5/20/26,2026-01-01~2026-03-31,認可,認可,163.065 MWh,0 MWh
艾涅爾電力股份有限公司,昱撼-俞澤民一期PV0281,太陽能,2026,70.302,0,苗栗縣造橋鄉豐湖村1鄰乳姑山9號、11號,499.7 kW,艾涅爾電力股份有限公司,24SP0445-B026000001~94,4/8/26,2026-01-01~2026-02-28,認可,認可,70.302 MWh,0 MWh
大同智能股份有限公司,沅碁光電_三民家商(一、二、三期),太陽能,2026,177.63,0,高雄市左營區裕誠路1102號,499.7 kW,大同智能股份有限公司、晨星電力股份有限公司,24SP1852-B026000001~180,5/20/26,2026-01-01~2026-03-31,認可,認可,177.63 MWh,0 MWh
續興股份有限公司,超群(昱潔),太陽能,2026,57.332,0,高雄市岡山區嘉新西路78、80號,499.7 kW,續興股份有限公司,25SP3478-B026000001~59,5/20/26,2026-01-01~2026-03-31,認可,認可,57.332 MWh,0 MWh
天能綠電股份有限公司,光旭盈04-高雄慶樺紙器屋頂型光電案場,太陽能,2026,142.802,9.382,高雄市大社區高雄市大社區大社路367號,499.7 kW,天能綠電股份有限公司,24SP1922-B026000001~159,5/20/26,2026-01-01~2026-03-31,認可,認可,142.802 MWh,9.382 MWh
星星電力股份有限公司,傑陽-嘉義太保-侯龔英美,太陽能,2026,35.664,0,嘉義縣太保市安仁里頂港子墘2之35號,499.7 kW,星星電力股份有限公司,25SP2277-B026000036~71,4/8/26,2026-02-01~2026-02-28,認可,認可,35.664 MWh,0 MWh
天能綠電股份有限公司,光旭盈05-台南穩展一廠屋頂型光電案場,太陽能,2026,153.821,13.913,臺南市七股區槺榔里槺榔92號,499.7 kW,天能綠電股份有限公司,24SP1918-B026000001~177,5/20/26,2026-01-01~2026-03-31,認可,認可,153.821 MWh,13.913 MWh
星星電力股份有限公司,傑陽-嘉義東石-戴永在,太陽能,2026,44.025,0,嘉義縣東石鄉蔦松村下蔦松40之35號,499.7 kW,星星電力股份有限公司,25SP2381-B026000045~89,4/8/26,2026-02-01~2026-02-28,認可,認可,44.025 MWh,0 MWh
開陽電力股份有限公司,日安能源股份有限公司-臺中市豐原區屋頂型,太陽能,2026,92.436,0,臺中市豐原區朴子街296巷37號,499.7 kW,開陽電力股份有限公司,25SP0321-B026000001~93,4/1/26,2026-01-01~2026-02-28,認可,認可,92.436 MWh,0 MWh
晨星電力股份有限公司,(德豐)德山-20號,太陽能,2026,0,157.014,彰化縣線西鄉彰濱東二路20號,499.69 kW,晨星電力股份有限公司,25SP4330-B026000001~158,5/20/26,2026-01-01~2026-03-31,認可,認可,0 MWh,157.014 MWh
開陽電力股份有限公司,玖基企業股份有限公司-南技加壓站配水池,太陽能,2026,72.024,0,臺南市安南區本田路二段506號,499.68 kW,開陽電力股份有限公司,25SP3288-B026000001~77,4/1/26,2026-01-01~2026-02-28,認可,認可,72.024 MWh,0 MWh
天能綠電股份有限公司,豐赫-林森路499.68KW屋頂型太陽光電案場,太陽能,2026,145.048,0,屏東縣萬丹鄉屏東縣萬丹鄉竹林村林森路131巷80號（屏東縣萬丹鄉新林段0651-0000地號）,499.68 kW,天能綠電股份有限公司,25SP0271-B026000001~148,5/20/26,2026-01-01~2026-03-31,認可,認可,145.048 MWh,0 MWh
頎邦科技股份有限公司,頎邦展業一廠499.675kW,太陽能,2026,0,92.656,新竹市東區展業一路10之1號,499.675 kW,頎邦科技股份有限公司,23SP0354-B026000001~94,5/20/26,2026-01-01~2026-03-31,認可,認可,0 MWh,92.656 MWh
艾涅爾電力股份有限公司,太旭-二水農會一期PV0550,太陽能,2026,93.607,0,彰化縣二水鄉員集路三段253號,499.66 kW,艾涅爾電力股份有限公司,24SP0136-B026000001~95,4/8/26,2026-01-01~2026-02-28,認可,認可,93.607 MWh,0 MWh
艾涅爾電力股份有限公司,吳志聰菇舍(一期)PV0173,太陽能,2026,90.452,0,南投縣中寮鄉龍南路303之7號,499.66 kW,艾涅爾電力股份有限公司,25SP0623-B026000001~91,4/8/26,2026-01-01~2026-02-28,認可,認可,90.452 MWh,0 MWh
香印永續股份有限公司,台南南光中學,太陽能,2026,181.392,0,臺南市新營區中興路62號,499.66 kW,香印永續股份有限公司,25SP0907-B026000001~639,5/20/26,2026-01-01~2026-03-31,認可,認可,181.392 MWh,0 MWh
天能綠電股份有限公司,輝煌-南投董素芬屋頂型光電案場,太陽能,2026,41.243,0,南投縣埔里鎮桃米路22之3號,499.66 kW,天能綠電股份有限公司,25SP0625-B026000043~85,4/1/26,2026-02-01~2026-02-28,認可,認可,41.243 MWh,0 MWh
阿波羅電力股份有限公司,辰仕歐珉嘉,太陽能,2026,138.986,0,彰化縣芳苑鄉芳新路新街段585巷建117號,499.62 kW,阿波羅電力股份有限公司,24SP1535-B026000001~141,5/20/26,2026-01-01~2026-03-31,認可,認可,138.986 MWh,0 MWh
艾涅爾電力股份有限公司,城八-車城PV0169,太陽能,2026,105.682,0,屏東縣車城鄉保新段0155-0000、0169-0000地號,499.62 kW,艾涅爾電力股份有限公司,24SP0047-B026000001~108,4/8/26,2026-01-01~2026-02-28,認可,認可,105.682 MWh,0 MWh
天能綠電股份有限公司,雲林陳順事畜牧場屋頂型太陽能光電廠,太陽能,2026,44.138,0,雲林縣元長鄉後湖70之2、70之3號,499.62 kW,天能綠電股份有限公司,24SP0186-B026000001~45,3/4/26,2026-01-01~2026-01-31,認可,認可,44.138 MWh,0 MWh
陽光伏特家電力股份有限公司,新光彰化26廠,太陽能,2026,20.321,0,彰化縣芳苑鄉上林路路上段279巷55弄建245號,499.62 kW,陽光伏特家電力股份有限公司,23SP0391-B026000005~26,5/20/26,2026-01-01~2026-03-31,認可,認可,20.321 MWh,0 MWh
阿波羅電力股份有限公司,廣稷林孟冬一期,太陽能,2026,119.589,0,彰化縣芳苑鄉芳漢路王功段建855號,499.62 kW,阿波羅電力股份有限公司,24SP1418-B026000001~128,5/20/26,2026-01-01~2026-03-31,認可,認可,119.589 MWh,0 MWh
怡和綠電超商股份有限公司,創勁綠能-台應,太陽能,2026,163.031,0,臺南市新市區大利一路16號,499.62 kW,怡和綠電超商股份有限公司,26SP0043-B026000002~168,5/20/26,2026-01-01~2026-03-31,認可,認可,163.031 MWh,0 MWh
宇軒電業股份有限公司,牛角灣段1510.1511地號,太陽能,2026,42.136,0,屏東縣萬巒鄉牛角灣段1510地號,499.62 kW,宇軒電業股份有限公司,25SP1992-B026000045~87,4/15/26,2026-02-01~2026-02-28,認可,認可,42.136 MWh,0 MWh
晉禾企業股份有限公司,晉禾企業股份有限公司 岡山廠,太陽能,2026,0,154.432,高雄市岡山區岡山路598號,499.62 kW,晉禾企業股份有限公司,25SP2148-B026000001~155,5/20/26,2026-01-01~2026-03-31,認可,認可,0 MWh,154.432 MWh
欣銓科技股份有限公司,欣銓科技股份有限公司鼎興廠,太陽能,2026,0,121.284,新竹縣湖口鄉工業三路3號、3-1號,499.62 kW,欣銓科技股份有限公司,25SP0903-B026000001~123,5/20/26,2026-01-01~2026-03-31,認可,認可,0 MWh,121.284 MWh
怡和綠電超商股份有限公司,虹韋綠能-嘉義松山雞舍,太陽能,2026,48.145,102.102,嘉義縣民雄鄉松山村4鄰松子脚33之60號,499.62 kW,怡和綠電超商股份有限公司,25SP2863-B026000002~154,5/20/26,2026-01-01~2026-03-31,認可,認可,48.145 MWh,102.102 MWh
怡和綠電超商股份有限公司,創勁綠能-3M,太陽能,2026,175.627,0,臺南市新市區環東路一路312號,499.62 kW,怡和綠電超商股份有限公司,26SP0049-B026000002~179,5/20/26,2026-01-01~2026-03-31,認可,認可,175.627 MWh,0 MWh
環台光電股份有限公司,環台南投永新段案地面型太陽光電發電廠,太陽能,2026,80.082,0,南投縣南投市永新段380-2地號,499.62 kW,十萬伏特電力股份有限公司、環台光電股份有限公司,24SP1445-B026000001~82,4/1/26,2026-01-01~2026-02-28,認可,認可,80.082 MWh,0 MWh
大自然能源電業股份有限公司,NP121042C003(水源段300-302地號),太陽能,2026,162.214,0,屏東縣竹田鄉水源段0300-0000、0301-0000、0302-0000地號,499.61 kW,大自然能源電業股份有限公司,24SP1357-B026000001~166,5/20/26,2026-01-01~2026-03-31,認可,認可,162.214 MWh,0 MWh
大自然能源電業股份有限公司,NP201005C002向陽能源(佳朋),太陽能,2026,92.896,61.839,臺南市白河區廣蓮里蓮潭2之10號,499.59 kW,大自然能源電業股份有限公司,24SP1700-B026000003~160,5/20/26,2026-01-01~2026-03-31,認可,認可,92.896 MWh,61.839 MWh
康展電力股份有限公司,屏東都計農內埔A,太陽能,2026,140.594,0,屏東縣內埔鄉中林段0797-0000號,499.59 kW,康展電力股份有限公司,24SP0626-B026000001~152,5/20/26,2026-01-01~2026-03-31,認可,認可,140.594 MWh,0 MWh
康展電力股份有限公司,屏東都計農里港B,太陽能,2026,135.495,0,屏東縣里港鄉屏東縣里港鄉新土庫段593、593-1地號,499.59 kW,康展電力股份有限公司,24SP0411-B026000001~141,5/20/26,2026-02-01~2026-03-31,認可,認可,135.495 MWh,0 MWh
星星電力股份有限公司,琉璃光_玉井,太陽能,2026,16.58,0,臺南市玉井區臺南市玉井區豐里段268地號,499.59 kW,星星電力股份有限公司,24SP0074-B026000002~24,5/20/26,2026-01-01~2026-03-31,認可,認可,16.58 MWh,0 MWh
大自然能源電業股份有限公司,NP201018C002叡朋(後壁李重慶),太陽能,2026,45.087,0,臺南市後壁區白沙屯237之10號,499.59 kW,大自然能源電業股份有限公司,24SP1111-B026000002~50,3/4/26,2026-01-01~2026-01-31,認可,認可,45.087 MWh,0 MWh
星星電力股份有限公司,傑陽-虎尾-謝明權1,太陽能,2026,45.456,0,雲林縣虎尾鎮墾地里農場33號,499.59 kW,星星電力股份有限公司,25SP2999-B026000044~89,4/8/26,2026-02-01~2026-02-28,認可,認可,45.456 MWh,0 MWh
雄嘉交通股份有限公司,雄嘉交通-1,太陽能,2026,0,99.257,桃園市觀音區西濱路四段189號,499.59 kW,雄嘉交通股份有限公司,25SP0618-B026000001~101,5/20/26,2026-01-01~2026-03-31,認可,認可,0 MWh,99.257 MWh
寶島陽光電力事業股份有限公司,玉衡能源股份有限公司(和泰汽車十台中副倉),太陽能,2026,156.531,0,臺中市西屯區工業區九路,499.59 kW,寶島陽光電力事業股份有限公司,24SP2402-B026000001~158,5/20/26,2026-01-01~2026-03-31,認可,認可,156.531 MWh,0 MWh
富泰空調科技股份有限公司,湖口廠-499.59kWp太陽光電發電系統,太陽能,2026,0,49.584,新竹縣湖口鄉鳳山村光復路58之1號,499.59 kW,富泰空調科技股份有限公司,25SP1400-B026000001~52,5/20/26,2026-01-01~2026-03-31,認可,認可,0 MWh,49.584 MWh
怡和綠電超商股份有限公司,凱基能源-鼎宇金屬,太陽能,2026,122.262,0,高雄市路竹區中山路88巷39號,499.59 kW,怡和綠電超商股份有限公司,25SP2488-B026000003~195,5/20/26,2026-01-01~2026-03-31,認可,認可,122.262 MWh,0 MWh
艾涅爾電力股份有限公司,澄達有限公司-吳林松雞舍,太陽能,2026,81.496,0,雲林縣元長鄉龍岩村12鄰120之10號,499.59 kW,艾涅爾電力股份有限公司,24SP2192-B026000001~83,4/8/26,2026-01-01~2026-02-28,認可,認可,81.496 MWh,0 MWh
怡和綠電超商股份有限公司,碩達-彰化-中源畜牧場,太陽能,2026,159.649,0,彰化縣二林鎮廣東巷200號,499.56 kW,怡和綠電超商股份有限公司,25SP3586-B026000001~162,5/20/26,2026-01-01~2026-03-31,認可,認可,159.649 MWh,0 MWh
天能綠電股份有限公司,威捷鋼鐵_台中神岡屋頂型太陽光電案場,太陽能,2026,149.374,0,臺中市神岡區東洲路285號,499.56 kW,天能綠電股份有限公司,25SP2882-B026000001~153,5/20/26,2026-01-01~2026-03-31,認可,認可,149.374 MWh,0 MWh
天能綠電股份有限公司,昱泰能源-彰化縣彰工二期&彰工三期屋頂型太陽能電廠,太陽能,2026,136.823,0,彰化縣彰化市工校街1號,499.55 kW,天能綠電股份有限公司,25SP1344-B026000001~139,5/20/26,2026-01-01~2026-03-31,認可,認可,136.823 MWh,0 MWh
晨星電力股份有限公司,(晉丞)彰化巴斯夫,太陽能,2026,76.134,53.238,彰化縣鹿港鎮鹿工南五路18號 (僅設置於彰化縣鹿港鎮上林段515地號),499.525 kW,晨星電力股份有限公司,25SP4140-B026000001~137,5/20/26,2026-01-01~2026-03-31,認可,認可,76.134 MWh,53.238 MWh
阿波羅電力股份有限公司,常昇台東大學路499.52kW,太陽能,2026,65.52,44.385,臺東縣臺東市大學路一段72巷85弄51號,499.52 kW,阿波羅電力股份有限公司,25SP3259-B026000001~111,5/20/26,2026-01-01~2026-03-31,認可,認可,65.52 MWh,44.385 MWh
陽光伏特家電力股份有限公司,新光彰化40、41廠,太陽能,2026,7.292,0,彰化縣大城鄉中央路250巷建155號,499.5 kW,陽光伏特家電力股份有限公司,23SP0404-B026000001~94,4/1/26,2026-01-01~2026-02-28,認可,認可,7.292 MWh,0 MWh
天能綠電股份有限公司,厚聚-臺南市佳里區海澄里萊芊寮(佳里三桓),太陽能,2026,95.388,0,臺南市佳里區海澄里萊芊寮12之36號,499.5 kW,天能綠電股份有限公司,25SP3067-B026000001~97,5/20/26,2026-01-01~2026-03-31,認可,認可,95.388 MWh,0 MWh
泓德能源科技股份有限公司,星星電力-TN柳營1號,太陽能,2026,100.367,0,臺南市柳營區大農里環園西路2段25號,499.5 kW,星星電力股份有限公司、泓德能源科技股份有限公司,21SP0003-B026000001~112,5/20/26,2026-01-01~2026-03-31,認可,認可,100.367 MWh,0 MWh
陽光伏特家電力股份有限公司,新光雲林5廠,太陽能,2026,44.927,43.126,雲林縣四湖鄉羊調村中洋南路17之一號,499.5 kW,陽光伏特家電力股份有限公司,23SP0214-B026000002~101,5/20/26,2026-01-01~2026-03-31,認可,認可,44.927 MWh,43.126 MWh
陽光伏特家電力股份有限公司,元登屏東27廠,太陽能,2026,152.386,0,屏東縣高樹鄉阿拔泉段213、213-2、213-3、213-4、213-6地號,499.5 kW,陽光伏特家電力股份有限公司,24SP0716-B026000001~153,5/20/26,2026-01-01~2026-03-31,認可,認可,152.386 MWh,0 MWh
艾涅爾電力股份有限公司,永旭-洪長義一期PV0319,太陽能,2026,92.619,0,雲林縣四湖鄉下寮路139號,499.5 kW,艾涅爾電力股份有限公司,24SP0528-B026000001~490,4/8/26,2026-01-01~2026-02-28,認可,認可,92.619 MWh,0 MWh
星星電力股份有限公司,仁登-東庄段1009-1到5地號,太陽能,2026,161.026,0,屏東縣九如鄉東庄段1009-1到5地號,499.5 kW,星星電力股份有限公司,24SP2212-B026000001~369,5/20/26,2026-01-01~2026-03-31,認可,認可,161.026 MWh,0 MWh
中曜股份有限公司,中租 855 號,太陽能,2026,76.332,0,雲林縣口湖鄉口湖段0925-4、0926-7、0926-11地號,499.5 kW,中曜股份有限公司,25SP0432-B026000001~77,5/13/26,2026-01-01~2026-02-28,認可,認可,76.332 MWh,0 MWh
曜越綠電股份有限公司,全程興業934,太陽能,2026,163.247,0,臺南市學甲區興業路333號,499.5 kW,曜越綠電股份有限公司,24SP1344-B026000001~164,5/20/26,2026-01-01~2026-03-31,認可,認可,163.247 MWh,0 MWh
中曜股份有限公司,中租 856 號,太陽能,2026,28.5,0,雲林縣口湖鄉口湖段0926-12、0927地號,499.5 kW,中曜股份有限公司,25SP0496-B026000001~27,5/13/26,2026-02-01~2026-02-28,認可,認可,28.5 MWh,0 MWh
禾丰電力股份有限公司,單井工業 - 五股太陽光電發電廠(屋頂型),太陽能,2026,31.14,0,新北市五股區中興路三段1號,499.5 kW,禾丰電力股份有限公司,24SP2181-B026000001~34,5/20/26,2026-01-01~2026-03-31,認可,認可,31.14 MWh,0 MWh
大自然能源電業股份有限公司,NP201033C001下營區中正北路,太陽能,2026,93.995,62.418,臺南市下營區中正北路213巷98號,499.5 kW,大自然能源電業股份有限公司,24SP1599-B026000001~158,5/20/26,2026-01-01~2026-03-31,認可,認可,93.995 MWh,62.418 MWh
開陽電力股份有限公司,玖基企業-彰化縣埤頭鄉公所(豐崙公園),太陽能,2026,84.573,0,彰化縣埤頭鄉豐崙段288、288-1、288-2、288-3、288-4地號,499.5 kW,開陽電力股份有限公司,25SP1594-B026000001~86,4/1/26,2026-01-01~2026-02-28,認可,認可,84.573 MWh,0 MWh
富威電力股份有限公司,日晶-桃園彭成旭太陽光電發電廠,太陽能,2026,91.759,3.7,桃園市新屋區鑫田一路196號,499.5 kW,富威電力股份有限公司,25SP0891-B026000001~99,5/20/26,2026-01-01~2026-03-31,認可,認可,91.759 MWh,3.7 MWh
怡和綠電超商股份有限公司,寶嵂安-仕絨段1199-1.1199-2(一期),太陽能,2026,97.681,0,屏東縣鹽埔鄉仕正路12之78號(鹽埔鄉仕絨段1199-1、1199-2地號；豬舍、電機室及畜禽舍附屬機電設施；第1期),499.5 kW,怡和綠電超商股份有限公司,25SP1501-B026000001~99,5/20/26,2026-01-01~2026-03-31,認可,認可,97.681 MWh,0 MWh
續興股份有限公司,阿蓮九鬮,太陽能,2026,160.748,0,高雄市阿蓮區九鬮段1697-0003地號,499.5 kW,續興股份有限公司,24SP1940-B026000001~162,5/20/26,2026-01-01~2026-03-31,認可,認可,160.748 MWh,0 MWh
艾涅爾電力股份有限公司,普晴-國姓菇寮,太陽能,2026,93.85,0,南投縣國姓鄉南投縣國姓鄉北港村北圳巷25之12號,499.5 kW,艾涅爾電力股份有限公司,24SP1597-B026000001~95,4/8/26,2026-01-01~2026-02-28,認可,認可,93.85 MWh,0 MWh
南茂科技股份有限公司,南茂科技106,太陽能,2026,0,144.161,臺中市大里區仁化路205號,499.5 kW,南茂科技股份有限公司,25SP0759-B026000001~146,5/20/26,2026-01-01~2026-03-31,認可,認可,0 MWh,144.161 MWh
怡和綠電超商股份有限公司,東勍-仕絨段1199-5,太陽能,2026,92.912,0,屏東縣鹽埔鄉仕絨村4鄰仕正路12之73號,499.5 kW,怡和綠電超商股份有限公司,25SP1103-B026000001~94,5/20/26,2026-01-01~2026-03-31,認可,認可,92.912 MWh,0 MWh
怡和綠電超商股份有限公司,"東勍-仕絨段1198,1198-1",太陽能,2026,123.372,0,屏東縣鹽埔鄉仕正路12之79號(屏東縣鹽埔鄉仕絨段1198-0000、1198-0001地號),499.5 kW,怡和綠電超商股份有限公司,25SP1102-B026000001~125,5/20/26,2026-01-01~2026-03-31,認可,認可,123.372 MWh,0 MWh
怡和綠電超商股份有限公司,寶冠虹-仕絨段1199,太陽能,2026,112.767,0,屏東縣鹽埔鄉仕絨仕村仕正路12之75號(屏東縣鹽埔鄉仕絨段1199-0000地號),499.5 kW,怡和綠電超商股份有限公司,25SP1095-B026000001~114,5/20/26,2026-01-01~2026-03-31,認可,認可,112.767 MWh,0 MWh
怡和綠電超商股份有限公司,欣雄-潮州國際溜冰場(標案),太陽能,2026,106.251,0,屏東縣潮州鎮福星路123號(屏東縣潮州鎮光華段1125、1126、1127、1128、1129、1130、1132、1133、1134、1135、1138、1140、1141、1142、1143、1144、1145、1150地號)(屏東縣政府-潮州溜冰場),499.5 kW,怡和綠電超商股份有限公司,25SP2591-B026000001~188,5/20/26,2026-01-01~2026-03-31,認可,認可,106.251 MWh,0 MWh
富威電力股份有限公司,聚眾-源展停車場太陽光電發電廠,太陽能,2026,31.207,0,彰化縣伸港鄉蚵寮段0260-0000地號,499.5 kW,富威電力股份有限公司,25SP1913-B026000034~75,4/1/26,2026-01-01~2026-02-28,認可,認可,31.207 MWh,0 MWh
艾涅爾電力股份有限公司,陽欣-謝忠儒汙染地866,太陽能,2026,98.578,0,彰化縣和美鎮大雅段0866-0000地號,499.5 kW,艾涅爾電力股份有限公司,24SP1879-B026000001~99,4/8/26,2026-01-01~2026-02-28,認可,認可,98.578 MWh,0 MWh
天能綠電股份有限公司,立家農業屋頂型太陽光電案場,太陽能,2026,150.229,0,南投縣水里鄉永順路92號,499.5 kW,天能綠電股份有限公司,25SP4240-B026000001~159,5/20/26,2026-01-01~2026-03-31,認可,認可,150.229 MWh,0 MWh
怡和綠電超商股份有限公司,博碩-彰化-林富美,太陽能,2026,131.617,0,彰化縣芳苑鄉新王功段1018、1019,499.5 kW,怡和綠電超商股份有限公司,25SP3592-B026000001~133,5/20/26,2026-01-01~2026-03-31,認可,認可,131.617 MWh,0 MWh
天能綠電股份有限公司,震豐-台中潭子,太陽能,2026,166.369,0,臺中市潭子區福貴路877號,499.5 kW,天能綠電股份有限公司,26SP0090-B026000001~169,5/20/26,2026-01-01~2026-03-31,認可,認可,166.369 MWh,0 MWh
續興股份有限公司,大榮段1070-1,太陽能,2026,156.258,0,彰化縣和美鎮大榮段1070-1地號,499.5 kW,續興股份有限公司,25SP2968-B026000001~158,5/20/26,2026-01-01~2026-03-31,認可,認可,156.258 MWh,0 MWh
續興股份有限公司,"嘉慶段743,743-2",太陽能,2026,163.878,0,"彰化縣和美鎮嘉慶段743,743-2地號",499.5 kW,續興股份有限公司,25SP2962-B026000001~165,5/20/26,2026-01-01~2026-03-31,認可,認可,163.878 MWh,0 MWh
富威電力股份有限公司,康信-萬丹牛舍太陽光電發電廠,太陽能,2026,112.679,0,屏東縣萬丹鄉大智路100巷113號,499.5 kW,富威電力股份有限公司,25SP1932-B026000001~117,5/20/26,2026-02-01~2026-03-31,認可,認可,112.679 MWh,0 MWh
艾涅爾電力股份有限公司,陽欣-謝忠儒汙染地871,太陽能,2026,102.646,0,彰化縣和美鎮大雅段0871-0000地號,499.5 kW,艾涅爾電力股份有限公司,24SP1873-B026000001~103,4/8/26,2026-01-01~2026-02-28,認可,認可,102.646 MWh,0 MWh
星星電力股份有限公司,匯僑-匯僑台南停車場(新北段),太陽能,2026,123.729,0,臺南市新市區新北段0127-0000地號,499.485 kW,星星電力股份有限公司,25SP3468-B026000001~125,5/20/26,2026-01-01~2026-03-31,認可,認可,123.729 MWh,0 MWh
晨星電力股份有限公司,(亞沃)美一外線,太陽能,2026,157.681,0,臺南市關廟區關新路2段229號,499.46 kW,晨星電力股份有限公司,25SP1775-B026000001~159,5/20/26,2026-01-01~2026-03-31,認可,認可,157.681 MWh,0 MWh
陽光伏特家電力股份有限公司,新光彰化50、30廠,太陽能,2026,21.181,0,彰化縣芳苑鄉上城路1-29巷29弄建41號,499.41 kW,陽光伏特家電力股份有限公司,23SP0431-B026000005~26,5/20/26,2026-01-01~2026-03-31,認可,認可,21.181 MWh,0 MWh
怡和綠電超商股份有限公司,博碩-彰化-張世斌1+2期,太陽能,2026,149.516,0,彰化縣福興鄉新生路建52之76號,499.41 kW,怡和綠電超商股份有限公司,25SP3587-B026000001~150,5/20/26,2026-01-01~2026-03-31,認可,認可,149.516 MWh,0 MWh
怡和綠電超商股份有限公司,寶嵂安-水尾路21-12號(三期),太陽能,2026,131.258,0,屏東縣九如鄉水尾路21之12號(屏東縣九如鄉大坵段0828-0006地號),499.41 kW,怡和綠電超商股份有限公司,25SP1170-B026000001~133,5/20/26,2026-01-01~2026-03-31,認可,認可,131.258 MWh,0 MWh
星星電力股份有限公司,茂誠 - 華廣生技(台中),太陽能,2026,147.812,0,臺中市南區大慶街二段100號 / 番婆段 0207-0003、0210-0000、0210-0003,499.41 kW,星星電力股份有限公司,25SP3163-B026000001~152,5/20/26,2026-01-01~2026-03-31,認可,認可,147.812 MWh,0 MWh
續興股份有限公司,新光南投1廠,太陽能,2026,0,59.055,南投縣魚池鄉興善巷51之12號,499.4 kW,續興股份有限公司,25SP2957-B026000001~60,4/22/26,2026-01-01~2026-02-28,認可,認可,0 MWh,59.055 MWh
艾涅爾電力股份有限公司,太旭-梁文河畜牧場PV0332,太陽能,2026,65.809,0,桃園市楊梅區員本路427巷99之1號,499.38 kW,艾涅爾電力股份有限公司,25SP0065-B026000001~66,4/8/26,2026-01-01~2026-02-28,認可,認可,65.809 MWh,0 MWh
晨星電力股份有限公司,(永豐)桓宇1期,太陽能,2026,170.463,0,彰化縣和美鎮東原路241巷68號,499.38 kW,晨星電力股份有限公司,25SP3087-B026000001~172,5/20/26,2026-01-01~2026-03-31,認可,認可,170.463 MWh,0 MWh
天能綠電股份有限公司,豐光03--屏東陳秋寶屋頂型光電案場,太陽能,2026,140.568,5.73,屏東縣崁頂鄉大庭路20之6號,499.38 kW,天能綠電股份有限公司,25SP0010-B026000001~154,5/20/26,2026-01-01~2026-03-31,認可,認可,140.568 MWh,5.73 MWh
艾涅爾電力股份有限公司,永旭-廖烽傑菇寮PV0276,太陽能,2026,92.042,0,南投縣南投市東山路58之2號,499.38 kW,艾涅爾電力股份有限公司,24SP1839-B026000001~93,4/8/26,2026-01-01~2026-02-28,認可,認可,92.042 MWh,0 MWh
順德工業股份有限公司,太陽光電發電系統-南崗工業區新興里成功三路323號,太陽能,2026,0,184.784,南投縣南投市南崗工業區新興里成功三路323號,499.38 kW,順德工業股份有限公司,25SP1491-B026000001~186,5/20/26,2025-12-01~2026-03-31,認可,認可,0 MWh,184.784 MWh
大自然能源電業股份有限公司,NP041082C006(桃園興華),太陽能,2026,107.183,0,桃園市桃園區興華路3號,499.38 kW,大自然能源電業股份有限公司,25SP3277-B026000001~108,5/20/26,2026-01-01~2026-03-31,認可,認可,107.183 MWh,0 MWh
晨星電力股份有限公司,(沅碁)莊敬國小一二期,太陽能,2026,151.942,0,高雄市三民區大昌一路200號,499.38 kW,晨星電力股份有限公司,25SP1444-B026000001~154,5/20/26,2026-01-01~2026-03-31,認可,認可,151.942 MWh,0 MWh
天能綠電股份有限公司,光旭盈-鋐昇實業屋頂型太陽光電案場,太陽能,2026,143.971,18.036,屏東縣竹田鄉福安路122號之1,499.38 kW,天能綠電股份有限公司,25SP3059-B026000001~167,5/20/26,2026-01-01~2026-03-31,認可,認可,143.971 MWh,18.036 MWh
星星電力股份有限公司,新綠-楊亦勳,太陽能,2026,127.215,0,南投縣魚池鄉中明村5鄰文化巷62號,499.365 kW,星星電力股份有限公司,26SP0010-B026000001~129,5/20/26,2026-01-01~2026-03-31,認可,認可,127.215 MWh,0 MWh
星星電力股份有限公司,傑陽-麥寮-林許秀花,太陽能,2026,42.298,0,雲林縣麥寮鄉麥津村20鄰保安林30之10號,499.365 kW,星星電力股份有限公司,25SP3385-B026000042~84,4/8/26,2026-02-01~2026-02-28,認可,認可,42.298 MWh,0 MWh
天能綠電股份有限公司,文亮農產行-侯文亮屋頂型太陽能電廠,太陽能,2026,126.803,0,臺中市新社區中和街一段山腳巷77之5號、77之6號,499.345 kW,天能綠電股份有限公司,25SP0453-B026000001~128,5/20/26,2026-01-01~2026-03-31,認可,認可,126.803 MWh,0 MWh
續興股份有限公司,新智彰化10廠,太陽能,2026,0,83.068,彰化縣芳苑鄉上城路1之29巷29弄35、建41號,499.345 kW,續興股份有限公司,25SP2819-B026000001~85,4/22/26,2026-01-01~2026-02-28,認可,認可,0 MWh,83.068 MWh
十萬伏特電力股份有限公司,屏東里港牧場,太陽能,2026,127.827,0,屏東縣里港鄉塔樓村光明巷1-3號,499.345 kW,十萬伏特電力股份有限公司,25SP2904-B026000001~130,5/20/26,2026-01-01~2026-03-31,認可,認可,127.827 MWh,0 MWh
艾涅爾電力股份有限公司,亮界-國揚鋁業股份有限公司,太陽能,2026,57.656,0,新北市三峽區新北市三峽區成福路105巷99號、101號,499.32 kW,艾涅爾電力股份有限公司,24SP2535-B026000001~58,4/8/26,2026-01-01~2026-02-28,認可,認可,57.656 MWh,0 MWh
南方電力股份有限公司,洋亨萬巒鄉太陽光電發電廠,太陽能,2026,25.621,0,屏東縣萬巒鄉永平段0441-0000、0431-0000地號(重測前:屏東縣四溝水段0278-0000、0278-0002地號),499.32 kW,南方電力股份有限公司,25SP2561-B026000001~27,5/20/26,2026-03-01~2026-03-31,認可,認可,25.621 MWh,0 MWh
開陽電力股份有限公司,蝦米能源有限公司-雲林縣四湖鄉東光段地面型,太陽能,2026,139.999,0,雲林縣四湖鄉東光段0112-0000、0113-0000地號,499.32 kW,開陽電力股份有限公司,25SP0038-B026000001~142,5/20/26,2026-01-01~2026-03-31,認可,認可,139.999 MWh,0 MWh
長榮航太科技股份有限公司,屋頂型太陽光電發電系統-觀音分公司,太陽能,2026,0,106.192,桃園市觀音區成功路一段528號,499.29 kW,長榮航太科技股份有限公司,24SP0792-B026000001~108,5/20/26,2026-01-01~2026-03-31,認可,認可,0 MWh,106.192 MWh
台汽電綠能股份有限公司,旭忠能源和美整治地,太陽能,2026,158.211,0,彰化縣和美鎮嘉慶段684地號,499.29 kW,台汽電綠能股份有限公司,24SP1218-B026000001~162,5/20/26,2026-01-01~2026-03-31,認可,認可,158.211 MWh,0 MWh
陽光伏特家電力股份有限公司,百觀雲林1廠,太陽能,2026,136.086,0,雲林縣斗六市科加三路6號,499.29 kW,陽光伏特家電力股份有限公司,24SP2351-B026000001~137,5/20/26,2026-01-01~2026-03-31,認可,認可,136.086 MWh,0 MWh
星星電力股份有限公司,昶峻 - 台控楊梅廠,太陽能,2026,109.454,0,桃園市楊梅區民隆路16號,499.29 kW,星星電力股份有限公司,25SP3370-B026000001~120,5/20/26,2026-01-01~2026-03-31,認可,認可,109.454 MWh,0 MWh
胡連精密股份有限公司,胡連精密股份有限公司,太陽能,2026,0,64.48,新北市汐止區福德一路342巷1之1、1之2、1之3號,499.29 kW,胡連精密股份有限公司,25SP1241-B026000001~66,4/8/26,2026-01-01~2026-02-28,認可,認可,0 MWh,64.48 MWh
南方電力股份有限公司,車樂美太陽光電發電廠,太陽能,2026,53.276,0,臺中市霧峰區吉峰路101號、錦州路346巷1號,499.285 kW,南方電力股份有限公司,25SP0153-B026000052~147,4/1/26,2026-01-01~2026-02-28,認可,認可,53.276 MWh,0 MWh
艾涅爾電力股份有限公司,吳政憲PV0670,太陽能,2026,81.94,5.022,臺南市柳營區旭山段1271-0000地號,499.285 kW,艾涅爾電力股份有限公司,23SP0319-B026000060~312,4/8/26,2026-01-01~2026-02-28,認可,認可,81.94 MWh,5.022 MWh
續興股份有限公司,旭愛有益廠,太陽能,2026,56.785,0,高雄市永安區永工十路2號,499.275 kW,續興股份有限公司,23SP0050-B026000001~58,5/20/26,2026-01-01~2026-03-31,認可,認可,56.785 MWh,0 MWh
天能綠電股份有限公司,惠翁_莊惠珍屋頂型太陽光電案場,太陽能,2026,85.439,0,南投縣埔里鎮中正路26之9號,499.275 kW,天能綠電股份有限公司,25SP4179-B026000001~88,5/20/26,2026-02-01~2026-03-31,認可,認可,85.439 MWh,0 MWh
日益智慧能源股份有限公司,台中烏日臻愛會館(二期),太陽能,2026,132.792,0,臺中市烏日區高鐵路三段168號,499.275 kW,日益智慧能源股份有限公司,24SP0443-B026000001~138,5/20/26,2026-01-01~2026-03-31,認可,認可,132.792 MWh,0 MWh
晨星電力股份有限公司,(沅碁)九曲國小一二期&地面型,太陽能,2026,167.08,0,高雄市大樹區九曲路498號∕九曲段0198-0000、0206-0000、0207-0000地號,499.27 kW,晨星電力股份有限公司,25SP2952-B026000001~169,5/20/26,2026-01-01~2026-03-31,認可,認可,167.08 MWh,0 MWh
天能綠電股份有限公司,富宇_崇華國小圖書館,太陽能,2026,0,39.565,屏東縣長治鄉新興路38號(屏東縣私立崇華雙語中小學),499.23 kW,天能綠電股份有限公司,25SP3251-B026000001~40,4/22/26,2026-01-01~2026-01-31,認可,認可,0 MWh,39.565 MWh
怡和綠電超商股份有限公司,創勁綠能-和大,太陽能,2026,159.769,0,臺中市大雅區科雅路12號,499.2 kW,怡和綠電超商股份有限公司,26SP0055-B026000002~162,5/20/26,2026-01-01~2026-03-31,認可,認可,159.769 MWh,0 MWh
宇軒電業股份有限公司,大興段969地號,太陽能,2026,49.689,0,屏東縣內埔鄉大興段969地號,499.2 kW,宇軒電業股份有限公司,25SP1874-B026000046~95,4/15/26,2026-02-01~2026-02-28,認可,認可,49.689 MWh,0 MWh
怡和綠電超商股份有限公司,遠勁綠能-達運,太陽能,2026,163.879,0,臺中市外埔區外埔路169號,499.2 kW,怡和綠電超商股份有限公司,26SP0052-B026000002~167,5/20/26,2026-01-01~2026-03-31,認可,認可,163.879 MWh,0 MWh
怡和綠電超商股份有限公司,和田-屏東萬巒官倉段,太陽能,2026,37.245,0,屏東縣萬巒鄉官倉段0494-0000地號,499.2 kW,怡和綠電超商股份有限公司,25SP2440-B026000039~76,4/1/26,2026-02-01~2026-02-28,認可,認可,37.245 MWh,0 MWh
鴻晶新科技股份有限公司,鴻穎貿易有限公司(鈺山鋼鐵),太陽能,2026,117.825,0,高雄市大寮區華西路26號,499.2 kW,鴻晶新科技股份有限公司,25SP0382-B026000001~119,5/20/26,2026-01-01~2026-03-31,認可,認可,117.825 MWh,0 MWh
艾涅爾電力股份有限公司,優品-嶸鑫鐵工廠PV0075,太陽能,2026,83.635,0,雲林縣莿桐鄉六合村新興72之15號,499.2 kW,艾涅爾電力股份有限公司,25SP0743-B026000001~85,4/8/26,2026-01-01~2026-02-28,認可,認可,83.635 MWh,0 MWh
陽光伏特家電力股份有限公司,創勁3-長興開發路竹廠,太陽能,2026,159.604,0,高雄市路竹區路科八路2號,499.2 kW,陽光伏特家電力股份有限公司,25SP1055-B026000001~161,5/20/26,2026-01-01~2026-03-31,認可,認可,159.604 MWh,0 MWh
台達電子工業股份有限公司,台達南科二廠,太陽能,2026,0,137.799,臺南市善化區環東路二段30號,499.2 kW,台達電子工業股份有限公司,22SP0030-B026000001~138,5/20/26,2026-01-01~2026-03-31,認可,認可,0 MWh,137.799 MWh
星星電力股份有限公司,茂群 - 北門舊埕段,太陽能,2026,166.888,0,臺南市北門區舊埕段0722-0000地號,499.2 kW,星星電力股份有限公司,25SP3352-B026000001~168,5/20/26,2026-01-01~2026-03-31,認可,認可,166.888 MWh,0 MWh
開陽電力股份有限公司,玖基企業-彰化縣埤頭鄉公所(埔東段垃圾衛生掩埋場),太陽能,2026,86.685,0,彰化縣埤頭鄉埔東段0351-0000、0352-0000、0352-0001、0354-0000地號,499.2 kW,開陽電力股份有限公司,25SP1593-B026000001~88,4/1/26,2026-01-01~2026-02-28,認可,認可,86.685 MWh,0 MWh
續興股份有限公司,北門蚵寮,太陽能,2026,188.633,0,臺南市北門區鯤江段0308-0000、0319-0000、0320-0000、0321-0000、0322-0000、0324-0000、0325-0000地號,499.2 kW,續興股份有限公司,24SP1148-B026000001~190,5/20/26,2026-01-01~2026-03-31,認可,認可,188.633 MWh,0 MWh
寶島陽光電力事業股份有限公司,雋和四能源有限公司(台中后里美光記憶體一),太陽能,2026,137.018,0,臺中市后里區三豐路4段369號,499.2 kW,寶島陽光電力事業股份有限公司,24SP2470-B026000001~138,5/20/26,2026-01-01~2026-03-31,認可,認可,137.018 MWh,0 MWh
天能綠電股份有限公司,叡朋科技-路竹環球路豬舍二期屋頂型太陽光電案場(蔡慶忠),太陽能,2026,133.048,0,高雄市路竹區環球路31巷105號,499.2 kW,天能綠電股份有限公司,24SP0554-B026000001~135,5/20/26,2026-01-01~2026-03-31,認可,認可,133.048 MWh,0 MWh
聯華電子股份有限公司,12A3P5,太陽能,2026,0,37.328,臺南市新市區南科三路57號,499.2 kW,聯華電子股份有限公司,24SP1168-B026000001~38,5/20/26,2026-01-01~2026-03-31,認可,認可,0 MWh,37.328 MWh
天能綠電股份有限公司,日旺綠能-屏東地面型太陽光電案場,太陽能,2026,152.179,0,屏東縣里港鄉潮厝段0597-0001、0597-0002、0688-0000地號,499.2 kW,天能綠電股份有限公司,24SP1842-B026000001~155,5/20/26,2026-01-01~2026-03-31,認可,認可,152.179 MWh,0 MWh
陽光伏特家電力股份有限公司,新光雲林1、9廠,太陽能,2026,7.556,0,雲林縣口湖鄉悟南村文光路115號,499.2 kW,陽光伏特家電力股份有限公司,23SP0199-B026000003~99,4/1/26,2026-01-01~2026-02-28,認可,認可,7.556 MWh,0 MWh
陽光伏特家電力股份有限公司,十源高雄1、2廠,太陽能,2026,108.482,0,高雄市小港區永光街2之2號,499.2 kW,陽光伏特家電力股份有限公司,24SP1737-B026000001~112,5/20/26,2026-01-01~2026-03-31,認可,認可,108.482 MWh,0 MWh
台灣銅箔股份有限公司,延山段,太陽能,2026,0,118.454,南投縣竹山鎮延山路66之18號,499.15 kW,台灣銅箔股份有限公司,23SP0327-B026000001~120,5/20/26,2026-01-01~2026-03-31,認可,認可,0 MWh,118.454 MWh
大自然能源電業股份有限公司,NP181084C001(南星),太陽能,2026,135.051,0,高雄市小港區鴻星二路10號,499.14 kW,大自然能源電業股份有限公司,25SP3156-B026000001~136,5/20/26,2026-01-01~2026-03-31,認可,認可,135.051 MWh,0 MWh
天能綠電股份有限公司,凱銳-彰化縣大中機械屋頂型太陽光電案場,太陽能,2026,0,40.646,彰化縣鹿港鎮工業東四路7號,499.14 kW,天能綠電股份有限公司,24SP2000-B026000001~41,5/20/26,2026-03-01~2026-03-31,認可,認可,0 MWh,40.646 MWh
天能綠電股份有限公司,全家01高雄電商棟-高雄市岡山區屋頂型太陽能光電案場,太陽能,2026,89.09,0,高雄市岡山區聖森路508號,499.14 kW,天能綠電股份有限公司,24SP1935-B026000006~95,4/1/26,2026-01-01~2026-02-28,認可,認可,89.09 MWh,0 MWh
寶島陽光電力事業股份有限公司,昕瑞能源有限公司(高雄女子監獄一),太陽能,2026,137.107,5.087,高雄市大寮區淑德新村1號,499.14 kW,寶島陽光電力事業股份有限公司,24SP2595-B026000001~151,5/20/26,2026-01-01~2026-03-31,認可,認可,137.107 MWh,5.087 MWh
天能綠電股份有限公司,昱泰能源-高師大屋頂型太陽能電廠,太陽能,2026,138.649,0,高雄市苓雅區和平一路116號,499.14 kW,天能綠電股份有限公司,25SP0224-B026000001~141,5/20/26,2026-01-01~2026-03-31,認可,認可,138.649 MWh,0 MWh
星星電力股份有限公司,茂誠 - 施炳元一期(彰化),太陽能,2026,122.668,0,彰化縣福興鄉沿海路1段132巷32號,499.14 kW,星星電力股份有限公司,25SP3219-B026000001~125,5/20/26,2026-01-01~2026-03-31,認可,認可,122.668 MWh,0 MWh
怡和綠電超商股份有限公司,無限真實-宜蘭赫蒂法,太陽能,2026,99.409,0,宜蘭縣五結鄉利工一路二段45號,499.135 kW,怡和綠電超商股份有限公司,25SP2465-B026000001~101,5/20/26,2026-01-01~2026-03-31,認可,認可,99.409 MWh,0 MWh
陽光伏特家電力股份有限公司,瑞光彰化3廠,太陽能,2026,108.313,0,彰化縣鹿港鎮海浴路臨332號,499.13 kW,陽光伏特家電力股份有限公司,25SP0582-B026000002~132,5/20/26,2026-01-01~2026-03-31,認可,認可,108.313 MWh,0 MWh
台灣化學纖維股份有限公司,台灣化學纖維股份有限公司二期,太陽能,2026,0,156.055,嘉義縣新港鄉中洋村後厝仔中洋工業區1號,499.125 kW,台灣化學纖維股份有限公司,19SP0022-B026000001~158,5/20/26,2026-01-01~2026-03-31,認可,認可,0 MWh,156.055 MWh
台灣化學纖維股份有限公司,台灣化學纖維股份有限公司三期,太陽能,2026,0,154.123,嘉義縣新港鄉中洋村後厝仔中洋工業區1號,499.125 kW,台灣化學纖維股份有限公司,19SP0023-B026000001~155,5/20/26,2026-01-01~2026-03-31,認可,認可,0 MWh,154.123 MWh
台灣化學纖維股份有限公司,台灣化學纖維股份有限公司一期,太陽能,2026,0,152.13,嘉義縣新港鄉中洋村後厝仔中洋工業區1號,499.125 kW,台灣化學纖維股份有限公司,19SP0021-B026000001~154,5/20/26,2026-01-01~2026-03-31,認可,認可,0 MWh,152.13 MWh
豐興鋼鐵股份有限公司,卜蜂斗六1,太陽能,2026,0,148.078,雲林縣斗六市雲科路三段55號,499.12 kW,豐興鋼鐵股份有限公司,23SP0334-B026000001~149,5/20/26,2026-01-01~2026-03-31,認可,認可,0 MWh,148.078 MWh
天能綠電股份有限公司,創一能源-創一能源-嘉義縣東石雞舍屋頂型,太陽能,2026,112.239,0,嘉義縣東石鄉蔦松村下蔦松80之6號(下蔦松段蔦松小段0008-0000地號),499.1 kW,天能綠電股份有限公司,26SP0151-B026000001~114,5/20/26,2026-02-01~2026-03-31,認可,認可,112.239 MWh,0 MWh
怡和綠電超商股份有限公司,開泰-東港鎮三隆段232、234,太陽能,2026,123.953,0,屏東縣東港鎮屏東縣東港鎮三隆段0232-0000、0234-0000地號,499.1 kW,怡和綠電超商股份有限公司,25SP3339-B026000001~202,5/20/26,2026-01-01~2026-03-31,認可,認可,123.953 MWh,0 MWh
怡和綠電超商股份有限公司,開泰-車城新車城段271,太陽能,2026,138.185,0,屏東縣車城鄉新車城段0271-0000地號,499.1 kW,怡和綠電超商股份有限公司,25SP3369-B026000001~215,5/20/26,2026-01-01~2026-03-31,認可,認可,138.185 MWh,0 MWh
富威電力股份有限公司,富崴2-8-美禾動力太陽光電發電廠,太陽能,2026,31.061,0,宜蘭縣冬山鄉香中路100號,499.1 kW,富威電力股份有限公司,25SP1403-B026000033~73,4/1/26,2026-01-01~2026-02-28,認可,認可,31.061 MWh,0 MWh
星星電力股份有限公司,國碩利晁 -陳進士,太陽能,2026,150.636,0,臺南市善化區胡厝寮段0182-0000、0576-0000、0581-0000。,499.1 kW,星星電力股份有限公司,24SP1510-B026000001~162,5/20/26,2026-01-01~2026-03-31,認可,認可,150.636 MWh,0 MWh
星星電力股份有限公司,國碩利高 - 李明雄,太陽能,2026,156.283,0,"屏東縣潮州鎮林後段0545-0000,0546-0000地號.",499.1 kW,星星電力股份有限公司,24SP2334-B026000002~224,5/20/26,2026-01-01~2026-03-31,認可,認可,156.283 MWh,0 MWh
陽光伏特家電力股份有限公司,惠來台南1廠,太陽能,2026,166.06,0,臺南市後壁區菁豐里崩埤63號,499.1 kW,陽光伏特家電力股份有限公司、天能綠電股份有限公司,24SP0017-B026000001~168,5/20/26,2026-01-01~2026-03-31,認可,認可,166.06 MWh,0 MWh
天能綠電股份有限公司,豐光10--新營洪嘉佑屋頂型光電案場,太陽能,2026,135.774,13.79,臺南市柳營區東昇里562之43號（柳營區柳營段溫厝廍小段1353-000、1354-0000、1355-0000地號),499.1 kW,天能綠電股份有限公司,25SP0286-B026000001~162,5/20/26,2026-01-01~2026-03-31,認可,認可,135.774 MWh,13.79 MWh
怡和綠電超商股份有限公司,開泰-萬丹鄉崙頂段282-1,太陽能,2026,139.548,0,屏東縣萬丹鄉崙頂段282地號,499.1 kW,怡和綠電超商股份有限公司,25SP3372-B026000009~176,5/20/26,2026-01-01~2026-03-31,認可,認可,139.548 MWh,0 MWh
怡和綠電超商股份有限公司,開泰-萬丹鄉田厝段2113、643-2第一期(原643-2案),太陽能,2026,132.474,0,屏東縣萬丹鄉田厝段0643-0002、2113-0000地號(僅設置在萬丹鄉田厝段0643-0002地號),499.1 kW,怡和綠電超商股份有限公司,25SP3334-B026000009~170,5/20/26,2026-01-01~2026-03-31,認可,認可,132.474 MWh,0 MWh
怡和綠電超商股份有限公司,開泰-萬丹鄉崙頂段282,太陽能,2026,141.224,0,屏東縣萬丹鄉崙頂段282地號,499.1 kW,怡和綠電超商股份有限公司,25SP3345-B026000001~143,5/20/26,2026-01-01~2026-03-31,認可,認可,141.224 MWh,0 MWh
宇隆科技股份有限公司,宇隆一號站,太陽能,2026,0,84.117,臺中市梧棲區經二路27號,499.05 kW,宇隆科技股份有限公司,25SP0779-B026000001~85,4/15/26,2026-01-01~2026-02-28,認可,認可,0 MWh,84.117 MWh
阿波羅電力股份有限公司,辰翔詹見材,太陽能,2026,140.17,0,彰化縣埤頭鄉溪林路595巷50弄建52號,498.98 kW,阿波羅電力股份有限公司,24SP1100-B026000001~141,5/20/26,2026-01-01~2026-03-31,認可,認可,140.17 MWh,0 MWh
南方電力股份有限公司,台南市學甲區宅子港段165-123地號太陽光電發電廠,太陽能,2026,67.96,36,臺南市學甲區宅子港段165-123地號,498.98 kW,南方電力股份有限公司,22SP0162-B026000002~111,5/20/26,2026-01-01~2026-03-31,認可,認可,67.96 MWh,36 MWh
艾涅爾電力股份有限公司,城八-北玄PV0067,太陽能,2026,92.595,0,屏東縣枋寮鄉北玄段0753-0003、0933-0000地號,498.96 kW,艾涅爾電力股份有限公司,24SP0053-B026000001~95,4/8/26,2026-01-01~2026-02-28,認可,認可,92.595 MWh,0 MWh
陽光伏特家電力股份有限公司,新光雲林11廠,太陽能,2026,50.968,0,雲林縣古坑鄉棋盤村棋山116之5號,498.96 kW,陽光伏特家電力股份有限公司,25SP1356-B026000016~308,4/1/26,2026-01-01~2026-02-28,認可,認可,50.968 MWh,0 MWh
艾涅爾電力股份有限公司,城八-北玄PV0295,太陽能,2026,93.97,0,屏東縣枋寮鄉北玄段0752-0000、0753-0000、0754-0000地號,498.96 kW,艾涅爾電力股份有限公司,24SP0057-B026000001~96,4/8/26,2026-01-01~2026-02-28,認可,認可,93.97 MWh,0 MWh
怡和綠電超商股份有限公司,開泰-萬丹鄉崙頂段2973,太陽能,2026,109.708,0,屏東縣萬丹鄉崙頂段2973-0000地號,498.96 kW,怡和綠電超商股份有限公司,25SP3341-B026000004~190,5/20/26,2026-01-01~2026-03-31,認可,認可,109.708 MWh,0 MWh
大同智能股份有限公司,台中市屋頂型太陽光電系統-台中二中(校舍),太陽能,2026,148.092,0,臺中市北區英士路109號,498.96 kW,大同智能股份有限公司,24SP0525-B026000001~150,5/20/26,2026-01-01~2026-03-31,認可,認可,148.092 MWh,0 MWh
中鋼光能股份有限公司,中龍細石料RC屋頂,太陽能,2026,90.251,0,臺中市龍井區龍昌路100號,498.96 kW,中鋼光能股份有限公司,23SP0089-B026000001~91,5/20/26,2026-01-01~2026-03-31,認可,認可,90.251 MWh,0 MWh
恆利電能股份有限公司,CXA-深坑子1 (498.96kw),太陽能,2026,153.18,22.373,臺南市關廟區深坑子段603-5地號,498.96 kW,恆利電能股份有限公司,25SP0095-B026000001~181,5/20/26,2026-01-01~2026-03-31,認可,認可,153.18 MWh,22.373 MWh
富威電力股份有限公司,江山一期太陽光電發電廠,太陽能,2026,57.662,63.158,屏東縣長治鄉德和村園南路5號,498.96 kW,富威電力股份有限公司,25SP1135-B026000001~129,5/20/26,2026-01-01~2026-03-31,認可,認可,57.662 MWh,63.158 MWh
台塑石化股份有限公司,預製廠ABCD,太陽能,2026,0,142.2,雲林縣麥寮鄉台塑工業園區15號,498.96 kW,台塑石化股份有限公司,25SP1058-B026000001~144,5/20/26,2026-01-01~2026-03-31,認可,認可,0 MWh,142.2 MWh
天能綠電股份有限公司,昱泰能源-臺中市政府水利局福田水資中心太陽能電廠2期(屋頂型),太陽能,2026,178.959,0,臺中市南區福田二街23號,498.96 kW,天能綠電股份有限公司,24SP2024-B026000001~182,5/20/26,2026-01-01~2026-03-31,認可,認可,178.959 MWh,0 MWh
天能綠電股份有限公司,昱泰能源-臺中市政府水利局福田水資中心太陽能電廠1期(屋頂型),太陽能,2026,179.951,0,臺中市南區福田二街23號,498.96 kW,天能綠電股份有限公司,24SP2026-B026000001~183,5/20/26,2026-01-01~2026-03-31,認可,認可,179.951 MWh,0 MWh
恆利電能股份有限公司,CYA-布袋尾1 (498.96kw),太陽能,2026,135.416,20.3,臺南市關廟區布袋尾段0275-0004地號,498.96 kW,恆利電能股份有限公司,25SP0067-B026000001~161,5/20/26,2026-01-01~2026-03-31,認可,認可,135.416 MWh,20.3 MWh
三地怪獸電力股份有限公司,許願樹屏東縣萬華段地面型太陽光電,太陽能,2026,155.752,7.794,屏東縣南州鄉萬華段1268-0002地號,498.96 kW,三地怪獸電力股份有限公司,24SP0570-B026000001~174,5/20/26,2026-01-01~2026-03-31,認可,認可,155.752 MWh,7.794 MWh
恆利電能股份有限公司,CYA-深坑子1 (498.96kw),太陽能,2026,153.789,22.495,臺南市關廟區深坑子段0598-0005&0006地號,498.96 kW,恆利電能股份有限公司,25SP0073-B026000001~183,5/20/26,2026-01-01~2026-03-31,認可,認可,153.789 MWh,22.495 MWh
恆利電能股份有限公司,CXA-新埔1 (498.96kw),太陽能,2026,151.823,21.766,臺南市關廟區新埔段544、544-2、548-2地號,498.96 kW,恆利電能股份有限公司,25SP0070-B026000001~179,5/20/26,2026-01-01~2026-03-31,認可,認可,151.823 MWh,21.766 MWh
康展電力股份有限公司,屏東都計農潮州A,太陽能,2026,154.116,0,屏東縣潮州鎮崙新段639地號,498.96 kW,康展電力股份有限公司,24SP0449-B026000001~163,5/20/26,2026-01-01~2026-03-31,認可,認可,154.116 MWh,0 MWh
大自然能源電業股份有限公司,NP081005C001向陽能源(白成元),太陽能,2026,96.529,64.472,彰化縣和美鎮嘉慶段679、679-9、679-10地號,498.96 kW,大自然能源電業股份有限公司,24SP0798-B026000001~162,5/20/26,2026-01-01~2026-03-31,認可,認可,96.529 MWh,64.472 MWh
怡和綠電超商股份有限公司,遠勁綠能-漢翔台中二期,太陽能,2026,157.212,0,臺中市沙鹿區忠貞路20巷178號,498.96 kW,怡和綠電超商股份有限公司,26SP0051-B026000002~160,5/20/26,2026-01-01~2026-03-31,認可,認可,157.212 MWh,0 MWh
晨星電力股份有限公司,(沅碁)龍華國小一二期,太陽能,2026,140.789,0,高雄市鼓山區大順一路858號(高雄市鼓山區龍華國民小學),498.94 kW,晨星電力股份有限公司,25SP2593-B026000001~142,5/20/26,2026-01-01~2026-03-31,認可,認可,140.789 MWh,0 MWh
高偉精密科技股份有限公司,高偉精密1期,太陽能,2026,0,156.048,臺中市中區精科南路28號,498.94 kW,高偉精密科技股份有限公司,23SP0048-B026000001~157,5/20/26,2026-01-01~2026-03-31,認可,認可,0 MWh,156.048 MWh
能元超商股份有限公司,協原,太陽能,2026,142.263,0,高雄市林園區石化四路2號,498.9 kW,能元超商股份有限公司,25SP1498-B026000001~148,5/20/26,2026-01-01~2026-03-31,認可,認可,142.263 MWh,0 MWh
艾涅爾電力股份有限公司,旭力-江宗憲,太陽能,2026,102.173,0,臺南市七股區竹橋里竹橋129號之120,498.9 kW,艾涅爾電力股份有限公司,24SP1673-B026000001~104,4/8/26,2026-01-01~2026-02-28,認可,認可,102.173 MWh,0 MWh
天能綠電股份有限公司,日晶旺-台南楠西區498.885kwp地面型太陽光電案場,太陽能,2026,172.459,0,臺南市楠西區楠西段0357-0001、0357-0002、0357-0003、0357-0004地號,498.885 kW,天能綠電股份有限公司,24SP0690-B026000001~175,5/20/26,2026-01-01~2026-03-31,認可,認可,172.459 MWh,0 MWh
續興股份有限公司,旗山北勢291,太陽能,2026,162.369,0,高雄市旗山區北勢段291-1128、291-1129、291-1130、291-1131、291-1132地號,498.85 kW,續興股份有限公司,25SP0404-B026000001~163,5/20/26,2026-01-01~2026-03-31,認可,認可,162.369 MWh,0 MWh
星星電力股份有限公司,國碩利晁 -胡王素美(一期),太陽能,2026,166.376,0,臺南市麻豆區台南市麻豆區麻善段717、718、719、720地號(地面型)。,498.78 kW,星星電力股份有限公司,24SP1715-B026000002~235,5/20/26,2026-01-01~2026-03-31,認可,認可,166.376 MWh,0 MWh
天能綠電股份有限公司,全家03台中電商棟-台中市大肚區屋頂型太陽能光電案場,太陽能,2026,91.419,0,臺中市大肚區萬興路58號,498.775 kW,天能綠電股份有限公司,24SP2143-B026000006~97,4/1/26,2026-01-01~2026-02-28,認可,認可,91.419 MWh,0 MWh
晨星電力股份有限公司,(沅碁)前金國小一~三期,太陽能,2026,171.122,0,高雄市前金區大同二路61號,498.73 kW,晨星電力股份有限公司,25SP2511-B026000001~172,5/20/26,2026-01-01~2026-03-31,認可,認可,171.122 MWh,0 MWh
天能綠電股份有限公司,台南市下營區大屯寮段豬舍一期屋頂型太陽光電案場,太陽能,2026,129.28,0,臺南市下營區大屯里89之60號,498.68 kW,天能綠電股份有限公司,23SP0227-B026000001~131,5/20/26,2026-01-01~2026-03-31,認可,認可,129.28 MWh,0 MWh
十萬伏特電力股份有限公司,頭屋鄉二岡坪段,太陽能,2026,37.047,0,苗栗縣頭屋鄉二岡坪段二岡坪小段300地號,498.675 kW,十萬伏特電力股份有限公司,25SP4120-B026000001~38,4/22/26,2026-01-01~2026-01-31,認可,認可,37.047 MWh,0 MWh
芊泰橡膠股份有限公司,芊泰橡膠股份有限公司,太陽能,2026,0,59.856,臺中市梧棲區緯六路17號,498.63 kW,芊泰橡膠股份有限公司,24SP2023-B026000001~61,5/20/26,2026-01-01~2026-03-31,認可,認可,0 MWh,59.856 MWh
怡和綠電超商股份有限公司,聯發新能源-莒光國小1期+2期,太陽能,2026,105.243,57.623,高雄市楠梓區後昌路842號(高雄市楠梓區莒光國民小學),498.6 kW,怡和綠電超商股份有限公司,25SP1677-B026000001~168,5/20/26,2026-01-01~2026-03-31,認可,認可,105.243 MWh,57.623 MWh
宇軒電業股份有限公司,中洲46,太陽能,2026,98.319,68.423,臺南市學甲區中洲段46地號,498.6 kW,宇軒電業股份有限公司,25SP2010-B026000001~168,5/20/26,2026-01-01~2026-03-31,認可,認可,98.319 MWh,68.423 MWh
怡和綠電超商股份有限公司,京進(科風)-義竹雞舍一期,太陽能,2026,26.021,0,嘉義縣義竹鄉溪洲村上溪洲33號之11、33之15號,498.59 kW,怡和綠電超商股份有限公司,25SP1698-B026000024~50,4/1/26,2026-02-01~2026-02-28,認可,認可,26.021 MWh,0 MWh
怡和綠電超商股份有限公司,欣雄-福智國小,太陽能,2026,43.552,0,雲林縣古坑鄉麻園村平和21、21-1號,498.56 kW,怡和綠電超商股份有限公司,25SP0762-B026000044~87,4/1/26,2026-02-01~2026-02-28,認可,認可,43.552 MWh,0 MWh
天能綠電股份有限公司,豐光05--南投張永洲屋頂型光電案場,太陽能,2026,128.633,3.419,南投縣中寮鄉南投縣中寮鄉龍安村龍南路142之1號（南投縣中寮鄉龍眼林段40-8、703-6、703-8地號）,498.56 kW,天能綠電股份有限公司,25SP0147-B026000001~140,5/20/26,2026-01-01~2026-03-31,認可,認可,128.633 MWh,3.419 MWh
陽光伏特家電力股份有限公司,文鴻彰化7廠,太陽能,2026,162.824,0,彰化縣花壇鄉北口段0748-0000地號,498.56 kW,陽光伏特家電力股份有限公司,24SP2473-B026000001~207,5/20/26,2026-01-01~2026-03-31,認可,認可,162.824 MWh,0 MWh
寶島陽光電力事業股份有限公司,日沛能源有限公司 (TW170731),太陽能,2026,123.049,73.72,嘉義縣鹿草鄉重寮村中寮128號之1,498.55 kW,寶島陽光電力事業股份有限公司,24SP2362-B026000001~203,5/20/26,2026-01-01~2026-03-31,認可,認可,123.049 MWh,73.72 MWh
天能綠電股份有限公司,光旭盈_張碩烝一期_屋頂型太陽光電案場,太陽能,2026,125.638,14.63,"屏東縣內埔鄉大同路四段308號(屏東縣內埔鄉東片段680、681、683地號；本次僅設置於雞舍【A1,A2,A4,A5,A10,A11】共6棟、雞舍及堆肥舍【A3,A6,D】一棟、管理室及倉儲設施【B,C2】1棟等8棟；第一期",498.52 kW,天能綠電股份有限公司,25SP3060-B026000001~147,5/20/26,2026-01-01~2026-03-31,認可,認可,125.638 MWh,14.63 MWh
富威電力股份有限公司,永晴新能源-中鋼構官田廠光電發電廠,太陽能,2026,85.319,18.957,臺南市官田區工業南路2號,498.48 kW,富威電力股份有限公司,25SP0869-B026000001~126,5/20/26,2026-01-01~2026-03-31,認可,認可,85.319 MWh,18.957 MWh
怡和綠電超商股份有限公司,戎居-G8,太陽能,2026,144.016,0,臺南市官田區三塊厝段10-8地號,498.48 kW,怡和綠電超商股份有限公司,25SP0952-B026000001~145,5/20/26,2026-01-01~2026-03-31,認可,認可,144.016 MWh,0 MWh
怡和綠電超商股份有限公司,戎居-G10,太陽能,2026,131.488,0,臺南市後壁區嘉泰段418、419地號,498.48 kW,怡和綠電超商股份有限公司,25SP1100-B026000001~133,5/20/26,2026-01-01~2026-03-31,認可,認可,131.488 MWh,0 MWh
怡和綠電超商股份有限公司,戎居-G1,太陽能,2026,151.861,0,臺南市安南區溪南段616地號;溪南段616-5地號,498.48 kW,怡和綠電超商股份有限公司,25SP0956-B026000001~153,5/20/26,2026-01-01~2026-03-31,認可,認可,151.861 MWh,0 MWh
星星電力股份有限公司,雄利 - 新興段259地號,太陽能,2026,109.623,0,屏東縣屏東市屏東縣屏東市新興段0259-0000地號,498.44 kW,星星電力股份有限公司,25SP3968-B026000001~110,5/20/26,2026-01-01~2026-03-31,認可,認可,109.623 MWh,0 MWh
宇軒電業股份有限公司,永秀段793地號,太陽能,2026,50.887,0,臺南市白河區永秀段793地號,498.3 kW,宇軒電業股份有限公司,25SP1336-B026000051~101,4/15/26,2026-02-01~2026-02-28,認可,認可,50.887 MWh,0 MWh
維特克能源有限公司,維特克台東1廠,太陽能,2026,132.379,0,臺東縣臺東市更生路781號,498.3 kW,維特克能源有限公司,24SP0369-B026000004~145,5/20/26,2026-01-01~2026-03-31,認可,認可,132.379 MWh,0 MWh
三地怪獸電力股份有限公司,許願樹屏東縣鳳安路屋頂型太陽光電,太陽能,2026,143.12,6.625,屏東縣竹田鄉鳳安路41巷201號,498.24 kW,三地怪獸電力股份有限公司,24SP0568-B026000001~160,5/20/26,2026-01-01~2026-03-31,認可,認可,143.12 MWh,6.625 MWh
儒鴻企業股份有限公司,儒鴻企業溪洲廠F棟,太陽能,2026,0,100.112,苗栗縣後龍鎮溪州里七鄰三好路39號,498.15 kW,儒鴻企業股份有限公司,24SP0432-B026000001~101,5/20/26,2026-01-01~2026-03-31,認可,認可,0 MWh,100.112 MWh
陽光伏特家電力股份有限公司,元登屏東17廠,太陽能,2026,112.473,0,屏東縣萬巒鄉大林段0323-0000、0378-0000、0379-0000、0380-0000、0381-0000地號,498 kW,陽光伏特家電力股份有限公司,24SP0837-B026000014~148,5/20/26,2026-01-01~2026-03-31,認可,認可,112.473 MWh,0 MWh
開陽電力股份有限公司,開陽能源-口湖下崙段938-8,太陽能,2026,52.783,0,雲林縣口湖鄉下崙段0938-0008地號,498 kW,開陽電力股份有限公司,26SP0050-B026000001~53,3/25/26,2026-01-01~2026-01-31,認可,認可,52.783 MWh,0 MWh
怡和綠電超商股份有限公司,克林-阮福智林邊雞舍,太陽能,2026,156.907,0,屏東縣林邊鄉下庄37之21號,498 kW,怡和綠電超商股份有限公司,25SP1600-B026000001~158,5/20/26,2026-01-01~2026-03-31,認可,認可,156.907 MWh,0 MWh
寶島陽光電力事業股份有限公司,昌瑞能源有限公司(TW170658),太陽能,2026,120.491,0,南投縣南投市大庄路29巷3之1號,498 kW,寶島陽光電力事業股份有限公司,24SP1471-B026000001~122,5/20/26,2026-01-01~2026-03-31,認可,認可,120.491 MWh,0 MWh
南方電力股份有限公司,鈺陞興業太陽光電發電廠,太陽能,2026,77.761,0,屏東縣屏東市大溪路335之7號,498 kW,南方電力股份有限公司,24SP1890-B026000001~158,4/1/26,2026-01-01~2026-02-28,認可,認可,77.761 MWh,0 MWh
怡和綠電超商股份有限公司,晁能-施有棟498,太陽能,2026,151.763,0,彰化縣芳苑鄉新復路2段512巷273弄建37號,498 kW,怡和綠電超商股份有限公司,25SP2398-B026000001~153,5/20/26,2026-01-01~2026-03-31,認可,認可,151.763 MWh,0 MWh
瓦特先生股份有限公司,彰化有鴻,太陽能,2026,89.516,37.928,彰化縣線西鄉彰濱西四路26號,497.86 kW,瓦特先生股份有限公司,21SP0032-B026000001~116,5/20/26,2026-01-01~2026-03-31,認可,認可,89.516 MWh,37.928 MWh
晨星電力股份有限公司,(大可)南區,太陽能,2026,167.888,0,臺南市仁德區文華一街26之1號,497.805 kW,晨星電力股份有限公司,25SP1030-B026000001~169,5/20/26,2026-01-01~2026-03-31,認可,認可,167.888 MWh,0 MWh
中鋼光能股份有限公司,中鋼第一熱軋軋輥&熱軋鋼帶室外冷卻堆置場,太陽能,2026,140.893,0,高雄市小港區中鋼路1號極嘉興街2號,497.76 kW,中鋼光能股份有限公司,22SP0152-B026000001~142,5/20/26,2026-01-01~2026-03-31,認可,認可,140.893 MWh,0 MWh
禾丰電力股份有限公司,豐樂-彰化牛棚3,太陽能,2026,84.648,0,彰化縣福興鄉新生路73之38號,497.76 kW,禾丰電力股份有限公司,24SP2403-B026000001~86,5/20/26,2026-01-01~2026-03-31,認可,認可,84.648 MWh,0 MWh
天能綠電股份有限公司,柯進丁地面型太陽光電案場,太陽能,2026,184.249,0,雲林縣口湖鄉口湖段588、588-1、584地號,497.64 kW,天能綠電股份有限公司,22SP0166-B026000001~186,5/20/26,2026-01-01~2026-03-31,認可,認可,184.249 MWh,0 MWh
阿波羅電力股份有限公司,綠順龍華國中,太陽能,2026,174.941,0,高雄市左營區自由二路2號,497.575 kW,阿波羅電力股份有限公司,24SP0599-B026000001~184,5/20/26,2026-01-01~2026-03-31,認可,認可,174.941 MWh,0 MWh
晨星電力股份有限公司,(加州)安南國中二三四期,太陽能,2026,13.015,135.08,臺南市安南區安中路3段252號/新淵段0382.0383 地號,497.57 kW,晨星電力股份有限公司,25SP4372-B026000001~156,5/20/26,2026-01-01~2026-03-31,認可,認可,13.015 MWh,135.08 MWh
晨星電力股份有限公司,(沅碁)博愛國小一二期,太陽能,2026,170.654,0,高雄市三民區十全一路202號,497.42 kW,晨星電力股份有限公司,25SP1443-B026000001~172,5/20/26,2026-01-01~2026-03-31,認可,認可,170.654 MWh,0 MWh
大自然能源電業股份有限公司,NP081063C006低碳(遠東(一),太陽能,2026,112.479,0,彰化縣線西鄉線工南三街3號,497.37 kW,大自然能源電業股份有限公司,25SP0581-B026000001~114,5/20/26,2026-01-01~2026-03-31,認可,認可,112.479 MWh,0 MWh
富威電力股份有限公司,豐采菇業農企社-菇寮太陽光電發電廠,太陽能,2026,54.171,0,南投縣國姓鄉長福村大長路186之3、186之5號,497.34 kW,富威電力股份有限公司,25SP3911-B026000044~110,4/1/26,2026-01-01~2026-02-28,認可,認可,54.171 MWh,0 MWh
富威電力股份有限公司,分子能源-建達五金太陽光電發電廠,太陽能,2026,61.819,0,高雄市岡山區本工五路30號,497.28 kW,富威電力股份有限公司,25SP1536-B026000042~113,4/1/26,2026-01-01~2026-02-28,認可,認可,61.819 MWh,0 MWh
大同智能股份有限公司,台中市屋頂型太陽光電系統-東勢高工,太陽能,2026,131.717,0,臺中市東勢區東關路6段1328號,497.28 kW,大同智能股份有限公司,24SP0745-B026000001~132,5/20/26,2026-01-01~2026-03-31,認可,認可,131.717 MWh,0 MWh
怡和綠電超商股份有限公司,昶泰-屏東縣枋寮鄉東海村精進路37號(1期),太陽能,2026,45.859,0,屏東縣枋寮鄉東海村精進路37號,497.08 kW,怡和綠電超商股份有限公司,25SP0290-B026000045~90,4/1/26,2026-02-01~2026-02-28,認可,認可,45.859 MWh,0 MWh
台灣日東光學股份有限公司,台灣日東光學股份有限公司(工廠棟1案496.98 kwp),太陽能,2026,0,146.301,臺中市大雅區科雅西路7號,496.98 kW,台灣日東光學股份有限公司,25SP0864-B026000001~148,5/20/26,2026-01-01~2026-03-31,認可,認可,0 MWh,146.301 MWh
晨星電力股份有限公司,(統益)佳冬鄉 鄭易昌,太陽能,2026,158.853,0,屏東縣佳冬鄉豐海路322巷30號(佳冬鄉塭豐段721、722地段),496.8 kW,晨星電力股份有限公司,25SP1076-B026000001~161,5/20/26,2026-01-01~2026-03-31,認可,認可,158.853 MWh,0 MWh
宇軒電業股份有限公司,學甲段324地號,太陽能,2026,103.524,59.912,臺南市學甲區學甲段324地號,496.8 kW,宇軒電業股份有限公司,25SP1997-B026000001~164,5/20/26,2026-01-01~2026-03-31,認可,認可,103.524 MWh,59.912 MWh
力晶積成電子製造股份有限公司,力積電銅鑼廠區,太陽能,2026,0,148.036,苗栗縣銅鑼鄉銅科七路8號,496.8 kW,力晶積成電子製造股份有限公司,24SP1283-B026000001~150,5/20/26,2026-01-01~2026-03-31,認可,認可,0 MWh,148.036 MWh
天能綠電股份有限公司,雲曜新-彰化二林愛民衛材太陽光電案場,太陽能,2026,65.79,0,彰化縣二林鎮中科二林大道2段88號,496.8 kW,天能綠電股份有限公司,24SP0281-B026000001~68,4/1/26,2026-01-01~2026-02-28,認可,認可,65.79 MWh,0 MWh
晨星電力股份有限公司,(大可)北區,太陽能,2026,165.691,0,臺南市仁德區文華一街19號,496.65 kW,晨星電力股份有限公司,25SP1033-B026000001~166,5/20/26,2026-01-01~2026-03-31,認可,認可,165.691 MWh,0 MWh
續興股份有限公司,永昇冷凍,太陽能,2026,0,125.894,屏東縣里港鄉三和路119之73、119之75號,496.645 kW,續興股份有限公司,25SP2446-B026000001~127,5/20/26,2026-01-01~2026-03-31,認可,認可,0 MWh,125.894 MWh
天能綠電股份有限公司,橙茂能源-龍鋐屋頂型太陽能光電案場,太陽能,2026,153.408,0,高雄市仁武區鳳仁路165巷36號,496.62 kW,天能綠電股份有限公司,25SP0801-B026000001~154,5/20/26,2026-01-01~2026-03-31,認可,認可,153.408 MWh,0 MWh
能元超商股份有限公司,南沖能元科技,太陽能,2026,153.839,0,臺南市善化區大利二路10號,496.62 kW,能元超商股份有限公司,25SP2763-B026000001~159,5/20/26,2026-01-01~2026-03-31,認可,認可,153.839 MWh,0 MWh
宇軒電業股份有限公司,旭山段96、97、98地號,太陽能,2026,50.597,0,"臺南市柳營區旭山段96,97,98地號",496.62 kW,宇軒電業股份有限公司,25SP0658-B026000049~99,4/15/26,2026-02-01~2026-02-28,認可,認可,50.597 MWh,0 MWh
天能綠電股份有限公司,得貹大村1期太陽光電案場,太陽能,2026,155.767,0,彰化縣大村鄉中正東路162號,496.4 kW,天能綠電股份有限公司,24SP1989-B026000048~204,5/20/26,2026-01-01~2026-03-31,認可,認可,155.767 MWh,0 MWh
天能綠電股份有限公司,秋精_雲林土庫一&二期屋頂型太陽光電案場,太陽能,2026,160.137,0,雲林縣土庫鎮後埔里雙人厝258號,496.02 kW,天能綠電股份有限公司,25SP2797-B026000001~162,5/20/26,2026-01-01~2026-03-31,認可,認可,160.137 MWh,0 MWh
陽光伏特家電力股份有限公司,新光彰化15、48廠,太陽能,2026,138.177,0,彰化縣芳苑鄉上城路1-38巷建49號,496 kW,陽光伏特家電力股份有限公司,23SP0432-B026000001~142,5/20/26,2026-01-01~2026-03-31,認可,認可,138.177 MWh,0 MWh
艾涅爾電力股份有限公司,育渲-台南市歸仁區歸仁北段2056地號,太陽能,2026,90.89,0,臺南市歸仁區歸仁北段2056-0000地號,496 kW,艾涅爾電力股份有限公司,24SP0504-B026000001~140,4/8/26,2026-01-01~2026-02-28,認可,認可,90.89 MWh,0 MWh
怡和綠電超商股份有限公司,晶久-祥俊環保,太陽能,2026,136.461,0,彰化縣鹿港鎮工業西七路13號,496 kW,怡和綠電超商股份有限公司,25SP0794-B026000001~138,5/20/26,2026-01-01~2026-03-31,認可,認可,136.461 MWh,0 MWh
天能綠電股份有限公司,台東大豐段掩埋場地面型太陽能光電案(低壓),太陽能,2026,128.279,0,臺東縣臺東市大豐段542地號,496 kW,天能綠電股份有限公司,22SP0043-B026000037~166,5/20/26,2026-01-01~2026-03-31,認可,認可,128.279 MWh,0 MWh
怡和綠電超商股份有限公司,興發-麗嬰房,太陽能,2026,83.854,0,桃園市蘆竹區海山中街8號,495.95 kW,怡和綠電超商股份有限公司,25SP1790-B026000001~168,5/20/26,2026-01-01~2026-03-31,認可,認可,83.854 MWh,0 MWh
聯華電子股份有限公司8A,8A-FAB1,太陽能,2026,0,159.712,新竹市東區力行二路3號,495.88 kW,聯華電子股份有限公司8A,24SP0986-B026000001~161,5/20/26,2025-12-01~2026-03-31,認可,認可,0 MWh,159.712 MWh
大自然能源電業股份有限公司,NP041004C004佳益能源(嘉聯益二),太陽能,2026,96.137,0,桃園市觀音區桃科十路8號,495.72 kW,大自然能源電業股份有限公司,24SP0565-B026000001~120,5/20/26,2026-01-01~2026-03-31,認可,認可,96.137 MWh,0 MWh
寶島陽光電力事業股份有限公司,玉衡能源股份有限公司(TW180825),太陽能,2026,141.742,20.898,臺南市永康區中山南路948號,495.6 kW,寶島陽光電力事業股份有限公司,25SP0149-B026000001~168,5/20/26,2026-01-01~2026-03-31,認可,認可,141.742 MWh,20.898 MWh
星星電力股份有限公司,匯僑-宇豐綠能大明高中潭子校區,太陽能,2026,156.336,0,臺中市潭子區潭興路1段166、168號,495.6 kW,星星電力股份有限公司,25SP3411-B026000001~158,5/20/26,2026-01-01~2026-03-31,認可,認可,156.336 MWh,0 MWh
南方電力股份有限公司,豐光潔能-田清廉太陽光電發電廠,太陽能,2026,130.72,0,屏東縣萬巒鄉赤山村東山路1之30號,495.6 kW,南方電力股份有限公司,24SP2156-B026000001~132,5/20/26,2026-01-01~2026-03-31,認可,認可,130.72 MWh,0 MWh
晨星電力股份有限公司,(寶陽)岡聯A,太陽能,2026,165.121,0,高雄市岡山區拕子段1405-0009、1405-0010、1405-0011、1406-0003、1406-0004、1406-0005、1407-0000地號,495.6 kW,晨星電力股份有限公司,25SP2514-B026000001~167,5/20/26,2026-01-01~2026-03-31,認可,認可,165.121 MWh,0 MWh
晨星電力股份有限公司,(寶陽)岡聯B,太陽能,2026,173.261,0,高雄市岡山區拕子段1398-0157、1398-0158、1398-0160、1409-0000、1409-0001地號,495.6 kW,晨星電力股份有限公司,25SP2471-B026000001~174,5/20/26,2026-01-01~2026-03-31,認可,認可,173.261 MWh,0 MWh
天能綠電股份有限公司,家紳能源-彰化縣社頭鄉中山路(彰化特教一期),太陽能,2026,146.022,0,彰化縣社頭鄉中山路1段306號,495.6 kW,天能綠電股份有限公司,25SP4016-B026000001~149,5/20/26,2026-01-01~2026-03-31,認可,認可,146.022 MWh,0 MWh
陽光伏特家電力股份有限公司,元登屏東42廠,太陽能,2026,159.309,0,屏東縣萬巒鄉佳和段1275-0002、1275-0003、1275-0004、1275-0005、1275-0006地號,495.6 kW,陽光伏特家電力股份有限公司,24SP0736-B026000001~162,5/20/26,2026-01-01~2026-03-31,認可,認可,159.309 MWh,0 MWh
天能綠電股份有限公司,雲林縣北港鎮金聯北港一期案場,太陽能,2026,55.612,0,雲林縣北港鎮民樂路267號,495.6 kW,天能綠電股份有限公司,22SP0118-B026000057~112,4/1/26,2026-02-01~2026-02-28,認可,認可,55.612 MWh,0 MWh
阿波羅電力股份有限公司,億祐牛厝低壓,太陽能,2026,153.315,0,雲林縣臺西鄉牛厝村成功172之8、172之10號,495.43 kW,阿波羅電力股份有限公司,24SP0465-B026000001~154,5/20/26,2026-01-01~2026-03-31,認可,認可,153.315 MWh,0 MWh
天能綠電股份有限公司,仲達陽光-彰化伸港-獻麒紡織495.38kw,太陽能,2026,83.397,59.146,彰化縣伸港鄉工八路9號,495.38 kW,天能綠電股份有限公司,24SP1952-B026000001~144,5/20/26,2026-01-01~2026-03-31,認可,認可,83.397 MWh,59.146 MWh
大自然能源電業股份有限公司,NP091021C003(統益-嘉義工程處1),太陽能,2026,166.74,0,嘉義縣六腳鄉三姓寮段0256-0005、0256-0007、0257-0000、0257-0001、0265-0002地號,495.36 kW,大自然能源電業股份有限公司、晨星電力股份有限公司,24SP1729-B026000001~169,5/20/26,2026-01-01~2026-03-31,認可,認可,166.74 MWh,0 MWh
恆利電能股份有限公司,CXA-崙子頂1 (495.33kw),太陽能,2026,139.787,21.274,臺南市歸仁區崙子頂段151、152地號,495.33 kW,恆利電能股份有限公司,25SP0165-B026000001~168,5/20/26,2026-01-01~2026-03-31,認可,認可,139.787 MWh,21.274 MWh
怡和綠電超商股份有限公司,昱金生科技-雄工停車場,太陽能,2026,134.151,0,高雄市前鎮區大順二路338號,495.18 kW,怡和綠電超商股份有限公司,25SP3581-B026000001~140,5/20/26,2026-01-01~2026-03-31,認可,認可,134.151 MWh,0 MWh
富威電力股份有限公司,品鋒工業太陽光電發電廠,太陽能,2026,53.935,0,嘉義縣水上鄉寬士村崎仔頭1之212號附1,495.06 kW,富威電力股份有限公司,25SP0984-B026000051~111,4/1/26,2026-01-01~2026-02-28,認可,認可,53.935 MWh,0 MWh
寶島陽光電力事業股份有限公司,日沛能源有限公司(TW170576),太陽能,2026,152.832,0,臺南市官田區社子里六雙16之57號,495.04 kW,寶島陽光電力事業股份有限公司,24SP2157-B026000001~154,5/20/26,2026-01-01~2026-03-31,認可,認可,152.832 MWh,0 MWh
大同智能股份有限公司,彰化縣汙染農地太陽光電系統-和美鎮大嘉段551、552地號,太陽能,2026,180.296,0,彰化縣和美鎮大嘉段551、552地號,495.04 kW,大同智能股份有限公司,24SP0291-B026000001~182,5/20/26,2026-01-01~2026-03-31,認可,認可,180.296 MWh,0 MWh
晨星電力股份有限公司,(統益)鄭文羿,太陽能,2026,173.709,0,屏東縣林邊鄉塭岸段0468-0000地號,495 kW,晨星電力股份有限公司,25SP1075-B026000001~175,5/20/26,2026-01-01~2026-03-31,認可,認可,173.709 MWh,0 MWh
維特克能源有限公司,維特克台中2廠,太陽能,2026,149.759,0,臺中市梧棲區臨港路3段353號,495 kW,維特克能源有限公司,24SP0247-B026000004~164,5/20/26,2026-01-01~2026-03-31,認可,認可,149.759 MWh,0 MWh
大同智能股份有限公司,沅碁光電_高雄岡山文化中心(一、二期),太陽能,2026,170.696,0,高雄市岡山區岡山南路43、46號,495 kW,大同智能股份有限公司、晨星電力股份有限公司,24SP1657-B026000001~172,5/20/26,2026-01-01~2026-03-31,認可,認可,170.696 MWh,0 MWh
艾涅爾電力股份有限公司,碩燿-台爃窯業PV0178,太陽能,2026,85.061,0,雲林縣斗南鎮台榮路1號,495 kW,艾涅爾電力股份有限公司,24SP0886-B026000001~86,4/8/26,2026-01-01~2026-02-28,認可,認可,85.061 MWh,0 MWh
天能綠電股份有限公司,群晨-嘉義縣東石鄉鼎東石段黎明小段62-2、62-3地號,太陽能,2026,97.549,0,嘉義縣東石鄉東石段黎明小段62-2、62-3地號,495 kW,天能綠電股份有限公司,24SP1648-B026000002~100,4/1/26,2026-01-01~2026-02-28,認可,認可,97.549 MWh,0 MWh
台灣太陽油墨股份有限公司,台灣太陽油墨股份有公司(一期)(二期),太陽能,2026,0,92.092,桃園市觀音區大同二路7號,494.96 kW,台灣太陽油墨股份有限公司,25SP0338-B026000001~94,5/20/26,2026-01-01~2026-03-31,認可,認可,0 MWh,92.092 MWh
維特克能源有限公司,維特克台中4廠,太陽能,2026,142.798,0,臺中市霧峰區北豐路106巷22號,494.7 kW,維特克能源有限公司,24SP0233-B026000004~156,5/20/26,2026-01-01~2026-03-31,認可,認可,142.798 MWh,0 MWh
大同智能股份有限公司,台南市屋頂型太陽光電系統- 南臺科技大學,太陽能,2026,141.096,0,臺南市永康區南台街1號,494.34 kW,大同智能股份有限公司,24SP0229-B026000001~142,5/20/26,2026-01-01~2026-03-31,認可,認可,141.096 MWh,0 MWh
天能綠電股份有限公司,首特精密_緯西企業(首特)一期,太陽能,2026,111.036,0,嘉義縣大林鎮大工二段0023-0000地號,494.13 kW,天能綠電股份有限公司,25SP0251-B026000001~112,5/20/26,2026-01-01~2026-03-31,認可,認可,111.036 MWh,0 MWh
富威電力股份有限公司,富崴1-8-七股大文段太陽光電發電廠,太陽能,2026,160.979,6.597,臺南市七股區大埕里11之1號,494.1 kW,富威電力股份有限公司,25SP1645-B026000001~182,5/20/26,2026-01-01~2026-03-31,認可,認可,160.979 MWh,6.597 MWh
怡和綠電超商股份有限公司,晶久-加達鋼業,太陽能,2026,144.727,0,彰化縣鹿港鎮工業東四路3號,494 kW,怡和綠電超商股份有限公司,25SP2527-B026000001~146,5/20/26,2026-01-01~2026-03-31,認可,認可,144.727 MWh,0 MWh
天能綠電股份有限公司,凱銳-彰化秀強屋頂型太陽光電案場,太陽能,2026,0,64.769,彰化縣秀水鄉彰水路1段419號((彰化縣秀水鄉西興段0184-0004、0187-0001地號),493.955 kW,天能綠電股份有限公司,24SP2029-B026000001~65,5/20/26,2026-03-01~2026-03-31,認可,認可,0 MWh,64.769 MWh
寶島陽光電力事業股份有限公司,豐照能源股份有限公司(TW190957),太陽能,2026,153.257,0,高雄市路竹區路科十路11號,493.875 kW,寶島陽光電力事業股份有限公司,24SP2590-B026000001~155,5/20/26,2026-01-01~2026-03-31,認可,認可,153.257 MWh,0 MWh
續興股份有限公司,聯米企業一期,太陽能,2026,147.854,0,彰化縣埤頭鄉彰水路2段526之1號,493.5 kW,續興股份有限公司,25SP2815-B026000001~149,5/20/26,2026-01-01~2026-03-31,認可,認可,147.854 MWh,0 MWh
宇軒電業股份有限公司,土庫段1847、1848地號,太陽能,2026,46.113,0,屏東縣里港鄉土庫段1847、1848地號,493.44 kW,宇軒電業股份有限公司,25SP1878-B026000049~95,4/15/26,2026-02-01~2026-02-28,認可,認可,46.113 MWh,0 MWh
艾涅爾電力股份有限公司,裕國-鼎豐畜牧場PV0616,太陽能,2026,94.279,0,彰化縣芳苑鄉漁富路151號,493.35 kW,艾涅爾電力股份有限公司,24SP0646-B026000001~96,5/20/26,2026-01-01~2026-02-28,認可,認可,94.279 MWh,0 MWh
開陽電力股份有限公司,開陽能源-臺中梧棲運研所第二試驗廠棚,太陽能,2026,88.882,0,臺中市梧棲區中橫十路2號,493.24 kW,開陽電力股份有限公司,25SP2872-B026000001~90,4/1/26,2026-01-01~2026-02-28,認可,認可,88.882 MWh,0 MWh
阿波羅電力股份有限公司,泓錠苗栗公部門六期案,太陽能,2026,108.106,0,苗栗縣頭份市斗煥里斗煥199之一號,493.23 kW,阿波羅電力股份有限公司,25SP0309-B026000001~109,5/20/26,2026-01-01~2026-03-31,認可,認可,108.106 MWh,0 MWh
阿波羅電力股份有限公司,泓錠苗栗公部門五期案,太陽能,2026,108.273,0,苗栗縣頭份市斗煥里斗煥199之一號,493.23 kW,阿波羅電力股份有限公司,25SP0306-B026000001~109,5/20/26,2026-01-01~2026-03-31,認可,認可,108.273 MWh,0 MWh
怡和綠電超商股份有限公司,鼎日鑫-潮州米倉一期,太陽能,2026,159.342,0,屏東縣潮州鎮光春里光復路255號,493 kW,怡和綠電超商股份有限公司,25SP1871-B026000001~161,5/20/26,2026-01-01~2026-03-31,認可,認可,159.342 MWh,0 MWh
大自然能源電業股份有限公司,NP071031C002台中農會文山段案場,太陽能,2026,94.892,60.926,臺中市南屯區工業區二十路28號,492.9 kW,大自然能源電業股份有限公司,24SP0962-B026000001~157,5/20/26,2026-01-01~2026-03-31,認可,認可,94.892 MWh,60.926 MWh
續興股份有限公司,旭愛能源新興廠,太陽能,2026,58.281,0,桃園市桃園區龍壽街199號,492.84 kW,續興股份有限公司,24SP0630-B026000001~59,5/20/26,2026-01-01~2026-03-31,認可,認可,58.281 MWh,0 MWh
怡和綠電超商股份有限公司,欣雄-大仁國中,太陽能,2026,50.508,0,高雄市苓雅區建國一路148號,492.8 kW,怡和綠電超商股份有限公司,25SP2479-B026000049~99,4/1/26,2026-02-01~2026-02-28,認可,認可,50.508 MWh,0 MWh
天能綠電股份有限公司,展維-福興鄉屋頂型太陽光電案場,太陽能,2026,150.084,0,彰化縣福興鄉大崙街76號,492.47 kW,天能綠電股份有限公司,25SP3832-B026000001~158,5/20/26,2026-01-01~2026-03-31,認可,認可,150.084 MWh,0 MWh
晨星電力股份有限公司,(茂庭)宜蘭五結,太陽能,2026,104.94,0,宜蘭縣五結鄉利工段39、39-2、39-3、39-4,492.45 kW,晨星電力股份有限公司,25SP3542-B026000001~112,5/20/26,2026-01-01~2026-03-31,認可,認可,104.94 MWh,0 MWh
晨星電力股份有限公司,(加州)大光國小一期,太陽能,2026,1.393,0.174,臺南市北區長榮路5段277號,492.32 kW,晨星電力股份有限公司,25SP4383-B026000001~15,5/20/26,2026-01-01~2026-03-31,認可,認可,1.393 MWh,0.174 MWh
台灣碳資產電業股份有限公司,周茂霖,太陽能,2026,140.495,0,雲林縣東勢鄉同安村同安路100之12號,492.315 kW,台灣碳資產電業股份有限公司,24SP0790-B026000001~142,5/20/26,2026-01-01~2026-03-31,認可,認可,140.495 MWh,0 MWh
寶島陽光電力事業股份有限公司,豐照能源股份有限公司 (TW190942),太陽能,2026,119.686,0,雲林縣斗南鎮將軍里德美8號,492.27 kW,寶島陽光電力事業股份有限公司,24SP2069-B026000001~121,5/20/26,2026-01-01~2026-03-31,認可,認可,119.686 MWh,0 MWh
阿波羅電力股份有限公司,力寳龍J棟二期,太陽能,2026,75.342,53.06,彰化縣芳苑鄉工區九路6號,492.05 kW,阿波羅電力股份有限公司,25SP3705-B026000001~130,5/20/26,2026-01-01~2026-03-31,認可,認可,75.342 MWh,53.06 MWh
新泰工業股份有限公司,新泰-南青咯1188號電廠,太陽能,2026,0,75.276,桃園市蘆竹區南青路1188號,492 kW,新泰工業股份有限公司,25SP0131-B026000001~76,5/20/26,2026-01-01~2026-03-31,認可,認可,0 MWh,75.276 MWh
十萬伏特電力股份有限公司,高雄-鼎紘開發岡山案,太陽能,2026,93.721,0,高雄市岡山區白米路63巷1、2、3、5、6、7、8、9、10、11、12、13、15、16號,492 kW,十萬伏特電力股份有限公司,25SP2313-B026000001~97,4/1/26,2026-01-01~2026-02-28,認可,認可,93.721 MWh,0 MWh
香印永續股份有限公司,威克,太陽能,2026,155.454,0,高雄市前鎮區新生路248之47號,491.97 kW,香印永續股份有限公司,25SP3433-B026000001~639,5/20/26,2026-01-01~2026-03-31,認可,認可,155.454 MWh,0 MWh
陽光伏特家電力股份有限公司,睿聯彰化1廠,太陽能,2026,96.427,0,彰化縣伸港鄉什股路239之2號,491.84 kW,陽光伏特家電力股份有限公司,23SP0203-B026000021~167,5/20/26,2026-01-01~2026-03-31,認可,認可,96.427 MWh,0 MWh
高雄市政府水利局,中區污水處理廠,太陽能,2026,0,172.987,高雄市旗津區旗津二路455號,491.74 kW,高雄市政府水利局,25SP0104-B026000001~174,5/20/26,2026-01-01~2026-03-31,認可,認可,0 MWh,172.987 MWh
大自然能源電業股份有限公司,NP081057C002紳岱案場,太陽能,2026,84.554,58.09,彰化縣鹿港鎮工業西一路29號,491.66 kW,大自然能源電業股份有限公司,25SP0873-B026000001~145,5/20/26,2026-01-01~2026-03-31,認可,認可,84.554 MWh,58.09 MWh
大同智能股份有限公司,桃園殯葬用地-第八公墓,太陽能,2026,67.427,0,桃園市新屋區笨子港段榕樹下小段23地號(桃園市新屋區第八公墓),491.52 kW,大同智能股份有限公司,24SP1029-B026000001~68,5/20/26,2026-01-01~2026-03-31,認可,認可,67.427 MWh,0 MWh
寶島陽光電力事業股份有限公司,昌瑞能源有限公司(陳秋月),太陽能,2026,156.624,0,嘉義縣朴子市梅華里牛挑灣129之56號,491.26 kW,寶島陽光電力事業股份有限公司,24SP2068-B026000001~159,5/20/26,2026-01-01~2026-03-31,認可,認可,156.624 MWh,0 MWh
星星電力股份有限公司,銘光_六甲王美珍,太陽能,2026,150.395,0,臺南市六甲區臺南市六甲區龜港里龜子港502號,491.26 kW,星星電力股份有限公司,24SP0884-B026000001~161,5/20/26,2026-01-01~2026-03-31,認可,認可,150.395 MWh,0 MWh
阿波羅電力股份有限公司,卡坦竹圍雞二期31-20 491.04kWp,太陽能,2026,0,140.388,雲林縣斗六市竹圍路31之20號,491.04 kW,阿波羅電力股份有限公司,25SP4143-B026000001~142,5/20/26,2026-01-01~2026-03-31,認可,認可,0 MWh,140.388 MWh
阿波羅電力股份有限公司,卡坦竹圍雞一期31-21 491.04kWp,太陽能,2026,0,137.457,雲林縣斗六市竹圍路31之21號,491.04 kW,阿波羅電力股份有限公司,25SP4076-B026000001~138,5/20/26,2026-01-01~2026-03-31,認可,認可,0 MWh,137.457 MWh
晨星電力股份有限公司,(沅碁)福山國小一~三期,太陽能,2026,168.858,0,高雄市左營區重愛路99號,490.925 kW,晨星電力股份有限公司,25SP2606-B026000001~171,5/20/26,2026-01-01~2026-03-31,認可,認可,168.858 MWh,0 MWh
開陽電力股份有限公司,前進綠能科技股份有限公司-宜蘭縣冬山農會供銷部,太陽能,2026,52.595,0,宜蘭縣冬山鄉永興路二段691號,490.62 kW,開陽電力股份有限公司,25SP3294-B026000001~54,4/1/26,2026-01-01~2026-02-28,認可,認可,52.595 MWh,0 MWh
怡和綠電超商股份有限公司,裕祥能源-鄰港區3段550號,太陽能,2026,142.957,0,臺中市梧棲區臨港路3段550號,490.58 kW,怡和綠電超商股份有限公司,26SP0054-B026000002~147,5/20/26,2026-01-01~2026-03-31,認可,認可,142.957 MWh,0 MWh
天能綠電股份有限公司,立發-雲林惠來厝1地面型太陽光電案場,太陽能,2026,50.042,0,雲林縣虎尾鎮惠來厝段1887-0000、1887-0001、1887-0002、1887-0003、1887-0004、1889-0000、1889-0001、1889-0002地號,490.42 kW,天能綠電股份有限公司,24SP2500-B026000050~100,4/1/26,2026-02-01~2026-02-28,認可,認可,50.042 MWh,0 MWh
艾涅爾電力股份有限公司,優品-廖伯豪菇寮,太陽能,2026,88.976,0,南投縣南投市東山路58之3號,490.36 kW,艾涅爾電力股份有限公司,24SP1432-B026000001~90,4/8/26,2026-01-01~2026-02-28,認可,認可,88.976 MWh,0 MWh
怡和綠電超商股份有限公司,輝煌-李豐隆2期,太陽能,2026,155.188,0,臺南市官田區社子里舊社8之6號、8之10號,490.125 kW,怡和綠電超商股份有限公司,25SP2396-B026000001~157,5/20/26,2026-01-01~2026-03-31,認可,認可,155.188 MWh,0 MWh
阿波羅電力股份有限公司,泓錠新竹公部門六期案,太陽能,2026,109.711,0,新竹縣新埔鎮文山段0817-0000、1013-0000、1073-0000、1076-0000、1080-0000地號(陸軍步兵206旅),489.95 kW,阿波羅電力股份有限公司,25SP1396-B026000001~111,5/20/26,2026-01-01~2026-03-31,認可,認可,109.711 MWh,0 MWh
天能綠電股份有限公司,永樂再生一期&二期,太陽能,2026,157.242,0,屏東縣萬丹鄉屏東縣萬丹鄉萬興段0838-0000地號,489.2 kW,天能綠電股份有限公司,25SP0919-B026000001~158,5/20/26,2026-01-01~2026-03-31,認可,認可,157.242 MWh,0 MWh
大同智能股份有限公司,彰化縣汙染農地太陽光電系統-彰化市彰興段190地號,太陽能,2026,152.622,0,彰化縣和美鎮彰興段190地號,488.92 kW,大同智能股份有限公司,24SP0203-B026000001~154,5/20/26,2026-01-01~2026-03-31,認可,認可,152.622 MWh,0 MWh
怡和綠電超商股份有限公司,興發-得協股份有限公司,太陽能,2026,100.222,0,宜蘭縣員山鄉金泰路68號,488.865 kW,怡和綠電超商股份有限公司,25SP0939-B026000001~102,5/20/26,2026-01-01~2026-03-31,認可,認可,100.222 MWh,0 MWh
瓦力電能股份有限公司,臺中市梧棲區488.61瓩,太陽能,2026,138.166,0,臺中市梧棲區經一路21號,488.61 kW,瓦力電能股份有限公司,23SP0037-B026000001~139,5/20/26,2026-01-01~2026-03-31,認可,認可,138.166 MWh,0 MWh
寶島陽光電力事業股份有限公司,豐照能源股份有限公司(TW180860),太陽能,2026,127.647,0,南投縣國姓鄉國姓路136之8號,488.61 kW,寶島陽光電力事業股份有限公司,24SP1328-B026000001~130,5/20/26,2026-01-01~2026-03-31,認可,認可,127.647 MWh,0 MWh
維特克能源有限公司,維特克台南2廠,太陽能,2026,153.049,0,臺南市中西區烏山頭里嘉南79號,488.4 kW,維特克能源有限公司,24SP0617-B026000004~168,5/20/26,2026-01-01~2026-03-31,認可,認可,153.049 MWh,0 MWh
怡和綠電超商股份有限公司,天富-誠正國小(標案),太陽能,2026,125.419,0,高雄市鳳山區國校巷78號,487.9 kW,怡和綠電超商股份有限公司,25SP1290-B026000001~127,5/20/26,2026-01-01~2026-03-31,認可,認可,125.419 MWh,0 MWh
陽光伏特家電力股份有限公司,新光嘉義1、2、3廠,太陽能,2026,5.615,0,嘉義縣大林鎮沙崙段0379-0000、1209-0000地號,487.52 kW,陽光伏特家電力股份有限公司,23SP0298-B026000002~92,4/1/26,2026-01-01~2026-02-28,認可,認可,5.615 MWh,0 MWh
瓦力電能股份有限公司,高雄市岡山區487.34瓩(T8227),太陽能,2026,86.93,58.223,高雄市岡山區正氣路198號,487.34 kW,瓦力電能股份有限公司,25SP0967-B026000001~147,5/20/26,2026-01-01~2026-03-31,認可,認可,86.93 MWh,58.223 MWh
和潤電力股份有限公司,彰化汙染地2194號487.08kW地面型太陽光電,太陽能,2026,0.6,0,彰化縣鹿港鎮振興段2194、2195地號,487.08 kW,和潤電力股份有限公司,24SP2061-B026000001,3/19/26,2026-01-01~2026-01-31,認可,認可,0.6 MWh,0 MWh
國泰人壽保險股份有限公司,國泰人壽土城沛陂段,太陽能,2026,0,77.878,新北市土城區三民路2號,486.92 kW,國泰人壽保險股份有限公司,23SP0293-B026000001~78,4/1/26,2026-01-01~2026-02-28,認可,認可,0 MWh,77.878 MWh
晨星電力股份有限公司,(加州)文元國小一期,太陽能,2026,1.381,0.171,臺南市北區海安路3段815號,486.88 kW,晨星電力股份有限公司,25SP4337-B026000001~15,5/20/26,2026-01-01~2026-03-31,認可,認可,1.381 MWh,0.171 MWh
天能綠電股份有限公司,高雄市凌張準畜牧場屋頂型太陽光電案場,太陽能,2026,42.039,0,高雄市橋頭區芋寮路忠孝巷37號,486.8 kW,天能綠電股份有限公司,24SP0160-B026000001~43,3/4/26,2026-01-01~2026-01-31,認可,認可,42.039 MWh,0 MWh
富威電力股份有限公司,信崴-新乘振聲民意太陽光電發電廠,太陽能,2026,66.831,71.932,屏東縣鹽埔鄉中山路136之89號,486.78 kW,富威電力股份有限公司,24SP1971-B026000001~145,5/20/26,2026-01-01~2026-03-31,認可,認可,66.831 MWh,71.932 MWh
續興股份有限公司,鹽水竹子腳雞舍,太陽能,2026,127.076,0,臺南市鹽水區竹子腳106之46、106之47號,486.7 kW,續興股份有限公司,24SP0969-B026000001~129,5/20/26,2026-01-01~2026-03-31,認可,認可,127.076 MWh,0 MWh
怡和綠電超商股份有限公司,寶嵂安-水尾路21-16號(四期),太陽能,2026,110.698,0,屏東縣九如鄉水尾路21之16號,486.7 kW,怡和綠電超商股份有限公司,25SP1169-B026000001~112,5/20/26,2026-01-01~2026-03-31,認可,認可,110.698 MWh,0 MWh
恆利電能股份有限公司,YHA-山崙1 (486.685kw),太陽能,2026,100.818,0,彰化縣鹿港鎮山崙段486地號,486.685 kW,恆利電能股份有限公司,25SP0726-B026000001~106,4/29/26,2026-01-01~2026-02-28,認可,認可,100.818 MWh,0 MWh
天能綠電股份有限公司,光旭盈07-嘉義三朋行屋頂型光電案場,太陽能,2026,87.501,57.263,嘉義縣民雄鄉民雄工業區成功一街11號,485.75 kW,天能綠電股份有限公司,24SP1390-B026000001~150,5/20/26,2026-01-01~2026-03-31,認可,認可,87.501 MWh,57.263 MWh
晨星電力股份有限公司,(陽光)元翎成品倉/元翎回收廠,太陽能,2026,145.083,0,雲林縣虎尾鎮科虎三路18號,485.52 kW,晨星電力股份有限公司,25SP2173-B026000001~147,5/20/26,2026-01-01~2026-03-31,認可,認可,145.083 MWh,0 MWh
東隆興業股份有限公司,東隆興業 芳苑廠 工區三路11號,太陽能,2026,0,144.32,彰化縣芳苑鄉芳苑工業區工區三路11號,485.415 kW,東隆興業股份有限公司,23SP0383-B026000001~145,5/20/26,2026-01-01~2026-03-31,認可,認可,0 MWh,144.32 MWh
天能綠電股份有限公司,聯合再生01-石門國小桃園市龍潭區屋頂型太陽能光電場,太陽能,2026,102.62,0,桃園市龍潭區文化路188號,485.1 kW,天能綠電股份有限公司,25SP1573-B026000001~108,5/20/26,2026-01-01~2026-03-31,認可,認可,102.62 MWh,0 MWh
寶島陽光電力事業股份有限公司,日沛能源有限公司(TW180850),太陽能,2026,128.637,6.759,屏東縣屏東市大湖路689號,484.8 kW,寶島陽光電力事業股份有限公司,24SP2540-B026000001~142,5/20/26,2026-01-01~2026-03-31,認可,認可,128.637 MWh,6.759 MWh
晨星電力股份有限公司,(永芳)張進成,太陽能,2026,94.504,61.852,彰化縣二林鎮自由巷1061弄建241之161號,484.25 kW,晨星電力股份有限公司,25SP4162-B026000001~163,5/20/26,2026-01-01~2026-03-31,認可,認可,94.504 MWh,61.852 MWh
瓦特先生股份有限公司,I-IR21-001武陵高中,太陽能,2026,57.501,0,桃園市桃園區中山路889號,484.16 kW,瓦特先生股份有限公司,25SP4224-B026000001~58,4/22/26,2026-01-01~2026-02-28,認可,認可,57.501 MWh,0 MWh
開陽電力股份有限公司,開陽能源股份有限公司-南投竹山消防署訓練中心(操場看台區),太陽能,2026,70.698,0,南投縣竹山鎮紫南段1677-0000地號,483.84 kW,開陽電力股份有限公司,25SP1324-B026000001~71,4/1/26,2026-01-01~2026-02-28,認可,認可,70.698 MWh,0 MWh
天能綠電股份有限公司,昱泰能源-彰化縣彰工一期屋頂型太陽能電廠,太陽能,2026,129.163,0,彰化縣彰化市工校街1號,483.8 kW,天能綠電股份有限公司,25SP0463-B026000001~130,5/20/26,2026-01-01~2026-03-31,認可,認可,129.163 MWh,0 MWh
艾涅爾電力股份有限公司,澄達有限公司-吳品勳雞舍,太陽能,2026,78.947,0,雲林縣元長鄉龍岩村2鄰龍岩20之110號、龍岩20之111號,483.73 kW,艾涅爾電力股份有限公司,24SP2193-B026000001~80,4/8/26,2026-01-01~2026-02-28,認可,認可,78.947 MWh,0 MWh
野寶科技股份有限公司,野寶科技股份有限公司-頂店廠,太陽能,2026,0,99.841,臺中市大甲區南北一路100號,483.35 kW,野寶科技股份有限公司,25SP0871-B026000001~101,5/20/26,2026-01-01~2026-03-31,認可,認可,0 MWh,99.841 MWh
怡和綠電超商股份有限公司,旭揚綠能-內溪路50-1,太陽能,2026,86.966,0,桃園市蘆竹區內溪路50之1號,483.2 kW,怡和綠電超商股份有限公司,25SP1709-B026000001~88,5/20/26,2026-01-01~2026-03-31,認可,認可,86.966 MWh,0 MWh
中鋼光能股份有限公司,中鋼第一酸洗冷軋線&冷軋軋輥二股,太陽能,2026,140.634,0,高雄市小港區中鋼路1號,483.12 kW,中鋼光能股份有限公司,22SP0144-B026000001~142,5/20/26,2026-01-01~2026-03-31,認可,認可,140.634 MWh,0 MWh
中鋼光能股份有限公司,中鋼第一連續退火線&連續塗覆工廠,太陽能,2026,135.18,0,高雄市小港區中鋼路1號,483.12 kW,中鋼光能股份有限公司,22SP0129-B026000001~137,5/20/26,2026-01-01~2026-03-31,認可,認可,135.18 MWh,0 MWh
凌華科技股份有限公司,凌華科技股份有限公司(二),太陽能,2026,0,53.868,桃園市龜山區華亞一路68號,483.05 kW,凌華科技股份有限公司,24SP0010-B026000001~55,4/29/26,2026-01-01~2026-02-28,認可,認可,0 MWh,53.868 MWh
宇軒電業股份有限公司,三軍停車場,太陽能,2026,47.498,0,屏東縣恆春鎮五里亭段993-1、1022-1、1023、 1024-1、1030地號,483 kW,宇軒電業股份有限公司,25SP2008-B026000046~93,4/15/26,2026-02-01~2026-02-28,認可,認可,47.498 MWh,0 MWh
南方電力股份有限公司,泓錠興糖國小(案123)太陽光電發電廠,太陽能,2026,99.357,0,高雄市橋頭區興糖路19巷1號、橋子頭段1145-2地號,482.98 kW,南方電力股份有限公司,25SP2211-B026000001~103,5/20/26,2026-02-01~2026-03-31,認可,認可,99.357 MWh,0 MWh
宇軒電業股份有限公司,土庫段1841地號,太陽能,2026,43.633,0,屏東縣里港鄉土庫段1841地號,482.88 kW,宇軒電業股份有限公司,25SP1998-B026000046~89,4/15/26,2026-02-01~2026-02-28,認可,認可,43.633 MWh,0 MWh
台灣富綢纖維股份有限公司,台灣富綢纖維股份有限公司(桃園廠),太陽能,2026,0,15.472,桃園市八德區廣福路660巷50號,482.8 kW,台灣富綢纖維股份有限公司,23SP0294-B026000001~16,4/1/26,2026-01-01~2026-02-28,認可,認可,0 MWh,15.472 MWh
十萬伏特電力股份有限公司,台中-日南國中案,太陽能,2026,82.997,0,臺中市大甲區中山路2段69之11號,482.6 kW,十萬伏特電力股份有限公司,25SP4082-B026000001~85,4/22/26,2026-01-01~2026-02-28,認可,認可,82.997 MWh,0 MWh
天能綠電股份有限公司,凱銳-彰化禾鋒一期屋頂型太陽光電案場,太陽能,2026,0,57.626,彰化縣鹿港鎮工業西七路1之40號,482.3 kW,天能綠電股份有限公司,24SP2119-B026000001~58,5/20/26,2026-03-01~2026-03-31,認可,認可,0 MWh,57.626 MWh
晨星電力股份有限公司,(陽光綠能)順彬一期,太陽能,2026,139.384,0,彰化縣鹿港鎮崙工北一路18號,482.23 kW,晨星電力股份有限公司,25SP3516-B026000001~141,5/20/26,2026-01-01~2026-03-31,認可,認可,139.384 MWh,0 MWh
寶島陽光電力事業股份有限公司,日沛能源有限公司(張清源一),太陽能,2026,136.698,0,臺南市關廟區布袋里長和街29號,482.22 kW,寶島陽光電力事業股份有限公司,24SP1607-B026000001~139,5/20/26,2026-01-01~2026-03-31,認可,認可,136.698 MWh,0 MWh
天能綠電股份有限公司,聯合再生27-平鎮國中桃園市平鎮區屋頂型太陽能光電場,太陽能,2026,95.628,0,桃園市平鎮區振興路2號,481.8 kW,天能綠電股份有限公司,25SP1488-B026000001~104,5/20/26,2026-01-01~2026-03-31,認可,認可,95.628 MWh,0 MWh
天能綠電股份有限公司,倍綠信_台西海口地面型太陽光電案場,太陽能,2026,147.218,0,雲林縣臺西鄉海口段0297-0001、0297-0002、0297-0027地號,481.62 kW,天能綠電股份有限公司,25SP2876-B026000001~156,5/20/26,2026-01-01~2026-03-31,認可,認可,147.218 MWh,0 MWh
瓦特先生股份有限公司,台南女中TW190992,太陽能,2026,37.422,35.139,臺南市中西區大埔街97號,481.6 kW,瓦特先生股份有限公司,22SP0035-B026000006~104,5/20/26,2026-01-01~2026-03-31,認可,認可,37.422 MWh,35.139 MWh
陽光伏特家電力股份有限公司,新光雲林6、7、10廠,太陽能,2026,7.32,0,雲林縣古坑鄉南昌83號、83之1號,481.56 kW,陽光伏特家電力股份有限公司,23SP0436-B026000001~98,4/1/26,2026-01-01~2026-02-28,認可,認可,7.32 MWh,0 MWh
華興工業股份有限公司,華興工業股份有限公司(大順廠),太陽能,2026,0,43.472,臺南市學甲區大順路168號,481.455 kW,華興工業股份有限公司,25SP1423-B026000001~44,3/4/26,2026-01-01~2026-01-31,認可,認可,0 MWh,43.472 MWh
大亞電線電纜股份有限公司,大亞自發自用第二型太陽光電發電廠(481.435kW),太陽能,2026,0,25.133,臺南市關廟區中山路二段249號,481.435 kW,大亞電線電纜股份有限公司,23SP0111-B026000001~26,3/18/26,2026-01-01~2026-01-31,認可,認可,0 MWh,25.133 MWh
星星電力股份有限公司,茂誠-嘉義菇寮,太陽能,2026,74.602,0,嘉義縣大林鎮三角里9鄰下林頭61號 / 嘉義縣大林鎮三角段0063地號,480.85 kW,星星電力股份有限公司,25SP3969-B026000002~115,5/20/26,2026-02-01~2026-03-31,認可,認可,74.602 MWh,0 MWh
怡和綠電超商股份有限公司,賽斯-嘉興國中+風雨球場,太陽能,2026,137.684,0,高雄市岡山區信中街486號；嘉興段1615地號,480.84 kW,怡和綠電超商股份有限公司,25SP1569-B026000001~139,5/20/26,2026-01-01~2026-03-31,認可,認可,137.684 MWh,0 MWh
大同智能股份有限公司,沅碁光電_小港國小(屋頂型二、三期),太陽能,2026,165.183,0,高雄市小港區平和路1號,480.75 kW,大同智能股份有限公司、晨星電力股份有限公司,24SP1932-B026000001~166,5/20/26,2026-01-01~2026-03-31,認可,認可,165.183 MWh,0 MWh
陽光伏特家電力股份有限公司,日晶雲林1廠,太陽能,2026,141.571,0,雲林縣斗南鎮埔子村榮村25之85號,480.35 kW,陽光伏特家電力股份有限公司,24SP0295-B026000001~143,5/20/26,2026-01-01~2026-03-31,認可,認可,141.571 MWh,0 MWh
阿波羅電力股份有限公司,辰翔黃仕賢,太陽能,2026,150.229,0,彰化縣二林鎮中科二林大道2段2巷建219號,480.24 kW,阿波羅電力股份有限公司,24SP1213-B026000001~152,5/20/26,2026-01-01~2026-03-31,認可,認可,150.229 MWh,0 MWh
富威電力股份有限公司,富崴2-1-龍鼎蘭花園太陽光電發電廠,太陽能,2026,95.315,21.26,臺南市後壁區烏樹里13鄰烏樹林472號,480 kW,富威電力股份有限公司,25SP1635-B026000001~136,5/20/26,2026-01-01~2026-03-31,認可,認可,95.315 MWh,21.26 MWh
晨星電力股份有限公司,(亞沃)大發166,太陽能,2026,143.59,0,臺中市大甲區大發路166號,480 kW,晨星電力股份有限公司,25SP2960-B026000001~145,5/20/26,2026-01-01~2026-03-31,認可,認可,143.59 MWh,0 MWh
陽光伏特家電力股份有限公司,新光彰化10、11廠,太陽能,2026,123.116,0,彰化縣大城鄉魚寮路101巷建30號,479.98 kW,陽光伏特家電力股份有限公司,23SP0430-B026000001~125,5/20/26,2026-01-01~2026-03-31,認可,認可,123.116 MWh,0 MWh
協勝發鋼鐵廠股份有限公司,協勝發沿海廠70號,太陽能,2026,0,134.155,高雄市小港區沿海三路70號,479.7 kW,協勝發鋼鐵廠股份有限公司,23SP0052-B026000001~136,5/20/26,2026-01-01~2026-03-31,認可,認可,0 MWh,134.155 MWh
開陽電力股份有限公司,開陽能源-永記造漆,太陽能,2026,82.616,0,高雄市小港區沿海三路24、26號,479.67 kW,開陽電力股份有限公司,25SP1411-B026000001~84,4/1/26,2026-01-01~2026-02-28,認可,認可,82.616 MWh,0 MWh
天能綠電股份有限公司,歐得能源工程-東澄一期屋頂型太陽光電案場,太陽能,2026,91.248,0,桃園市大園區潮音路一段100號,479.57 kW,天能綠電股份有限公司,24SP0659-B026000001~94,5/20/26,2026-01-01~2026-03-31,認可,認可,91.248 MWh,0 MWh
阿波羅電力股份有限公司,辰信吳晏如,太陽能,2026,149.57,0,彰化縣芳苑鄉芳新路新街段433巷建260號,479.56 kW,阿波羅電力股份有限公司,24SP2423-B026000001~151,5/20/26,2026-01-01~2026-03-31,認可,認可,149.57 MWh,0 MWh
台灣穗高科技股份有限公司,(三廠+模具)太陽能設備,太陽能,2026,0,142.704,臺南市新市區大業一路5號,478.875 kW,台灣穗高科技股份有限公司,24SP1424-B026000001~145,5/20/26,2026-01-01~2026-03-31,認可,認可,0 MWh,142.704 MWh
陽光伏特家電力股份有限公司,嘉義阿里14號,太陽能,2026,43.827,0,嘉義縣民雄鄉牛斗山89號之44,478.85 kW,陽光伏特家電力股份有限公司,24SP1296-B026000001~45,4/1/26,2026-01-01~2026-02-28,認可,認可,43.827 MWh,0 MWh
富威電力股份有限公司,昱金生-彰濱工業區停車場太陽光電發電廠,太陽能,2026,56.778,0,彰化縣伸港鄉伸興段66號,478.8 kW,富威電力股份有限公司,25SP1734-B026000024~95,4/1/26,2026-01-01~2026-02-28,認可,認可,56.778 MWh,0 MWh
中曜股份有限公司,中租 1212 號,太陽能,2026,12.128,0,屏東縣新園鄉新堤段574地號,478.8 kW,中曜股份有限公司,24SP1751-B026000001~13,5/13/26,2026-01-01~2026-02-28,認可,認可,12.128 MWh,0 MWh
艾涅爾電力股份有限公司,小岩-瓊安段(南案),太陽能,2026,91.68,0,高雄市燕巢區瓊招路20巷158號,478.72 kW,艾涅爾電力股份有限公司,24SP0844-B026000001~250,4/8/26,2026-01-01~2026-02-28,認可,認可,91.68 MWh,0 MWh
晨星電力股份有限公司,(加州儲能)安平國小 一期,太陽能,2026,151.626,0,臺南市安平區怡平路392號,478.5 kW,晨星電力股份有限公司,25SP2613-B026000001~153,5/20/26,2026-01-01~2026-03-31,認可,認可,151.626 MWh,0 MWh
寶島陽光電力事業股份有限公司,晟鑫能源有限公司(卜蜂),太陽能,2026,128.289,21.317,嘉義縣義竹鄉東過村過路子1之9號,477.92 kW,寶島陽光電力事業股份有限公司,24SP2057-B026000001~156,5/20/26,2026-01-01~2026-03-31,認可,認可,128.289 MWh,21.317 MWh
上評資源循環股份有限公司,上評資源#嘉義廠,太陽能,2026,0,132.832,嘉義縣民雄鄉興南村3鄰工業一路10號,477.73 kW,上評資源循環股份有限公司,24SP1601-B026000001~135,5/20/26,2026-01-01~2026-03-31,認可,認可,0 MWh,132.832 MWh
續興股份有限公司,中美宜蘭廠1,太陽能,2026,48.96,0,宜蘭縣五結鄉利工一路二段1號,477.68 kW,續興股份有限公司,24SP0724-B026000001~50,4/1/26,2026-01-01~2026-02-28,認可,認可,48.96 MWh,0 MWh
陽光伏特家電力股份有限公司,坤展彰化2廠,太陽能,2026,134.4,0,彰化縣和美鎮工東三路4號,477.3 kW,陽光伏特家電力股份有限公司,24SP2559-B026000001~136,5/20/26,2026-01-01~2026-03-31,認可,認可,134.4 MWh,0 MWh
富威電力股份有限公司,惠來光電-安可化學太陽光電發電廠,太陽能,2026,37.855,19.167,彰化縣線西鄉慶安南三路9號,477 kW,富威電力股份有限公司,25SP0766-B026000081~342,5/20/26,2026-01-01~2026-03-31,認可,認可,37.855 MWh,19.167 MWh
天能綠電股份有限公司,麗晟綠能-屏東長治農科屋面型太陽光電案場,太陽能,2026,137.659,0,屏東縣長治鄉神農東路13號,476.68 kW,天能綠電股份有限公司,24SP0611-B026000001~141,5/20/26,2026-01-01~2026-03-31,認可,認可,137.659 MWh,0 MWh
續興股份有限公司,旗山大山031,太陽能,2026,149.235,0,高雄市旗山區大山段0031-0000、0032-0000地號,476.55 kW,續興股份有限公司,25SP0682-B026000001~151,5/20/26,2026-01-01~2026-03-31,認可,認可,149.235 MWh,0 MWh
怡和綠電超商股份有限公司,賽斯新能源-文山高中(鳥松區大埤路31號+逸仙樓+三期),太陽能,2026,93.404,44.136,高雄市鳥松區大埤路31號(高雄市立文山高級中學),476.485 kW,怡和綠電超商股份有限公司,25SP1667-B026000001~143,5/20/26,2026-01-01~2026-03-31,認可,認可,93.404 MWh,44.136 MWh
富威電力股份有限公司,江山-翰德一期太陽光電發電廠,太陽能,2026,52.717,56.654,屏東縣長治鄉神農東路22號,476.28 kW,富威電力股份有限公司,25SP1140-B026000001~117,5/20/26,2026-01-01~2026-03-31,認可,認可,52.717 MWh,56.654 MWh
星星電力股份有限公司,茂群 - 台西水面型,太陽能,2026,135.025,0,雲林縣臺西鄉港西段0856-0000、0857-0000地號,476.16 kW,星星電力股份有限公司,25SP3348-B026000001~137,5/20/26,2026-01-01~2026-03-31,認可,認可,135.025 MWh,0 MWh
中鋼光能股份有限公司,中聯資室內化儲區,太陽能,2026,97.946,0,高雄市小港區利昌街1號,476.16 kW,中鋼光能股份有限公司,23SP0040-B026000001~99,5/20/26,2026-01-01~2026-03-31,認可,認可,97.946 MWh,0 MWh
星星電力股份有限公司,允強 - 溪州廠D,太陽能,2026,114.937,0,彰化縣溪州鄉彰化縣溪州鄉舊眉村中山路4段270號,476.14 kW,星星電力股份有限公司,24SP1856-B026000001~313,5/20/26,2026-01-01~2026-03-31,認可,認可,114.937 MWh,0 MWh
怡和綠電超商股份有限公司,欣雄-高雄市公有學校第三標案 -登發國小,太陽能,2026,44.24,0,高雄市仁武區仁忠路191號(-登發國小),475.3 kW,怡和綠電超商股份有限公司,25SP2422-B026000043~87,4/1/26,2026-02-01~2026-02-28,認可,認可,44.24 MWh,0 MWh
太平洋崇光百貨股份有限公司,新竹_巨城,太陽能,2026,0,89.912,新竹市東區中央路229、233、233之1、233之2、223之3、235、237、239、241、243、243之1號、民權路152、156、158、160、162、166、168、170、172、176號、中央路245巷5號,475.26 kW,太平洋崇光百貨股份有限公司,19SP0050-B026000001~91,5/20/26,2026-01-01~2026-03-31,認可,認可,0 MWh,89.912 MWh
農友種苗股份有限公司,農友種苗,太陽能,2026,0,157.912,高雄市大樹區竹寮路114-6號,475.125 kW,農友種苗股份有限公司,24SP0021-B026000001~159,5/20/26,2026-01-01~2026-03-31,認可,認可,0 MWh,157.912 MWh
艾涅爾電力股份有限公司,育渲-高雄仁武嵐岱畜牧場,太陽能,2026,82.654,0,高雄市仁武區林森巷128號,474.88 kW,艾涅爾電力股份有限公司,24SP0804-B026000001~120,4/8/26,2026-01-01~2026-02-28,認可,認可,82.654 MWh,0 MWh
阿波羅電力股份有限公司,泓錠苗栗公部門三期案,太陽能,2026,113.034,0,苗栗縣頭份市斗煥里斗煥199之一號,474.78 kW,阿波羅電力股份有限公司,25SP0369-B026000001~114,5/20/26,2026-01-01~2026-03-31,認可,認可,113.034 MWh,0 MWh
晟業鋁業有限公司,晟業鋁業有限公司,太陽能,2026,0,113.696,高雄市大寮區內坑里內坑路9之43號,474.62 kW,晟業鋁業有限公司,25SP0938-B026000001~115,5/20/26,2025-06-20~2026-03-31,認可,認可,0 MWh,113.696 MWh
晨星電力股份有限公司,(沅碁)阿蓮國小一~三期,太陽能,2026,155.624,0,高雄市阿蓮區民族路163號,474.6 kW,晨星電力股份有限公司,25SP2728-B026000001~157,5/20/26,2026-01-01~2026-03-31,認可,認可,155.624 MWh,0 MWh
艾涅爾電力股份有限公司,炬陽-鄭樹欉,太陽能,2026,89.614,0,雲林縣水林鄉溪墘村湖子內1之58號,473.7 kW,艾涅爾電力股份有限公司,24SP2386-B026000001~91,4/8/26,2026-01-01~2026-02-28,認可,認可,89.614 MWh,0 MWh
天能綠電股份有限公司,早安農場一期屋頂型太陽光電案場,太陽能,2026,43.638,0,彰化縣二林鎮福建巷1弄建52號,473.57 kW,天能綠電股份有限公司,25SP3408-B026000001~44,4/22/26,2026-01-01~2026-01-31,認可,認可,43.638 MWh,0 MWh
艾涅爾電力股份有限公司,立山工業-枋寮太原段,太陽能,2026,102.184,0,屏東縣枋寮鄉太源段0974-0002、0974-0003、0974-0004、0974-0005、0974-0006地號,473.55 kW,艾涅爾電力股份有限公司,25SP0900-B026000001~105,4/8/26,2026-01-01~2026-02-28,認可,認可,102.184 MWh,0 MWh
富威電力股份有限公司,聚眾-麗卿牧場太陽光電發電廠,太陽能,2026,74.671,25.799,雲林縣褒忠鄉馬鳴村泰安21-3號,473.4 kW,富威電力股份有限公司,25SP0985-B026000081~377,5/20/26,2026-01-01~2026-03-31,認可,認可,74.671 MWh,25.799 MWh
天能綠電股份有限公司,景山興業-台中大肚-王田(472.89kw),太陽能,2026,46.244,0,臺中市大肚區沙田路1段320巷36之2號,472.89 kW,天能綠電股份有限公司,24SP1880-B026000046~92,4/1/26,2026-02-01~2026-02-28,認可,認可,46.244 MWh,0 MWh
怡和綠電超商股份有限公司,開泰-萬丹鄉田厝段2113、643-2第二期(原2113案),太陽能,2026,101.684,0,屏東縣萬丹鄉屏東縣萬丹鄉田厝段0643-0002、2113-0000地號,472.75 kW,怡和綠電超商股份有限公司,25SP3870-B026000001~182,5/20/26,2026-01-01~2026-03-31,認可,認可,101.684 MWh,0 MWh
晨星電力股份有限公司,(沅碁)英明國中一二期,太陽能,2026,146.724,0,高雄市苓雅區英明路147號,472.55 kW,晨星電力股份有限公司,25SP2608-B026000001~149,5/20/26,2026-01-01~2026-03-31,認可,認可,146.724 MWh,0 MWh
晨星電力股份有限公司,(沅碁)中正國小一~三期,太陽能,2026,152.051,0,高雄市苓雅區輔仁路100號,472.36 kW,晨星電力股份有限公司,25SP2458-B026000001~153,5/20/26,2026-01-01~2026-03-31,認可,認可,152.051 MWh,0 MWh
大同智能股份有限公司,沅碁光電_後庄國小(屋頂型一期、二期),太陽能,2026,148.995,0,高雄市大寮區民揚路28號,472.34 kW,大同智能股份有限公司、晨星電力股份有限公司,24SP0814-B026000001~150,5/20/26,2026-01-01~2026-03-31,認可,認可,148.995 MWh,0 MWh
晨星電力股份有限公司,(沅碁)小港高中一二期,太陽能,2026,148.512,4.17,高雄市小港區學府路117號,472.12 kW,晨星電力股份有限公司,25SP3104-B026000001~160,5/20/26,2026-01-01~2026-03-31,認可,認可,148.512 MWh,4.17 MWh
三榮科技股份有限公司,三榮科技股份有限公司,太陽能,2026,7,192.234,彰化縣鹿港鎮海埔里工業西一路20號,472.01 kW,三榮科技股份有限公司,25SP2307-B026000001~201,5/20/26,2025-11-03~2026-03-31,認可,認可,7 MWh,192.234 MWh
阿波羅電力股份有限公司,綠順仁武特校,太陽能,2026,145.924,0,高雄市仁武區澄觀路1389號,471.82 kW,阿波羅電力股份有限公司,24SP0598-B026000001~157,5/20/26,2026-01-01~2026-03-31,認可,認可,145.924 MWh,0 MWh
天能綠電股份有限公司,凱銳-宜蘭縣八貫屋頂型太陽光電案場,太陽能,2026,0,31.421,宜蘭縣冬山鄉德興四路6號,471.8 kW,天能綠電股份有限公司,24SP0908-B026000001~32,5/20/26,2026-03-01~2026-03-31,認可,認可,0 MWh,31.421 MWh
恆利電能股份有限公司,W-彰化埔鹽1 (471.6kw),太陽能,2026,42.865,37.29,彰化縣埔鹽鄉光明路2段191之3號,471.6 kW,恆利電能股份有限公司,25SP4011-B026000001~85,5/20/26,2026-01-01~2026-02-28,認可,認可,42.865 MWh,37.29 MWh
英屬開曼群島商保綠資源股份有限公司台灣分公司,保綠-1,太陽能,2026,0,54.709,桃園市新屋區永福路800號、800之1號,471.6 kW,英屬開曼群島商保綠資源股份有限公司台灣分公司,25SP0425-B026000001~55,4/1/26,2026-01-01~2026-02-28,認可,認可,0 MWh,54.709 MWh
寶島陽光電力事業股份有限公司,日沛能源有限公司(TW170584),太陽能,2026,138.111,0,雲林縣四湖鄉建陽段1394地號,471.17 kW,寶島陽光電力事業股份有限公司,24SP2576-B026000001~139,5/20/26,2026-01-01~2026-03-31,認可,認可,138.111 MWh,0 MWh
阿波羅電力股份有限公司,辰翔林秋賢,太陽能,2026,130.502,0,彰化縣二林鎮二城路617巷135弄建41號,471.04 kW,阿波羅電力股份有限公司,24SP2051-B026000001~132,5/20/26,2026-01-01~2026-03-31,認可,認可,130.502 MWh,0 MWh
宇軒電業股份有限公司,東益(台東知本二期),太陽能,2026,0,115.242,臺東縣臺東市知本路一段45巷360號,470.96 kW,宇軒電業股份有限公司,25SP3778-B026000001~117,5/20/26,2026-01-01~2026-03-31,認可,認可,0 MWh,115.242 MWh
艾涅爾電力股份有限公司,林品昇PV0312,太陽能,2026,91.762,0,彰化縣二林鎮儒林路28號,470.58 kW,艾涅爾電力股份有限公司,23SP0337-B026000001~93,4/8/26,2026-01-01~2026-02-28,認可,認可,91.762 MWh,0 MWh
寶島陽光電力事業股份有限公司,晟鑫能源有限公司 (TW170602),太陽能,2026,137.528,0,雲林縣元長鄉潭西村1鄰潭內261號,470.4 kW,寶島陽光電力事業股份有限公司,24SP1896-B026000001~139,5/20/26,2026-01-01~2026-03-31,認可,認可,137.528 MWh,0 MWh
怡和綠電超商股份有限公司,欣雄-楠西國小,太陽能,2026,118.296,0,臺南市楠西區四維路69號,470.05 kW,怡和綠電超商股份有限公司,25SP3952-B026000002~122,5/20/26,2026-01-01~2026-03-31,認可,認可,118.296 MWh,0 MWh
南方電力股份有限公司,屏東縣枋山鄉舊庄段509、510地號太陽光電發電場,太陽能,2026,173.182,0,屏東縣枋山鄉舊庄段509、510地號,469.96 kW,南方電力股份有限公司,24SP0803-B026000001~175,5/20/26,2026-01-01~2026-03-31,認可,認可,173.182 MWh,0 MWh
怡和綠電超商股份有限公司,大昇-屏東里港(蘇禎廣),太陽能,2026,80.358,55.594,屏東縣里港鄉中萬甲段0079、0080地號,469.92 kW,怡和綠電超商股份有限公司,25SP3338-B026000001~137,5/20/26,2026-01-01~2026-03-31,認可,認可,80.358 MWh,55.594 MWh
怡和綠電超商股份有限公司,存量能源-公館福東,太陽能,2026,1.26,110.6,苗栗縣公館鄉福東段0233-0000地號,469.92 kW,怡和綠電超商股份有限公司,25SP4371-B026000001~121,5/20/26,2026-01-01~2026-03-31,認可,認可,1.26 MWh,110.6 MWh
續興股份有限公司,富美紙器,太陽能,2026,83.474,0,臺南市仁德區太乙路86號,469.8 kW,續興股份有限公司,25SP0329-B026000001~85,5/20/26,2026-01-01~2026-03-31,認可,認可,83.474 MWh,0 MWh
香印永續股份有限公司,路竹王國華,太陽能,2026,128.193,0,高雄市路竹區東安路36巷802號,469.7 kW,香印永續股份有限公司,25SP0474-B026000179~281,5/20/26,2026-01-01~2026-03-31,認可,認可,128.193 MWh,0 MWh
天能綠電股份有限公司,仲達陽光-台中梧棲-杏合生醫469.395kw,太陽能,2026,67.677,47.783,臺中市梧棲區經三路39號,469.395 kW,天能綠電股份有限公司,24SP2199-B026000001~116,5/20/26,2026-01-01~2026-03-31,認可,認可,67.677 MWh,47.783 MWh
南方電力股份有限公司,壽豐太陽光電發電廠,太陽能,2026,97.052,0,花蓮縣秀林鄉和平村和平30之13號,468.6 kW,南方電力股份有限公司,25SP2805-B026000001~98,5/20/26,2026-01-01~2026-03-31,認可,認可,97.052 MWh,0 MWh
十萬伏特電力股份有限公司,旭光國小,太陽能,2026,87.891,0,臺中市烏日區健行路501號,468.16 kW,十萬伏特電力股份有限公司,25SP3471-B026000001~90,4/1/26,2026-01-01~2026-02-28,認可,認可,87.891 MWh,0 MWh
寶島陽光電力事業股份有限公司,晟鑫能源有限公司(TW170577),太陽能,2026,141.483,0,臺南市官田區社子里六雙16之58號,468 kW,寶島陽光電力事業股份有限公司,24SP1641-B026000001~144,5/20/26,2026-01-01~2026-03-31,認可,認可,141.483 MWh,0 MWh
阿波羅電力股份有限公司,辰翔黃水汴,太陽能,2026,124.366,0,彰化縣芳苑鄉光明巷5之3號,467.84 kW,阿波羅電力股份有限公司,24SP1210-B026000001~126,5/20/26,2026-01-01~2026-03-31,認可,認可,124.366 MWh,0 MWh
陽光伏特家電力股份有限公司,聯奇台南7、8、9、10廠,太陽能,2026,61.109,0,臺南市新市區活水路1號(新晶段13地號),467.78 kW,陽光伏特家電力股份有限公司,25SP0055-B026000001~70,5/20/26,2026-01-01~2026-03-31,認可,認可,61.109 MWh,0 MWh
天能綠電股份有限公司,伍朗企業屋頂型太陽光電案場,太陽能,2026,140.262,0,南投縣水里鄉永豐村永順路81號,467.31 kW,天能綠電股份有限公司,25SP4273-B026000001~147,5/20/26,2026-01-01~2026-03-31,認可,認可,140.262 MWh,0 MWh
晨星電力股份有限公司,(亞沃)白河雞舍,太陽能,2026,121.424,0,臺南市白河區內角里內角150之16號,467.1 kW,晨星電力股份有限公司,25SP1811-B026000001~123,5/20/26,2026-01-01~2026-03-31,認可,認可,121.424 MWh,0 MWh
陽光伏特家電力股份有限公司,健能嘉義1廠,太陽能,2026,127.481,0,嘉義縣大林鎮西結段1306-0000、1306-0013、1306-0014地號,467.025 kW,陽光伏特家電力股份有限公司、天能綠電股份有限公司,24SP0250-B026000001~128,5/20/26,2026-01-01~2026-03-31,認可,認可,127.481 MWh,0 MWh
富威電力股份有限公司,明徽能源-台中立法院停車場太陽光電發電廠,太陽能,2026,10.815,22.089,臺中市霧峰區育德段0098-0007地號,466.57 kW,富威電力股份有限公司,25SP3122-B026000081~125,5/20/26,2026-03-01~2026-03-31,認可,認可,10.815 MWh,22.089 MWh
富威電力股份有限公司,日盛全-台東農會2太陽光電發電廠,太陽能,2026,107.022,5.356,臺東縣臺東市知本路一段300巷138弄31號,465.9 kW,富威電力股份有限公司,25SP1142-B026000001~117,5/20/26,2026-01-01~2026-03-31,認可,認可,107.022 MWh,5.356 MWh
怡和綠電超商股份有限公司,怡和國際能源-正義國小(屋頂型+球場型),太陽能,2026,151.359,0,高雄市鳳山區正義里南昌街55號(七老爺段一甲小段1396-0043、1406-0000地號)(高雄市鳳山區正義國民小學),465.62 kW,怡和綠電超商股份有限公司,25SP3580-B026000001~157,5/20/26,2026-01-01~2026-03-31,認可,認可,151.359 MWh,0 MWh
艾涅爾電力股份有限公司,加州電網-車城鄉田中段792,太陽能,2026,104.699,0,屏東縣車城鄉田中段0792-0000、0793-0000地號,465.6 kW,艾涅爾電力股份有限公司,24SP0062-B026000001~108,4/8/26,2026-01-01~2026-02-28,認可,認可,104.699 MWh,0 MWh
中曜股份有限公司,中租 2471 號,太陽能,2026,73.425,0,屏東縣新園鄉新堤段233.235地號,465.6 kW,中曜股份有限公司,24SP1802-B026000001~75,5/13/26,2026-01-01~2026-02-28,認可,認可,73.425 MWh,0 MWh
星星電力股份有限公司,琉璃光_北門1,太陽能,2026,14.89,0,臺南市北門區臺南市北門區麗湖段804地號,465.2 kW,星星電力股份有限公司,24SP0066-B026000001~21,5/20/26,2026-01-01~2026-03-31,認可,認可,14.89 MWh,0 MWh
中國衛生材料生產中心股份有限公司,廠辦(一期) 465kWp-太陽能併聯型系統,太陽能,2026,0,166.964,彰化縣彰化市彰南路6段424巷21號,465 kW,中國衛生材料生產中心股份有限公司,25SP3048-B026000001~168,5/20/26,2025-12-04~2026-03-31,認可,認可,0 MWh,166.964 MWh
陽光伏特家電力股份有限公司,瑞光彰化4廠,太陽能,2026,110.351,0,彰化縣線西鄉慶安南三路12號,464.64 kW,陽光伏特家電力股份有限公司,24SP2290-B026000001~111,5/20/26,2026-01-01~2026-03-31,認可,認可,110.351 MWh,0 MWh
陽光伏特家電力股份有限公司,惠來雲林7、8廠,太陽能,2026,141.014,0,雲林縣元長鄉龍岩村13鄰龍岩120-65號,464.4 kW,陽光伏特家電力股份有限公司、天能綠電股份有限公司,23SP0411-B026000001~142,5/20/26,2026-01-01~2026-03-31,認可,認可,141.014 MWh,0 MWh
康展電力股份有限公司,屏東都計農里港A,太陽能,2026,147.924,0,屏東縣里港鄉屏東縣里港鄉新土庫段1182、1183地號,464.31 kW,康展電力股份有限公司,25SP0155-B026000001~157,5/20/26,2026-01-01~2026-03-31,認可,認可,147.924 MWh,0 MWh
天能綠電股份有限公司,第一管顧-長嘉能源_彰化特力屋屋頂型太陽能電廠,太陽能,2026,153.798,0,彰化縣和美鎮彰美路2段49號,464.13 kW,天能綠電股份有限公司,25SP3113-B026000001~160,5/20/26,2026-01-01~2026-03-31,認可,認可,153.798 MWh,0 MWh
阿波羅電力股份有限公司,山畝高雄大寮464.1kW,太陽能,2026,0,144.806,高雄市大寮區和業六路42號 & 大寮區翁公園段三小段2020-0020地號,464.1 kW,阿波羅電力股份有限公司,25SP4260-B026000001~147,5/20/26,2026-01-01~2026-03-31,認可,認可,0 MWh,144.806 MWh
天能綠電股份有限公司,永傑紙業屋頂型太陽光電案場,太陽能,2026,154.049,0,臺中市大雅區前村東路16巷6號、8號,464.03 kW,天能綠電股份有限公司,25SP3525-B026000001~156,5/20/26,2026-01-01~2026-03-31,認可,認可,154.049 MWh,0 MWh
怡和綠電超商股份有限公司,暉豐-擁明工業464,太陽能,2026,125.348,0,彰化縣鹿港鎮鹿工南二路10號,464 kW,怡和綠電超商股份有限公司,25SP1835-B026000001~128,5/20/26,2026-01-01~2026-03-31,認可,認可,125.348 MWh,0 MWh
寶島陽光電力事業股份有限公司,日沛能源有限公司(TW170611),太陽能,2026,114.899,13.435,雲林縣麥寮鄉崙後村沙崙後1之198號,464 kW,寶島陽光電力事業股份有限公司,24SP2538-B026000001~140,5/20/26,2026-01-01~2026-03-31,認可,認可,114.899 MWh,13.435 MWh
大自然能源電業股份有限公司,NP071031C003台中農會鎮南段案場,太陽能,2026,87.482,55.869,臺中市南屯區黎明路1段480號,463.5 kW,大自然能源電業股份有限公司,24SP0963-B026000001~144,5/20/26,2026-01-01~2026-03-31,認可,認可,87.482 MWh,55.869 MWh
富威電力股份有限公司,富崴1-4-懷藝一期太陽光電發電廠,太陽能,2026,148.957,7.683,臺南市安南區台南市安南區工業二路59號,463.14 kW,富威電力股份有限公司,25SP1641-B026000001~171,5/20/26,2026-01-01~2026-03-31,認可,認可,148.957 MWh,7.683 MWh
道達爾能源股份有限公司,道達爾能源股份有限公司,太陽能,2026,0,29.27,新竹縣湖口鄉光復北路26、28號,463.125 kW,道達爾能源股份有限公司,23SP0204-B026000001~30,5/20/26,2026-01-01~2026-03-31,認可,認可,0 MWh,29.27 MWh
大同智能股份有限公司,台中市屋頂型太陽光電系統-東勢高工(擴充),太陽能,2026,144.082,0,臺中市東勢區東關路6段1328號,462.99 kW,大同智能股份有限公司,24SP0652-B026000001~146,5/20/26,2026-01-01~2026-03-31,認可,認可,144.082 MWh,0 MWh
天能綠電股份有限公司,高雄大寮鴻洋遊艇二期太陽光電案場,太陽能,2026,132.114,0,高雄市大寮區大業街42號,462.06 kW,天能綠電股份有限公司,24SP0197-B026000001~134,5/20/26,2026-01-01~2026-03-31,認可,認可,132.114 MWh,0 MWh
陽光伏特家電力股份有限公司,惠來雲林9、10廠,太陽能,2026,137.426,0,雲林縣元長鄉龍岩村13鄰龍岩120之65號,462 kW,陽光伏特家電力股份有限公司,23SP0398-B026000001~139,5/20/26,2026-01-01~2026-03-31,認可,認可,137.426 MWh,0 MWh
陽光伏特家電力股份有限公司,新光彰化9廠,太陽能,2026,144.478,0,彰化縣大城鄉青埔巷48號,461.4 kW,陽光伏特家電力股份有限公司,24SP2475-B026000001~146,5/20/26,2026-01-01~2026-03-31,認可,認可,144.478 MWh,0 MWh
天能綠電股份有限公司,鼎全_中芸國中屋頂型太陽光案場,太陽能,2026,0,57.085,高雄市林園區中芸路3之100號,460.7 kW,天能綠電股份有限公司,25SP1961-B026000001~58,5/20/26,2026-03-01~2026-03-31,認可,認可,0 MWh,57.085 MWh
陽光伏特家電力股份有限公司,匯群台南3廠,太陽能,2026,91.294,0,臺南市鹽水區下林段0410-0000、0411-0000地號,460.68 kW,陽光伏特家電力股份有限公司,25SP0327-B026000001~94,5/20/26,2026-01-01~2026-03-31,認可,認可,91.294 MWh,0 MWh
晨星電力股份有限公司,(暟陽)陳章發1+2,太陽能,2026,0,152.305,彰化縣大城鄉福建路175號,460.58 kW,晨星電力股份有限公司,25SP4389-B026000001~154,5/20/26,2026-01-01~2026-03-31,認可,認可,0 MWh,152.305 MWh
陽光伏特家電力股份有限公司,新光彰化2廠,太陽能,2026,141.649,0,彰化縣二林鎮後厝里新里巷建1之6號,460.5 kW,陽光伏特家電力股份有限公司,23SP0292-B026000001~143,5/20/26,2026-01-01~2026-03-31,認可,認可,141.649 MWh,0 MWh
星星電力股份有限公司,安和營區錶2-籃球場/網球場 (9期),太陽能,2026,141.699,0,屏東縣屏東市雲鵬段0010-0000、0021-0000、0023-0000；0024-0000地號(空軍第一後勤指揮部-籃球場),460.46 kW,星星電力股份有限公司,25SP3879-B026000001~144,5/20/26,2026-01-01~2026-03-31,認可,認可,141.699 MWh,0 MWh
怡和綠電超商股份有限公司,鉦陽能源科技-柏騵,太陽能,2026,39.641,0,高雄市仁武區仁心路268、270號,460.43 kW,怡和綠電超商股份有限公司,25SP3683-B026000001~40,4/1/26,2026-01-01~2026-01-31,認可,認可,39.641 MWh,0 MWh
怡和綠電超商股份有限公司,中勳-角秀段0088-0004地號,太陽能,2026,32.38,0,臺南市官田區角秀段0088-0004地號,460.35 kW,怡和綠電超商股份有限公司,25SP2635-B026000033~65,4/1/26,2026-02-01~2026-02-28,認可,認可,32.38 MWh,0 MWh
晨星電力股份有限公司,(亞沃)美一內線,太陽能,2026,139.416,0,"臺南市關廟區關新路2段225,227,229號",459.68 kW,晨星電力股份有限公司,25SP1781-B026000001~141,5/20/26,2026-01-01~2026-03-31,認可,認可,139.416 MWh,0 MWh
大同智能股份有限公司,彰化縣汙染農地太陽光電系統-和美鎮大榮段888地號,太陽能,2026,166.698,0,彰化縣和美鎮大榮段888地號,459 kW,大同智能股份有限公司,24SP0270-B026000001~169,5/20/26,2026-01-01~2026-03-31,認可,認可,166.698 MWh,0 MWh
宇軒電業股份有限公司,莊瑞芳-南海段202地號,太陽能,2026,43.805,0,臺南市後壁區南海段202地號,458.88 kW,宇軒電業股份有限公司,25SP1333-B026000043~86,4/15/26,2026-02-01~2026-02-28,認可,認可,43.805 MWh,0 MWh
富威電力股份有限公司,福樂能源-金皇六廠太陽光電發電廠,太陽能,2026,131.435,0,屏東縣枋寮鄉精進路32號,458.8 kW,富威電力股份有限公司,25SP1916-B026000001~138,5/20/26,2026-01-01~2026-03-31,認可,認可,131.435 MWh,0 MWh
天能綠電股份有限公司,田風農產屋頂型太陽光電案場,太陽能,2026,130.435,0,彰化縣芳苑鄉中正路建146號,458.66 kW,天能綠電股份有限公司,25SP3495-B026000001~132,5/20/26,2026-01-01~2026-03-31,認可,認可,130.435 MWh,0 MWh
星星電力股份有限公司,匯聚-長長大樓,太陽能,2026,116.793,0,臺南市新市區紫棟路17號,458.18 kW,星星電力股份有限公司,25SP0418-B026000001~118,5/20/26,2026-01-01~2026-03-31,認可,認可,116.793 MWh,0 MWh
艾涅爾電力股份有限公司,陽欣-和美農會柑竹倉庫,太陽能,2026,92.143,0,彰化縣和美鎮柑竹路588巷67號、柑竹路588巷71號、柑竹路590號,458.1 kW,艾涅爾電力股份有限公司,24SP2003-B026000001~93,4/8/26,2026-01-01~2026-02-28,認可,認可,92.143 MWh,0 MWh
怡和綠電超商股份有限公司,博碩-廖美燕,太陽能,2026,97.339,30.532,屏東縣屏東市龍華里3鄰龍華路355號,457.595 kW,怡和綠電超商股份有限公司,25SP4027-B026000001~132,5/20/26,2026-01-01~2026-03-31,認可,認可,97.339 MWh,30.532 MWh
富威電力股份有限公司,富崴2-2台益豐一期太陽光電發電廠,太陽能,2026,100.84,3.019,桃園市大溪區信義路502號,457.545 kW,富威電力股份有限公司,25SP0888-B026000001~110,5/20/26,2026-01-01~2026-03-31,認可,認可,100.84 MWh,3.019 MWh
恆利電能股份有限公司,W-彰化田尾1 (457.25kw),太陽能,2026,39.026,33.928,彰化縣田尾鄉海豐村和平巷150號,457.25 kW,恆利電能股份有限公司,25SP4012-B026000001~78,5/20/26,2026-01-01~2026-02-28,認可,認可,39.026 MWh,33.928 MWh
天能綠電股份有限公司,豐光09-屏東林鐘靈九如屋頂型太陽光電案場,太陽能,2026,126.811,4.645,屏東縣九如鄉屏東縣九如鄉三塊村8鄰堤防一巷22號(屏東縣九如鄉大坵段297地號),457.2 kW,天能綠電股份有限公司,24SP2133-B026000001~140,5/20/26,2026-01-01~2026-03-31,認可,認可,126.811 MWh,4.645 MWh
大同智能股份有限公司,高雄市屋頂型太陽光電系統-連盛皮革廠,太陽能,2026,140.276,0,高雄市湖內區民族街76號,456.72 kW,大同智能股份有限公司,24SP0201-B026000001~142,5/20/26,2026-01-01~2026-03-31,認可,認可,140.276 MWh,0 MWh
大同智能股份有限公司,台中市屋頂型太陽光電系統-大雅國中,太陽能,2026,141.807,0,臺中市大雅區學府路280號,456.06 kW,大同智能股份有限公司,24SP0310-B026000001~144,5/20/26,2026-01-01~2026-03-31,認可,認可,141.807 MWh,0 MWh
桃苗汽車股份有限公司,桃苗(竹北),太陽能,2026,0,92.516,新竹縣竹北市中華路520號,455.92 kW,桃苗汽車股份有限公司,25SP0125-B026000001~94,5/20/26,2026-01-01~2026-03-31,認可,認可,0 MWh,92.516 MWh
天能綠電股份有限公司,日晶旺-台南楠西區455.83kwp地面型太陽光電案場,太陽能,2026,150.785,0,臺南市楠西區楠西段0132-0000地號,455.83 kW,天能綠電股份有限公司,24SP0689-B026000001~154,5/20/26,2026-01-01~2026-03-31,認可,認可,150.785 MWh,0 MWh
能元超商股份有限公司,林園台通,太陽能,2026,147.359,0,高雄市林園區西溪路251號,455.7 kW,能元超商股份有限公司,25SP1459-B026000001~153,5/20/26,2026-01-01~2026-03-31,認可,認可,147.359 MWh,0 MWh
怡和綠電超商股份有限公司,峰麗-南投香里,太陽能,2026,120.225,0,南投縣南投市仁和路3號,455.25 kW,怡和綠電超商股份有限公司,25SP3758-B026000001~122,5/20/26,2026-01-01~2026-03-31,認可,認可,120.225 MWh,0 MWh
星星電力股份有限公司,國碩科技-綺麗珊瑚博物館A棟-1期,太陽能,2026,28.829,0,宜蘭縣蘇澳鎮利工一路一段6號,455.1 kW,星星電力股份有限公司,25SP2628-B026000026~54,4/8/26,2026-02-01~2026-02-28,認可,認可,28.829 MWh,0 MWh
新鑫電力股份有限公司,南投竹山菇寮455.06kW,太陽能,2026,25.861,0,南投縣竹山鎮鯉南路224-1號,455.06 kW,新鑫電力股份有限公司、裕電能源股份有限公司,24SP0418-B026000003~30,5/20/26,2026-01-01~2026-02-28,認可,認可,25.861 MWh,0 MWh
大同智能股份有限公司,南投縣屋頂型太陽光電系統-南投內政部消防署訓練中心(四期),太陽能,2026,128.054,0,南投縣竹山鎮大公街100號,454.86 kW,大同智能股份有限公司,25SP2826-B026000001~130,5/20/26,2026-01-01~2026-03-31,認可,認可,128.054 MWh,0 MWh
天能綠電股份有限公司,呂永清地面型太陽光電案場,太陽能,2026,154.88,0,雲林縣口湖鄉口湖段524-3號,454.3 kW,天能綠電股份有限公司,22SP0158-B026000001~157,5/20/26,2026-01-01~2026-03-31,認可,認可,154.88 MWh,0 MWh
晨星電力股份有限公司,(晉丞)彰化山林重工(二),太陽能,2026,80.812,53.945,彰化縣鹿港鎮工業東三路16號,454.252 kW,晨星電力股份有限公司,25SP4049-B026000001~140,5/20/26,2026-01-01~2026-03-31,認可,認可,80.812 MWh,53.945 MWh
天能綠電股份有限公司,高雄小港國中屋頂型太陽光電案場,太陽能,2026,23.364,0,高雄市小港區平和南路185號,454.005 kW,天能綠電股份有限公司,24SP0230-B026000001~29,5/20/26,2026-01-01~2026-03-31,認可,認可,23.364 MWh,0 MWh
香印永續股份有限公司,柯先生,太陽能,2026,46.324,0,雲林縣元長鄉後湖村溪底2之5號,453.6 kW,香印永續股份有限公司,25SP3436-B026000001~206,4/15/26,2026-01-01~2026-02-28,認可,認可,46.324 MWh,0 MWh
艾涅爾電力股份有限公司,太旭-孫家PV0231,太陽能,2026,72.458,0,苗栗縣苗栗市福安段0915-0000、0916-0000地號,453.56 kW,艾涅爾電力股份有限公司,24SP0029-B026000001~434,4/8/26,2026-01-01~2026-02-28,認可,認可,72.458 MWh,0 MWh
大同智能股份有限公司,彰化縣汙染農地太陽光電系統-和美鎮大雅段524地號,太陽能,2026,150.084,0,彰化縣和美鎮大雅段524地號,452.88 kW,大同智能股份有限公司,24SP0214-B026000001~151,5/20/26,2026-01-01~2026-03-31,認可,認可,150.084 MWh,0 MWh
怡和綠電超商股份有限公司,開泰-中柳段976,太陽能,2026,105.562,0,屏東縣屏東市中柳段976地號,452.55 kW,怡和綠電超商股份有限公司,25SP3340-B026000001~187,5/20/26,2026-01-01~2026-03-31,認可,認可,105.562 MWh,0 MWh
續興股份有限公司,南都永康LEXUS,太陽能,2026,0,140.234,臺南市永康區中正南路377、377之1號,452.51 kW,續興股份有限公司,25SP2708-B026000001~141,5/20/26,2026-01-01~2026-03-31,認可,認可,0 MWh,140.234 MWh
宇軒電業股份有限公司,海口段179-3、179-8地號,太陽能,2026,41.225,0,雲林縣臺西鄉海口段179-3、179-8地號,452.4 kW,宇軒電業股份有限公司,25SP2839-B026000043~84,4/15/26,2026-02-01~2026-02-28,認可,認可,41.225 MWh,0 MWh
天能綠電股份有限公司,豐光11--新營洪賴菁美一二期屋頂型光電案場,太陽能,2026,113.818,12.788,臺南市柳營區東昇里542之26號（柳營區柳營段溫厝廍小段1396-0000、1397-0000地號）,452.375 kW,天能綠電股份有限公司,25SP0323-B026000001~136,5/20/26,2026-01-01~2026-03-31,認可,認可,113.818 MWh,12.788 MWh
邦查工業股份有限公司,邦查工業股份有限公司,太陽能,2026,0,90.493,宜蘭縣蘇澳鎮頂寮段0662-0070、0662-0071地號,450.9 kW,邦查工業股份有限公司,24SP0849-B026000001~93,5/20/26,2026-01-01~2026-03-31,認可,認可,0 MWh,90.493 MWh
富威電力股份有限公司,磐軒-建億鋁業太陽光電發電廠,太陽能,2026,12.386,28.796,臺中市神岡區豐工中路13號,450.66 kW,富威電力股份有限公司,25SP2965-B026000078~134,5/20/26,2026-03-01~2026-03-31,認可,認可,12.386 MWh,28.796 MWh
大自然能源電業股份有限公司,NP101004C006佳益能源(六曜),太陽能,2026,56.821,0,臺南市永康區王行里永科環路67號,450.485 kW,大自然能源電業股份有限公司,24SP0550-B026000001~58,5/20/26,2026-01-01~2026-03-31,認可,認可,56.821 MWh,0 MWh
大自然能源電業股份有限公司,NP081021C004(統益-永靖棒球場),太陽能,2026,144.702,0,彰化縣永靖鄉五汴段1075-0000地號,450.45 kW,大自然能源電業股份有限公司、晨星電力股份有限公司,24SP1728-B026000001~146,5/20/26,2026-01-01~2026-03-31,認可,認可,144.702 MWh,0 MWh
至陽塑膠工業股份有限公司,至陽塑膠工業股份有限公司,太陽能,2026,39.392,88.784,臺中市南屯區精科一路6號,450.21 kW,至陽塑膠工業股份有限公司,25SP0783-B026000001~130,5/20/26,2026-01-01~2026-03-31,認可,認可,39.392 MWh,88.784 MWh
國智經編工業股份有限公司,國智經編工業股份有限公司-二期,太陽能,2026,0,104.3,桃園市龍潭區聖亭路207號,450.18 kW,國智經編工業股份有限公司,24SP2030-B026000001~106,5/20/26,2026-01-01~2026-03-31,認可,認可,0 MWh,104.3 MWh
富威電力股份有限公司,惠來光電-大城雞舍太陽光電發電廠,太陽能,2026,88.393,29.519,彰化縣大城鄉福建路700巷98號,450.11 kW,富威電力股份有限公司,25SP0857-B026000081~394,5/20/26,2026-01-01~2026-03-31,認可,認可,88.393 MWh,29.519 MWh
天能綠電股份有限公司,雲林口湖地面型太陽光電案,太陽能,2026,157.925,0,雲林縣口湖鄉口湖段853-66地號,450.08 kW,天能綠電股份有限公司,23SP0082-B026000001~162,5/20/26,2026-01-01~2026-03-31,認可,認可,157.925 MWh,0 MWh
怡和綠電超商股份有限公司,興發-台東榮總更生院區(標案),太陽能,2026,101.246,0,臺東縣臺東市新生段1750-0002地號(臺北榮民總醫院臺東分院),449.88 kW,怡和綠電超商股份有限公司,25SP1301-B026000001~103,5/20/26,2026-01-01~2026-03-31,認可,認可,101.246 MWh,0 MWh
富威電力股份有限公司,日盛全-三德牧場太陽光電發電廠,太陽能,2026,77.592,17.582,臺南市柳營區八老爺142號,449.7 kW,富威電力股份有限公司,25SO0001-B026000001~118,5/20/26,2026-01-01~2026-03-31,認可,認可,77.592 MWh,17.582 MWh
艾涅爾電力股份有限公司,群騰-洪沈秀娥PV0283,太陽能,2026,84.03,0,臺南市將軍區西甲里西湖115之1號,449.57 kW,艾涅爾電力股份有限公司,24SP1961-B026000001~85,4/8/26,2026-01-01~2026-02-28,認可,認可,84.03 MWh,0 MWh
大自然能源電業股份有限公司,NP191080C001(西庄225號),太陽能,2026,138.455,0,雲林縣元長鄉西莊村西庄255號,449.54 kW,大自然能源電業股份有限公司,25SP3051-B026000001~140,5/20/26,2026-01-01~2026-03-31,認可,認可,138.455 MWh,0 MWh
陽光伏特家電力股份有限公司,新光彰化5、6、7廠,太陽能,2026,136.546,0,彰化縣田尾鄉光榮巷345-6號,449.535 kW,陽光伏特家電力股份有限公司,24SP2229-B026000001~138,5/20/26,2026-01-01~2026-03-31,認可,認可,136.546 MWh,0 MWh
天能綠電股份有限公司,御鑒科技-高雄湖內海埔國小屋頂型光電案場,太陽能,2026,127.955,0,高雄市湖內區忠孝街256號,449.4 kW,天能綠電股份有限公司,24SP0453-B026000001~132,5/20/26,2026-01-01~2026-03-31,認可,認可,127.955 MWh,0 MWh
艾涅爾電力股份有限公司,陽欣-陶淑華,太陽能,2026,81.622,0,彰化縣鹿港鎮鹿犁段65、66地號,449.075 kW,艾涅爾電力股份有限公司,24SP1903-B026000001~83,4/8/26,2026-01-01~2026-02-28,認可,認可,81.622 MWh,0 MWh
艾涅爾電力股份有限公司,城八-車城PV0170,太陽能,2026,96.281,0,屏東縣車城鄉保新段0156-0000、0158-0000地號,448.8 kW,艾涅爾電力股份有限公司,24SP0083-B026000001~98,4/8/26,2026-01-01~2026-02-28,認可,認可,96.281 MWh,0 MWh
寶島陽光電力事業股份有限公司,昕瑞能源有限公司(張清源三),太陽能,2026,117.265,0,臺南市關廟區布袋里長和街29號,448.76 kW,寶島陽光電力事業股份有限公司,24SP1637-B026000001~119,5/20/26,2026-01-01~2026-03-31,認可,認可,117.265 MWh,0 MWh
寶島陽光電力事業股份有限公司,晟鑫能源有限公司(TW170630),太陽能,2026,112.15,0,屏東縣九如鄉九如路一段53巷45號,448.63 kW,寶島陽光電力事業股份有限公司,24SP2244-B026000001~113,5/20/26,2026-01-01~2026-03-31,認可,認可,112.15 MWh,0 MWh
陽光伏特家電力股份有限公司,日晶南投1廠,太陽能,2026,80.44,0,南投縣魚池鄉東池村東興巷21之31號,448.57 kW,陽光伏特家電力股份有限公司,24SP0370-B026000008~157,5/20/26,2026-01-01~2026-03-31,認可,認可,80.44 MWh,0 MWh
晨星電力股份有限公司,(沅碁)興達國小一二期,太陽能,2026,146.544,0,高雄市茄萣區崎漏里民治路2號,448.56 kW,晨星電力股份有限公司,25SP2724-B026000001~148,5/20/26,2026-01-01~2026-03-31,認可,認可,146.544 MWh,0 MWh
晨星電力股份有限公司,(沅碁)瑞祥國小一二期,太陽能,2026,160.643,0,高雄市前鎮區班超路20號,447.47 kW,晨星電力股份有限公司,25SP1442-B026000001~162,5/20/26,2026-01-01~2026-03-31,認可,認可,160.643 MWh,0 MWh
天能綠電股份有限公司,豐光02-台南施俊宇B場屋頂型太陽光電案場,太陽能,2026,125.502,13.75,臺南市柳營區台南市柳營區東昇里柳營542-48號,447.26 kW,天能綠電股份有限公司,24SP1508-B026000001~152,5/20/26,2026-01-01~2026-03-31,認可,認可,125.502 MWh,13.75 MWh
天能綠電股份有限公司,光旭盈10-南投賴玉敏屋頂型光電案場,太陽能,2026,131.053,3.144,南投縣國姓鄉南投縣國姓鄉南港路120-3號,446.88 kW,天能綠電股份有限公司,24SP1547-B026000001~143,5/20/26,2026-01-01~2026-03-31,認可,認可,131.053 MWh,3.144 MWh
富威電力股份有限公司,磐軒-新社九龍太陽光電發電廠,太陽能,2026,48.238,30.845,臺中市新社區興隆街196號、198號,446.88 kW,富威電力股份有限公司,25SP3147-B026000081~264,5/20/26,2026-02-01~2026-03-31,認可,認可,48.238 MWh,30.845 MWh
寶富電力股份有限公司,寶發-農林老埤製茶廠,太陽能,2026,128.561,0,屏東縣內埔鄉龍泉村13鄰中勝路1號,446.4 kW,寶富電力股份有限公司,25SP0493-B026000014~151,5/20/26,2026-01-01~2026-03-31,認可,認可,128.561 MWh,0 MWh
續興股份有限公司,溪口柳溝872,太陽能,2026,129.167,0,嘉義縣溪口鄉柳溝村南靖厝87之2號,446.4 kW,續興股份有限公司,24SP1042-B026000001~131,5/20/26,2026-01-01~2026-03-31,認可,認可,129.167 MWh,0 MWh
南方電力股份有限公司,屏東縣鹽埔鄉彭南段0413-0000地號太陽光電發電場,太陽能,2026,129.562,0,屏東縣鹽埔鄉彭南段0413-0000地號,446.4 kW,南方電力股份有限公司,24SP0854-B026000001~131,5/20/26,2026-01-01~2026-03-31,認可,認可,129.562 MWh,0 MWh
聯華電子股份有限公司,12A3P6,太陽能,2026,0,155.344,臺南市新市區南科三路57號,446.22 kW,聯華電子股份有限公司,23SP0197-B026000001~156,5/20/26,2026-01-01~2026-03-31,認可,認可,0 MWh,155.344 MWh
大自然能源電業股份有限公司,NP091012C004民雄(以成),太陽能,2026,81.266,55.342,嘉義縣民雄鄉興南村工業三路6之2號,445.67 kW,大自然能源電業股份有限公司,25SP3157-B026000001~138,5/20/26,2026-01-01~2026-03-31,認可,認可,81.266 MWh,55.342 MWh
星星電力股份有限公司,傑陽-斗六-民榮行,太陽能,2026,35.043,0,雲林縣斗六市工十六路41號,445.16 kW,星星電力股份有限公司,25SP3138-B026000035~70,4/8/26,2026-02-01~2026-02-28,認可,認可,35.043 MWh,0 MWh
怡和綠電超商股份有限公司,晶久-林庭安(前林錦藤),太陽能,2026,140.974,,彰化縣芳苑鄉太平路永興段23號,444 kW,怡和綠電超商股份有限公司,25SP2399-B026000001~142,5/20/26,2026-01-01~2026-03-31,認可,認可,140.974 MWh,0 MWh
新世紀資通股份有限公司,宜蘭五結 443 kWp,太陽能,2026,0,,宜蘭縣五結鄉五結村28鄰國民南路35-6號,443.84 kW,新世紀資通股份有限公司,25SP0485-B026000001~92,5/20/26,2026-01-01~2026-03-31,認可,認可,0 MWh,90.495 MWh
宇軒電業股份有限公司,海口段452-3、578-63、578-69地號,太陽能,2026,43.665,,雲林縣臺西鄉海口段452-3、578-63、578-69地號,443.7 kW,宇軒電業股份有限公司,25SP3202-B026000041~84,4/15/26,2026-02-01~2026-02-28,認可,認可,43.665 MWh,0 MWh
陽光伏特家電力股份有限公司,聯奇台南11廠,太陽能,2026,60.006,,臺南市新市區新晶段69-1地號,443.36 kW,陽光伏特家電力股份有限公司,25SP0093-B026000001~70,5/20/26,2026-01-01~2026-03-31,認可,認可,60.006 MWh,0 MWh
天能綠電股份有限公司,第一管顧-長嘉能源_錩燕金屬一期屋頂型太陽能電廠,太陽能,2026,149.239,,高雄市燕巢區中竹路2之20號,443.33 kW,天能綠電股份有限公司,25SP0318-B026000001~158,5/20/26,2026-01-01~2026-03-31,認可,認可,149.239 MWh,0 MWh
力成科技股份有限公司,力成科技(P9棟),太陽能,2026,0,,新竹縣湖口鄉文化路4號,443.26 kW,力成科技股份有限公司,23SP0193-B026000001~109,5/20/26,2026-01-01~2026-03-31,認可,認可,0 MWh,107.68 MWh
寶島陽光電力事業股份有限公司,豐照能源股份有限公司(TW180873),太陽能,2026,76.154,,彰化縣埔鹽鄉彰水路2段210之18號,443.1 kW,寶島陽光電力事業股份有限公司,24SP2582-B026000001~78,5/20/26,2026-01-01~2026-03-31,認可,認可,76.154 MWh,0 MWh
怡和綠電超商股份有限公司,誠泰工業-誠泰工業(屋頂型),太陽能,2026,91.419,,高雄市路竹區路科三路1號,443.08 kW,怡和綠電超商股份有限公司,25SP2566-B026000001~143,5/20/26,2026-01-01~2026-03-31,認可,認可,91.419 MWh,46.208 MWh
續興股份有限公司,新和嘉義1廠,太陽能,2026,140.375,,嘉義縣六腳鄉港尾寮1之18號,442.8 kW,續興股份有限公司,25SP2770-B026000001~142,5/20/26,2026-01-01~2026-03-31,認可,認可,140.375 MWh,0 MWh
怡和綠電超商股份有限公司,弦華科技-台東縣池上鄉新興村新興107號(日暉屋頂)-1、2期(屋頂型),太陽能,2026,112.614,,臺東縣池上鄉新興村新興107號,442.715 kW,怡和綠電超商股份有限公司,25SP4025-B026000001~117,5/20/26,2026-01-01~2026-03-31,認可,認可,112.614 MWh,0 MWh
天能綠電股份有限公司,叡朋科技-官田中協雞舍屋頂型太陽光電案場(林劉秀枝),太陽能,2026,127.427,0,臺南市官田區中協68號之6,442.68 kW,天能綠電股份有限公司,24SP0439-B026000001~128,5/20/26,2026-01-01~2026-03-31,認可,認可,127.427 MWh,0 MWh
晨星電力股份有限公司,(創源)慶鴻,太陽能,2026,122.089,0,嘉義縣大林鎮大埔美園區二路6號,442.24 kW,晨星電力股份有限公司,25SP2220-B026000001~124,5/20/26,2026-01-01~2026-03-31,認可,認可,122.089 MWh,0 MWh
晨星電力股份有限公司,(創源)舜鵬,太陽能,2026,120.5,0,嘉義縣大林鎮大埔美園區二路8號,442.24 kW,晨星電力股份有限公司,25SP3116-B026000001~121,5/20/26,2026-01-01~2026-03-31,認可,認可,120.5 MWh,0 MWh
怡和綠電超商股份有限公司,怡和國際能源-森鉅仁德,太陽能,2026,37.103,0,臺南市仁德區中山路10巷16號,442 kW,怡和綠電超商股份有限公司,25SP0821-B026000036~73,4/1/26,2026-02-01~2026-02-28,認可,認可,37.103 MWh,0 MWh
天能綠電股份有限公司,日鼎-蘇仁傳雞舍屋頂型太陽光案場,太陽能,2026,41.812,0,雲林縣大埤鄉嘉興村田寮41號,441.98 kW,天能綠電股份有限公司,25SP2789-B026000001~42,3/4/26,2026-01-01~2026-01-31,認可,認可,41.812 MWh,0 MWh
中曜股份有限公司,中租 854 號,太陽能,2026,67.056,0,雲林縣口湖鄉口湖段0926-1、0926-8、0926-9地號,441.9 kW,中曜股份有限公司,25SP0442-B026000001~68,5/13/26,2026-01-01~2026-02-28,認可,認可,67.056 MWh,0 MWh
南方電力股份有限公司,菇類栽培場太陽光電發電廠,太陽能,2026,85.227,25.369,臺南市新營區姑爺里挖仔40之99號,441.75 kW,南方電力股份有限公司,24SP1726-B026000002~125,5/20/26,2026-01-01~2026-03-31,認可,認可,85.227 MWh,25.369 MWh
十萬伏特電力股份有限公司,台中-金棠科技案,太陽能,2026,78.118,0,臺中市西屯區工業區七路20號,441.72 kW,十萬伏特電力股份有限公司,25SP4150-B026000001~80,4/22/26,2026-01-01~2026-02-28,認可,認可,78.118 MWh,0 MWh
星星電力股份有限公司,森鉅-永福段(和興本廠),太陽能,2026,146.037,0,彰化縣鹿港鎮鹿草路2段247巷52弄臨7號,441.57 kW,星星電力股份有限公司,26SP0003-B026000001~153,5/20/26,2026-01-01~2026-03-31,認可,認可,146.037 MWh,0 MWh
飛綠股份有限公司,飛綠公司飛弘廠A棟,太陽能,2026,0,109.664,臺南市永康區永科環路230號,441.045 kW,飛綠股份有限公司,24SP0870-B026000001~111,5/20/26,2026-01-01~2026-03-31,認可,認可,0 MWh,109.664 MWh
艾涅爾電力股份有限公司,太旭-長照中心大樓(停車場)PV0201,太陽能,2026,65.352,0,苗栗縣後龍鎮後龍段後龍小段371-4地號,440.73 kW,艾涅爾電力股份有限公司,25SP0119-B026000001~67,4/8/26,2026-01-01~2026-02-28,認可,認可,65.352 MWh,0 MWh
晨星電力股份有限公司,(沅碁)明華國中一~三期,太陽能,2026,152.216,0,高雄市鼓山區明誠三路582號(明華國中一期/二期/三期),440.705 kW,晨星電力股份有限公司,25SP2616-B026000001~154,5/20/26,2026-01-01~2026-03-31,認可,認可,152.216 MWh,0 MWh
漢翔航空工業股份有限公司 發動機事業處,機匣四課,太陽能,2026,0,139.128,高雄市岡山區崗德路1號,440.64 kW,漢翔航空工業股份有限公司 發動機事業處,23SP0123-B026000001~141,5/20/26,2026-01-01~2026-03-31,認可,認可,0 MWh,139.128 MWh
開陽電力股份有限公司,台灣綠色資產股份有限公司-虎尾鎮墾地里屋頂型,太陽能,2026,146.923,0,雲林縣虎尾鎮墾地里海墘5之30號,440.64 kW,開陽電力股份有限公司,25SP0036-B026000001~149,5/20/26,2026-01-01~2026-03-31,認可,認可,146.923 MWh,0 MWh
怡和綠電超商股份有限公司,全合興_內埔鄉溝底段1245地號,太陽能,2026,115.917,0,屏東縣內埔鄉溝底段1245-0000地號,440.55 kW,怡和綠電超商股份有限公司,25SP2438-B026000001~117,5/20/26,2026-01-01~2026-03-31,認可,認可,115.917 MWh,0 MWh
陽光伏特家電力股份有限公司,富味鄉彰化1廠,太陽能,2026,38.337,0,彰化縣芳苑鄉斗苑路芳苑段73號,440.34 kW,陽光伏特家電力股份有限公司,25SP1490-B026000001~41,4/1/26,2026-01-01~2026-02-28,認可,認可,38.337 MWh,0 MWh
晨星電力股份有限公司,(統益)聖橋亞,太陽能,2026,0,127.841,高雄市大寮區大有一街30、32之1號,440.2 kW,晨星電力股份有限公司,25SP4381-B026000001~129,5/20/26,2026-01-01~2026-03-31,認可,認可,0 MWh,127.841 MWh
怡和綠電超商股份有限公司,怡和綠能-豐嶸羽球館案,太陽能,2026,35.757,0,高雄市鳥松區美勝六街161號(神農段0003-0000地號),439.89 kW,怡和綠電超商股份有限公司,25SP1789-B026000039~74,4/1/26,2026-02-01~2026-02-28,認可,認可,35.757 MWh,0 MWh
日益智慧能源股份有限公司,台中烏日臻愛會館(一期),太陽能,2026,103.867,0,臺中市烏日區高鐵路三段168號,439.74 kW,日益智慧能源股份有限公司,24SP0551-B026000001~109,5/20/26,2026-01-01~2026-03-31,認可,認可,103.867 MWh,0 MWh
阿波羅電力股份有限公司,力寳龍紡織廠,太陽能,2026,79.129,49.807,彰化縣芳苑鄉工業路16號,439.68 kW,阿波羅電力股份有限公司,25SP3908-B026000001~131,5/20/26,2026-01-01~2026-03-31,認可,認可,79.129 MWh,49.807 MWh
富威電力股份有限公司,鉦陽-煒業太陽光電發電廠,太陽能,2026,48.57,2.951,高雄市岡山區嘉興路37之1號,439.6 kW,富威電力股份有限公司,25SP3132-B026000001~57,5/20/26,2026-03-01~2026-03-31,認可,認可,48.57 MWh,2.951 MWh
怡和綠電超商股份有限公司,博達綠能工業有限公司-施貿元-2號場,太陽能,2026,113.478,0,南投縣魚池鄉東光村慶隆巷52之8號,439.56 kW,怡和綠電超商股份有限公司,25SP1177-B026000001~114,5/20/26,2026-01-01~2026-03-31,認可,認可,113.478 MWh,0 MWh
東豐纖維企業股份有限公司,東豐纖維路竹廠三期439.52KWp,太陽能,2026,0,86.212,高雄市路竹區中山路1457號,439.52 kW,東豐纖維企業股份有限公司,24SP0205-B026000001~88,4/1/26,2026-01-01~2026-02-28,認可,認可,0 MWh,86.212 MWh
中鋼光能股份有限公司,中鋼第一熱軋扁鋼胚精整設備&扁鋼胚精整工場,太陽能,2026,107.5,0,高雄市小港區中鋼路1號極嘉興街2號,439.2 kW,中鋼光能股份有限公司,22SP0155-B026000001~109,5/20/26,2026-01-01~2026-03-31,認可,認可,107.5 MWh,0 MWh
天能綠電股份有限公司,光旭盈03-彰化久皇福興場屋頂型光電案場,太陽能,2026,87.269,57.695,彰化縣福興鄉彰化縣福興鄉番花路一段711號,438.52 kW,天能綠電股份有限公司,24SP2570-B026000001~150,5/20/26,2026-01-01~2026-03-31,認可,認可,87.269 MWh,57.695 MWh
力成科技股份有限公司,力成科技(3D棟),太陽能,2026,0,108.34,新竹縣湖口鄉新竹工業區大同路15號,438.2 kW,力成科技股份有限公司,23SP0309-B026000001~110,5/20/26,2026-01-01~2026-03-31,認可,認可,0 MWh,108.34 MWh
富威電力股份有限公司,惠來光電-斗南留參農太陽光電發電廠,太陽能,2026,71.972,27.723,雲林縣斗南鎮雲林縣斗南鎮重光段197、198地號,438 kW,富威電力股份有限公司,25SP0168-B026000081~380,5/20/26,2026-01-01~2026-03-31,認可,認可,71.972 MWh,27.723 MWh
三地怪獸電力股份有限公司,許願樹屏東縣萬興段屋頂型太陽光電,太陽能,2026,136.409,6.916,屏東縣萬丹鄉萬興段0897-0000、0898-0000、0899-0000、0900-0000地號,437.76 kW,三地怪獸電力股份有限公司,24SP0569-B026000002~151,5/20/26,2026-01-01~2026-03-31,認可,認可,136.409 MWh,6.916 MWh
天能綠電股份有限公司,鼎全_鳳林國小一期&二期太陽光案場,太陽能,2026,34.259,52.314,高雄市小港區鳳林路207號、鳳林段1441-0000地號,437.58 kW,天能綠電股份有限公司,25SP1954-B026000001~88,5/20/26,2026-01-01~2026-03-31,認可,認可,34.259 MWh,52.314 MWh
艾涅爾電力股份有限公司,耀鋩-大榮段520汙染地,太陽能,2026,87.384,0,彰化縣和美鎮大榮段0520-0000地號,437.4 kW,艾涅爾電力股份有限公司,24SP2476-B026000001~88,4/8/26,2026-01-01~2026-02-28,認可,認可,87.384 MWh,0 MWh
晨星電力股份有限公司,(加州)成功國中一期,太陽能,2026,11.42,117.019,臺南市北區和緯路1段2號,437.15 kW,晨星電力股份有限公司,25SP4380-B026000001~136,5/20/26,2026-01-01~2026-03-31,認可,認可,11.42 MWh,117.019 MWh
怡和綠電超商股份有限公司,寶冠虹-仕絨段1199.1199-3一、二期,太陽能,2026,74.553,0,屏東縣鹽埔鄉仕絨村仕正路12之77號(屏東縣鹽埔鄉仕絨段1199-3地號),436.8 kW,怡和綠電超商股份有限公司,25SP1096-B026000001~76,5/20/26,2026-01-01~2026-03-31,認可,認可,74.553 MWh,0 MWh
士林電機廠股份有限公司,士林電機大型線圈工廠太陽能系統(二期),太陽能,2026,0,416.779,新竹縣湖口鄉鳳凰村31鄰中華路23號,436.8 kW,士林電機廠股份有限公司,25SP2063-B026000001~419,5/20/26,2025-06-18~2026-03-31,認可,認可,0 MWh,416.779 MWh
維特克能源有限公司,維特克台南1廠,太陽能,2026,129.633,0,臺南市白河區中興段2003-0000地號,436.59 kW,維特克能源有限公司,24SP0654-B026000004~141,5/20/26,2026-01-01~2026-03-31,認可,認可,129.633 MWh,0 MWh
阿波羅電力股份有限公司,泓錠新竹公部門五期案,太陽能,2026,104.032,0,新竹縣新埔鎮文華路39號,436.24 kW,阿波羅電力股份有限公司,25SP1393-B026000001~106,5/20/26,2026-01-01~2026-03-31,認可,認可,104.032 MWh,0 MWh
三地怪獸電力股份有限公司,展昇臺南市新市區屋頂型太陽光電,太陽能,2026,119.49,17.177,臺南市新市區永新路78號,436.2 kW,三地怪獸電力股份有限公司,25SP3178-B026000002~143,5/20/26,2026-01-01~2026-03-31,認可,認可,119.49 MWh,17.177 MWh
華泰電子股份有限公司,華泰電子東三廠,太陽能,2026,0,392.659,高雄市楠梓區東三街16號,436.04 kW,華泰電子股份有限公司,24SP1815-B026000001~394,5/20/26,2025-01-17~2026-03-31,認可,認可,0 MWh,392.659 MWh
瓦力電能股份有限公司,臺南市西港區435.6瓩(T8122),太陽能,2026,73.773,49.689,臺南市西港區中山路506號、508號,435.6 kW,瓦力電能股份有限公司,25SP1608-B026000001~125,5/20/26,2026-01-01~2026-03-31,認可,認可,73.773 MWh,49.689 MWh
晨星電力股份有限公司,(沅碁)河濱國小一二期,太陽能,2026,137.059,9.273,高雄市三民區市中一路339號,435.29 kW,晨星電力股份有限公司,25SP3082-B026000001~153,5/20/26,2026-01-01~2026-03-31,認可,認可,137.059 MWh,9.273 MWh
武漢機械股份有限公司,武漢機械股份有限公司,太陽能,2026,0,106.648,彰化縣二林鎮二林大道2段168號,435.23 kW,武漢機械股份有限公司,25SP0698-B026000001~108,5/20/26,2026-01-01~2026-03-31,認可,認可,0 MWh,106.648 MWh
陽光伏特家電力股份有限公司,新光台南1、2、8廠,太陽能,2026,132.149,0,臺南市六甲區中社里農場1號,435.14 kW,陽光伏特家電力股份有限公司,23SP0208-B026000022~414,5/20/26,2026-01-01~2026-03-31,認可,認可,132.149 MWh,0 MWh
續興股份有限公司,雲林虎尾楊黃芬英雞舍,太陽能,2026,115.482,0,雲林縣虎尾鎮中溪里中興36之2號,434.625 kW,續興股份有限公司,24SP0721-B026000001~117,5/20/26,2026-01-01~2026-03-31,認可,認可,115.482 MWh,0 MWh
艾涅爾電力股份有限公司,瑞曦-得生製藥,太陽能,2026,88.898,0,臺南市永康區環工路63號,434.52 kW,艾涅爾電力股份有限公司,24SP1768-B026000001~91,4/8/26,2026-01-01~2026-02-28,認可,認可,88.898 MWh,0 MWh
怡和綠電超商股份有限公司,嘉創-寶緯工業1,太陽能,2026,148.219,0,彰化縣北斗鎮財神路30號,434.28 kW,怡和綠電超商股份有限公司,25SP3766-B026000002~151,5/20/26,2026-01-01~2026-03-31,認可,認可,148.219 MWh,0 MWh
開陽電力股份有限公司,玖基企業-台灣自來水股份有限公司第五區管理處義竹加壓站,太陽能,2026,87.523,0,嘉義縣義竹鄉傳芳段0356-0000、0358-0000地號,434.165 kW,開陽電力股份有限公司,25SP3834-B026000001~95,4/1/26,2026-01-01~2026-02-28,認可,認可,87.523 MWh,0 MWh
台灣積體電路製造股份有限公司,台灣積體電路製造股份有限公司F14P5滯洪池太陽能二期,太陽能,2026,0,92.22,臺南市善化區善科段157地號,434 kW,台灣積體電路製造股份有限公司,19SP0044-B026000001~93,5/20/26,2025-12-01~2026-03-31,認可,認可,0 MWh,92.22 MWh
台灣積體電路製造股份有限公司,台灣積體電路製造股份有限公司F14P5滯洪池太陽能一期,太陽能,2026,0,75.38,臺南市善化區善科段157地號,434 kW,台灣積體電路製造股份有限公司,19SP0043-B026000001~76,5/20/26,2025-12-01~2026-03-31,認可,認可,0 MWh,75.38 MWh
晨星電力股份有限公司,(沅碁)一甲國小一~三期,太陽能,2026,135.196,0,高雄市路竹區大智路43號,433.945 kW,晨星電力股份有限公司,25SP2723-B026000001~137,5/20/26,2026-01-01~2026-03-31,認可,認可,135.196 MWh,0 MWh
晨星電力股份有限公司,(輝庭)輝庭線西二廠,太陽能,2026,133.817,0,彰化縣線西鄉彰濱西二路18號,433.875 kW,晨星電力股份有限公司,25SP3519-B026000001~139,5/20/26,2026-01-01~2026-03-31,認可,認可,133.817 MWh,0 MWh
怡和綠電超商股份有限公司,怡和國際能源-介聯企業,太陽能,2026,118.367,12.403,臺南市麻豆區麻柚路361號,433.78 kW,怡和綠電超商股份有限公司,25SP3938-B026000001~139,5/20/26,2026-01-01~2026-03-31,認可,認可,118.367 MWh,12.403 MWh
艾涅爾電力股份有限公司,百鴻-張秀利,太陽能,2026,20.87,56.968,雲林縣口湖鄉埔南村外埔72之69號,433.755 kW,艾涅爾電力股份有限公司,24SP2428-B026000001~85,4/8/26,2026-01-01~2026-02-28,認可,認可,20.87 MWh,56.968 MWh
天能綠電股份有限公司,輝煌-玉井國中1期地面&屋頂型太陽光電案場,太陽能,2026,34.091,0,臺南市玉井區大成路152號,433.5 kW,天能綠電股份有限公司,24SP1746-B026000039~73,4/1/26,2026-02-01~2026-02-28,認可,認可,34.091 MWh,0 MWh
南方電力股份有限公司,屏東縣南州鄉七塊段0401-0004、0459-0000地號太陽光電發電場,太陽能,2026,143.634,0,屏東縣南州鄉七塊段0401-0004、0459-0000地號,433.225 kW,南方電力股份有限公司,24SP0812-B026000001~146,5/20/26,2026-01-01~2026-03-31,認可,認可,143.634 MWh,0 MWh
南茂科技股份有限公司,南茂科技105,太陽能,2026,0,131.798,臺中市后里區三豐路三段686巷68號,433.16 kW,南茂科技股份有限公司,25SP1016-B026000001~132,5/20/26,2026-01-01~2026-03-31,認可,認可,0 MWh,131.798 MWh
天能綠電股份有限公司,日鼎-李俊賢室內養殖屋頂型太陽光案場,太陽能,2026,40.962,0,臺南市新市區永就46之13號,432.96 kW,天能綠電股份有限公司,25SP3848-B026000001~41,3/18/26,2026-01-01~2026-01-31,認可,認可,40.962 MWh,0 MWh
晨星電力股份有限公司,(統益)華爾卡,太陽能,2026,107.242,0,高雄市路竹區路科五路128號(路科段50-1、63、64、65地號),432.63 kW,晨星電力股份有限公司,25SP2475-B026000001~109,5/20/26,2026-01-01~2026-03-31,認可,認可,107.242 MWh,0 MWh
康展電力股份有限公司,屏東都計農里港I,太陽能,2026,97.234,0,屏東縣里港鄉定國段720地號,432.48 kW,康展電力股份有限公司,24SP0413-B026000002~106,5/20/26,2026-01-01~2026-03-31,認可,認可,97.234 MWh,0 MWh
旭東環保科技股份有限公司,旭東1,太陽能,2026,0,47.779,屏東縣屏東市環東街2號,432.3 kW,旭東環保科技股份有限公司,25SP2255-B026000001~48,5/20/26,2025-11-26~2026-03-31,認可,認可,0 MWh,47.779 MWh
晶碩光學股份有限公司,晶碩光學股份有限公司#1,太陽能,2026,0,89.764,桃園市龜山區興業街5號,432 kW,晶碩光學股份有限公司,25SP0702-B026000001~91,4/1/26,2025-12-01~2026-02-28,認可,認可,0 MWh,89.764 MWh
阿波羅電力股份有限公司,辰翔蔡阿美,太陽能,2026,127.355,0,彰化縣二林鎮二城路617巷93弄建275號,432 kW,阿波羅電力股份有限公司,24SP2046-B026000001~129,5/20/26,2026-01-01~2026-03-31,認可,認可,127.355 MWh,0 MWh
艾涅爾電力股份有限公司,育渲-內門王忠禮畜牧場,太陽能,2026,75.81,,高雄市內門區大草埔7之2號、7之3號,432 kW,艾涅爾電力股份有限公司,24SP0505-B026000001~120,4/8/26,2026-01-01~2026-02-28,認可,認可,75.81 MWh,0 MWh
富威電力股份有限公司,日盛全-九如地面型太陽光電發電廠,太陽能,2026,64.453,,屏東縣九如鄉惠農段52、35地號,431.9 kW,富威電力股份有限公司,25SP1924-B026000025~97,4/1/26,2026-01-01~2026-02-28,認可,認可,64.453 MWh,0 MWh
大同智能股份有限公司,彰化汙染農地太陽能建置案第三批-和美鎮大榮段267地號,太陽能,2026,157.048,,彰化縣和美鎮大榮段267地號,431.8 kW,大同智能股份有限公司,24SP0242-B026000001~159,5/20/26,2026-01-01~2026-03-31,認可,認可,157.048 MWh,0 MWh
續興股份有限公司,溪口柳溝875,太陽能,2026,129.626,,嘉義縣溪口鄉柳溝村南靖厝87之5號,431.52 kW,續興股份有限公司,24SP0799-B026000001~131,5/20/26,2026-01-01~2026-03-31,認可,認可,129.626 MWh,0 MWh
怡和綠電超商股份有限公司,旭恩能源-台中大雅_達八廠,太陽能,2026,93.512,,臺中市大雅區昌平路4段632巷50號,431.02 kW,怡和綠電超商股份有限公司,25SP1364-B026000002~139,5/20/26,2026-01-01~2026-03-31,認可,認可,93.512 MWh,42.33 MWh
晨星電力股份有限公司,(新台)新台塑膠五期,太陽能,2026,136.291,,嘉義縣水上鄉大崙村大崙188號,430.95 kW,晨星電力股份有限公司,25SP3102-B026000001~138,5/20/26,2026-01-01~2026-03-31,認可,認可,136.291 MWh,0 MWh
中鋼光能股份有限公司,中龍熱軋軋輥廠房,太陽能,2026,108.788,,臺中市龍井區龍昌路100號,430.44 kW,中鋼光能股份有限公司,23SP0308-B026000001~110,5/20/26,2026-01-01~2026-03-31,認可,認可,108.788 MWh,0 MWh
鴻晶新科技股份有限公司,志勝農業社即負責人胡淑女,太陽能,2026,13.372,,彰化縣溪州鄉新生巷建23之3號,430.43 kW,鴻晶新科技股份有限公司,25SP3431-B026000001~41,5/20/26,2026-01-01~2026-01-31,認可,認可,13.372 MWh,25.787 MWh
怡和綠電超商股份有限公司,嘉創-陳博琥,太陽能,2026,43.831,,嘉義縣新港鄉嘉民路188巷66弄13號,430.32 kW,怡和綠電超商股份有限公司,25SP2894-B026000002~138,5/20/26,2026-01-01~2026-03-31,認可,認可,43.831 MWh,91.635 MWh
開陽電力股份有限公司,開陽能源股份有限公司-南投竹山消防署訓練中心(第4停車場及A5後方停車空間),太陽能,2026,59.467,,南投縣竹山鎮紫南段1577-0000地號,430.26 kW,開陽電力股份有限公司,25SP2053-B026000001~60,4/1/26,2026-01-01~2026-02-28,認可,認可,59.467 MWh,0 MWh
怡和綠電超商股份有限公司,鳳陽-林尤賜車城田中791、792-1地號,太陽能,2026,156.262,0,屏東縣車城鄉田中段791、792-1地號,429.6 kW,怡和綠電超商股份有限公司,25SP2463-B026000001~157,5/20/26,2026-01-01~2026-03-31,認可,認可,156.262 MWh,0 MWh
陽光伏特家電力股份有限公司,太陽餅35號,太陽能,2026,78.349,0,臺中市梧棲區建八路2號,429.18 kW,陽光伏特家電力股份有限公司,22SP0008-B026000020~154,5/20/26,2026-01-01~2026-03-31,認可,認可,78.349 MWh,0 MWh
陽光伏特家電力股份有限公司,元登屏東19廠,太陽能,2026,94.538,0,屏東縣高樹鄉泰和段0432-0000、0432-0001、0432-0002、0432-0003、0432-0004地號,429 kW,陽光伏特家電力股份有限公司,24SP0709-B026000014~129,5/20/26,2026-01-01~2026-03-31,認可,認可,94.538 MWh,0 MWh
怡和綠電超商股份有限公司,磐石能源-南太,太陽能,2026,133.877,0,臺南市永康區正北三路123號,428.49 kW,怡和綠電超商股份有限公司,25SP2664-B026000001~136,5/20/26,2026-01-01~2026-03-31,認可,認可,133.877 MWh,0 MWh
續興股份有限公司,修附電機,太陽能,2026,124.119,0,高雄市岡山區本工路66號,428.34 kW,續興股份有限公司,25SP0352-B026000001~126,5/20/26,2026-01-01~2026-03-31,認可,認可,124.119 MWh,0 MWh
陽光伏特家電力股份有限公司,遠勁13-花蓮全家,太陽能,2026,86.199,0,花蓮縣吉安鄉光華村南濱路一段552、554號,428.04 kW,陽光伏特家電力股份有限公司,25SP3777-B026000001~87,5/20/26,2026-01-01~2026-03-31,認可,認可,86.199 MWh,0 MWh
艾涅爾電力股份有限公司,澄達-高玉玲菇寮PV0167,太陽能,2026,74.957,0,南投縣名間鄉新街村田寮巷10之87號,427.85 kW,艾涅爾電力股份有限公司,24SP1600-B026000001~76,4/8/26,2026-01-01~2026-02-28,認可,認可,74.957 MWh,0 MWh
天能綠電股份有限公司,家紳能源-彰化縣社頭鄉中山路(彰化特教二期),太陽能,2026,131.722,0,彰化縣社頭鄉中山路1段306號,427.72 kW,天能綠電股份有限公司,25SP4017-B026000001~135,5/20/26,2026-01-01~2026-03-31,認可,認可,131.722 MWh,0 MWh
恆利電能股份有限公司,CYA-沙崙1 (427.35kw),太陽能,2026,128.556,19.733,臺南市歸仁區沙崙段1176地號,427.35 kW,恆利電能股份有限公司,25SP0072-B026000001~153,5/20/26,2026-01-01~2026-03-31,認可,認可,128.556 MWh,19.733 MWh
聯華電子股份有限公司8A,8A-FAB,太陽能,2026,0,66.226,新竹市東區力行二路3號,427.35 kW,聯華電子股份有限公司8A,23SP0005-B026000001~67,3/4/26,2025-12-01~2026-01-31,認可,認可,0 MWh,66.226 MWh
康展電力股份有限公司,盛偉能源永康金湖,太陽能,2026,114.116,0,臺南市永康區王行段0038-0000地號(永康科技工業區綠地),427.2 kW,康展電力股份有限公司,25SP1446-B026000001~122,5/20/26,2026-01-01~2026-03-31,認可,認可,114.116 MWh,0 MWh
星星電力股份有限公司,傑能-台西黃麗娟,太陽能,2026,39.222,0,雲林縣臺西鄉牛厝村舊泉州61號,426.75 kW,星星電力股份有限公司,25SP2163-B026000037~76,4/8/26,2026-02-01~2026-02-28,認可,認可,39.222 MWh,0 MWh
聯華電子股份有限公司,12A2FAB,太陽能,2026,0,143.626,臺南市新市區南科二路20號,426.61 kW,聯華電子股份有限公司,23SP0182-B026000001~145,5/20/26,2026-01-01~2026-03-31,認可,認可,0 MWh,143.626 MWh
星星電力股份有限公司,傑能-麥寮林能昌,太陽能,2026,37.961,0,雲林縣麥寮鄉麥津村20鄰保安林43-8號,426.56 kW,星星電力股份有限公司,25SP3394-B026000036~73,4/8/26,2026-02-01~2026-02-28,認可,認可,37.961 MWh,0 MWh
阿波羅電力股份有限公司,大治屋頂型,太陽能,2026,93.196,0,彰化縣大城鄉廍子巷210弄建49號,426.56 kW,阿波羅電力股份有限公司,24SP2514-B026000001~102,5/20/26,2026-01-01~2026-03-31,認可,認可,93.196 MWh,0 MWh
陽光伏特家電力股份有限公司,沅碁高雄1、2、3廠,太陽能,2026,137.343,0,高雄市鳳山區五甲二路424號,426.51 kW,陽光伏特家電力股份有限公司,23SP0336-B026000001~140,5/20/26,2026-01-01~2026-03-31,認可,認可,137.343 MWh,0 MWh
怡和綠電超商股份有限公司,鑫元陽-得禎二廠,太陽能,2026,41.043,0,臺南市永康區永科一路89號,426.36 kW,怡和綠電超商股份有限公司,25SP0926-B026000040~81,4/1/26,2026-02-01~2026-02-28,認可,認可,41.043 MWh,0 MWh
傑傅能源股份有限公司,高雄民族國小一期太陽能發電設備_三民區平等路197號,太陽能,2026,60.132,0,高雄市三民區平等路197號,426.24 kW,傑傅能源股份有限公司,24SP1985-B026000001~61,4/29/26,2026-01-01~2026-02-28,認可,認可,60.132 MWh,0 MWh
富威電力股份有限公司,聚眾-王文曲太陽光電發電廠,太陽能,2026,40.231,0,雲林縣土庫鎮西平里馬光路328、328-1、328-2號,426.15 kW,富威電力股份有限公司,24SP2201-B026000043~91,4/1/26,2026-01-01~2026-02-28,認可,認可,40.231 MWh,0 MWh
南方電力股份有限公司,迎輝二廠太陽光電發電場,太陽能,2026,56.198,0,臺南市安南區鹿耳里鹿耳二路132號,425.88 kW,南方電力股份有限公司,25SP2884-B026000001~57,5/20/26,2026-03-01~2026-03-31,認可,認可,56.198 MWh,0 MWh
中曜股份有限公司,中租 0563 號,太陽能,2026,9.687,0,屏東縣潮州鎮崙東里8鄰新開路38號,425.1 kW,中曜股份有限公司,24SP1831-B026000001~11,5/13/26,2026-01-01~2026-02-28,認可,認可,9.687 MWh,0 MWh
續興股份有限公司,新和彰化1廠,太陽能,2026,133.342,0,彰化縣芬園鄉彰南路5段727巷建373號,424.44 kW,續興股份有限公司,25SP3176-B026000001~134,5/20/26,2026-01-01~2026-03-31,認可,認可,133.342 MWh,0 MWh
續興股份有限公司,麻豆昇祿鋁業,太陽能,2026,132.323,0,臺南市麻豆區麻口里麻豆口1之55號,424.38 kW,續興股份有限公司,24SP0396-B026000001~134,5/20/26,2026-01-01~2026-03-31,認可,認可,132.323 MWh,0 MWh
能元超商股份有限公司,台泥綠能台通大肚,太陽能,2026,130.102,0,臺中市大肚區沙田路二段399巷59號,424.08 kW,能元超商股份有限公司,25SP2764-B026000001~135,5/20/26,2026-01-01~2026-03-31,認可,認可,130.102 MWh,0 MWh
陽光伏特家電力股份有限公司,昶新彰化1廠,太陽能,2026,13.79,0,彰化縣秀水鄉陝西村水尾巷148之1號,424.08 kW,陽光伏特家電力股份有限公司,24SP2592-B026000005~23,5/20/26,2026-01-01~2026-03-31,認可,認可,13.79 MWh,0 MWh
續興股份有限公司,中美宜蘭廠2,太陽能,2026,71.472,0,宜蘭縣五結鄉利工一路二段1號,424.06 kW,續興股份有限公司,24SP0725-B026000001~73,5/20/26,2026-01-01~2026-03-31,認可,認可,71.472 MWh,0 MWh
天能綠電股份有限公司,豐光04--屏東傅義祥屋頂型光電案場,太陽能,2026,128.346,6.898,屏東縣萬丹鄉香社村香內路290巷170號（屏東縣萬丹鄉香社段1786地號）,424.035 kW,天能綠電股份有限公司,25SP0019-B026000001~142,5/20/26,2026-01-01~2026-03-31,認可,認可,128.346 MWh,6.898 MWh
大同智能股份有限公司,台中市屋頂型太陽光電系統-忠明國小,太陽能,2026,135.958,0,臺中市西區臺灣大道二段556號,423.72 kW,大同智能股份有限公司,24SP0351-B026000001~137,5/20/26,2026-01-01~2026-03-31,認可,認可,135.958 MWh,0 MWh
艾克爾國際科技股份有限公司,艾克爾T3 423.32kwp,太陽能,2026,0,88.546,新竹縣湖口鄉光復路11號,423.32 kW,艾克爾國際科技股份有限公司,23SP0384-B026000001~90,5/20/26,2026-01-01~2026-03-31,認可,認可,0 MWh,88.546 MWh
阿波羅電力股份有限公司,鉅光科技工業鳳西國小,太陽能,2026,137.66,0,高雄市新興區光華東路100號,423.06 kW,阿波羅電力股份有限公司,24SP0657-B026000001~148,5/20/26,2026-01-01~2026-03-31,認可,認可,137.66 MWh,0 MWh
艾克爾國際科技股份有限公司,艾克爾先進龍科廠,太陽能,2026,0,51.611,桃園市龍潭區龍園一路333號,422.82 kW,艾克爾國際科技股份有限公司,23SP0360-B026000001~53,4/29/26,2026-01-01~2026-02-28,認可,認可,0 MWh,51.611 MWh
陽光伏特家電力股份有限公司,日晶南投2廠,太陽能,2026,71.313,0,南投縣魚池鄉東池村東興巷21之17號,422.175 kW,陽光伏特家電力股份有限公司,24SP0333-B026000021~148,5/20/26,2026-01-01~2026-03-31,認可,認可,71.313 MWh,0 MWh
開陽電力股份有限公司,玖基企業股份有限公司-犁頭山配水池,太陽能,2026,57.786,0,新竹縣新埔鎮文山段1102-0000、1088-0001地號,422.1 kW,開陽電力股份有限公司,25SP3343-B026000001~59,4/1/26,2026-01-01~2026-02-28,認可,認可,57.786 MWh,0 MWh
富威電力股份有限公司,惠來光電-穩泰塑膠太陽光電發電廠,太陽能,2026,55.87,0,彰化縣埔鹽鄉光明路一段176號,421.85 kW,富威電力股份有限公司,25SP0965-B026000030~97,4/1/26,2026-01-01~2026-02-28,認可,認可,55.87 MWh,0 MWh
怡和綠電超商股份有限公司,興發-益聯糖業,太陽能,2026,119.274,0,臺中市清水區北一路11號,421.83 kW,怡和綠電超商股份有限公司,25SP3817-B026000002~122,5/20/26,2026-01-01~2026-03-31,認可,認可,119.274 MWh,0 MWh
巨大機械工業股份有限公司,巨大機械日南廠-南倉,太陽能,2026,0,119.686,臺中市大甲區順帆路19號,421.64 kW,巨大機械工業股份有限公司,23SP0054-B026000001~121,5/20/26,2026-01-01~2026-03-31,認可,認可,0 MWh,119.686 MWh
曜越綠電股份有限公司,廣鑫複材1號,太陽能,2026,101.188,13.976,南投縣草屯鎮三層巷20號,421.48 kW,曜越綠電股份有限公司,25SP3207-B026000001~74,5/20/26,2026-01-01~2026-03-31,認可,認可,101.188 MWh,13.976 MWh
晨星電力股份有限公司,(沅碁)龍興國小一~四期,太陽能,2026,128.105,0,高雄市六龜區中庄193號,421.42 kW,晨星電力股份有限公司,25SP2940-B026000001~129,5/20/26,2026-01-01~2026-03-31,認可,認可,128.105 MWh,0 MWh
南山人壽保險股份有限公司,南山人壽教育訓練中心,太陽能,2026,0,132.455,臺中市烏日區成功西路300號,421.03 kW,南山人壽保險股份有限公司,22SP0025-B026000001~135,5/20/26,2026-01-01~2026-03-31,認可,認可,0 MWh,132.455 MWh
怡和綠電超商股份有限公司,博達綠能工業有限公司-陳萬昌,太陽能,2026,111.461,0,南投縣魚池鄉興善巷58之8號,420.98 kW,怡和綠電超商股份有限公司,25SP1178-B026000001~113,5/20/26,2026-01-01~2026-03-31,認可,認可,111.461 MWh,0 MWh
十萬伏特電力股份有限公司,彰化-彥豪(三期)案,太陽能,2026,96.423,0,彰化縣秀水鄉民主街126巷18號,420.525 kW,十萬伏特電力股份有限公司,25SP2831-B026000001~99,5/20/26,2026-01-01~2026-03-31,認可,認可,96.423 MWh,0 MWh
艾涅爾電力股份有限公司,承品綠能-展誠,太陽能,2026,83.345,0,彰化縣和美鎮福澤段0150-0000、0150-0001地號,419.84 kW,艾涅爾電力股份有限公司,24SP1551-B026000001~84,4/8/26,2026-01-01~2026-02-28,認可,認可,83.345 MWh,0 MWh
富威電力股份有限公司,聚眾-大成陳北潮太陽光電發電廠,太陽能,2026,79.276,29.873,彰化縣大城鄉中央路48巷113弄建71號,419.4 kW,富威電力股份有限公司,25SP1298-B026000081~387,5/20/26,2026-01-01~2026-03-31,認可,認可,79.276 MWh,29.873 MWh
大自然能源電業股份有限公司,NP081035C002新宏食品,太陽能,2026,118.817,0,彰化縣線西鄉彰濱東七路6號(彰化縣線西鄉富貴段0192-0000地號),418.95 kW,大自然能源電業股份有限公司,25SP2095-B026000001~121,5/20/26,2026-01-01~2026-03-31,認可,認可,118.817 MWh,0 MWh
南方電力股份有限公司,嘉義市東區保忠一街167號太陽光電發電廠,太陽能,2026,122.668,0,嘉義市東區保忠一街167號,418.25 kW,南方電力股份有限公司,24SP1692-B026000001~124,5/20/26,2026-01-01~2026-03-31,認可,認可,122.668 MWh,0 MWh
大自然能源電業股份有限公司,NP201023C001領航(學甲大順),太陽能,2026,74.741,50.348,臺南市學甲區大順路137、135號,418.2 kW,大自然能源電業股份有限公司,24SP1107-B026000001~127,5/20/26,2026-01-01~2026-03-31,認可,認可,74.741 MWh,50.348 MWh
寶島陽光電力事業股份有限公司,昌瑞能源有限公司(張清源二),太陽能,2026,114.44,0,臺南市關廟區布袋里長和街29號,418.08 kW,寶島陽光電力事業股份有限公司,24SP1639-B026000001~116,5/20/26,2026-01-01~2026-03-31,認可,認可,114.44 MWh,0 MWh
定欣有限公司,定欣有限公司,太陽能,2026,0,68.605,雲林縣斗六市斗工八路29號,418 kW,定欣有限公司,24SP1626-B026000001~71,5/20/26,2026-01-01~2026-03-31,認可,認可,0 MWh,68.605 MWh
富威電力股份有限公司,鉦陽-福品太陽光電發電廠,太陽能,2026,52.81,3.185,高雄市大寮區民權街126之1號,417.96 kW,富威電力股份有限公司,25SP3118-B026000001~61,5/20/26,2026-03-01~2026-03-31,認可,認可,52.81 MWh,3.185 MWh
瓦特先生股份有限公司,南科聯亞二廠,太陽能,2026,126.72,0,臺南市善化區西善一路9號,417.86 kW,瓦特先生股份有限公司,24SP0548-B026000001~128,5/20/26,2026-01-01~2026-03-31,認可,認可,126.72 MWh,0 MWh
大立光電股份有限公司,大立光電股份有限公司 三廠,太陽能,2026,0,116.612,臺中市西屯區工業區三十三路23號、12-8號,417.6 kW,大立光電股份有限公司,24SP0442-B026000001~118,5/20/26,2026-01-01~2026-03-31,認可,認可,0 MWh,116.612 MWh
大自然能源電業股份有限公司,NP181062C001 亞細亞食品,太陽能,2026,94.564,0,高雄市大寮區上發八路2、8號,417.45 kW,大自然能源電業股份有限公司,25SP0325-B026000001~96,5/20/26,2026-01-01~2026-03-31,認可,認可,94.564 MWh,0 MWh
續興股份有限公司,聯米企業二期,太陽能,2026,121.382,0,彰化縣埤頭鄉彰水路2段526之1號,417.375 kW,續興股份有限公司,25SP3660-B026000001~123,5/20/26,2026-01-01~2026-03-31,認可,認可,121.382 MWh,0 MWh
阿波羅電力股份有限公司,安集嘉義公部門二期案,太陽能,2026,124.594,0,嘉義縣水上鄉石仔缸1之6號,417.36 kW,阿波羅電力股份有限公司,25SP0725-B026000001~126,5/20/26,2026-01-01~2026-03-31,認可,認可,124.594 MWh,0 MWh
大自然能源電業股份有限公司,NP181034C009永覲,太陽能,2026,60.009,0,高雄市小港區上林街3號(中林子段1003-0000、1004-0000、1004-0001地號),417.3 kW,大自然能源電業股份有限公司,24SP1562-B026000001~61,4/1/26,2026-01-01~2026-02-28,認可,認可,60.009 MWh,0 MWh
富威電力股份有限公司,惠來光電-林內許富源太陽光電發電廠,太陽能,2026,67.2,24.393,雲林縣林內鄉仁愛13之1號,417.3 kW,富威電力股份有限公司,25SP0137-B026000081~370,5/20/26,2026-01-01~2026-03-31,認可,認可,67.2 MWh,24.393 MWh
南方電力股份有限公司,屏東縣枋寮鄉三民段616地號太陽光電發電場,太陽能,2026,143.021,0,屏東縣枋寮鄉三民段616地號,417.28 kW,南方電力股份有限公司,24SP0805-B026000001~144,5/20/26,2026-01-01~2026-03-31,認可,認可,143.021 MWh,0 MWh
怡和綠電超商股份有限公司,怡和國際-山華企業,太陽能,2026,121.664,0,屏東縣九如鄉九如鄉九如路一段18號,417.24 kW,怡和綠電超商股份有限公司,25SP2405-B026000001~123,5/20/26,2026-01-01~2026-03-31,認可,認可,121.664 MWh,0 MWh
開陽電力股份有限公司,玖基企業股份有限公司-頂山腳加壓站,太陽能,2026,56.464,0,桃園市大溪區瑞德街150號,417.2 kW,開陽電力股份有限公司,25SP3821-B026000001~57,4/1/26,2026-01-01~2026-02-28,認可,認可,56.464 MWh,0 MWh
寶富電力股份有限公司,林邊五小福-1-寶福-鎮林段34、34-2、34-4地號,太陽能,2026,159.658,0,屏東縣林邊鄉鎮林段34號,417.12 kW,寶富電力股份有限公司,25SP0480-B026000016~183,5/20/26,2026-01-01~2026-03-31,認可,認可,159.658 MWh,0 MWh
阿波羅電力股份有限公司,辰信黃靖仁一二期,太陽能,2026,75.844,50.061,雲林縣二崙鄉復興村復興38之30號,416.955 kW,阿波羅電力股份有限公司,25SP1653-B026000001~128,5/20/26,2026-01-01~2026-03-31,認可,認可,75.844 MWh,50.061 MWh
台灣塑膠工業股份有限公司,台塑仁武廠,太陽能,2026,0,85.979,高雄市仁武區水管路100號,416.54 kW,台灣塑膠工業股份有限公司,24SP1465-B026000001~87,5/20/26,2026-01-01~2026-03-31,認可,認可,0 MWh,85.979 MWh
晨星電力股份有限公司,(統益)台南市政府環保局-喜樹站1,太陽能,2026,114.279,20.047,臺南市南區喜北段0552-0002地號,416.075 kW,晨星電力股份有限公司,25SP4102-B026000001~144,5/20/26,2026-01-01~2026-03-31,認可,認可,114.279 MWh,20.047 MWh
怡和綠電超商股份有限公司,欣雄-壽山國中,太陽能,2026,40.803,0,高雄市鼓山區鼓山二路37巷108號,415.8 kW,怡和綠電超商股份有限公司,25SP2496-B026000043~83,4/1/26,2026-02-01~2026-02-28,認可,認可,40.803 MWh,0 MWh
新世紀資通股份有限公司,台南官田 416 kWp,太陽能,2026,0,121.059,臺南市官田區南廍里南廍106號之2,415.8 kW,新世紀資通股份有限公司,25SP0456-B026000001~122,5/20/26,2026-01-01~2026-03-31,認可,認可,0 MWh,121.059 MWh
萬洲化學股份有限公司,萬洲化學股份有限公司,太陽能,2026,0,74.96,桃園市楊梅區桃園市楊梅區民富路二段199巷15、18號,415.74 kW,萬洲化學股份有限公司,24SP0115-B026000001~76,5/20/26,2026-01-01~2026-03-31,認可,認可,0 MWh,74.96 MWh
星星電力股份有限公司,國碩利晁 - 陳昱霖,太陽能,2026,141.91,0,臺南市麻豆區北勢寮段2689-0000、2690-0000地號。,415.48 kW,星星電力股份有限公司,24SP1511-B026000004~204,5/20/26,2026-01-01~2026-03-31,認可,認可,141.91 MWh,0 MWh
寶島陽光電力事業股份有限公司,玉衡能源股份有限公司(台南看守所三、四),太陽能,2026,130.524,0,臺南市歸仁區武東里明德新村 2 號,415.125 kW,寶島陽光電力事業股份有限公司,24SP1175-B026000001~131,5/20/26,2026-01-01~2026-03-31,認可,認可,130.524 MWh,0 MWh
冠越科技工程股份有限公司,隆茂太陽光電發電廠,太陽能,2026,119.232,0,彰化縣線西鄉彰濱東三路10號,414.8 kW,冠越科技工程股份有限公司、博曜電力股份有限公司,24SP0211-B026000002~176,5/20/26,2026-01-01~2026-03-31,認可,認可,119.232 MWh,0 MWh
怡和綠電超商股份有限公司,晶久綠能-陳加隆,太陽能,2026,108.39,0,屏東縣麟洛鄉民生路興農巷6號,414.78 kW,怡和綠電超商股份有限公司,25SP1514-B026000001~109,5/20/26,2026-01-01~2026-03-31,認可,認可,108.39 MWh,0 MWh
怡和綠電超商股份有限公司,興發-朝和鋼鐵,太陽能,2026,129.025,0,彰化縣二林鎮二溪路7段2巷306號,414.72 kW,怡和綠電超商股份有限公司,25SP3537-B026000001~131,5/20/26,2026-01-01~2026-03-31,認可,認可,129.025 MWh,0 MWh
中鋼光能股份有限公司,中碳屏南生產工廠,太陽能,2026,132.565,0,屏東縣枋寮鄉東海村永翔路2-6號,414.715 kW,中鋼光能股份有限公司,23SP0057-B026000001~134,5/20/26,2026-01-01~2026-03-31,認可,認可,132.565 MWh,0 MWh
恆利電能股份有限公司,CYA-萬丹1 (414.47kw),太陽能,2026,106.577,5.51,屏東縣萬丹鄉維新路316巷52號,414.47 kW,恆利電能股份有限公司,25SP0069-B026000001~119,5/20/26,2026-01-01~2026-03-31,認可,認可,106.577 MWh,5.51 MWh
怡和綠電超商股份有限公司,上升能源-柳營雞舍_楊松山,太陽能,2026,124.894,13.041,臺南市柳營區大農里大脚腿150號,414.12 kW,怡和綠電超商股份有限公司,25SP4009-B026000001~147,5/20/26,2026-01-01~2026-03-31,認可,認可,124.894 MWh,13.041 MWh
續興股份有限公司,萬丹統吉畜牧場,太陽能,2026,124.084,0,屏東縣萬丹鄉萬丹路三段152號,414 kW,續興股份有限公司,24SP1045-B026000001~125,5/20/26,2026-01-01~2026-03-31,認可,認可,124.084 MWh,0 MWh
天能綠電股份有限公司,凱銳-彰化邱世泉屋頂型太陽光電案場,太陽能,2026,0,47.629,彰化縣二林鎮挖子路16之98號,413.7 kW,天能綠電股份有限公司,24SP1868-B026000001~48,5/20/26,2026-03-01~2026-03-31,認可,認可,0 MWh,47.629 MWh
富威電力股份有限公司,晃晏-世豐螺絲橋頭廠太陽光電發電廠,太陽能,2026,43.544,28.899,高雄市橋頭區復興西路810號,413.4 kW,富威電力股份有限公司,25SP1531-B026000081~257,5/20/26,2026-02-01~2026-03-31,認可,認可,43.544 MWh,28.899 MWh
宇軒電業股份有限公司,港埔段217地號,太陽能,2026,81.794,52.753,臺南市麻豆區港埔段217地號,413.4 kW,宇軒電業股份有限公司,25SP2011-B026000001~136,5/20/26,2026-01-01~2026-03-31,認可,認可,81.794 MWh,52.753 MWh
怡和綠電超商股份有限公司,興發-宜蘭大學生資大樓(標案),太陽能,2026,85.898,0,宜蘭縣宜蘭市神農路一段1號,412.685 kW,怡和綠電超商股份有限公司,25SP2464-B026000001~87,5/20/26,2026-01-01~2026-03-31,認可,認可,85.898 MWh,0 MWh
聯華電子股份有限公司12A3,聯電12A3,太陽能,2026,0,136.544,臺南市新市區南科三路57號,412.3 kW,聯華電子股份有限公司12A3,22SP0002-B026000001~138,5/20/26,2026-01-01~2026-03-31,認可,認可,0 MWh,136.544 MWh
大自然能源電業股份有限公司,NP091055C003(富茂),太陽能,2026,60.524,40.574,嘉義縣朴子市朴子工業區三街10號,412.2 kW,大自然能源電業股份有限公司,25SP0436-B026000001~103,5/20/26,2026-01-01~2026-03-31,認可,認可,60.524 MWh,40.574 MWh
怡和綠電超商股份有限公司,晶久綠能-麟忠147,太陽能,2026,132.008,0,屏東縣麟洛鄉麟忠段147地號,412.1 kW,怡和綠電超商股份有限公司,25SP1521-B026000001~134,5/20/26,2026-01-01~2026-03-31,認可,認可,132.008 MWh,0 MWh
怡和綠電超商股份有限公司,達莉煬綠能-健億高科技,太陽能,2026,126.591,0,臺中市龍井區海尾路240巷1號,411.945 kW,怡和綠電超商股份有限公司,25SP3987-B026000001~128,5/20/26,2026-01-01~2026-03-31,認可,認可,126.591 MWh,0 MWh
怡和綠電超商股份有限公司,榮承企業社-雲林縣口湖鄉台子村蚶寮125-1號,太陽能,2026,141.651,0,雲林縣口湖鄉蚶寮125之1號,411.92 kW,怡和綠電超商股份有限公司,25SP1665-B026000001~144,5/20/26,2026-01-01~2026-03-31,認可,認可,141.651 MWh,0 MWh
晨星電力股份有限公司,(永芳)徐芳婷,太陽能,2026,11.996,120.718,彰化縣二林鎮自由巷1061弄建241之161號,411.45 kW,晨星電力股份有限公司,25SP4331-B026000001~140,5/20/26,2026-01-01~2026-03-31,認可,認可,11.996 MWh,120.718 MWh
晨星電力股份有限公司,(陽光綠能)嘉藥CS、C1、T棟,太陽能,2026,0,137.262,臺南市仁德區二仁路1段60號,411.075 kW,晨星電力股份有限公司,25SP4399-B026000001~139,5/20/26,2026-01-01~2026-03-31,認可,認可,0 MWh,137.262 MWh
怡和綠電超商股份有限公司,東勍-耆老段780.782.783,太陽能,2026,100.893,0,屏東縣九如鄉九如鄉九如路3段431巷71號(屏東縣九如鄉耆老段0780-0000、0782-0000、0783-0000),411 kW,怡和綠電超商股份有限公司,25SP1172-B026000001~102,5/20/26,2026-01-01~2026-03-31,認可,認可,100.893 MWh,0 MWh
續興股份有限公司,鹿8,太陽能,2026,110.773,0,彰化縣鹿港鎮環工六路18號,410.88 kW,續興股份有限公司,24SP0112-B026000001~111,5/20/26,2026-01-01~2026-03-31,認可,認可,110.773 MWh,0 MWh
財團法人工業技術研究院-六甲院區,財團法人工業技術研究院-六甲院區,太陽能,2026,0,124.234,臺南市六甲區工研路8號,410.78 kW,財團法人工業技術研究院-六甲院區,17SP0009-B026000001~125,5/20/26,2026-01-01~2026-03-31,認可,認可,0 MWh,124.234 MWh
續興股份有限公司,詮宇勝,太陽能,2026,117.654,0,彰化縣鹿港鎮工業西七路6之1號,410.4 kW,續興股份有限公司,25SP1649-B026000001~119,5/20/26,2026-01-01~2026-03-31,認可,認可,117.654 MWh,0 MWh
富威電力股份有限公司,惠來光電-溪州豬舍太陽光電發電廠,太陽能,2026,81.64,27.599,彰化縣溪州鄉彰化縣溪州鄉田中路28號、田中路建28之3號,410.4 kW,富威電力股份有限公司,25SP0767-B026000081~386,5/20/26,2026-01-01~2026-03-31,認可,認可,81.64 MWh,27.599 MWh
續興股份有限公司,東港大利112,太陽能,2026,127.711,0,屏東縣東港鎮大利路三段112、112之1、112之2、112之3、112之5、112之6、112之7、112之8、112之9、112之10、112之11、112之12、112之13、112之15號,410.2 kW,續興股份有限公司,24SP1410-B026000001~129,5/20/26,2026-01-01~2026-03-31,認可,認可,127.711 MWh,0 MWh
中鋼光能股份有限公司,中鋼封盒退火場,太陽能,2026,113.346,0,高雄市小港區中鋼路1號,409.92 kW,中鋼光能股份有限公司,22SP0132-B026000001~115,5/20/26,2026-01-01~2026-03-31,認可,認可,113.346 MWh,0 MWh
怡和綠電超商股份有限公司,博達綠能工業有限公司-南投-溫子賢2號場,太陽能,2026,110.049,0,南投縣埔里鎮東潤路61之5號,409.82 kW,怡和綠電超商股份有限公司,25SP1502-B026000001~111,5/20/26,2026-01-01~2026-03-31,認可,認可,110.049 MWh,0 MWh
富威電力股份有限公司,旭源-竹塘9之12太陽光電發電廠,太陽能,2026,83.939,29.772,彰化縣竹塘鄉光明路廣福巷建9之12號,409.5 kW,富威電力股份有限公司,25SP1123-B026000081~390,5/20/26,2026-01-01~2026-03-31,認可,認可,83.939 MWh,29.772 MWh
天能綠電股份有限公司,禾淯禾雲美濃-高雄市美濃區地面型太陽光電案場,太陽能,2026,108.412,0,高雄市美濃區瀰濃段0052-0000、0275-0000、0277-0000地號,409.36 kW,天能綠電股份有限公司,25SP0849-B026000001~111,5/20/26,2026-01-01~2026-03-31,認可,認可,108.412 MWh,0 MWh
寶富電力股份有限公司,林邊五小福-1-寶祿-光林段778-4、747-1地號,太陽能,2026,154.918,0,屏東縣林邊鄉光林段778-4地號、747-1地號,409.2 kW,寶富電力股份有限公司,25SP0503-B026000013~176,5/20/26,2026-01-01~2026-03-31,認可,認可,154.918 MWh,0 MWh
怡和綠電超商股份有限公司,克林-新文欽舊廠,太陽能,2026,57.069,0,彰化縣鹿港鎮工業東四路6號,409.2 kW,怡和綠電超商股份有限公司,25SP2437-B026000001~59,5/20/26,2026-01-01~2026-03-31,認可,認可,57.069 MWh,0 MWh
天能綠電股份有限公司,台南市下營區大屯寮段豬舍二期屋頂型太陽光電案場,太陽能,2026,120.017,0,臺南市下營區大屯里89之60號,409.2 kW,天能綠電股份有限公司,23SP0228-B026000001~122,5/20/26,2026-01-01~2026-03-31,認可,認可,120.017 MWh,0 MWh
艾涅爾電力股份有限公司,昇太-東亞電磁鋼PV0448,太陽能,2026,35.21,0,桃園市中壢區定安路3號,408.87 kW,艾涅爾電力股份有限公司,24SP0340-B026000061~76,4/8/26,2026-01-01~2026-02-28,認可,認可,35.21 MWh,0 MWh
續興股份有限公司,耀德農業,太陽能,2026,121.65,0,高雄市路竹區中山路88巷53號,408.385 kW,續興股份有限公司,25SP3907-B026000001~123,5/20/26,2026-01-01~2026-03-31,認可,認可,121.65 MWh,0 MWh
阿波羅電力股份有限公司,睿宜東興巷20-2,太陽能,2026,87.778,0,南投縣魚池鄉東池村東興巷20之2號,408 kW,阿波羅電力股份有限公司,24SP0458-B026000001~88,5/20/26,2026-01-01~2026-03-31,認可,認可,87.778 MWh,0 MWh
星星電力股份有限公司,琉璃光_崁684-13,太陽能,2026,13.851,0,臺南市白河區臺南市白河區崁子頭段684-13地號,407.64 kW,星星電力股份有限公司,24SP0147-B026000001~18,5/20/26,2026-01-01~2026-03-31,認可,認可,13.851 MWh,0 MWh
天能綠電股份有限公司,綠十字-雲林水林鄉地面型太陽光電案場,太陽能,2026,124.81,0,雲林縣水林鄉番薯段1426-0001地號,407.43 kW,天能綠電股份有限公司,24SP0732-B026000001~126,5/20/26,2026-01-01~2026-03-31,認可,認可,124.81 MWh,0 MWh
寶島陽光電力事業股份有限公司,昕瑞能源有限公司(高雄女子監獄二),太陽能,2026,118.157,4.154,高雄市大寮區淑德新村1號,407.395 kW,寶島陽光電力事業股份有限公司,24SP2607-B026000001~131,5/20/26,2026-01-01~2026-03-31,認可,認可,118.157 MWh,4.154 MWh
大同智能股份有限公司,彰化縣汙染農地太陽光電系統-和美鎮大榮段298地號,太陽能,2026,144.324,0,彰化縣和美鎮大榮段298地號,407.32 kW,大同智能股份有限公司,24SP0248-B026000001~146,5/20/26,2026-01-01~2026-03-31,認可,認可,144.324 MWh,0 MWh
阿波羅電力股份有限公司,睿宜枋山停車場案,太陽能,2026,2.874,0,屏東縣枋山鄉楓港東段962-2地號,407.22 kW,阿波羅電力股份有限公司,25SP0427-B026000001~3,3/18/26,2026-01-01~2026-01-31,認可,認可,2.874 MWh,0 MWh
怡和綠電超商股份有限公司,加州能源-吳宏明,太陽能,2026,123.875,0,雲林縣口湖鄉埔北村林圍88號,407.04 kW,怡和綠電超商股份有限公司,25SP1694-B026000001~126,5/20/26,2026-01-01~2026-03-31,認可,認可,123.875 MWh,0 MWh
續興股份有限公司,新電彰化3廠,太陽能,2026,0,75.494,彰化縣大城鄉北山路3之10號、3之12號(彰化縣大城鄉上興段43地號),407.04 kW,續興股份有限公司,25SP2810-B026000001~76,4/22/26,2026-01-01~2026-02-28,認可,認可,0 MWh,75.494 MWh
友達電力股份有限公司,創勁-大華國中,太陽能,2026,42,0,臺中市大雅區雅環路一段2號,406.83 kW,友達電力股份有限公司,25SP1626-B026000001~42,5/20/26,2026-01-01~2026-03-31,認可,認可,42 MWh,0 MWh
星星電力股份有限公司,吉禾 - 高雄岡山協明,太陽能,2026,105.917,0,高雄市岡山區高成功路456號,406.8 kW,星星電力股份有限公司,25SP0634-B026000001~108,5/20/26,2026-01-01~2026-03-31,認可,認可,105.917 MWh,0 MWh
奇異果新能源股份有限公司,嘉義六腳中溝2-48太陽光電發電廠,太陽能,2026,80.287,0,嘉義縣六腳鄉中溝2-48號,406.72 kW,奇異果新能源股份有限公司,25SP0566-B026000001~87,5/20/26,2026-01-01~2026-03-31,認可,認可,80.287 MWh,0 MWh
萬家香醬園股份有限公司,萬家香二期,太陽能,2026,50.711,37.305,屏東縣長治鄉園南路8號,406.41 kW,萬家香醬園股份有限公司,19SP0038-B026000001~89,5/20/26,2026-01-01~2026-03-31,認可,認可,50.711 MWh,37.305 MWh
怡和綠電超商股份有限公司,怡和國際能源-台南保時捷中心,太陽能,2026,140.907,0,臺南市北區北安路1段258號,406.35 kW,怡和綠電超商股份有限公司,25SP2604-B026000001~142,5/20/26,2026-01-01~2026-03-31,認可,認可,140.907 MWh,0 MWh
怡和綠電超商股份有限公司,賽斯-鳥松國小,太陽能,2026,122.461,0,高雄市鳥松區文前路32號,406.26 kW,怡和綠電超商股份有限公司,25SP2415-B026000001~124,5/20/26,2026-01-01~2026-03-31,認可,認可,122.461 MWh,0 MWh
續興股份有限公司,集冠企業,太陽能,2026,128.898,0,高雄市岡山區嘉新東路2巷57號,406.175 kW,續興股份有限公司,25SP0088-B026000001~130,5/20/26,2026-01-01~2026-03-31,認可,認可,128.898 MWh,0 MWh
晨星電力股份有限公司,(賽斯)苓洲國小 屋頂+苓洲國小風雨球場,太陽能,2026,121.599,0,高雄市苓雅區四維四路61號、苓洲段1673、1776-1、1777地號(高雄市苓雅區苓洲國民小學),405.7 kW,晨星電力股份有限公司,25SP2556-B026000001~123,5/20/26,2026-01-01~2026-03-31,認可,認可,121.599 MWh,0 MWh
怡和綠電超商股份有限公司,賽斯-張景雲-柳營畜舍1,太陽能,2026,106.927,0,臺南市柳營區麻埔50號,405.28 kW,怡和綠電超商股份有限公司,25SP2684-B026000001~109,5/20/26,2026-01-01~2026-03-31,認可,認可,106.927 MWh,0 MWh
和泰產業股份有限公司,和泰產業股份有限公司,太陽能,2026,0,134.592,高雄市路竹區民權路29巷1號,405.04 kW,和泰產業股份有限公司,25SP1391-B026000001~136,5/20/26,2025-10-14~2026-03-31,認可,認可,0 MWh,134.592 MWh
元翎精密工業股份有限公司,元翎綠能-行政樓、第二宿舍、物品場(聯國),太陽能,2026,0,123.72,雲林縣虎尾鎮科虎三路16、18、20號,404.6 kW,元翎精密工業股份有限公司,23SP0286-B026000001~125,5/20/26,2026-01-01~2026-03-31,認可,認可,0 MWh,123.72 MWh
南方電力股份有限公司,屏大附小太陽光電發電廠,太陽能,2026,54.287,0,屏東縣屏東市廣東路20號,403.8 kW,南方電力股份有限公司,24SP1209-B026000005~148,4/1/26,2026-01-01~2026-02-28,認可,認可,54.287 MWh,0 MWh
阿波羅電力股份有限公司,環球大宇宙苓雅區苓雅國中,太陽能,2026,139.188,0,高雄市苓雅區四維三路176號,403.56 kW,阿波羅電力股份有限公司,24SP2280-B026000001~141,5/20/26,2026-01-01~2026-03-31,認可,認可,139.188 MWh,0 MWh
星星電力股份有限公司,傑陽-東勢-陳秋梅1、2,太陽能,2026,119.562,0,雲林縣東勢鄉保安林100之1號,403.425 kW,星星電力股份有限公司,25SP2160-B026000001~120,5/20/26,2026-01-01~2026-03-31,認可,認可,119.562 MWh,0 MWh
瓦力電能股份有限公司,雲林縣林內鄉403.2瓩(T8193),太陽能,2026,58.373,42.952,雲林縣林內鄉寶隆段0026-0000地號,403.2 kW,瓦力電能股份有限公司,25SP1057-B026000001~102,5/20/26,2026-01-01~2026-03-31,認可,認可,58.373 MWh,42.952 MWh
晨星電力股份有限公司,(亞沃)加工區-創新(標一),太陽能,2026,145.031,0,高雄市前鎮區中四路6號(興邦段258、258-14地號),402.93 kW,晨星電力股份有限公司,25SP3237-B026000001~147,5/20/26,2026-01-01~2026-03-31,認可,認可,145.031 MWh,0 MWh
艾涅爾電力股份有限公司,永耀-雲林斗南雞舍PV1256,太陽能,2026,66,0,雲林縣斗南鎮崙子102之2、102之3號,402.5 kW,艾涅爾電力股份有限公司,25SP2041-B026000001~67,4/8/26,2026-01-01~2026-02-28,認可,認可,66 MWh,0 MWh
星星電力股份有限公司,群益曦力施味男(台南),太陽能,2026,118.574,0,臺南市東山區台南市東山區田尾41之8、9號(東山區田尾段1947-0000、1948-0000、1949-0000地號),402.38 kW,星星電力股份有限公司,25SP3028-B026000001~120,5/20/26,2026-01-01~2026-03-31,認可,認可,118.574 MWh,0 MWh
十萬伏特電力股份有限公司,彰化-敦仁醫院案,太陽能,2026,66.846,0,彰化縣員林市員水路1段102巷74弄99號,402.22 kW,十萬伏特電力股份有限公司,25SP2832-B026000001~68,4/1/26,2026-01-01~2026-02-28,認可,認可,66.846 MWh,0 MWh
晨星電力股份有限公司,(亞沃)玉晶光,太陽能,2026,141.146,0,臺中市大雅區科雅東路1號,401.94 kW,晨星電力股份有限公司,25SP3088-B026000001~143,5/20/26,2026-01-01~2026-03-31,認可,認可,141.146 MWh,0 MWh
天能綠電股份有限公司,聯合再生42-楊明國小桃園市楊梅區屋頂型太陽能光電場,太陽能,2026,72.708,0,桃園市楊梅區中山北路一段390巷50號,401.88 kW,天能綠電股份有限公司,25SP0564-B026000001~80,5/20/26,2026-01-01~2026-03-31,認可,認可,72.708 MWh,0 MWh
康展電力股份有限公司,屏東都計農高樹A,太陽能,2026,107.303,0,屏東縣高樹鄉新日段1145地號,401.31 kW,康展電力股份有限公司,24SP0450-B026000001~117,5/20/26,2026-01-01~2026-03-31,認可,認可,107.303 MWh,0 MWh
星星電力股份有限公司,日兆_姚國勝,太陽能,2026,110.608,0,雲林縣元長鄉雲林縣元長鄉客厝村客厝182號,400.83 kW,星星電力股份有限公司,24SP1627-B026000001~120,5/20/26,2026-01-01~2026-03-31,認可,認可,110.608 MWh,0 MWh
天能綠電股份有限公司,蔡春成地面型太陽光電案場,太陽能,2026,136.264,0,雲林縣臺西鄉尚德段281、282地號,400.4 kW,天能綠電股份有限公司,22SP0137-B026000001~138,5/20/26,2026-01-01~2026-03-31,認可,認可,136.264 MWh,0 MWh
怡和綠電超商股份有限公司,弦華科技企業-台南市裕文國小(地面型+屋頂型),太陽能,2026,117.368,0,臺南市東區裕東段0740-0000地號(台南市東區裕文路301號),400.2 kW,怡和綠電超商股份有限公司,25SP3953-B026000001~122,5/20/26,2026-01-01~2026-03-31,認可,認可,117.368 MWh,0 MWh
星星電力股份有限公司,吉禾 - 台南官田邰偉,太陽能,2026,101.686,0,臺南市官田區渡頭里三塊厝141號,400.2 kW,星星電力股份有限公司,25SP0589-B026000001~103,5/20/26,2026-01-01~2026-03-31,認可,認可,101.686 MWh,0 MWh
統義玻璃工業股份有限公司,集團太陽光電設置案_統義玻璃工業股份有限公司(統奕包裝E棟),太陽能,2026,0,126.907,臺南市麻豆區麻柚路495號,400.14 kW,統義玻璃工業股份有限公司,24SP1479-B026000001~128,5/20/26,2026-01-01~2026-03-31,認可,認可,0 MWh,126.907 MWh
可寧衛股份有限公司,可寧衛股份有限公司太陽光電,太陽能,2026,0,55.16,高雄市岡山區山隙路1巷100號,400 kW,可寧衛股份有限公司,24SP1812-B026000001~57,5/20/26,2026-01-01~2026-03-31,認可,認可,0 MWh,55.16 MWh
力麗企業股份有限公司,芳苑力麟Q棟(內),太陽能,2026,0,177.295,彰化縣芳苑鄉工業路27號,399.96 kW,力麗企業股份有限公司,25SP3997-B026000001~178,5/20/26,2025-11-13~2026-03-31,認可,認可,0 MWh,177.295 MWh
康展電力股份有限公司,冠越科技工程_華盛螺絲,太陽能,2026,131.08,0,高雄市岡山區成功路460巷37、45、47、49、 51、53、55號,399.96 kW,康展電力股份有限公司,25SP3129-B026000001~142,5/20/26,2026-01-01~2026-03-31,認可,認可,131.08 MWh,0 MWh
天能綠電股份有限公司,輝煌-埔里陳憲範二期太陽光電案場,太陽能,2026,45.115,0,南投縣埔里鎮桃米路22之5號,399.9 kW,天能綠電股份有限公司,25SP0626-B026000014~69,4/1/26,2026-01-01~2026-02-28,認可,認可,45.115 MWh,0 MWh
大自然能源電業股份有限公司,NP081068C001超群(芳苑),太陽能,2026,67.544,46.75,彰化縣芳苑鄉漢溪路4巷286弄建67號,399.75 kW,大自然能源電業股份有限公司,25SP0713-B026000001~115,5/20/26,2026-01-01~2026-03-31,認可,認可,67.544 MWh,46.75 MWh
大自然能源電業股份有限公司,NP111033C002華陸案場,太陽能,2026,69.152,48.159,高雄市岡山區嘉興路50巷1號（高雄市岡山區嘉興段2072-0000、2073-0000、2074-0000、2075-0000地號）,399.6 kW,大自然能源電業股份有限公司,24SP0983-B026000001~119,5/20/26,2026-01-01~2026-03-31,認可,認可,69.152 MWh,48.159 MWh
陽光伏特家電力股份有限公司,元登屏東18廠,太陽能,2026,87.58,0,屏東縣高樹鄉泰和段0420-0000、0420-0001、0420-0002、0420-0003地號,399.6 kW,陽光伏特家電力股份有限公司,24SP0648-B026000014~124,5/20/26,2026-01-01~2026-03-31,認可,認可,87.58 MWh,0 MWh
寶島陽光電力事業股份有限公司,晟鑫能源有限公司(李哲融),太陽能,2026,124.961,0,嘉義縣鹿草鄉竹山村龜佛山188號,399.43 kW,寶島陽光電力事業股份有限公司,24SP2371-B026000001~127,5/20/26,2026-01-01~2026-03-31,認可,認可,124.961 MWh,0 MWh
晨星電力股份有限公司,(賽斯)薇風情,太陽能,2026,124.953,0,高雄市鳳山區保仁街1號,399.35 kW,晨星電力股份有限公司,25SP2934-B026000001~127,5/20/26,2026-01-01~2026-03-31,認可,認可,124.953 MWh,0 MWh
晨星電力股份有限公司,(統益)枋寮高中,太陽能,2026,140.671,0,屏東縣枋寮鄉義民路3號(屏東縣立枋寮高級中學),399.3 kW,晨星電力股份有限公司,25SP1073-B026000001~142,5/20/26,2026-01-01~2026-03-31,認可,認可,140.671 MWh,0 MWh
瓦特先生股份有限公司,岡山融嘉泰TW190993,太陽能,2026,6.638,0,高雄市岡山區嘉新東路二段59號,399.28 kW,瓦特先生股份有限公司,21SP0051-B026000001~7,4/1/26,2026-01-01~2026-02-28,認可,認可,6.638 MWh,0 MWh
陽光伏特家電力股份有限公司,元登屏東14廠,太陽能,2026,99.744,0,屏東縣枋寮鄉南山段187-0000、187-0001、187-0002、187-0003地號,399 kW,陽光伏特家電力股份有限公司,24SP1373-B026000014~136,5/20/26,2026-01-01~2026-03-31,認可,認可,99.744 MWh,0 MWh
陽光伏特家電力股份有限公司,銓行屏東1廠,太陽能,2026,113.972,0,屏東縣新園鄉南龍路426號,399 kW,陽光伏特家電力股份有限公司,25SP1397-B026000001~116,5/20/26,2026-01-01~2026-03-31,認可,認可,113.972 MWh,0 MWh
維特克能源有限公司,維特克台中1廠,太陽能,2026,134.382,0,臺中市潭子區北環路7號、9號,398.97 kW,維特克能源有限公司,24SP0236-B026000004~148,5/20/26,2026-01-01~2026-03-31,認可,認可,134.382 MWh,0 MWh
天能綠電股份有限公司,彰化全森牧場屋頂型太陽光電案場,太陽能,2026,31.837,0,彰化縣芳苑鄉彰化縣芳苑鄉功湖路王功段 379巷 35弄 321號,398.97 kW,和潤電能股份有限公司、天能綠電股份有限公司,23SP0401-B026000001~33,3/4/26,2026-01-01~2026-01-31,認可,認可,31.837 MWh,0 MWh
東豐纖維企業股份有限公司,東豐纖維路竹廠五期398.72KWp織布廠,太陽能,2026,0,146.719,高雄市路竹區中山路1457號,398.72 kW,東豐纖維企業股份有限公司,25SP3944-B026000001~147,5/20/26,2025-12-22~2026-03-31,認可,認可,0 MWh,146.719 MWh
富威電力股份有限公司,澄嘉-苗栗頭份太陽光電發電廠,太陽能,2026,99.194,0,苗栗縣頭份市東庄段1035、1037、1040、1041、1044地號,398.72 kW,富威電力股份有限公司,25SP1297-B026000004~138,5/20/26,2026-01-01~2026-03-31,認可,認可,99.194 MWh,0 MWh
陽光伏特家電力股份有限公司,元登屏東15廠,太陽能,2026,76.412,0,屏東縣內埔鄉犁頭鏢段0039-0000、0039-0006、0039-0007、0039-0008地號,398.7 kW,陽光伏特家電力股份有限公司,24SP0344-B026000014~115,5/20/26,2026-01-01~2026-03-31,認可,認可,76.412 MWh,0 MWh
天能綠電股份有限公司,叡朋科技-東山下寮禽舍屋頂型太陽光電案場(李宏甫),太陽能,2026,104.069,0,臺南市東山區三榮里下寮子58號,398.64 kW,天能綠電股份有限公司,24SP0613-B026000001~105,5/20/26,2026-01-01~2026-03-31,認可,認可,104.069 MWh,0 MWh
星星電力股份有限公司,茂誠 - 施炳元二期(彰化),太陽能,2026,120.866,0,彰化縣福興鄉麥厝村19鄰沿海路一段 132巷32號 / 福安段0923-1地號,398.25 kW,星星電力股份有限公司,25SP3218-B026000001~123,5/20/26,2026-01-01~2026-03-31,認可,認可,120.866 MWh,0 MWh
怡和綠電超商股份有限公司,大昇-台東(劉于銘),太陽能,2026,50.622,34.649,臺東縣臺東市山西路二段577巷358弄351號(康樂段1055-0002地號),398.16 kW,怡和綠電超商股份有限公司,25SP4043-B026000001~87,5/20/26,2026-01-01~2026-03-31,認可,認可,50.622 MWh,34.649 MWh
怡和綠電超商股份有限公司,晶紘能源-嘉里大榮(重新路五段408巷22號),太陽能,2026,57.132,25.595,新北市三重區重新路5段408巷22號,397.7 kW,怡和綠電超商股份有限公司,25SP2973-B026000002~87,5/20/26,2026-01-01~2026-03-31,認可,認可,57.132 MWh,25.595 MWh
康展電力股份有限公司,屏東都計農里港G,太陽能,2026,114.173,0,屏東縣里港鄉新土庫段1118地號,397.53 kW,康展電力股份有限公司,24SP0376-B026000001~124,5/20/26,2026-01-01~2026-03-31,認可,認可,114.173 MWh,0 MWh
富威電力股份有限公司,彌陀國中二、三期太陽光電發電廠,太陽能,2026,48.377,56.284,高雄市彌陀區進學路136號,397.44 kW,富威電力股份有限公司,24SP0144-B026000001~112,5/20/26,2026-01-01~2026-03-31,認可,認可,48.377 MWh,56.284 MWh
續興股份有限公司,全瑨化工,太陽能,2026,119.367,0,高雄市永安區永工三路1號,397.32 kW,續興股份有限公司,25SP0020-B026000001~121,5/20/26,2026-01-01~2026-03-31,認可,認可,119.367 MWh,0 MWh
怡和綠電超商股份有限公司,陳鄭彥-蒙福畜牧場,太陽能,2026,98.101,0,屏東縣鹽埔鄉平和路89號(屏東縣鹽埔鄉新莊段670地號),397.15 kW,怡和綠電超商股份有限公司,25SP4086-B026000001~105,5/20/26,2026-01-01~2026-03-31,認可,認可,98.101 MWh,0 MWh
寶島陽光電力事業股份有限公司,雋和四能源有限公司(蔡元慶),太陽能,2026,104.521,0,嘉義縣朴子市大槺榔405號,397.07 kW,寶島陽光電力事業股份有限公司,24SP2102-B026000001~106,5/20/26,2026-01-01~2026-03-31,認可,認可,104.521 MWh,0 MWh
天能綠電股份有限公司,晶泰-彰化富立金實業太陽光電案場,太陽能,2026,35.29,0,彰化縣社頭鄉織襪二路5、7號,396.8 kW,天能綠電股份有限公司,24SP0947-B026000036~71,4/1/26,2026-02-01~2026-02-28,認可,認可,35.29 MWh,0 MWh
續興股份有限公司,永康王行210,太陽能,2026,121.979,0,臺南市永康區王行段0210-0000地號,396.8 kW,續興股份有限公司,24SP1036-B026000001~124,5/20/26,2026-01-01~2026-03-31,認可,認可,121.979 MWh,0 MWh
中曜股份有限公司,中租 1191 號,太陽能,2026,10.346,0,嘉義縣鹿草鄉西井村鹿草100號之58,396.72 kW,中曜股份有限公司,25SP0649-B026000001~11,5/13/26,2026-01-01~2026-02-28,認可,認可,10.346 MWh,0 MWh
星星電力股份有限公司,傑能-褒忠康家榮1、2、3,太陽能,2026,30.081,0,雲林縣褒忠鄉潮厝村12鄰王厝59-3號,396.53 kW,星星電力股份有限公司,25SP3391-B026000030~60,4/8/26,2026-02-01~2026-02-28,認可,認可,30.081 MWh,0 MWh
晨星電力股份有限公司,(沅碁)空中大學一二期,太陽能,2026,133.789,3.79,高雄市小港區大業北路436、438號,396.43 kW,晨星電力股份有限公司,25SP3096-B026000001~147,5/20/26,2026-01-01~2026-03-31,認可,認可,133.789 MWh,3.79 MWh
續興股份有限公司,日立江森資材新倉,太陽能,2026,4.783,0,桃園市蘆竹區長安路2段180號,396.27 kW,續興股份有限公司,25SP0133-B026000003~7,5/20/26,2026-01-01~2026-03-31,認可,認可,4.783 MWh,0 MWh
天能綠電股份有限公司,豐赫-寶田一期396KW屋頂型太陽光電案場,太陽能,2026,116.334,0,屏東縣萬丹鄉屏東縣萬丹鄉寶田路165巷35弄127號（屏東縣萬丹鄉田厝段1131、1131-1、1131-2地號）,396 kW,天能綠電股份有限公司,25SP0217-B026000001~119,5/20/26,2026-01-01~2026-03-31,認可,認可,116.334 MWh,0 MWh
怡和綠電超商股份有限公司,嘉創-謝禎賢1,太陽能,2026,102.153,0,彰化縣芳苑鄉上城路202巷98弄建1號(彰化縣芳苑鄉上林段0174-0000地號),396 kW,怡和綠電超商股份有限公司,25SP3503-B026000002~105,5/20/26,2026-01-01~2026-03-31,認可,認可,102.153 MWh,0 MWh
晨星電力股份有限公司,(統益)崑山國小-教學北側大樓,太陽能,2026,12.873,123.633,臺南市永康區國光五街72號,396 kW,晨星電力股份有限公司,26SP0159-B026000001~144,5/20/26,2026-01-01~2026-03-31,認可,認可,12.873 MWh,123.633 MWh
宇軒電業股份有限公司,將軍保源段1683,太陽能,2026,0,137.614,臺南市將軍區保源段1683、1683-2地號,395.4 kW,宇軒電業股份有限公司,25SP3676-B026000001~139,5/20/26,2026-01-01~2026-03-31,認可,認可,0 MWh,137.614 MWh
天能綠電股份有限公司,雲林縣北港鎮金聯北港二期案場,太陽能,2026,37.275,0,雲林縣北港鎮民樂路267號,395.3 kW,天能綠電股份有限公司,22SP0117-B026000037~74,4/1/26,2026-02-01~2026-02-28,認可,認可,37.275 MWh,0 MWh
精湛光學科技股份有限公司,精湛光學科技股份有限公司,太陽能,2026,0,49.552,高雄市湖內區忠孝街110巷58號,395.28 kW,精湛光學科技股份有限公司,23SP0331-B026000001~51,5/20/26,2026-01-01~2026-03-31,認可,認可,0 MWh,49.552 MWh
艾涅爾電力股份有限公司,碩燿-余其書菇寮,太陽能,2026,53.662,0,南投縣竹山鎮鯉行路61號,395.25 kW,艾涅爾電力股份有限公司,25SP0711-B026000001~55,4/8/26,2026-01-01~2026-02-28,認可,認可,53.662 MWh,0 MWh
瓦特先生股份有限公司,I-AR21-054內埔國小,太陽能,2026,107.887,0,嘉義縣竹崎鄉內埔村元興路2號,394.74 kW,瓦特先生股份有限公司,24SP0507-B026000001~109,5/20/26,2026-01-01~2026-03-31,認可,認可,107.887 MWh,0 MWh
續興股份有限公司,南亞_觀光&工程一二,太陽能,2026,79.527,0,桃園市中壢區中山東路3段414號,394.42 kW,續興股份有限公司,25SP3374-B026000001~81,5/20/26,2026-01-01~2026-03-31,認可,認可,79.527 MWh,0 MWh
晨星電力股份有限公司,(卓越)楊登進,太陽能,2026,132.571,0,嘉義縣民雄鄉松山村6鄰後山仔53之5號,394.35 kW,晨星電力股份有限公司,25SP1844-B026000001~133,5/20/26,2026-01-01~2026-03-31,認可,認可,132.571 MWh,0 MWh
怡和綠電超商股份有限公司,嘉創-有興,太陽能,2026,79.05,31.871,高雄市小港區中利街18號,394.35 kW,怡和綠電超商股份有限公司,25SP2481-B026000001~115,5/20/26,2026-01-01~2026-03-31,認可,認可,79.05 MWh,31.871 MWh
宇軒電業股份有限公司,土庫段1338地號,太陽能,2026,36.311,0,屏東縣里港鄉土庫段1338地號,394.24 kW,宇軒電業股份有限公司,25SP1951-B026000038~74,4/15/26,2026-02-01~2026-02-28,認可,認可,36.311 MWh,0 MWh
富威電力股份有限公司,聚眾-張國勇一二期太陽光電發電廠,太陽能,2026,60.975,0,雲林縣崙背鄉中厝73、73之1號,394.2 kW,富威電力股份有限公司,25SP1544-B026000021~90,4/1/26,2026-01-01~2026-02-28,認可,認可,60.975 MWh,0 MWh
天能綠電股份有限公司,光旭盈02-雲林二崙翁頂翔屋頂型光電案場,太陽能,2026,111.739,11.966,雲林縣二崙鄉雲林縣二崙鄉新庄路188號,394.125 kW,天能綠電股份有限公司,24SP2491-B026000001~134,5/20/26,2026-01-01~2026-03-31,認可,認可,111.739 MWh,11.966 MWh
艾涅爾電力股份有限公司,承品能源-睿騰汙染地(黃進昌),太陽能,2026,80.575,0,彰化縣和美鎮新盛段553-2地號,394.035 kW,艾涅爾電力股份有限公司,24SP1152-B026000001~82,4/8/26,2026-01-01~2026-02-28,認可,認可,80.575 MWh,0 MWh
聯發科技,聯發科技股份有限公司AB棟,太陽能,2026,0,95.975,新竹市東區篤行一路1號,394.01 kW,聯發科技,25SP0732-B026000001~97,5/20/26,2026-01-01~2026-03-31,認可,認可,0 MWh,95.975 MWh
力麗企業股份有限公司,芳苑力麗J棟(一),太陽能,2026,0,160.087,彰化縣芳苑鄉工區九路6號,393.9 kW,力麗企業股份有限公司,25SP3996-B026000001~161,5/20/26,2025-11-13~2026-03-31,認可,認可,0 MWh,160.087 MWh
康展電力股份有限公司,屏東都計農里港D,太陽能,2026,107.742,0,屏東縣里港鄉屏東縣里港鄉瀰力肚段905地號,393.75 kW,康展電力股份有限公司、中華系統整合股份有限公司,24SP0414-B026000001~109,5/20/26,2026-01-01~2026-03-31,認可,認可,107.742 MWh,0 MWh
艾涅爾電力股份有限公司,黃坤正PV0583,太陽能,2026,67.142,0,彰化縣芳苑鄉永興巷建86號,393.7 kW,艾涅爾電力股份有限公司,23SP0417-B026000001~68,4/8/26,2026-01-01~2026-02-28,認可,認可,67.142 MWh,0 MWh
統奕包裝股份有限公司,統奕包裝CA棟,太陽能,2026,0,125.155,臺南市麻豆區麻口里麻柚路495號,393.68 kW,統奕包裝股份有限公司,25SP0387-B026000001~126,5/20/26,2026-01-01~2026-03-31,認可,認可,0 MWh,125.155 MWh
艾涅爾電力股份有限公司,國晉-鐈鉮金屬PV0147,太陽能,2026,71.518,0,臺中市大里區成功二路120巷32號,393.47 kW,艾涅爾電力股份有限公司,24SP0435-B026000100~130,5/20/26,2026-01-01~2026-02-28,認可,認可,71.518 MWh,0 MWh
中鋼光能股份有限公司,中龍動力場,太陽能,2026,83.638,0,臺中市龍井區龍昌路100號,393.12 kW,中鋼光能股份有限公司,23SP0088-B026000001~85,5/20/26,2026-01-01~2026-03-31,認可,認可,83.638 MWh,0 MWh
怡和綠電超商股份有限公司,旭陞_917-2,太陽能,2026,38.35,0,雲林縣口湖鄉口湖段0917-0002地號,393.12 kW,怡和綠電超商股份有限公司,25SP1683-B026000001~40,5/20/26,2026-01-01~2026-03-31,認可,認可,38.35 MWh,0 MWh
晨星電力股份有限公司,(加州儲能)石門國小 一二期,太陽能,2026,119.345,0,臺南市安平區安平路700號,392.7 kW,晨星電力股份有限公司,25SP2530-B026000001~120,5/20/26,2026-01-01~2026-03-31,認可,認可,119.345 MWh,0 MWh
晨星電力股份有限公司,(卓越)李梅櫻,太陽能,2026,117.261,0,嘉義縣民雄鄉大崎村3鄰頂埤仔17號,392.7 kW,晨星電力股份有限公司,25SP1847-B026000001~119,5/20/26,2026-01-01~2026-03-31,認可,認可,117.261 MWh,0 MWh
開陽電力股份有限公司,前進綠能-高樹鄉農會,太陽能,2026,67.979,0,屏東縣高樹鄉南昌路18之3號,392.46 kW,開陽電力股份有限公司,25SP3290-B026000001~69,4/1/26,2026-01-01~2026-02-28,認可,認可,67.979 MWh,0 MWh
天能綠電股份有限公司,竹風能源-峖達桃園市觀音區屋頂型太陽能光電案場,太陽能,2026,77.317,0,桃園市觀音區大同一路5號及建國路5之5號,392.37 kW,天能綠電股份有限公司,24SP1229-B026000001~79,5/20/26,2026-01-01~2026-03-31,認可,認可,77.317 MWh,0 MWh
星星電力股份有限公司,遠鴻德大機械,太陽能,2026,119.387,0,臺中市神岡區臺中市神岡區圳前路47之5號,392.37 kW,星星電力股份有限公司,25SP3409-B026000001~130,5/20/26,2026-01-01~2026-03-31,認可,認可,119.387 MWh,0 MWh
富威電力股份有限公司,鉦陽-達固太陽光電發電廠,太陽能,2026,42.859,2.531,高雄市燕巢區安中路80之12號,392.16 kW,富威電力股份有限公司,25SP3134-B026000001~50,5/20/26,2026-03-01~2026-03-31,認可,認可,42.859 MWh,2.531 MWh
士林電機廠股份有限公司,士林電機成品倉太陽能系統,太陽能,2026,0,83.41,新竹縣湖口鄉鳳凰村31鄰中華路23號,392.16 kW,士林電機廠股份有限公司,23SP0296-B026000001~85,5/20/26,2026-01-01~2026-03-31,認可,認可,0 MWh,83.41 MWh
陽光伏特家電力股份有限公司,日晶雲林4、5廠,太陽能,2026,85.63,0,雲林縣元長鄉崙仔村安北115之35號,391.95 kW,陽光伏特家電力股份有限公司,24SP0241-B026000021~160,5/20/26,2026-01-01~2026-03-31,認可,認可,85.63 MWh,0 MWh
宇軒電業股份有限公司,首府-致宏樓.致勤樓.圖資大樓,太陽能,2026,37.147,0,臺南市麻豆區南勢里南勢168號,391.925 kW,宇軒電業股份有限公司,25SP1988-B026000037~74,4/15/26,2026-02-01~2026-02-28,認可,認可,37.147 MWh,0 MWh
晨星電力股份有限公司,(賽斯)後甲國中風雨球場,太陽能,2026,10.259,107.823,臺南市東區光明段0908-0010.0922-0000.0922-0001 地號,391.6 kW,晨星電力股份有限公司,25SP4398-B026000001~126,5/20/26,2026-01-01~2026-03-31,認可,認可,10.259 MWh,107.823 MWh
星星電力股份有限公司,仁登-竹林段73、76、77、78地號,太陽能,2026,130.089,0,屏東縣林邊鄉竹林段73、76、77、78地號,391.5 kW,星星電力股份有限公司,24SP2329-B026000001~369,5/20/26,2026-01-01~2026-03-31,認可,認可,130.089 MWh,0 MWh
阿波羅電力股份有限公司,綠順竹圍國小,太陽能,2026,122.663,0,高雄市岡山區大仁北路1號,391.3 kW,阿波羅電力股份有限公司,24SP0734-B026000001~132,5/20/26,2026-01-01~2026-03-31,認可,認可,122.663 MWh,0 MWh
晨星電力股份有限公司,(沅碁)三民高中一二期,太陽能,2026,130.245,7.933,高雄市三民區金鼎路81號,391.23 kW,晨星電力股份有限公司,25SP3098-B026000001~144,5/20/26,2026-01-01~2026-03-31,認可,認可,130.245 MWh,7.933 MWh
晨星電力股份有限公司,(沅碁)鳳西國中三七期,太陽能,2026,133.98,0,高雄市鳳山區興中里光華路69號 / 高雄市鳳山區道爺廍段1019地號,390.35 kW,晨星電力股份有限公司,25SP2992-B026000001~135,5/20/26,2026-01-01~2026-03-31,認可,認可,133.98 MWh,0 MWh
天能綠電股份有限公司,惠昇_翁崑林一期屋頂型太陽光電案場,太陽能,2026,105.747,0,南投縣埔里鎮東潤路8之8號,390.06 kW,天能綠電股份有限公司,25SP3499-B026000001~108,5/20/26,2026-01-01~2026-03-31,認可,認可,105.747 MWh,0 MWh
艾涅爾電力股份有限公司,品豐工業-內埔1期PV0377,太陽能,2026,70.159,0,屏東縣內埔鄉竹圍段0411-0000地號,389.98 kW,艾涅爾電力股份有限公司,25SP0989-B026000001~72,4/8/26,2026-01-01~2026-02-28,認可,認可,70.159 MWh,0 MWh
寶島陽光電力事業股份有限公司,雋和四能源有限公司(TW170632),太陽能,2026,107.894,5.046,屏東縣屏東市忠孝路225號,389.4 kW,寶島陽光電力事業股份有限公司,24SP2484-B026000001~122,5/20/26,2026-01-01~2026-03-31,認可,認可,107.894 MWh,5.046 MWh
晨星電力股份有限公司,(加州)學東國小一二期,太陽能,2026,111.119,13.325,臺南市安南區公學路6段589號/學東段0251.0255.0257.0258.0262.0263 地號,389.3 kW,晨星電力股份有限公司,25SP4221-B026000001~133,5/20/26,2026-01-01~2026-03-31,認可,認可,111.119 MWh,13.325 MWh
天能綠電股份有限公司,凱銳-彰化進羿屋頂型太陽光電案場,太陽能,2026,0,48.96,彰化縣彰化市寶聖路32巷38號,389.235 kW,天能綠電股份有限公司,24SP2014-B026000001~49,5/20/26,2026-03-01~2026-03-31,認可,認可,0 MWh,48.96 MWh
天能綠電股份有限公司,蕈福_王國賓屋頂型太陽光電案場,太陽能,2026,103.618,0,南投縣埔里鎮福長路180巷92號(南投縣埔里鎮福興段0625-0000地號),389.235 kW,天能綠電股份有限公司,25SP3523-B026000001~106,5/20/26,2026-01-01~2026-03-31,認可,認可,103.618 MWh,0 MWh
康展電力股份有限公司,屏東都計農崁頂A,太陽能,2026,106.944,0,屏東縣佳冬鄉頂信段368地號,389.025 kW,康展電力股份有限公司,24SP0404-B026000001~68,5/20/26,2026-01-01~2026-03-31,認可,認可,106.944 MWh,0 MWh
怡和綠電超商股份有限公司,侑餘企業社,太陽能,2026,106.762,0,南投縣埔里鎮墘溪路19之7號(南投縣埔里鎮鯉魚潭段39地號),388.68 kW,怡和綠電超商股份有限公司,25SP3754-B026000001~108,5/20/26,2026-01-01~2026-03-31,認可,認可,106.762 MWh,0 MWh
台灣百和工業股份有限公司,台灣百和工業T棟 388.36KW,太陽能,2026,0,82.657,彰化縣和美鎮彰化縣和美鎮和港路575號、彰化縣和美鎮西平路68號,388.36 kW,台灣百和工業股份有限公司,24SP0142-B026000001~84,5/20/26,2026-01-01~2026-03-31,認可,認可,0 MWh,82.657 MWh
臺灣水泥股份有限公司台北水泥製品廠桃園分廠,臺灣水泥股份有限公司台北水泥製品廠桃園分廠,太陽能,2026,0,86.32,桃園市蘆竹區南山路二段220號,388.28 kW,臺灣水泥股份有限公司台北水泥製品廠桃園分廠,22SP0102-B026000001~87,5/20/26,2026-01-01~2026-03-31,認可,認可,0 MWh,86.32 MWh
寶島陽光電力事業股份有限公司,豐照能源股份有限公司(TW190974),太陽能,2026,56.649,42.339,彰化縣芳苑鄉芳北段232-80地號,388.265 kW,寶島陽光電力事業股份有限公司,25SP2300-B026000001~103,5/20/26,2026-01-01~2026-03-31,認可,認可,56.649 MWh,42.339 MWh
富威電力股份有限公司,雄獅能源-萬蓮科技陽光電發電廠,太陽能,2026,47.768,5.273,臺南市永康區和平路258巷89號,388.08 kW,富威電力股份有限公司,25SP3490-B026000001~55,5/20/26,2026-03-01~2026-03-31,認可,認可,47.768 MWh,5.273 MWh
怡和綠電超商股份有限公司,嘉創-台灣金聯,太陽能,2026,134.153,0,高雄市橋頭區芋林路305號,387.99 kW,怡和綠電超商股份有限公司,25SP2468-B026000001~136,5/20/26,2026-01-01~2026-03-31,認可,認可,134.153 MWh,0 MWh
天能綠電股份有限公司,圓恆科技-嘉義朴子崁前屋頂型光電案場,太陽能,2026,101.53,0,嘉義縣朴子市崁前里1鄰崁前156號,387.6 kW,天能綠電股份有限公司,24SP0290-B026000001~105,5/20/26,2026-01-01~2026-03-31,認可,認可,101.53 MWh,0 MWh
巨大機械工業股份有限公司,巨大機械日南廠-成型B區,太陽能,2026,0,106.404,臺中市大甲區順帆路19號,387.585 kW,巨大機械工業股份有限公司,23SP0160-B026000001~109,5/20/26,2026-01-01~2026-03-31,認可,認可,0 MWh,106.404 MWh
天能綠電股份有限公司,如晅綠能-屏東里港屋頂型太陽光電案場,太陽能,2026,105.436,0,屏東縣里港鄉過江路67之16號,387.42 kW,天能綠電股份有限公司,24SP0519-B026000001~109,5/20/26,2026-01-01~2026-03-31,認可,認可,105.436 MWh,0 MWh
怡和綠電超商股份有限公司,寶冠虹-九如1461,太陽能,2026,76.939,0,屏東縣九如鄉耆老村1鄰中正路167號(屏東縣九如鄉九如段1461-0000地號),387 kW,怡和綠電超商股份有限公司,25SP1099-B026000001~78,5/20/26,2026-01-01~2026-03-31,認可,認可,76.939 MWh,0 MWh
宇軒電業股份有限公司,華僑市場-屏東東港漁會,太陽能,2026,37.023,0,屏東縣東港鎮朝隆路39號,387 kW,宇軒電業股份有限公司,25SP1873-B026000038~75,4/15/26,2026-02-01~2026-02-28,認可,認可,37.023 MWh,0 MWh
富威電力股份有限公司,富崴1-9-福懋油脂太陽光電發電廠,太陽能,2026,38.229,0,臺中市清水區北提路16號,386.65 kW,富威電力股份有限公司,25SP3107-B026000001~85,4/1/26,2026-01-01~2026-02-28,認可,認可,38.229 MWh,0 MWh
怡和綠電超商股份有限公司,鑫元陽-得禎三廠,太陽能,2026,36.321,0,臺南市永康區永科環路55號,385.88 kW,怡和綠電超商股份有限公司,25SP0927-B026000038~74,4/1/26,2026-02-01~2026-02-28,認可,認可,36.321 MWh,0 MWh
大自然能源電業股份有限公司,NP101063C009低碳(崙金(二),太陽能,2026,86.793,0,臺南市佳里區海澄里萊芊寮17之21號、17號之23,385.86 kW,大自然能源電業股份有限公司,25SP0402-B026000001~94,5/20/26,2026-01-01~2026-03-31,認可,認可,86.793 MWh,0 MWh
富威電力股份有限公司,衆崴-虎尾清潔隊太陽光電發電廠,太陽能,2026,28.211,0,雲林縣虎尾鎮過溪仔段0875-0005、0876-0001、0876-0004、0876-0029、0876-0043、0876-0254、0876-0412地號,385.385 kW,富威電力股份有限公司,25SP0196-B026000033~69,4/1/26,2026-01-01~2026-02-28,認可,認可,28.211 MWh,0 MWh
大同智能股份有限公司,沅碁光電_美濃國小(一、二、三期),太陽能,2026,117.456,0,高雄市美濃區永安路190號,385.245 kW,大同智能股份有限公司、晨星電力股份有限公司,24SP1796-B026000001~119,5/20/26,2026-01-01~2026-03-31,認可,認可,117.456 MWh,0 MWh
三地怪獸電力股份有限公司,主賞屏東縣萬丹鄉地面型太陽光電,太陽能,2026,98.631,4.567,屏東縣萬丹鄉新安段1523地號,384.91 kW,三地怪獸電力股份有限公司,24SP0475-B026000002~112,5/20/26,2026-01-01~2026-03-31,認可,認可,98.631 MWh,4.567 MWh
艾涅爾電力股份有限公司,益大-岡山灣裡段2期PV0891,太陽能,2026,71.729,0,高雄市岡山區高雄市岡山區灣裡路196巷1、3、5、7、9、11、13、15、17、19、21、23、25、27、29、31號,384.82 kW,艾涅爾電力股份有限公司,25SP0999-B026000001~74,4/8/26,2026-01-01~2026-02-28,認可,認可,71.729 MWh,0 MWh
陽光伏特家電力股份有限公司,新光台南7廠,太陽能,2026,110.886,0,臺南市新營區德隆段0304-0000、0304-0001地號,384.45 kW,陽光伏特家電力股份有限公司,23SP0217-B026000022~406,5/20/26,2026-01-01~2026-03-31,認可,認可,110.886 MWh,0 MWh
宇軒電業股份有限公司,宇軒-永華運動中心,太陽能,2026,38.245,0,臺南市中西區中華西路2段30號,384.32 kW,宇軒電業股份有限公司,25SP1330-B026000035~73,4/15/26,2026-02-01~2026-02-28,認可,認可,38.245 MWh,0 MWh
艾涅爾電力股份有限公司,錦軒-王保國PV1881,太陽能,2026,73.427,0,彰化縣大城鄉彰化縣大城鄉大安路68號,384 kW,艾涅爾電力股份有限公司,24SP0228-B026000001~74,4/8/26,2026-01-01~2026-02-28,認可,認可,73.427 MWh,0 MWh
續興股份有限公司,湖內,太陽能,2026,115.475,0,高雄市湖內區中山路二段60號,384 kW,續興股份有限公司,25SP3401-B026000001~117,5/20/26,2026-01-01~2026-03-31,認可,認可,115.475 MWh,0 MWh
台灣銅箔股份有限公司,瑞山巷,太陽能,2026,0,87.723,南投縣竹山鎮瑞山巷5之3號,383.91 kW,台灣銅箔股份有限公司,23SP0340-B026000001~89,5/20/26,2026-01-01~2026-03-31,認可,認可,0 MWh,87.723 MWh
憶鼎企業股份有限公司,憶鼎冷凍倉儲,太陽能,2026,0,75.316,臺中市大雅區四德段0581-0000、0582-0000、0583-0000、0584- 0000、0585-0000、0586-0000、0587-0000、0587-0001、0590-0001地號,383.85 kW,憶鼎企業股份有限公司,25SP0683-B026000001~77,5/20/26,2026-01-01~2026-03-31,認可,認可,0 MWh,75.316 MWh
陽光伏特家電力股份有限公司,匯群台南2廠,太陽能,2026,75.836,0,臺南市鹽水區下林段0415-0000地號,383.46 kW,陽光伏特家電力股份有限公司,25SP0287-B026000001~77,5/20/26,2026-01-01~2026-03-31,認可,認可,75.836 MWh,0 MWh
開陽電力股份有限公司,開陽能源-水產試驗所(知本),太陽能,2026,57.502,0,臺東縣臺東市知本路二段291巷299號、299之1號、299之2號、299之5號,383.15 kW,開陽電力股份有限公司,25SP2738-B026000001~59,4/1/26,2026-01-01~2026-02-28,認可,認可,57.502 MWh,0 MWh
義美食品股份有限公司,義美食品股份有限公司龍潭廠,太陽能,2026,0,82.128,桃園市平鎮區中興路九龍段155號,382.95 kW,義美食品股份有限公司,24SP1995-B026000001~84,5/20/26,2026-01-01~2026-03-31,認可,認可,0 MWh,82.128 MWh
艾涅爾電力股份有限公司,澄達-賴旺星菇寮,太陽能,2026,69.786,0,南投縣南投市東山路56之2號,382.94 kW,艾涅爾電力股份有限公司,24SP1742-B026000100~133,5/20/26,2026-01-01~2026-02-28,認可,認可,69.786 MWh,0 MWh
怡和綠電超商股份有限公司,大衛太陽能-微寶生技,太陽能,2026,112.28,0,屏東縣長治鄉德和村神農東路17號,382.8 kW,怡和綠電超商股份有限公司,25SP4044-B026000001~117,5/20/26,2026-01-01~2026-03-31,認可,認可,112.28 MWh,0 MWh
大同智能股份有限公司,台中市屋頂型太陽光電系統-新平國小(二期),太陽能,2026,125.295,0,臺中市太平區樹孝路336巷9號,382.8 kW,大同智能股份有限公司,24SP1362-B026000001~127,5/20/26,2026-01-01~2026-03-31,認可,認可,125.295 MWh,0 MWh
艾涅爾電力股份有限公司,和陞能源-內埔2期PV0151,太陽能,2026,70.007,0,屏東縣內埔鄉竹圍段0411-0002地號,382.14 kW,艾涅爾電力股份有限公司,25SP0990-B026000001~72,4/8/26,2026-01-01~2026-02-28,認可,認可,70.007 MWh,0 MWh
台灣百和工業股份有限公司,台灣百和工業P&R 382.14KW,太陽能,2026,0,121.216,彰化縣和美鎮和港路575號、西平路68號,382.14 kW,台灣百和工業股份有限公司,23SP0128-B026000001~122,5/20/26,2026-01-01~2026-03-31,認可,認可,0 MWh,121.216 MWh
晨星電力股份有限公司,(沅碁)瑞祥高中四期,太陽能,2026,137.073,0,高雄市前鎮區班超路63號(高雄市立瑞祥高級中學),381.86 kW,晨星電力股份有限公司,25SP1438-B026000001~138,5/20/26,2026-01-01~2026-03-31,認可,認可,137.073 MWh,0 MWh
怡和綠電超商股份有限公司,怡和國際能源-慈峰玻璃,太陽能,2026,72.387,36.656,屏東縣萬巒鄉佳和村5鄰佳興路83之1號,381.86 kW,怡和綠電超商股份有限公司,25SP0724-B026000003~136,5/20/26,2026-01-01~2026-03-31,認可,認可,72.387 MWh,36.656 MWh
富威電力股份有限公司,惠來光電-四湖南光段太陽光電發電廠,太陽能,2026,71.122,25.556,雲林縣四湖鄉湖寮村3鄰下寮路160號之3,381.6 kW,富威電力股份有限公司,25SP0312-B026000081~372,5/20/26,2026-01-01~2026-03-31,認可,認可,71.122 MWh,25.556 MWh
國瑞汽車股份有限公司,國瑞汽車股份有限公司-觀音二,太陽能,2026,0,113.47,桃園市觀音區國建三路2號,381.6 kW,國瑞汽車股份有限公司,19SP0029-B026000001~115,5/20/26,2025-12-01~2026-03-31,認可,認可,0 MWh,113.47 MWh
國瑞汽車股份有限公司,國瑞汽車股份有限公司-中壢二,太陽能,2026,0,106.26,桃園市中壢區定寧路73號,381.6 kW,國瑞汽車股份有限公司,19SP0027-B026000001~108,5/20/26,2025-12-01~2026-03-31,認可,認可,0 MWh,106.26 MWh
大自然能源電業股份有限公司,NP111055C005福展(介隆興),太陽能,2026,65.126,45.354,高雄市梓官區和平路145之16、145之18、145之20號(高雄市梓官區梓和段0590-0000、0591-0000、0592-0000地號),381.6 kW,大自然能源電業股份有限公司,25SP0500-B026000001~112,5/20/26,2026-01-01~2026-03-31,認可,認可,65.126 MWh,45.354 MWh
天能綠電股份有限公司,凱銳-台中世協電機屋頂型太陽光電案場,太陽能,2026,0,46.932,臺中市神岡區和睦路1段599號,381.5 kW,天能綠電股份有限公司,24SP1179-B026000001~47,5/20/26,2026-03-01~2026-03-31,認可,認可,0 MWh,46.932 MWh
富威電力股份有限公司,聚眾-豪信興太陽光電發電廠,太陽能,2026,76.639,27.149,彰化縣和美鎮田東路305、307號,381.24 kW,富威電力股份有限公司,25SP1125-B026000081~381,5/20/26,2026-01-01~2026-03-31,認可,認可,76.639 MWh,27.149 MWh
晨星電力股份有限公司,(立豐)謝景荃,太陽能,2026,121.874,0,彰化縣鹿港鎮鹿鳴段0896-0000地號,381 kW,晨星電力股份有限公司,25SP2327-B026000001~123,5/20/26,2026-01-01~2026-03-31,認可,認可,121.874 MWh,0 MWh
晨星電力股份有限公司,(加州儲能)後甲國中三期,太陽能,2026,115.052,0,臺南市東區林森路二段260號,381 kW,晨星電力股份有限公司,25SP2500-B026000001~116,5/20/26,2026-01-01~2026-03-31,認可,認可,115.052 MWh,0 MWh
怡和綠電超商股份有限公司,興發-麻豆納骨堂停車場(標案),太陽能,2026,38.621,0,臺南市麻豆區港埔段1258-0000地號,380.92 kW,怡和綠電超商股份有限公司,25SP1305-B026000035~73,4/1/26,2026-02-01~2026-02-28,認可,認可,38.621 MWh,0 MWh
艾涅爾電力股份有限公司,昇太-晶麒莊園PV0464,太陽能,2026,35.132,0,桃園市平鎮區復旦路四段116巷51、61號,380.82 kW,艾涅爾電力股份有限公司,24SP0342-B026000061~76,4/8/26,2026-01-01~2026-02-28,認可,認可,35.132 MWh,0 MWh
怡和綠電超商股份有限公司,瑞吉五金-瑞吉五金,太陽能,2026,113.88,0,高雄市永安區保安路15巷8之9號,380.49 kW,怡和綠電超商股份有限公司,25SP3576-B026000001~120,5/20/26,2026-01-01~2026-03-31,認可,認可,113.88 MWh,0 MWh
寶富電力股份有限公司,智捷能源股份有限公司-觀塘段0024-0000地號,太陽能,2026,36.266,0,桃園市觀音區觀塘段0024-0000地號,380.38 kW,寶富電力股份有限公司,25SP0877-B026000026~67,5/20/26,2026-02-01~2026-03-31,認可,認可,36.266 MWh,0 MWh
和潤電力股份有限公司,彰化汙染地1064號380.16kW地面型太陽光電,太陽能,2026,0.235,0,彰化縣鹿港鎮振興段1064、1065地號,380.16 kW,和潤電力股份有限公司,24SP2022-B026000001~5,3/19/26,2026-01-01~2026-01-31,認可,認可,0.235 MWh,0 MWh
天能綠電股份有限公司,第一管顧-長嘉能源_錩燕金屬二期屋頂型太陽能電廠,太陽能,2026,129.976,0,高雄市燕巢區中竹路2之20號,380.12 kW,天能綠電股份有限公司,25SP0273-B026000001~136,5/20/26,2026-01-01~2026-03-31,認可,認可,129.976 MWh,0 MWh
晨星電力股份有限公司,(陽光)海洋-離岸工程中心,太陽能,2026,146.803,7.433,高雄市茄萣區正大路500號,380.07 kW,晨星電力股份有限公司,26SP0079-B026000001~164,5/20/26,2026-01-01~2026-03-31,認可,認可,146.803 MWh,7.433 MWh
梧濟工業股份有限公司,梧濟工業股份有限公司,太陽能,2026,69,1.256,臺中市南屯區工業區二十路2號,380 kW,梧濟工業股份有限公司,23SP0314-B026000001~71,4/1/26,2026-01-01~2026-02-28,認可,認可,69 MWh,1.256 MWh
臺灣永光化學工業股份有限公司 第二廠,永光二廠太陽能發電廠,太陽能,2026,0,71.576,桃園市觀音區工業三路12號,379.84 kW,臺灣永光化學工業股份有限公司 第二廠,23SP0026-B026000001~74,5/20/26,2026-01-01~2026-03-31,認可,認可,0 MWh,71.576 MWh
艾涅爾電力股份有限公司,永旭-蔡易成PV0414,太陽能,2026,67.267,0,雲林縣口湖鄉林圍80號,379.5 kW,艾涅爾電力股份有限公司,24SP0433-B026000001~490,4/8/26,2026-01-01~2026-02-28,認可,認可,67.267 MWh,0 MWh
艾涅爾電力股份有限公司,鎧銚-林長樂PV1579,太陽能,2026,28.309,0,嘉義縣大林鎮湖北里早知26之38號,379.08 kW,艾涅爾電力股份有限公司,24SP1650-B026000030~58,4/8/26,2026-02-01~2026-02-28,認可,認可,28.309 MWh,0 MWh
天能綠電股份有限公司,富宇_草屯國小一二期,太陽能,2026,50.512,34.137,南投縣草屯鎮玉峰里玉屏路210號,378.968 kW,天能綠電股份有限公司,25SP4028-B026000001~91,5/20/26,2026-01-01~2026-03-31,認可,認可,50.512 MWh,34.137 MWh
阿波羅電力股份有限公司,辰仕洪子袁,太陽能,2026,118.564,0,彰化縣大城鄉中正路22之1號,378.84 kW,阿波羅電力股份有限公司,24SP1536-B026000001~120,5/20/26,2026-01-01~2026-03-31,認可,認可,118.564 MWh,0 MWh
天能綠電股份有限公司,詮鎔建設-嘉義大林鵝舍屋頂型光電案場,太陽能,2026,95.217,0,嘉義縣大林鎮明和里1鄰甘蔗崙117號,378.7 kW,天能綠電股份有限公司,24SP1969-B026000001~97,5/20/26,2026-01-01~2026-03-31,認可,認可,95.217 MWh,0 MWh
艾涅爾電力股份有限公司,鉅瀚綠能-大宇鋁業PV0285,太陽能,2026,43.647,0,桃園市中壢區山東路722號、圓光路二段581號,378.43 kW,艾涅爾電力股份有限公司,25SP0340-B026000001~45,4/8/26,2026-01-01~2026-02-28,認可,認可,43.647 MWh,0 MWh
怡和綠電超商股份有限公司,晁能-毛豆,太陽能,2026,107.788,0,屏東縣里港鄉里中路9-3號,378.2 kW,怡和綠電超商股份有限公司,25SP1517-B026000001~110,5/20/26,2026-01-01~2026-03-31,認可,認可,107.788 MWh,0 MWh
星星電力股份有限公司,聯成_良飛工業第二期,太陽能,2026,65.457,0,彰化縣芬園鄉彰南路一段27號,378 kW,星星電力股份有限公司,24SP2616-B026000001~67,4/8/26,2026-01-01~2026-02-28,認可,認可,65.457 MWh,0 MWh
南方電力股份有限公司,碩能太陽光電發電廠,太陽能,2026,138.99,0,高雄市前鎮區東十二街3、4、5、6之3號,378 kW,南方電力股份有限公司,25SP0548-B026000001~140,5/20/26,2026-01-01~2026-03-31,認可,認可,138.99 MWh,0 MWh
香印永續股份有限公司,榮眾電子,太陽能,2026,79.774,0,臺南市新營區八德路17號,378 kW,香印永續股份有限公司,25SP0936-B026000005~157,5/20/26,2026-01-01~2026-03-31,認可,認可,79.774 MWh,0 MWh
十萬伏特電力股份有限公司,鎂和鋼鐵,太陽能,2026,114.57,0,臺中市烏日區太明路226巷28號,377.865 kW,十萬伏特電力股份有限公司,26SP0039-B026000001~119,5/20/26,2026-01-01~2026-03-31,認可,認可,114.57 MWh,0 MWh
天能綠電股份有限公司,御曦能源-雲林二崙港後村屋頂型太陽光電案場(廖信智一期、二期),太陽能,2026,95.617,0,雲林縣二崙鄉港後村太平路78之18號,377.26 kW,天能綠電股份有限公司,24SP2410-B026000001~100,5/20/26,2026-01-01~2026-03-31,認可,認可,95.617 MWh,0 MWh
晨星電力股份有限公司,(加州儲能)後甲國中四期,太陽能,2026,123.944,0,臺南市東區林森路二段260號,377.25 kW,晨星電力股份有限公司,25SP2499-B026000001~125,5/20/26,2026-01-01~2026-03-31,認可,認可,123.944 MWh,0 MWh
天能綠電股份有限公司,叡朋科技-下營裕農街禽舍屋頂型太陽光電案場(謝志宏),太陽能,2026,109.981,0,臺南市下營區新興里裕農街102巷119弄81號,377.2 kW,天能綠電股份有限公司,24SP0454-B026000001~111,5/20/26,2026-01-01~2026-03-31,認可,認可,109.981 MWh,0 MWh
寶島陽光電力事業股份有限公司,昌瑞能源有限公司(TW180851),太陽能,2026,103.333,5.748,屏東縣屏東市大湖路689號,377.1 kW,寶島陽光電力事業股份有限公司,24SP2203-B026000001~116,5/20/26,2026-01-01~2026-03-31,認可,認可,103.333 MWh,5.748 MWh
大同智能股份有限公司,沅碁光電_三民家商(四、五期),太陽能,2026,136.527,0,高雄市左營區裕誠路1102號,376.96 kW,大同智能股份有限公司、晨星電力股份有限公司,24SP1679-B026000001~138,5/20/26,2026-01-01~2026-03-31,認可,認可,136.527 MWh,0 MWh
怡和綠電超商股份有限公司,嘉創-邱德勝,太陽能,2026,110.284,0,彰化縣竹塘鄉中央路1段1280巷建80號(彰化縣竹塘鄉竹塘段1594-0000、1597-0000地號),376.86 kW,怡和綠電超商股份有限公司,25SP3765-B026000002~113,5/20/26,2026-01-01~2026-03-31,認可,認可,110.284 MWh,0 MWh
大同智能股份有限公司,彰化縣汙染農地太陽光電系統-和美鎮大雅段521、522地號,太陽能,2026,127.495,0,彰化縣和美鎮大雅段521、522地號,376.72 kW,大同智能股份有限公司,24SP0663-B026000001~129,5/20/26,2026-01-01~2026-03-31,認可,認可,127.495 MWh,0 MWh
晨星電力股份有限公司,(統益)台南市政府環保局-喜樹站2,太陽能,2026,105.378,18.508,臺南市南區喜北段0552-0000地號,376.285 kW,晨星電力股份有限公司,25SP4101-B026000001~133,5/20/26,2026-01-01~2026-03-31,認可,認可,105.378 MWh,18.508 MWh
大自然能源電業股份有限公司,NP191060C001 雲林莿桐,太陽能,2026,61.608,40.924,雲林縣莿桐鄉六合村新興61之18號,376.2 kW,大自然能源電業股份有限公司,25SP0536-B026000001~104,5/20/26,2026-01-01~2026-03-31,認可,認可,61.608 MWh,40.924 MWh
南方電力股份有限公司,東海青太陽光電發電場,太陽能,2026,49.101,0,臺南市安南區鹿耳二路310號,375.25 kW,南方電力股份有限公司,25SP2842-B026000001~51,5/20/26,2026-03-01~2026-03-31,認可,認可,49.101 MWh,0 MWh
星星電力股份有限公司,晨宜-復興段994-2地號,太陽能,2026,119.025,0,屏東縣內埔鄉復興段0994-0002地號,375.15 kW,星星電力股份有限公司,25SP0460-B026000001~121,5/20/26,2026-01-01~2026-03-31,認可,認可,119.025 MWh,0 MWh
奇美醫療財團法人柳營奇美醫院,奇美醫療財團法人柳營奇美醫院,太陽能,2026,0,128.08,臺南市柳營區太康里太康201號,375.15 kW,奇美醫療財團法人柳營奇美醫院,24SP1109-B026000001~129,5/20/26,2026-01-01~2026-03-31,認可,認可,0 MWh,128.08 MWh
寶島陽光電力事業股份有限公司,玉衡能源股份有限公司(TW180879),太陽能,2026,101.377,11.928,臺南市安南區工業三路66號,375 kW,寶島陽光電力事業股份有限公司,25SP0213-B026000001~119,5/20/26,2026-01-01~2026-03-31,認可,認可,101.377 MWh,11.928 MWh
怡和綠電超商股份有限公司,聯發新能源-福東國小,太陽能,2026,77.139,50.923,高雄市苓雅區福德三路96號 (高雄市苓雅區福東國民小學),374.92 kW,怡和綠電超商股份有限公司,25SP2416-B026000001~129,5/20/26,2026-01-01~2026-03-31,認可,認可,77.139 MWh,50.923 MWh
怡和綠電超商股份有限公司,旭恩能源-台中大雅_達五廠,太陽能,2026,74.338,34.918,臺中市大雅區德勝路125號,374.9 kW,怡和綠電超商股份有限公司,25SP1366-B026000002~113,5/20/26,2026-01-01~2026-03-31,認可,認可,74.338 MWh,34.918 MWh
開陽電力股份有限公司,玖基企業股份有限公司-中興大學室內游泳池(二),太陽能,2026,60.699,0,臺中市南區國光路250號,374.85 kW,開陽電力股份有限公司,25SP2066-B026000001~61,4/1/26,2026-01-01~2026-02-28,認可,認可,60.699 MWh,0 MWh
天能綠電股份有限公司,宏威(二)_桃園天空552號,太陽能,2026,65.349,0,桃園市中壢區實踐路225號,374.53 kW,天能綠電股份有限公司,25SP3522-B026000001~72,5/20/26,2026-01-01~2026-03-31,認可,認可,65.349 MWh,0 MWh
信盛精工股份有限公司,信盛精工,太陽能,2026,0,99.784,高雄市岡山區潭底路301號,374.5 kW,信盛精工股份有限公司,25SP0380-B026000001~102,5/20/26,2026-01-01~2026-03-31,認可,認可,0 MWh,99.784 MWh
南方電力股份有限公司,屏東縣南州鄉七塊段401-2地號太陽光電發電場,太陽能,2026,125.189,0,屏東縣南州鄉七塊段401-2地號,374.4 kW,南方電力股份有限公司,24SP0873-B026000001~127,5/20/26,2026-01-01~2026-03-31,認可,認可,125.189 MWh,0 MWh
寶島陽光電力事業股份有限公司,晟鑫能源有限公司 (TW160544),太陽能,2026,94.041,0,雲林縣水林鄉蕃東97之28號,374.4 kW,寶島陽光電力事業股份有限公司,24SP2574-B026000001~96,5/20/26,2026-01-01~2026-03-31,認可,認可,94.041 MWh,0 MWh
陽光伏特家電力股份有限公司,惠來雲林14廠,太陽能,2026,120.636,0,雲林縣北港鎮劉厝里劉厝61之25號,373.86 kW,陽光伏特家電力股份有限公司、天能綠電股份有限公司,23SP0371-B026000001~123,5/20/26,2026-01-01~2026-03-31,認可,認可,120.636 MWh,0 MWh
開陽電力股份有限公司,日安能源股份有限公司-虎尾畜牧場屋頂型,太陽能,2026,65.108,0,雲林縣虎尾鎮惠來里路墘15之80號,373.32 kW,開陽電力股份有限公司,25SP2054-B026000001~66,4/1/26,2026-01-01~2026-02-28,認可,認可,65.108 MWh,0 MWh
續興股份有限公司,中3,太陽能,2026,117.582,0,臺中市大肚區沙田路二段2巷66號,373.32 kW,續興股份有限公司,24SP0817-B026000001~119,5/20/26,2026-01-01~2026-03-31,認可,認可,117.582 MWh,0 MWh
怡和綠電超商股份有限公司,御麒能源-嘉義義竹許文生,太陽能,2026,29.507,59.9,嘉義縣義竹鄉溪州村上溪洲33之10號,373.23 kW,怡和綠電超商股份有限公司,25SP2774-B026000002~93,5/20/26,2026-01-01~2026-03-31,認可,認可,29.507 MWh,59.9 MWh
怡和綠電超商股份有限公司,鼎日鑫-潮州米倉2期,太陽能,2026,110.471,0,屏東縣潮州鎮光復路255號,372.98 kW,怡和綠電超商股份有限公司,25SP1870-B026000001~112,5/20/26,2026-01-01~2026-03-31,認可,認可,110.471 MWh,0 MWh
富威電力股份有限公司,欣陸興業一期太陽光電發電廠,太陽能,2026,44.268,0,高雄市燕巢區四林路108之25、108之26、108之28號,372.96 kW,富威電力股份有限公司,25SP3131-B026000004~57,5/20/26,2026-03-01~2026-03-31,認可,認可,44.268 MWh,0 MWh
天能綠電股份有限公司,豐光08--嘉義王俊仁屋頂型光電案場,太陽能,2026,68.533,47.473,嘉義縣朴子市崁後156之22號,372.9 kW,天能綠電股份有限公司,25SP0023-B026000001~122,5/20/26,2026-01-01~2026-03-31,認可,認可,68.533 MWh,47.473 MWh
寶島陽光電力事業股份有限公司,昕瑞能源有限公司(TW160024),太陽能,2026,92.105,0,臺南市善化區嘉北里茄拔6之21號,372.84 kW,寶島陽光電力事業股份有限公司,24SP0935-B026000001~93,5/20/26,2026-01-01~2026-03-31,認可,認可,92.105 MWh,0 MWh
晨星電力股份有限公司,(亞沃)大發152,太陽能,2026,110.752,0,臺中市大甲區大發路152號,372.6 kW,晨星電力股份有限公司,25SP2951-B026000001~112,5/20/26,2026-01-01~2026-03-31,認可,認可,110.752 MWh,0 MWh
阿波羅電力股份有限公司,辰信陳章發,太陽能,2026,60.425,39.536,彰化縣大城鄉北勢路30巷建155號,372.24 kW,阿波羅電力股份有限公司,24SP1537-B026000001~101,5/20/26,2026-01-01~2026-03-31,認可,認可,60.425 MWh,39.536 MWh
康展電力股份有限公司,冠越科技工程_亞航3號機棚,太陽能,2026,118.142,0,臺南市南區機場路907號,372 kW,康展電力股份有限公司,25SP2854-B026000001~124,5/20/26,2026-01-01~2026-03-31,認可,認可,118.142 MWh,0 MWh
怡和綠電超商股份有限公司,漢翔(王董)-張瑞孟,太陽能,2026,36.223,0,嘉義縣溪口鄉坪頂村竹圍仔18號 (嘉義縣溪口鄉頂坪段下坪小段0473-0000地號),372 kW,怡和綠電超商股份有限公司,25SP1282-B026000035~71,4/1/26,2026-02-01~2026-02-28,認可,認可,36.223 MWh,0 MWh
國碩能源股份有限公司,美麗四季,太陽能,2026,10.16,76.321,高雄市前鎮區一心一路203巷26.28號,371.33 kW,國碩能源股份有限公司,25SP1625-B026000001~103,5/20/26,2026-01-01~2026-03-31,認可,認可,10.16 MWh,76.321 MWh
阿波羅電力股份有限公司,環球大宇宙鳳山區鳳山國中,太陽能,2026,117.958,0,高雄市鳳山區中山東路227號,371.11 kW,阿波羅電力股份有限公司,24SP2515-B026000001~119,5/20/26,2026-01-01~2026-03-31,認可,認可,117.958 MWh,0 MWh
怡和綠電超商股份有限公司,戎居-P34,太陽能,2026,89.729,0,屏東縣鹽埔鄉永隆村7鄰永樂路182號,370.875 kW,怡和綠電超商股份有限公司,25SP1200-B026000001~91,5/20/26,2026-01-01~2026-03-31,認可,認可,89.729 MWh,0 MWh
星星電力股份有限公司,耀鋩-世同紡織,太陽能,2026,120.729,0,彰化縣線西鄉下塭路500巷91號,370.62 kW,星星電力股份有限公司,26SP0007-B026000001~122,5/20/26,2026-01-01~2026-03-31,認可,認可,120.729 MWh,0 MWh
大自然能源電業股份有限公司,NP041004C005佳益能源(嘉聯益三),太陽能,2026,51.554,0,桃園市觀音區桃科十路8號,370.26 kW,大自然能源電業股份有限公司,24SP0586-B026000001~62,5/20/26,2026-01-01~2026-03-31,認可,認可,51.554 MWh,0 MWh
晨星電力股份有限公司,(統益)關廟文和實驗小學(停車場)(屋頂型)(風雨球場),太陽能,2026,10.658,99.186,臺南市關廟區深坑子段0866-0007地號/長文街37號深坑子段0865-0003、0865-0005、0866-0007地號,370.14 kW,晨星電力股份有限公司,25SP4338-B026000001~119,5/20/26,2026-01-01~2026-03-31,認可,認可,10.658 MWh,99.186 MWh
晨星電力股份有限公司,(加州儲能)後甲國中二期,太陽能,2026,117.729,0,臺南市東區林森路二段260號,370.125 kW,晨星電力股份有限公司,25SP2501-B026000001~119,5/20/26,2026-01-01~2026-03-31,認可,認可,117.729 MWh,0 MWh
富威電力股份有限公司,華爵-日出九和太陽光電發電廠,太陽能,2026,46.114,0,高雄市左營區民族一路789號,370 kW,富威電力股份有限公司,25SP2379-B026000020~83,4/1/26,2026-01-01~2026-02-28,認可,認可,46.114 MWh,0 MWh
陽光伏特家電力股份有限公司,上下雲林1、2廠,太陽能,2026,66.428,0,雲林縣莿桐鄉興貴村興北138號,369.985 kW,陽光伏特家電力股份有限公司,25SP3152-B026000004~87,5/20/26,2026-01-01~2026-03-31,認可,認可,66.428 MWh,0 MWh
寶島陽光電力事業股份有限公司,豐照能源股份有限公司(TW180894),太陽能,2026,108.296,0,高雄市路竹區路科一路16號,369.965 kW,寶島陽光電力事業股份有限公司,25SP4031-B026000001~110,5/20/26,2026-01-01~2026-03-31,認可,認可,108.296 MWh,0 MWh
豐興鋼鐵股份有限公司,斗南南勢段,太陽能,2026,0,113.698,雲林縣斗南鎮新南里南勢106之1號,369.6 kW,豐興鋼鐵股份有限公司,23SP0332-B026000001~115,5/20/26,2026-01-01~2026-03-31,認可,認可,0 MWh,113.698 MWh
國瑞汽車股份有限公司,國瑞汽車股份有限公司-中壢ㄧ,太陽能,2026,0,104.088,桃園市中壢區定寧路73號,369.6 kW,國瑞汽車股份有限公司,19SP0028-B026000001~106,5/20/26,2025-12-01~2026-03-31,認可,認可,0 MWh,104.088 MWh
國瑞汽車股份有限公司,國瑞汽車股份有限公司-觀音一,太陽能,2026,0,110.312,桃園市觀音區國建三路2號,369.6 kW,國瑞汽車股份有限公司,19SP0030-B026000001~112,5/20/26,2025-12-01~2026-03-31,認可,認可,0 MWh,110.312 MWh
大同智能股份有限公司,台中市屋頂型太陽光電系統-長安國小,太陽能,2026,107.738,0,臺中市西屯區櫻花路18號,369.6 kW,大同智能股份有限公司,24SP0412-B026000001~110,5/20/26,2026-01-01~2026-03-31,認可,認可,107.738 MWh,0 MWh
南方電力股份有限公司,屏東縣枋山鄉枋山段116地號太陽光電發電場,太陽能,2026,121.87,0,屏東縣枋山鄉枋山段116地號,369.52 kW,南方電力股份有限公司,24SP0809-B026000001~123,5/20/26,2026-01-01~2026-03-31,認可,認可,121.87 MWh,0 MWh
強新工業股份有限公司,強新八廠,太陽能,2026,70,47.905,臺南市佳里區萊芊寮12之39號,369.36 kW,強新工業股份有限公司,24SP0788-B026000001~119,5/20/26,2026-01-01~2026-03-31,認可,認可,70 MWh,47.905 MWh
南方電力股份有限公司,屏東縣萬巒鄉萬和段1878-0006地號太陽光電發電場,太陽能,2026,38.657,0,屏東縣萬巒鄉萬和段1878-0006地號,369 kW,南方電力股份有限公司,24SP0829-B026000001~43,5/20/26,2026-03-01~2026-03-31,認可,認可,38.657 MWh,0 MWh
陽光伏特家電力股份有限公司,日晶彰化1廠,太陽能,2026,96.564,0,彰化縣鹿港鎮輔導路360巷38號,368.865 kW,陽光伏特家電力股份有限公司、天能綠電股份有限公司,24SP0139-B026000001~98,5/20/26,2026-01-01~2026-03-31,認可,認可,96.564 MWh,0 MWh
艾涅爾電力股份有限公司,佳龍科技-觀音PV0268,太陽能,2026,33.18,0,桃園市觀音區榮工南路12號,368.5 kW,艾涅爾電力股份有限公司,24SP0656-B026000061~75,4/8/26,2026-01-01~2026-02-28,認可,認可,33.18 MWh,0 MWh
裕益汽車股份有限公司,順益路竹,太陽能,2026,0,99.977,高雄市路竹區中山路88巷28號,368.44 kW,裕益汽車股份有限公司,24SP0217-B026000001~102,5/20/26,2026-01-01~2026-03-31,認可,認可,0 MWh,99.977 MWh
寶島陽光電力事業股份有限公司,昌瑞能源有限公司(TW160030),太陽能,2026,99.579,0,屏東縣屏東市工業路2號,368.42 kW,寶島陽光電力事業股份有限公司,24SP2208-B026000001~101,5/20/26,2026-01-01~2026-03-31,認可,認可,99.579 MWh,0 MWh
星星電力股份有限公司,茂誠 - 南投詹政融,太陽能,2026,101.153,0,南投縣埔里鎮南投縣埔里鎮水頭里東潤路52之3號/南投縣埔里鎮東潤段0714-0000地號,368.16 kW,星星電力股份有限公司,25SP1971-B026000001~103,5/20/26,2026-01-01~2026-03-31,認可,認可,101.153 MWh,0 MWh
陽光伏特家電力股份有限公司,新光彰化18廠,太陽能,2026,104.761,0,彰化縣芳苑鄉芳草路文津段525巷157號,368.135 kW,陽光伏特家電力股份有限公司,23SP0422-B026000001~106,5/20/26,2026-01-01~2026-03-31,認可,認可,104.761 MWh,0 MWh
續興股份有限公司,九如後庄豬舍,太陽能,2026,90.647,0,屏東縣九如鄉後庄路388巷53號,367.77 kW,續興股份有限公司,24SP0980-B026000001~92,5/20/26,2026-01-01~2026-03-31,認可,認可,90.647 MWh,0 MWh
阿波羅電力股份有限公司,環球大宇宙武廟市場,太陽能,2026,123.377,0,高雄市苓雅區輔仁路123號,367.62 kW,阿波羅電力股份有限公司,24SP0766-B026000001~131,5/20/26,2026-01-01~2026-03-31,認可,認可,123.377 MWh,0 MWh
天能綠電股份有限公司,龍泉-嘉義振寮地面型太陽光電案場,太陽能,2026,108.017,0,嘉義縣布袋鎮振寮段0741-0000、0742-0000地號,367.5 kW,天能綠電股份有限公司,25SP2835-B026000001~109,5/20/26,2026-01-01~2026-03-31,認可,認可,108.017 MWh,0 MWh
中強光電股份有限公司,中強光電-(竹南廠),太陽能,2026,0,95.023,苗栗縣竹南鎮科北五路二號,367.41 kW,中強光電股份有限公司,23SP0151-B026000001~97,5/20/26,2026-01-01~2026-03-31,認可,認可,0 MWh,95.023 MWh
宇軒電業股份有限公司,埤子頭段148地號,太陽能,2026,35.537,0,臺南市關廟區埤子頭段148地號,367.2 kW,宇軒電業股份有限公司,25SP1332-B026000038~73,4/15/26,2026-02-01~2026-02-28,認可,認可,35.537 MWh,0 MWh
台灣新日化股份有限公司,台灣新日化太陽能發電設備,太陽能,2026,59,41.253,嘉義縣民雄鄉民雄工業區中正路45號,366.96 kW,台灣新日化股份有限公司,25SP0111-B026000001~102,5/20/26,2026-01-01~2026-03-31,認可,認可,59 MWh,41.253 MWh
晨星電力股份有限公司,(加州)安南國中一期,太陽能,2026,99.68,11.756,臺南市安南區安中路3段252號,366.86 kW,晨星電力股份有限公司,25SP4220-B026000001~119,5/20/26,2026-01-01~2026-03-31,認可,認可,99.68 MWh,11.756 MWh
陽光伏特家電力股份有限公司,阿里13號,太陽能,2026,93.756,2.79,嘉義縣民雄鄉升學一街1、3、5、7、9、11、13、15、17、19、21、23、25、27號,366.73 kW,陽光伏特家電力股份有限公司,22SP0015-B026000001~135,5/20/26,2026-01-01~2026-03-31,認可,認可,93.756 MWh,2.79 MWh
續興股份有限公司,陳志宏菇舍,太陽能,2026,118.219,0,彰化縣竹塘鄉光明路建48號,366.68 kW,續興股份有限公司,25SP2817-B026000001~119,5/20/26,2026-01-01~2026-03-31,認可,認可,118.219 MWh,0 MWh
開陽電力股份有限公司,玖基企業股份有限公司-中興大學,太陽能,2026,65.999,0,臺中市南區國光路250號,366.39 kW,開陽電力股份有限公司,25SP2052-B026000001~67,4/1/26,2026-01-01~2026-02-28,認可,認可,65.999 MWh,0 MWh
天能綠電股份有限公司,元豐_大饒路屋頂型太陽光電案場,太陽能,2026,113.924,0,彰化縣員林市大饒路342號,366.13 kW,天能綠電股份有限公司,26SP0150-B026000001~115,5/20/26,2026-01-01~2026-03-31,認可,認可,113.924 MWh,0 MWh
天能綠電股份有限公司,龐誼綠能-高雄旗山陳評地面型太陽光電案場,太陽能,2026,118.189,0,高雄市旗山區磱碡坑段0310-0001、0310-0004、0310-0005地號,365.8 kW,天能綠電股份有限公司,24SP1964-B026000001~119,5/20/26,2026-01-01~2026-03-31,認可,認可,118.189 MWh,0 MWh
星星電力股份有限公司,匯僑-宇豐綠能大明高中校本部,太陽能,2026,107.777,0,臺中市大里區新仁路3段210號,365.8 kW,星星電力股份有限公司,25SP3417-B026000001~109,5/20/26,2026-01-01~2026-03-31,認可,認可,107.777 MWh,0 MWh
怡和綠電超商股份有限公司,大武山-大武山牧場蛋雞場二期(洗選蛋場及辦公室),太陽能,2026,81.993,0,屏東縣新埤鄉萬隆村平山路68之29、68之30號,365.7 kW,怡和綠電超商股份有限公司,25SP4083-B026000001~83,5/20/26,2026-01-01~2026-03-31,認可,認可,81.993 MWh,0 MWh
艾涅爾電力股份有限公司,太旭-鍾劉金菊PV0203,太陽能,2026,62.996,0,苗栗縣後龍鎮新港段埔頂小段0167-0000、0167-0006地號,365.62 kW,艾涅爾電力股份有限公司,24SP0042-B026000001~434,4/8/26,2026-01-01~2026-02-28,認可,認可,62.996 MWh,0 MWh
傑傅能源股份有限公司,神岡區太陽光電發電系統-千賀機械,太陽能,2026,70.758,0,臺中市神岡區大富路210巷195號,365.56 kW,傑傅能源股份有限公司,24SP0997-B026000001~71,4/29/26,2026-01-01~2026-02-28,認可,認可,70.758 MWh,0 MWh
南方電力股份有限公司,東寧國小太陽光電發電廠,太陽能,2026,112.871,0,屏東縣內埔鄉自強路85號,365.505 kW,南方電力股份有限公司,24SP0175-B026000001~114,5/20/26,2026-01-01~2026-03-31,認可,認可,112.871 MWh,0 MWh
富威電力股份有限公司,彌陀國中一期太陽光電發電廠,太陽能,2026,44.924,51.608,高雄市彌陀區進學路136號,365.44 kW,富威電力股份有限公司,24SP0145-B026000001~103,5/20/26,2026-01-01~2026-03-31,認可,認可,44.924 MWh,51.608 MWh
聯華電子股份有限公司,12A2FAB (Three),太陽能,2026,0,100.2,臺南市新市區南科二路18、20號,365.36 kW,聯華電子股份有限公司,24SP1419-B026000001~102,5/20/26,2026-01-01~2026-03-31,認可,認可,0 MWh,100.2 MWh
星星電力股份有限公司,群益捷泰石水勝(台南),太陽能,2026,108.305,0,臺北市士林區台南市佳里區子龍里子良廟176之32號,364.82 kW,星星電力股份有限公司,25SP3331-B026000001~111,5/20/26,2026-01-01~2026-03-31,認可,認可,108.305 MWh,0 MWh
怡和綠電超商股份有限公司,晁能-里平段1061-1地號,太陽能,2026,120.292,0,屏東縣里港鄉里平段1061-1地號,364 kW,怡和綠電超商股份有限公司,25SP1605-B026000001~122,5/20/26,2026-01-01~2026-03-31,認可,認可,120.292 MWh,0 MWh
天能綠電股份有限公司,龍泉-屏東土庫地面型太陽光電案場,太陽能,2026,94.2,0,屏東縣里港鄉土庫段1303-0000地號,363.99 kW,天能綠電股份有限公司,25SP3279-B026000001~95,5/20/26,2026-01-01~2026-03-31,認可,認可,94.2 MWh,0 MWh
寶島陽光電力事業股份有限公司,玉衡能源股份有限公司(TW170662),太陽能,2026,99.986,0,屏東縣萬丹鄉大興路142巷60弄20號,363.95 kW,寶島陽光電力事業股份有限公司,24SP2198-B026000001~101,5/20/26,2026-01-01~2026-03-31,認可,認可,99.986 MWh,0 MWh
天能綠電股份有限公司,歐得能源工程-三和工業屋頂型太陽光電案場,太陽能,2026,80.409,0,桃園市桃園區永安路1344號,363.545 kW,天能綠電股份有限公司,25SP0651-B026000001~84,5/20/26,2026-01-01~2026-03-31,認可,認可,80.409 MWh,0 MWh
科達製藥股份有限公司,科達製藥股份有限公司,太陽能,2026,0,253.854,桃園市平鎮區工業三路20-1號,363.375 kW,科達製藥股份有限公司,25SP2291-B026000001~256,5/20/26,2025-08-19~2026-03-31,認可,認可,0 MWh,253.854 MWh
台灣日東光學股份有限公司,台灣日東光學股份有限公司(363.15Kwp),太陽能,2026,0,114.492,臺中市大雅區科雅西路7號,363.15 kW,台灣日東光學股份有限公司,24SP0906-B026000001~115,5/20/26,2026-01-01~2026-03-31,認可,認可,0 MWh,114.492 MWh
台汽電綠能股份有限公司,旭忠能源正新橡膠3,太陽能,2026,102.158,0,雲林縣斗六市科加段80-8、81-3、81-5地號,362.7 kW,台汽電綠能股份有限公司,24SP0777-B026000001~105,5/20/26,2026-01-01~2026-03-31,認可,認可,102.158 MWh,0 MWh
陽光伏特家電力股份有限公司,新光彰化42、43廠,太陽能,2026,103.801,0,彰化縣大城鄉中央路200巷200弄建51號,362.4 kW,陽光伏特家電力股份有限公司,23SP0403-B026000001~106,5/20/26,2026-01-01~2026-03-31,認可,認可,103.801 MWh,0 MWh
寶島陽光電力事業股份有限公司,昕瑞能源有限公司(嘉義太保市港尾掩埋場),太陽能,2026,61.04,37.729,嘉義縣太保市白鴿厝段白鴿厝小段0273-0000地號,361.92 kW,寶島陽光電力事業股份有限公司,24SP1086-B026000001~104,5/20/26,2026-01-01~2026-03-31,認可,認可,61.04 MWh,37.729 MWh
艾涅爾電力股份有限公司,吳河相菇寮(一)PV0238,太陽能,2026,67.854,0,南投縣中寮鄉龍南路304之9號,361.34 kW,艾涅爾電力股份有限公司,25SP0972-B026000001~68,4/8/26,2026-01-01~2026-02-28,認可,認可,67.854 MWh,0 MWh
寶島陽光電力事業股份有限公司,日沛能源有限公司(徐明福),太陽能,2026,97.071,10.482,臺南市後壁區新東里148之35號,361.2 kW,寶島陽光電力事業股份有限公司,24SP1485-B026000001~117,5/20/26,2026-01-01~2026-03-31,認可,認可,97.071 MWh,10.482 MWh
開陽電力股份有限公司,瑞寶投資有限公司-東石鄉港墘厝段龍港小段地面型,太陽能,2026,111.563,0,嘉義縣東石鄉港墘厝段龍港小段0456-0000地號,361 kW,開陽電力股份有限公司,25SP0062-B026000001~113,5/20/26,2026-01-01~2026-03-31,認可,認可,111.563 MWh,0 MWh
怡和綠電超商股份有限公司,三和光電-新南段23-7地號,太陽能,2026,31.14,0,屏東縣新園鄉新南段23-7地號,360.96 kW,怡和綠電超商股份有限公司,25SP2542-B026000034~65,4/1/26,2026-02-01~2026-02-28,認可,認可,31.14 MWh,0 MWh
晨星電力股份有限公司,(亞沃)新豐碾米廠,太陽能,2026,113.248,0,屏東縣新園鄉仙吉路 225、225-1、229號,360.96 kW,晨星電力股份有限公司,25SP1780-B026000001~115,5/20/26,2026-01-01~2026-03-31,認可,認可,113.248 MWh,0 MWh
艾涅爾電力股份有限公司,優品-洪永聰PV0102,太陽能,2026,57.554,0,雲林縣斗南鎮阿丹里阿丹145號,360.6 kW,艾涅爾電力股份有限公司,25SP0847-B026000001~59,4/8/26,2026-01-01~2026-02-28,認可,認可,57.554 MWh,0 MWh
瑞昱半導體股份有限公司,瑞昱半導體股份有限公司-竹科一廠(停車棟),太陽能,2026,0,84.415,新竹縣寶山鄉創新二路2號,360 kW,瑞昱半導體股份有限公司,23SP0269-B026000001~85,5/20/26,2026-01-01~2026-03-31,認可,認可,0 MWh,84.415 MWh
富威電力股份有限公司,惠來光電-埔鹽林德水太陽光電發電廠,太陽能,2026,33.024,0,彰化縣埔鹽鄉彰化縣埔鹽鄉埔港路建15之13號,360 kW,富威電力股份有限公司,25SP0966-B026000035~78,4/1/26,2026-01-01~2026-02-28,認可,認可,33.024 MWh,0 MWh
萬達光電科技股份有限公司,萬達光電B棟 屋頂型,太陽能,2026,0,74.79,宜蘭縣蘇澳鎮頂平路26號,359.98 kW,萬達光電科技股份有限公司,23SP0150-B026000001~76,5/20/26,2026-01-01~2026-03-31,認可,認可,0 MWh,74.79 MWh
續興股份有限公司,雲林水林紀雅文雞舍2期,太陽能,2026,65.374,0,雲林縣水林鄉後埔13之28號,359.6 kW,續興股份有限公司,24SP1377-B026000001~67,5/20/26,2026-01-01~2026-03-31,認可,認可,65.374 MWh,0 MWh
強新工業股份有限公司,強新五廠,太陽能,2026,69,48.401,臺南市佳里區臺南市佳里區萊芊寮12之35號,359.49 kW,強新工業股份有限公司,25SP1640-B026000001~119,5/20/26,2026-01-01~2026-03-31,認可,認可,69 MWh,48.401 MWh
阿波羅電力股份有限公司,辰信謝宏隆,太陽能,2026,98.86,0,彰化縣芳苑鄉上林路路上段149巷115弄建45號,359.45 kW,阿波羅電力股份有限公司,24SP2312-B026000001~100,5/20/26,2026-01-01~2026-03-31,認可,認可,98.86 MWh,0 MWh
聯華電子股份有限公司12A1,12A1P12,太陽能,2026,0,83.172,臺南市新市區南科二路18號,359.1 kW,聯華電子股份有限公司12A1,24SP0956-B026000001~85,5/20/26,2026-01-01~2026-03-31,認可,認可,0 MWh,83.172 MWh
艾涅爾電力股份有限公司,優品-蔡周川鴨舍,太陽能,2026,49.325,0,雲林縣口湖鄉林投段166-1地號,359.04 kW,艾涅爾電力股份有限公司,24SP2498-B026000001~51,4/8/26,2026-01-01~2026-02-28,認可,認可,49.325 MWh,0 MWh
怡和綠電超商股份有限公司,博碩-雲林-林寬地(第2場)-二期,太陽能,2026,105.074,11.025,雲林縣大埤鄉北鎮村後庄1之50號,358.05 kW,怡和綠電超商股份有限公司,25SP3532-B026000001~125,5/20/26,2026-01-01~2026-03-31,認可,認可,105.074 MWh,11.025 MWh
國碩能源股份有限公司,永欣益,太陽能,2026,6.466,0,高雄市橋頭區芋寮路99號,357.21 kW,國碩能源股份有限公司,25SP0916-B026000001~8,5/13/26,2026-01-01~2026-02-28,認可,認可,6.466 MWh,0 MWh
大自然能源電業股份有限公司,NP041004C001佳益能源(伍享),太陽能,2026,54.22,0,桃園市中壢區東園路28號,357.06 kW,大自然能源電業股份有限公司,24SP1013-B026000001~64,5/20/26,2026-01-01~2026-03-31,認可,認可,54.22 MWh,0 MWh
天能綠電股份有限公司,豐光11-嘉義林甲乙屋頂型太陽光電案場,太陽能,2026,66.996,44.602,嘉義縣朴子市嘉義縣朴子市崁後里1鄰崁後6之10號,357.05 kW,天能綠電股份有限公司,24SP1502-B026000001~116,5/20/26,2026-01-01~2026-03-31,認可,認可,66.996 MWh,44.602 MWh
天能綠電股份有限公司,中曜峰-高雄大寮區高全存屋頂型太陽光電案場,太陽能,2026,89.064,0,高雄市大寮區和業二路26號,357 kW,天能綠電股份有限公司,25SP1956-B026000001~90,5/20/26,2026-01-01~2026-03-31,認可,認可,89.064 MWh,0 MWh
艾涅爾電力股份有限公司,鉅瀚綠能-寶來PV0103,太陽能,2026,55.1,0,嘉義縣大林鎮過溪里過溪531號,357 kW,艾涅爾電力股份有限公司,25SP0162-B026000001~57,4/8/26,2026-01-01~2026-02-28,認可,認可,55.1 MWh,0 MWh
台灣碳資產電業股份有限公司,存量能源-台中靖鎰電廠,太陽能,2026,84.971,0,臺中市梧棲區經三路51號,356.4 kW,台灣碳資產電業股份有限公司,23SP0029-B026000001~87,5/20/26,2026-01-01~2026-03-31,認可,認可,84.971 MWh,0 MWh
誠毅股份有限公司,誠毅股份有限公司,太陽能,2026,0,65.8,高雄市燕巢區中民路958巷99號(安北段0755-0000地號),356.4 kW,誠毅股份有限公司,25SP3074-B026000001~66,5/20/26,2025-11-19~2026-03-31,認可,認可,0 MWh,65.8 MWh
富威電力股份有限公司,盛禾-泰立富停車場太陽光電發電廠,太陽能,2026,81.773,0,屏東縣新園鄉新房段531、532地號,356.265 kW,富威電力股份有限公司,25SP3485-B026000001~85,5/20/26,2026-02-01~2026-03-31,認可,認可,81.773 MWh,0 MWh
南方電力股份有限公司,屏東縣南州鄉七塊段0401-0003地號太陽光電發電場,太陽能,2026,85.224,0,屏東縣南州鄉七塊段0401-0003地號,355.875 kW,南方電力股份有限公司,24SP0793-B026000001~87,5/20/26,2026-01-01~2026-03-31,認可,認可,85.224 MWh,0 MWh
富威電力股份有限公司,昰天璽-屏東豬舍太陽光電發電廠,太陽能,2026,41.637,45.349,屏東縣九如鄉九如路一段9之1號,355.74 kW,富威電力股份有限公司,25SP0366-B026000001~95,5/20/26,2026-01-01~2026-03-31,認可,認可,41.637 MWh,45.349 MWh
大自然能源電業股份有限公司,NP091028C002三合里案場,太陽能,2026,46.589,32.299,雲林縣虎尾鎮三合里三合69之1、69號,355.74 kW,大自然能源電業股份有限公司,24SP1474-B026000001~80,5/20/26,2026-01-01~2026-03-31,認可,認可,46.589 MWh,32.299 MWh
怡和綠電超商股份有限公司,京進(科風)-義竹雞舍二期,太陽能,2026,16.793,0,嘉義縣義竹鄉溪洲村上溪洲33號之11、33之15號,355.51 kW,怡和綠電超商股份有限公司,25SP1697-B026000017~33,4/1/26,2026-02-01~2026-02-28,認可,認可,16.793 MWh,0 MWh
展輪工業股份有限公司,展輪工業股份有限公司,太陽能,2026,0,34.218,彰化縣花壇鄉彰員路一段22號,355.355 kW,展輪工業股份有限公司,24SP1116-B026000001~35,4/22/26,2026-01-01~2026-02-28,認可,認可,0 MWh,34.218 MWh
振芳股份有限公司,振芳股份有限公司,太陽能,2026,0,95.038,臺南市永康區永科七路39號,355.2 kW,振芳股份有限公司,25SP0264-B026000001~96,5/20/26,2026-01-01~2026-03-31,認可,認可,0 MWh,95.038 MWh
南山人壽保險股份有限公司,新市園區B棟,太陽能,2026,0,114.363,臺南市中西區國際路15號1樓之1、1樓之2、1樓之3、1樓之5、2樓之1、2樓之2、2樓之3、2樓之5、3樓之1、3樓之2、3樓之3、3樓之5、4樓之1、4樓之2、4樓之3、4樓之5、5樓之1、5樓之2、5樓之3、5樓之5。,355.11 kW,南山人壽保險股份有限公司,24SP0742-B026000001~116,5/20/26,2026-01-01~2026-03-31,認可,認可,0 MWh,114.363 MWh
天能綠電股份有限公司,立發-雲林虎尾D區屋頂型太陽光電案場,太陽能,2026,33.294,0,雲林縣虎尾鎮惠來里惠來100之2號,354.96 kW,天能綠電股份有限公司,24SP2468-B026000034~67,4/1/26,2026-02-01~2026-02-28,認可,認可,33.294 MWh,0 MWh
永純化學工業股份有限公司,永純化學工業股份有限公司-永固廠,太陽能,2026,0,65.28,桃園市蘆竹區海山路一段6號,354.64 kW,永純化學工業股份有限公司,23SP0288-B026000001~67,5/20/26,2026-01-01~2026-03-31,認可,認可,0 MWh,65.28 MWh
寶島陽光電力事業股份有限公司,昌瑞能源有限公司 (FS2002001),太陽能,2026,87.642,9,雲林縣二崙鄉紹安路28之19號,354.33 kW,寶島陽光電力事業股份有限公司,24SP1246-B026000001~106,5/20/26,2026-01-01~2026-03-31,認可,認可,87.642 MWh,9 MWh
富威電力股份有限公司,惠來光電-四湖和平段太陽光電發電廠,太陽能,2026,75.652,25.903,雲林縣四湖鄉溪底村自強路245之69號,354.295 kW,富威電力股份有限公司,25SP0614-B026000081~379,5/20/26,2026-01-01~2026-03-31,認可,認可,75.652 MWh,25.903 MWh
富威電力股份有限公司,祐茂-南投草屯太陽光電發電廠,太陽能,2026,67.529,21.989,南投縣草屯鎮玉屏路170巷51號,354.15 kW,富威電力股份有限公司,25SP1270-B026000089~368,5/20/26,2026-01-01~2026-03-31,認可,認可,67.529 MWh,21.989 MWh
艾涅爾電力股份有限公司,城八-塭岸PV0008,太陽能,2026,69.638,0,屏東縣林邊鄉塭岸段0850-0000地號,353.76 kW,艾涅爾電力股份有限公司,24SP0052-B026000001~71,4/8/26,2026-01-01~2026-02-28,認可,認可,69.638 MWh,0 MWh
十萬伏特電力股份有限公司,彰化-二億案,太陽能,2026,104.534,0,彰化縣福興鄉萬豐巷3之67、3之68號,353.43 kW,十萬伏特電力股份有限公司,25SP3881-B026000001~107,5/20/26,2026-01-01~2026-03-31,認可,認可,104.534 MWh,0 MWh
大同智能股份有限公司,台中市屋頂型太陽光電系統-台中高工一期,太陽能,2026,106.844,0,臺中市南區高工路191號,353.4 kW,大同智能股份有限公司,24SP0911-B026000001~109,5/20/26,2026-01-01~2026-03-31,認可,認可,106.844 MWh,0 MWh
南方電力股份有限公司,將軍區長榮段太陽光電發電場,太陽能,2026,117.462,0,臺南市將軍區長榮段0111-0000、0112-0000、0113-0000、0117-0000地號,353.15 kW,南方電力股份有限公司,24SP0920-B026000001~119,5/20/26,2026-01-01~2026-03-31,認可,認可,117.462 MWh,0 MWh
怡和綠電超商股份有限公司,新明(科風)-高大宿舍及停車棚(標案),太陽能,2026,83.899,0,高雄市前鎮區高雄大學路700號(宿舍及停車棚),353.1 kW,怡和綠電超商股份有限公司,25SP2497-B026000119~175,5/20/26,2026-01-01~2026-03-31,認可,認可,83.899 MWh,0 MWh
天能綠電股份有限公司,豐光01-台南施俊宇A場屋頂型太陽光電案場,太陽能,2026,93.126,10.732,臺南市柳營區台南市柳營區東昇里柳營560-5號,353.02 kW,天能綠電股份有限公司,24SP1505-B026000001~114,5/20/26,2026-01-01~2026-03-31,認可,認可,93.126 MWh,10.732 MWh
天能綠電股份有限公司,光旭盈01-台南慶峰鋼鐵屋頂型光電案場,太陽能,2026,93.53,10.283,臺南市官田區台南市官田區建業路17-2號、19號,352.875 kW,天能綠電股份有限公司,24SP1493-B026000001~116,5/20/26,2026-01-01~2026-03-31,認可,認可,93.53 MWh,10.283 MWh
康展電力股份有限公司,盛偉能源歐典,太陽能,2026,87.915,0,彰化縣埤頭鄉興工路20、28號,352.8 kW,康展電力股份有限公司,25SP1440-B026000001~93,5/20/26,2026-01-01~2026-03-31,認可,認可,87.915 MWh,0 MWh
艾涅爾電力股份有限公司,錦軒-漳興國小PV0219,太陽能,2026,72.533,0,南投縣南投市復興路669號,352.77 kW,艾涅爾電力股份有限公司,24SP0187-B026000100~133,5/20/26,2026-01-01~2026-02-28,認可,認可,72.533 MWh,0 MWh
怡和綠電超商股份有限公司,嘉創-聯合報 2,太陽能,2026,72.755,32.998,高雄市小港區大業南路31號,352.77 kW,怡和綠電超商股份有限公司,25SP2482-B026000001~112,5/20/26,2026-01-01~2026-03-31,認可,認可,72.755 MWh,32.998 MWh
怡和綠電超商股份有限公司,碩達-彰化-林國清(品裕畜牧場),太陽能,2026,99.052,0,彰化縣大城鄉北勢路30巷建272號(彰化縣大城鄉楓港段393、394、395地號),352.58 kW,怡和綠電超商股份有限公司,25SP3560-B026000002~102,5/20/26,2026-01-01~2026-03-31,認可,認可,99.052 MWh,0 MWh
怡和綠電超商股份有限公司,碩達-黃文騫,太陽能,2026,69.7,14.224,彰化縣芳苑鄉路平路建513、515號(彰化縣芳苑鄉芳興段0110-0000地號),352.23 kW,怡和綠電超商股份有限公司,25SP4188-B026000001~86,5/20/26,2026-02-01~2026-03-31,認可,認可,69.7 MWh,14.224 MWh
陽光伏特家電力股份有限公司,文鴻彰化4廠,太陽能,2026,113.599,0,彰化縣鹿港鎮振興段1906-0000地號,352 kW,陽光伏特家電力股份有限公司,24SP2340-B026000004~166,5/20/26,2026-01-01~2026-03-31,認可,認可,113.599 MWh,0 MWh
續興股份有限公司,詳勤,太陽能,2026,116.214,0,彰化縣埔鹽鄉番金路97之7、97之8號,351.9 kW,續興股份有限公司,25SP1647-B026000001~118,5/20/26,2026-01-01~2026-03-31,認可,認可,116.214 MWh,0 MWh
天能綠電股份有限公司,勝隆纖維二期(2)-彰化縣和美鎮屋頂型太陽光電案場,太陽能,2026,67.051,0,彰化縣和美鎮和港路646號,351.9 kW,天能綠電股份有限公司,25SP1547-B026000001~68,4/1/26,2026-01-01~2026-02-28,認可,認可,67.051 MWh,0 MWh
怡和綠電超商股份有限公司,怡和綠能-肯揚工業,太陽能,2026,108.346,0,高雄市岡山區本工西二路25號,351.85 kW,怡和綠電超商股份有限公司,25SP3510-B026000001~110,5/20/26,2026-01-01~2026-03-31,認可,認可,108.346 MWh,0 MWh
巨大機械工業股份有限公司,巨大機械日南廠-G棟,太陽能,2026,0,99.42,臺中市大甲區順帆路19-8號,351.54 kW,巨大機械工業股份有限公司,23SP0276-B026000001~101,5/20/26,2026-01-01~2026-03-31,認可,認可,0 MWh,99.42 MWh
怡和綠電超商股份有限公司,紫爆能源-林德勝製罐機械廠案,太陽能,2026,94.586,0,彰化縣鹿港鎮工業西七路43號(彰化縣鹿港鎮鹿工段0056-0026地號),351.21 kW,怡和綠電超商股份有限公司,25SP3983-B026000002~97,5/20/26,2026-01-01~2026-03-31,認可,認可,94.586 MWh,0 MWh
強新工業股份有限公司,強新六廠,太陽能,2026,65,45.887,臺南市佳里區臺南市佳里區萊芊寮17之32號、17之35號,351 kW,強新工業股份有限公司,25SP1670-B026000001~112,5/20/26,2026-01-01~2026-03-31,認可,認可,65 MWh,45.887 MWh
天能綠電股份有限公司,凱銳-嘉義張秋暖屋頂型太陽光電案場,太陽能,2026,0,39.449,嘉義縣民雄鄉三興村陳厝寮19之9號,350.7 kW,天能綠電股份有限公司,24SP2348-B026000001~40,5/20/26,2026-03-01~2026-03-31,認可,認可,0 MWh,39.449 MWh
寶島陽光電力事業股份有限公司,雋和四能源有限公司(張清源五),太陽能,2026,85.533,0,臺南市關廟區布袋里長和街29號,350.48 kW,寶島陽光電力事業股份有限公司,24SP1638-B026000001~88,5/20/26,2026-01-01~2026-03-31,認可,認可,85.533 MWh,0 MWh
富威電力股份有限公司,盛禾-吳美玉鴨舍太陽光電發電廠,太陽能,2026,32.939,21.724,高雄市阿蓮區港後84號,350.35 kW,富威電力股份有限公司,25SP1541-B026000081~242,5/20/26,2026-02-01~2026-03-31,認可,認可,32.939 MWh,21.724 MWh
艾涅爾電力股份有限公司,政揚-瑞昌畜牧場,太陽能,2026,23.571,37.074,雲林縣二崙鄉雲林縣二崙鄉竹圍路17之52號,350.325 kW,艾涅爾電力股份有限公司,24SP2250-B026000001~66,4/8/26,2026-01-01~2026-02-28,認可,認可,23.571 MWh,37.074 MWh
星星電力股份有限公司,茂誠 - 南投王建仁,太陽能,2026,102.723,0,南投縣魚池鄉南投縣魚池鄉大林村4鄰金天巷77-22號 / 南投縣魚池鄉司馬按段0118-0117地號,350.165 kW,星星電力股份有限公司,25SP1800-B026000001~105,5/20/26,2026-01-01~2026-03-31,認可,認可,102.723 MWh,0 MWh
十萬伏特電力股份有限公司,屏東頂柳段園區,太陽能,2026,99.338,0,屏東縣屏東市大春路177巷140弄5號,349.875 kW,十萬伏特電力股份有限公司,25SP2905-B026000001~103,5/20/26,2026-01-01~2026-03-31,認可,認可,99.338 MWh,0 MWh
鴻晶新科技股份有限公司,盛立交通有限公司,太陽能,2026,11.148,22.393,臺中市大肚區沙田路3段825號,349.86 kW,鴻晶新科技股份有限公司,26SP0145-B026000001~35,5/20/26,2026-01-01~2026-01-31,認可,認可,11.148 MWh,22.393 MWh
富威電力股份有限公司,富崴2-9世紀鋼東17碼頭太陽光電發電廠,太陽能,2026,25.305,0,新北市八里區訊塘里6鄰廈竹圍7之15號,349.68 kW,富威電力股份有限公司,25SP1938-B026000029~63,4/1/26,2026-01-01~2026-02-28,認可,認可,25.305 MWh,0 MWh
大自然能源電業股份有限公司,NP171021C002(統益-王冠之),太陽能,2026,113.183,0,南投縣埔里鎮宣安路12之2號 (南投縣埔里鎮史港段0469-0000地號),349.68 kW,大自然能源電業股份有限公司、晨星電力股份有限公司,24SP1675-B026000001~114,5/20/26,2026-01-01~2026-03-31,認可,認可,113.183 MWh,0 MWh
怡和綠電超商股份有限公司,"勝專工業社-台中市大雅區自強段2385,2386地號",太陽能,2026,108.098,0,臺中市大雅區大林路140巷79、79之1號、79之2號、79之3號、79之4號,349.6 kW,怡和綠電超商股份有限公司,25SP2472-B026000001~110,5/20/26,2026-01-01~2026-03-31,認可,認可,108.098 MWh,0 MWh
旺欉鋁業有限公司,旺欉鋁業有限公司,太陽能,2026,0,21.691,臺中市大甲區日南里東二街31號,349.32 kW,旺欉鋁業有限公司,24SP1166-B026000001~23,4/1/26,2026-01-01~2026-02-28,認可,認可,0 MWh,21.691 MWh
晶元光電股份有限公司,晶元光電南科1廠-A,太陽能,2026,0,107.518,臺南市新市區大順九路16號,349.26 kW,晶元光電股份有限公司,25SP1935-B026000001~109,5/20/26,2026-01-01~2026-03-31,認可,認可,0 MWh,107.518 MWh
開陽電力股份有限公司,聯發電網股份有限公司-光華國中,太陽能,2026,113.561,0,高雄市前鎮區和平二路170號,349.2 kW,開陽電力股份有限公司,25SP0012-B026000001~115,5/20/26,2026-01-01~2026-03-31,認可,認可,113.561 MWh,0 MWh
天能綠電股份有限公司,龐誼綠能-彰化埔鹽宏河一期屋頂型太陽光電案場,太陽能,2026,106.563,0,彰化縣埔鹽鄉員鹿路1段178巷51號,349.2 kW,天能綠電股份有限公司,24SP2335-B026000001~108,5/20/26,2026-01-01~2026-03-31,認可,認可,106.563 MWh,0 MWh
瓦力電能股份有限公司,桃園市觀音區349.06瓩,太陽能,2026,66.531,0,桃園市觀音區經建二路49號,349.06 kW,瓦力電能股份有限公司,23SP0045-B026000001~79,5/20/26,2026-01-01~2026-03-31,認可,認可,66.531 MWh,0 MWh
怡和綠電超商股份有限公司,新明(科風)-高大圖資大樓(標案),太陽能,2026,87.164,0,高雄市楠梓區高雄大學路700號(圖資大樓),348.395 kW,怡和綠電超商股份有限公司,25SP2617-B026000119~175,5/20/26,2026-01-01~2026-03-31,認可,認可,87.164 MWh,0 MWh
天能綠電股份有限公司,聯合再生02-武漢國小桃園市龍潭區屋頂型太陽能光電場,太陽能,2026,81.915,0,桃園市龍潭區武漢路100號,348.15 kW,天能綠電股份有限公司,25SP2700-B026000001~89,5/20/26,2026-01-01~2026-03-31,認可,認可,81.915 MWh,0 MWh
晉瑜企業股份有限公司,晉瑜企業彰濱廠,太陽能,2026,,,彰化縣伸港鄉彰化縣伸港鄉線工北一路12、18號,348.09 kW,晉瑜企業股份有限公司,25SP0681-B026000001~69,5/20/26,2026-01-01~2026-03-31,認可,認可,0 MWh,68.136 MWh
富威電力股份有限公司,盛禾-醒吾國中太陽光電發電廠,太陽能,2026,,,新北市林口區粉寮路1段75巷80號,348.09 kW,富威電力股份有限公司,25SP2919-B026000081~233,5/20/26,2026-02-01~2026-03-31,認可,認可,27.616 MWh,16.242 MWh
鴻揚半導體股份有限公司,鴻揚半導體股份有限公司,太陽能,2026,,,新竹市東區新竹科學園區研新三路3號、新竹科學園區研新四路8-1號,348.04 kW,鴻揚半導體股份有限公司,25SP4002-B026000001~51,5/20/26,2026-01-28~2026-03-31,認可,認可,0 MWh,50.592 MWh
中鋼光能股份有限公司,中龍氧氣廠,太陽能,2026,,,臺中市龍井區龍昌路100號,347.76 kW,中鋼光能股份有限公司,23SP0087-B026000001~90,5/20/26,2026-01-01~2026-03-31,認可,認可,88.483 MWh,0 MWh
十萬伏特電力股份有限公司,正豐工業,太陽能,2026,,,彰化縣線西鄉線平路19號,347.71 kW,十萬伏特電力股份有限公司,25SP2921-B026000001~96,5/20/26,2026-01-01~2026-03-31,認可,認可,91.325 MWh,0 MWh
南亞電路板股份有限公司,南電樹林二廠,太陽能,2026,,,新北市樹林區味王街55號,347.43 kW,南亞電路板股份有限公司,23SP0110-B026000001~80,5/20/26,2026-01-01~2026-03-31,認可,認可,0 MWh,78.24 MWh
怡和綠電超商股份有限公司,日升企業社,太陽能,2026,,,南投縣埔里鎮墘溪路19之8號(南投縣埔里鎮鯉魚潭段0039-0001地號),347.27 kW,怡和綠電超商股份有限公司,25SP3753-B026000001~98,5/20/26,2026-01-01~2026-03-31,認可,認可,95.861 MWh,0 MWh
晉瑜企業股份有限公司,晉瑜企業觀音廠,太陽能,2026,,,桃園市觀音區白玉北路1609號,347.27 kW,晉瑜企業股份有限公司,25SP0645-B026000001~55,5/20/26,2026-01-01~2026-03-31,認可,認可,0 MWh,53.508 MWh
傑傅能源股份有限公司,埔心鄉第六、第八公墓設置太陽光電發電系統（含遷葬整地）標租案-羅厝段427、440地號,太陽能,2026,,,彰化縣埔心鄉羅厝段427、440地號,347.14 kW,傑傅能源股份有限公司,24SP1962-B026000001~55,4/29/26,2026-01-01~2026-02-28,認可,認可,53.642 MWh,0 MWh
怡和綠電超商股份有限公司,駿騰光電-穎興照明,太陽能,2026,,,高雄市鳥松區美山路70巷31號,346.95 kW,怡和綠電超商股份有限公司,25SP1664-B026000001~109,5/20/26,2026-01-01~2026-03-31,認可,認可,107.435 MWh,0 MWh
大自然能源電業股份有限公司,NP081078C001(冬瓜),太陽能,2026,32.32,0,彰化縣北斗鎮大新路建710號(彰化縣北斗鎮大新段95地號),346.56 kW,大自然能源電業股份有限公司,25SP2097-B026000001~33,3/4/26,2026-01-01~2026-01-31,認可,認可,32.32 MWh,0 MWh
晨星電力股份有限公司,(加州)協進國小,太陽能,2026,1.066,0,臺南市中西區金華路4段17號,346.46 kW,晨星電力股份有限公司,25SP2546-B026000001~3,5/20/26,2026-01-01~2026-03-31,認可,認可,1.066 MWh,0 MWh
陽光伏特家電力股份有限公司,磐石嘉義1廠,太陽能,2026,86.141,0,嘉義縣東石鄉洲仔段洲仔小段0413-0000地號,346.32 kW,陽光伏特家電力股份有限公司,24SP1822-B026000001~137,5/20/26,2026-01-01~2026-03-31,認可,認可,86.141 MWh,0 MWh
阿波羅電力股份有限公司,環球大宇宙杉林區大愛園區C區路外停車場,太陽能,2026,99.273,0,高雄市杉林區月眉段一小段2147-0018、2147-0022地號,346.17 kW,阿波羅電力股份有限公司,24SP2523-B026000001~101,5/20/26,2026-01-01~2026-03-31,認可,認可,99.273 MWh,0 MWh
怡和綠電超商股份有限公司,御麒能源-雲林西螺柯芳文,太陽能,2026,66.104,39.01,雲林縣西螺鎮下湳里安南82之4號,345.94 kW,怡和綠電超商股份有限公司,25SP2896-B026000001~114,5/20/26,2026-01-01~2026-03-31,認可,認可,66.104 MWh,39.01 MWh
康展電力股份有限公司,屏東都計農里港E,太陽能,2026,93.038,0,屏東縣里港鄉屏東縣里港鄉瀰力肚段1011地號,345.87 kW,康展電力股份有限公司、中華系統整合股份有限公司,24SP0377-B026000001~95,5/20/26,2026-01-01~2026-03-31,認可,認可,93.038 MWh,0 MWh
陽光伏特家電力股份有限公司,優笠發台中1廠,太陽能,2026,27.562,0,臺中市西屯區工業區十路5號,345.6 kW,陽光伏特家電力股份有限公司,24SP1448-B026000001~29,4/1/26,2026-01-01~2026-02-28,認可,認可,27.562 MWh,0 MWh
中鋼光能股份有限公司,中聯資中港廠,太陽能,2026,90.081,0,臺中市龍井區環港路62號,345.475 kW,中鋼光能股份有限公司,23SP0159-B026000001~92,5/20/26,2026-01-01~2026-03-31,認可,認可,90.081 MWh,0 MWh
天能綠電股份有限公司,日鼎-清福長照屋頂型太陽光案場,太陽能,2026,20.988,0,新北市三峽區介壽路1段261號,345.375 kW,天能綠電股份有限公司,25SP2821-B026000001~21,3/4/26,2026-01-01~2026-01-31,認可,認可,20.988 MWh,0 MWh
三地怪獸電力股份有限公司,展昇屏東縣東港鎮屋頂型太陽光電,太陽能,2026,104.818,5.473,屏東縣東港鎮豐漁街66號,345.34 kW,三地怪獸電力股份有限公司,25SP3180-B026000002~120,5/20/26,2026-01-01~2026-03-31,認可,認可,104.818 MWh,5.473 MWh
鴻晶新科技股份有限公司,鎰屏棠企業社即負責人張碧珠,太陽能,2026,84.992,0,彰化縣線西鄉漁港路1010巷28號,345 kW,鴻晶新科技股份有限公司,25SP0917-B026000001~86,5/20/26,2026-01-01~2026-03-31,認可,認可,84.992 MWh,0 MWh
寶島陽光電力事業股份有限公司,玉衡能源股份有限公司(TW180827),太陽能,2026,88.569,16.006,臺南市安平區世平路1號,344.955 kW,寶島陽光電力事業股份有限公司,24SP2165-B026000001~112,5/20/26,2026-01-01~2026-03-31,認可,認可,88.569 MWh,16.006 MWh
星星電力股份有限公司,琉璃光_北門2,太陽能,2026,11.08,0,臺南市北門區臺南市北門區麗湖段804地號,344.8 kW,星星電力股份有限公司,24SP0073-B026000002~16,5/20/26,2026-01-01~2026-03-31,認可,認可,11.08 MWh,0 MWh
大自然能源電業股份有限公司,NP181090C001景發(橫山一巷6號),太陽能,2026,92.06,12.619,高雄市仁武區橫山一巷6號,344.7 kW,大自然能源電業股份有限公司,25SP3449-B026000001~111,5/20/26,2026-01-01~2026-03-31,認可,認可,92.06 MWh,12.619 MWh
晨星電力股份有限公司,(統益)北門綜合長照機構,太陽能,2026,117.372,0,臺南市北門區溪底寮段二重港小段0138-0002、0154-0002、0155-0001、0155-0006、0155-0007、0183-0009、0183-0013、0183-0014、0183-0019、0183-0020地號,344.64 kW,晨星電力股份有限公司,25SP4237-B026000001~119,5/20/26,2026-01-01~2026-03-31,認可,認可,117.372 MWh,0 MWh
怡和綠電超商股份有限公司,晁能-里平段1061-2地號,太陽能,2026,106.21,0,屏東縣里港鄉里平段1061-2地號,344.5 kW,怡和綠電超商股份有限公司,25SP1307-B026000001~108,5/20/26,2026-01-01~2026-03-31,認可,認可,106.21 MWh,0 MWh
怡和綠電超商股份有限公司,克林-里平段1061地號,太陽能,2026,114.184,0,屏東縣里港鄉里平段1061地號,344.5 kW,怡和綠電超商股份有限公司,25SP1602-B026000001~116,5/20/26,2026-01-01~2026-03-31,認可,認可,114.184 MWh,0 MWh
艾涅爾電力股份有限公司,吳慶彥PV0948,太陽能,2026,65.818,0,彰化縣秀水鄉民意街395巷建127號,344.41 kW,艾涅爾電力股份有限公司,23SP0414-B026000001~67,4/8/26,2026-01-01~2026-02-28,認可,認可,65.818 MWh,0 MWh
天能綠電股份有限公司,光旭盈03--屏東春發蛋行屋頂型光電案場,太陽能,2026,105.871,4.258,屏東縣崁頂鄉北勢村後廍路62號,344.4 kW,天能綠電股份有限公司,25SP0114-B026000001~120,5/20/26,2026-01-01~2026-03-31,認可,認可,105.871 MWh,4.258 MWh
續興股份有限公司,旭信電力友福廠,太陽能,2026,75.399,0,桃園市大園區潮音二路619號,344.25 kW,續興股份有限公司,24SP0975-B026000001~75,5/20/26,2026-01-01~2026-03-31,認可,認可,75.399 MWh,0 MWh
天能綠電股份有限公司,聯合再生39-楊光國中小桃園市楊梅區屋頂型太陽能光電場,太陽能,2026,75.849,0,桃園市楊梅區瑞溪路1段88號,344.08 kW,天能綠電股份有限公司,25SP0560-B026000001~84,5/20/26,2026-01-01~2026-03-31,認可,認可,75.849 MWh,0 MWh
中鋼光能股份有限公司,中鋼南站80000T原水池&VC-1F03原水池,太陽能,2026,87.002,0,高雄市小港區中鋼路1號,344.04 kW,中鋼光能股份有限公司,22SP0131-B026000001~89,5/20/26,2026-01-01~2026-03-31,認可,認可,87.002 MWh,0 MWh
怡和綠電超商股份有限公司,欣雄-高都岡山 TOYOTA,太陽能,2026,25.534,0,高雄市岡山區岡山路620號,343.98 kW,怡和綠電超商股份有限公司,25SP2576-B026000031~56,4/1/26,2026-02-01~2026-02-28,認可,認可,25.534 MWh,0 MWh
艾涅爾電力股份有限公司,瑞陽-鈦祥,太陽能,2026,51.821,0,彰化縣鹿港鎮環工十二路16號,343.965 kW,艾涅爾電力股份有限公司,24SP1999-B026000001~53,4/8/26,2026-01-01~2026-02-28,認可,認可,51.821 MWh,0 MWh
晨星電力股份有限公司,(加州儲能)大同國小,太陽能,2026,108.947,0,臺南市東區榮譽街30號,343.74 kW,晨星電力股份有限公司,25SP2559-B026000001~111,5/20/26,2026-01-01~2026-03-31,認可,認可,108.947 MWh,0 MWh
晨星電力股份有限公司,(沅碁)香菇寮,太陽能,2026,74.363,0,嘉義縣太保市安仁里三塊厝27之5號,343.68 kW,晨星電力股份有限公司,25SP2219-B026000001~75,5/20/26,2026-01-01~2026-03-31,認可,認可,74.363 MWh,0 MWh
立肯國際股份有限公司,立肯中壢廠太陽能系統,太陽能,2026,0,24.161,桃園市中壢區東園路38號,343.375 kW,立肯國際股份有限公司,22SP0110-B026000001~25,5/20/26,2026-01-01~2026-03-31,認可,認可,0 MWh,24.161 MWh
康展電力股份有限公司,冠越科技工程_業永實業,太陽能,2026,115.365,0,高雄市阿蓮區中正路216巷66號,343.2 kW,康展電力股份有限公司,25SP3128-B026000001~124,5/20/26,2026-01-01~2026-03-31,認可,認可,115.365 MWh,0 MWh
陽光伏特家電力股份有限公司,文鴻彰化3廠,太陽能,2026,117.318,0,彰化縣和美鎮嘉慶段0493-0000地號,343.2 kW,陽光伏特家電力股份有限公司,24SP2341-B026000001~168,5/20/26,2026-01-01~2026-03-31,認可,認可,117.318 MWh,0 MWh
華城能源股份有限公司,美菩居,太陽能,2026,39.89,0,宜蘭縣五結鄉利工段0175-0007地號,343.14 kW,華城能源股份有限公司,25SP3206-B026000001~47,5/20/26,2026-01-01~2026-03-31,認可,認可,39.89 MWh,0 MWh
寶島陽光電力事業股份有限公司,昌瑞能源有限公司(陳信安),太陽能,2026,60.264,39.289,嘉義縣六腳鄉魚寮村魚寮144之16號,342.79 kW,寶島陽光電力事業股份有限公司,24SP2433-B026000001~107,5/20/26,2026-01-01~2026-03-31,認可,認可,60.264 MWh,39.289 MWh
艾涅爾電力股份有限公司,莊陳秀專PV0131,太陽能,2026,59.3,3.617,臺南市後壁區墨林里菁寮405號,342.375 kW,艾涅爾電力股份有限公司,23SP0318-B026000060~310,4/8/26,2026-01-01~2026-02-28,認可,認可,59.3 MWh,3.617 MWh
艾涅爾電力股份有限公司,永旭-紀山明PV0116,太陽能,2026,64.771,0,雲林縣水林鄉水南村埔尾100號,342.2 kW,艾涅爾電力股份有限公司,25SP1548-B026000001~66,4/8/26,2026-01-01~2026-02-28,認可,認可,64.771 MWh,0 MWh
宇軒電業股份有限公司,土庫段1271-2地號,太陽能,2026,34.513,0,屏東縣里港鄉土庫段1271-2地號,341.76 kW,宇軒電業股份有限公司,25SP1994-B026000032~66,4/15/26,2026-02-01~2026-02-28,認可,認可,34.513 MWh,0 MWh
怡和綠電超商股份有限公司,穎建-穎建341.25,太陽能,2026,67.86,26.762,雲林縣褒忠鄉新湖81之6號,341.25 kW,怡和綠電超商股份有限公司,25SP2775-B026000001~103,5/20/26,2026-01-01~2026-03-31,認可,認可,67.86 MWh,26.762 MWh
宇軒電業股份有限公司,海口段655-1地號,太陽能,2026,30.827,0,雲林縣臺西鄉海口段655-1地號,341.04 kW,宇軒電業股份有限公司,25SP3231-B026000031~61,4/15/26,2026-02-01~2026-02-28,認可,認可,30.827 MWh,0 MWh
恆利電能股份有限公司,RKA-大村1 (340.77kw),太陽能,2026,60.111,0,彰化縣大村鄉大崙路11之23號,340.77 kW,恆利電能股份有限公司,24SP1859-B026000001~65,4/29/26,2026-01-01~2026-02-28,認可,認可,60.111 MWh,0 MWh
寶島陽光電力事業股份有限公司,豐照能源股份有限公司 (TW180936),太陽能,2026,77.148,0,雲林縣崙背鄉東興2號、東興30之1號、東興30之200號,340.6 kW,寶島陽光電力事業股份有限公司,24SP2594-B026000001~79,5/20/26,2026-01-01~2026-03-31,認可,認可,77.148 MWh,0 MWh
陽光伏特家電力股份有限公司,新光彰化39廠,太陽能,2026,43.012,0,彰化縣芳苑鄉大同二路建856號,340.56 kW,陽光伏特家電力股份有限公司,23SP0418-B026000001~44,5/20/26,2026-01-01~2026-03-31,認可,認可,43.012 MWh,0 MWh
艾涅爾電力股份有限公司,福展-國震中心,太陽能,2026,53.241,0,臺南市歸仁區中正南路一段2001號,340.56 kW,艾涅爾電力股份有限公司,24SP1463-B026000001~54,4/8/26,2026-01-01~2026-02-28,認可,認可,53.241 MWh,0 MWh
怡和綠電超商股份有限公司,欣雄-高都鳳山 TOYOTA,太陽能,2026,25.911,0,高雄市鳳山區建國路一段410號,340.2 kW,怡和綠電超商股份有限公司,25SP2436-B026000031~56,4/1/26,2026-02-01~2026-02-28,認可,認可,25.911 MWh,0 MWh
天能綠電股份有限公司,光旭盈09-台中綠點屋頂型光電案場,太陽能,2026,100.815,0,臺中市大雅區台中市大雅區神林路一段256、266號,340.075 kW,天能綠電股份有限公司,24SP2364-B026000001~107,5/20/26,2026-01-01~2026-03-31,認可,認可,100.815 MWh,0 MWh
怡和綠電超商股份有限公司,寶冠虹-水尾路21-1號,太陽能,2026,69.653,0,屏東縣九如鄉水尾路21之1號(九如鄉大坵段771地號(重測前:九如鄉三塊厝544-36地號)),340.07 kW,怡和綠電超商股份有限公司,25SP1097-B026000001~72,5/20/26,2026-01-01~2026-03-31,認可,認可,69.653 MWh,0 MWh
天能綠電股份有限公司,聯合再生03-永安國小桃園市新屋區屋頂型太陽能光電場,太陽能,2026,64.723,0,桃園市新屋區中山西路2段1320號,340 kW,天能綠電股份有限公司,25SP0609-B026000001~73,5/20/26,2026-01-01~2026-03-31,認可,認可,64.723 MWh,0 MWh
陽光伏特家電力股份有限公司,暘至彰化2廠,太陽能,2026,45.582,0,"彰化縣竹塘鄉長安段1103, 1110, 1111地號",339.93 kW,陽光伏特家電力股份有限公司,25SP1354-B026000016~302,4/1/26,2026-01-01~2026-02-28,認可,認可,45.582 MWh,0 MWh
南方電力股份有限公司,豐光潔能-王秀菁太陽光電發電廠,太陽能,2026,92.256,0,屏東縣萬巒鄉赤山村東山路1之31號,339.5 kW,南方電力股份有限公司,24SP2220-B026000001~94,5/20/26,2026-01-01~2026-03-31,認可,認可,92.256 MWh,0 MWh
天能綠電股份有限公司,聯合再生40-楊梅高中桃園市楊梅區屋頂型太陽能光電場,太陽能,2026,75.974,0,桃園市楊梅區高獅路5號,339.32 kW,天能綠電股份有限公司,25SP0565-B026000001~84,5/20/26,2026-01-01~2026-03-31,認可,認可,75.974 MWh,0 MWh
續興股份有限公司,柳營何海全豬舍,太陽能,2026,78.36,0,臺南市柳營區果毅後5之100號,339.255 kW,續興股份有限公司,24SP0397-B026000001~80,5/20/26,2026-01-01~2026-03-31,認可,認可,78.36 MWh,0 MWh
怡和綠電超商股份有限公司,興發-琉球鄉垃圾場(標案),太陽能,2026,112.138,0,屏東縣琉球鄉中山路2之1號(垃圾轉運站-倉儲資源回收廠、焚化爐、垃圾停車場、資源回收場-漂流木處理廠、維修廠-垃圾堆置場),339.09 kW,怡和綠電超商股份有限公司,25SP1303-B026000001~114,5/20/26,2026-01-01~2026-03-31,認可,認可,112.138 MWh,0 MWh
瓦力電能股份有限公司,桃園市楊梅區338.83瓩,太陽能,2026,75.75,0,桃園市楊梅區楊湖路一段279號,338.83 kW,瓦力電能股份有限公司,23SP0044-B026000002~88,5/20/26,2026-01-01~2026-03-31,認可,認可,75.75 MWh,0 MWh
阿波羅電力股份有限公司,達興畢李寶惜1,太陽能,2026,51.826,38.669,澎湖縣白沙鄉下瓦硐段999、1001地號,338.64 kW,阿波羅電力股份有限公司,25SP3199-B026000001~92,5/20/26,2026-01-01~2026-03-31,認可,認可,51.826 MWh,38.669 MWh
新模螺絲股份有限公司,新模螺絲嘉華路,太陽能,2026,0,73.512,高雄市岡山區嘉華路5號、7號、9號,338.2 kW,新模螺絲股份有限公司,25SP0619-B026000001~75,5/20/26,2026-01-01~2026-03-31,認可,認可,0 MWh,73.512 MWh
續興股份有限公司,阿蓮易鐵(B棟),太陽能,2026,101.627,0,高雄市阿蓮區復安13之26號,338.1 kW,續興股份有限公司,25SP1943-B026000001~103,5/20/26,2026-01-01~2026-03-31,認可,認可,101.627 MWh,0 MWh
艾涅爾電力股份有限公司,蔡周聰 PV0611,太陽能,2026,58.582,0,雲林縣四湖鄉埤尾路268號,337.96 kW,艾涅爾電力股份有限公司,23SP0445-B026000001~490,4/8/26,2026-01-01~2026-02-28,認可,認可,58.582 MWh,0 MWh
大自然能源電業股份有限公司,NP091044C001(蘇俊宏牧場87-8號),太陽能,2026,64.831,0,嘉義縣義竹鄉安溪寮87之8號,337.92 kW,大自然能源電業股份有限公司,24SP1433-B026000001~66,4/1/26,2026-01-01~2026-02-28,認可,認可,64.831 MWh,0 MWh
能元超商股份有限公司,和廣(二),太陽能,2026,91.73,0,嘉義縣大林鎮大美里大埔美園區三路66之2號,337.92 kW,能元超商股份有限公司,25SP3073-B026000001~93,5/20/26,2026-01-01~2026-03-31,認可,認可,91.73 MWh,0 MWh
艾涅爾電力股份有限公司,佑銓-潤泰精密公司,太陽能,2026,36.191,0,屏東縣里港鄉中南1之7、1之8號,337.68 kW,艾涅爾電力股份有限公司,24SP1288-B026000001~37,4/8/26,2026-01-01~2026-02-28,認可,認可,36.191 MWh,0 MWh
續興股份有限公司,南亞_圖書&教學&工程三,太陽能,2026,62.977,0,桃園市中壢區中山東路3段414號,337.44 kW,續興股份有限公司,25SP3373-B026000001~65,5/20/26,2026-01-01~2026-03-31,認可,認可,62.977 MWh,0 MWh
阿波羅電力股份有限公司,光源道光場337.43kW,太陽能,2026,66.07,44.71,臺南市佳里區安西132之14號、132之26號,337.43 kW,阿波羅電力股份有限公司,25SP1827-B026000001~112,5/20/26,2026-01-01~2026-03-31,認可,認可,66.07 MWh,44.71 MWh
陽光伏特家電力股份有限公司,耆光新花蓮1廠,太陽能,2026,68.026,0,花蓮縣光復鄉大安段535-1地號,337.28 kW,陽光伏特家電力股份有限公司,24SP0964-B026000001~70,5/20/26,2026-01-01~2026-03-31,認可,認可,68.026 MWh,0 MWh
宇軒電業股份有限公司,台南-麗湖段427.428地號,太陽能,2026,36.531,0,臺南市北門區麗湖段427、428地號,337.02 kW,宇軒電業股份有限公司,25SP1338-B026000038~74,4/15/26,2026-02-01~2026-02-28,認可,認可,36.531 MWh,0 MWh
艾涅爾電力股份有限公司,國晉-潭興精工PV0067,太陽能,2026,58.796,0,臺中市豐原區榮春街336號,336.875 kW,艾涅爾電力股份有限公司,24SP1438-B026000002~76,4/8/26,2026-01-01~2026-02-28,認可,認可,58.796 MWh,0 MWh
康展電力股份有限公司,冠越科技工程_盛美,太陽能,2026,104.796,0,臺南市安南區安新一路99號,336.72 kW,康展電力股份有限公司,25SP2857-B026000001~115,5/20/26,2026-01-01~2026-03-31,認可,認可,104.796 MWh,0 MWh
天能綠電股份有限公司,高雄岡山享溫馨屋頂型太陽光電案場,太陽能,2026,103.694,0,高雄市岡山區捷安路26、28號,336.66 kW,天能綠電股份有限公司,24SP0096-B026000001~106,5/20/26,2026-01-01~2026-03-31,認可,認可,103.694 MWh,0 MWh
天能綠電股份有限公司,聯合再生04-復旦國小桃園市平鎮區屋頂型太陽能光電場,太陽能,2026,49.765,0,桃園市平鎮區廣平街1號,336.6 kW,天能綠電股份有限公司,25SP2701-B026000001~58,5/20/26,2026-01-01~2026-03-31,認可,認可,49.765 MWh,0 MWh
艾涅爾電力股份有限公司,育渲-台中承興,太陽能,2026,14.632,46.048,臺中市神岡區中山路1720巷13號,336.2 kW,艾涅爾電力股份有限公司,24SP0701-B026000001~65,4/8/26,2026-01-01~2026-02-28,認可,認可,14.632 MWh,46.048 MWh
續興股份有限公司,安南松哥雞舍一期,太陽能,2026,105.624,0,臺南市安南區城西街3段510巷311號,336.11 kW,續興股份有限公司,24SP1374-B026000001~107,5/20/26,2026-01-01~2026-03-31,認可,認可,105.624 MWh,0 MWh
三地怪獸電力股份有限公司,展昇屏東縣九如鄉屋頂型太陽光電,太陽能,2026,98.505,5.314,屏東縣九如鄉光明巷5之25號,336 kW,三地怪獸電力股份有限公司,25SP3179-B026000001~116,5/20/26,2026-01-01~2026-03-31,認可,認可,98.505 MWh,5.314 MWh
香印永續股份有限公司,裕慶環境工程,太陽能,2026,74.172,0,屏東縣長治鄉華錦街116巷8號,336 kW,香印永續股份有限公司,25SP0567-B026000005~153,5/20/26,2026-01-01~2026-03-31,認可,認可,74.172 MWh,0 MWh
台灣晶技股份有限公司,平鎮廠二期,太陽能,2026,0,66.046,桃園市平鎮區工業六路4號,336 kW,台灣晶技股份有限公司,23SP0072-B026000001~67,5/20/26,2026-01-01~2026-03-31,認可,認可,0 MWh,66.046 MWh
陽光伏特家電力股份有限公司,旭陽雲林2廠,太陽能,2026,35.449,0,雲林縣斗六市科班路25號,336 kW,陽光伏特家電力股份有限公司,24SP0346-B026000010~70,5/20/26,2026-01-01~2026-03-31,認可,認可,35.449 MWh,0 MWh
阿波羅電力股份有限公司,路加林錦成案,太陽能,2026,110.776,0,彰化縣秀水鄉水尾巷11弄61號,335.79 kW,阿波羅電力股份有限公司,25SP1469-B026000001~120,5/20/26,2026-01-01~2026-03-31,認可,認可,110.776 MWh,0 MWh
星星電力股份有限公司,雄利 - 新興段469地號,太陽能,2026,94.085,0,屏東縣屏東市新興段0469-0000地號,335.6 kW,星星電力股份有限公司,25SP2303-B026000001~95,5/20/26,2026-01-01~2026-03-31,認可,認可,94.085 MWh,0 MWh
瓦特先生股份有限公司,I-AR21-085 下潭國小,太陽能,2026,107.164,0,嘉義縣鹿草鄉鹿草鄉光潭村196號,335.58 kW,瓦特先生股份有限公司,24SP0463-B026000001~108,5/20/26,2026-01-01~2026-03-31,認可,認可,107.164 MWh,0 MWh
天能綠電股份有限公司,嘉義縣義竹鄉東後寮段雞舍一期屋頂型太陽光電案場,太陽能,2026,100.872,0,嘉義縣義竹鄉東光村東後寮16號之7,335.5 kW,天能綠電股份有限公司,23SP0224-B026000001~102,5/20/26,2026-01-01~2026-03-31,認可,認可,100.872 MWh,0 MWh
大自然能源電業股份有限公司,NP121034C005竹田-神農段428地號,太陽能,2026,68.827,0,屏東縣竹田鄉神農段0428-0000地號,335.4 kW,大自然能源電業股份有限公司,24SP1394-B026000001~70,4/1/26,2026-01-01~2026-02-28,認可,認可,68.827 MWh,0 MWh
續興股份有限公司,聯米台東關山,太陽能,2026,0,77.059,臺東縣關山鎮新福里順興38、39號,335.335 kW,續興股份有限公司,25SP2598-B026000001~79,5/20/26,2026-01-01~2026-03-31,認可,認可,0 MWh,77.059 MWh
天能綠電股份有限公司,豐光_鄭智城屋頂型太陽光電案場,太陽能,2026,89.496,11.137,屏東縣鹽埔鄉德協路123號,335.25 kW,天能綠電股份有限公司,25SP3062-B026000001~107,5/20/26,2026-01-01~2026-03-31,認可,認可,89.496 MWh,11.137 MWh
星星電力股份有限公司,允強 - 溪州廠A1外,太陽能,2026,79.401,0,彰化縣彰化市舊眉村中山路4段270號,335.16 kW,星星電力股份有限公司,24SP1649-B026000001~82,5/20/26,2026-01-01~2026-03-31,認可,認可,79.401 MWh,0 MWh
璟鋒工業股份有限公司,璟鋒工業股份有限公司,太陽能,2026,0,69.177,臺南市關廟區關新路一段628號,334.745 kW,璟鋒工業股份有限公司,24SP1106-B026000001~71,5/20/26,2026-01-01~2026-03-31,認可,認可,0 MWh,69.177 MWh
南方電力股份有限公司,泓錠勝利國小太陽光電發電廠,太陽能,2026,44.026,0,高雄市左營區新夏段54地號,334.56 kW,南方電力股份有限公司,25SP2210-B026000001~47,5/20/26,2026-03-01~2026-03-31,認可,認可,44.026 MWh,0 MWh
台灣富士電子材料股份有限公司,富士電子(南科廠),太陽能,2026,0,100.403,臺南市善化區環東路2段28號,334.54 kW,台灣富士電子材料股份有限公司,24SP1300-B026000001~101,5/20/26,2026-01-01~2026-03-31,認可,認可,0 MWh,100.403 MWh
天能綠電股份有限公司,綠順-高雄市仁武區灣北段888地號（仁特二期）,太陽能,2026,48.928,0,高雄市仁武區灣北段0888-0000地號,334.53 kW,天能綠電股份有限公司,24SP1426-B026000002~51,4/22/26,2026-01-01~2026-02-28,認可,認可,48.928 MWh,0 MWh
怡和綠電超商股份有限公司,晴美能源-竹田林保堂,太陽能,2026,31.779,0,屏東縣竹田鄉鳳安路105巷39號,334.425 kW,怡和綠電超商股份有限公司,25SP1603-B026000032~63,4/1/26,2026-02-01~2026-02-28,認可,認可,31.779 MWh,0 MWh
怡和綠電超商股份有限公司,惠嘉電-彰化縣鹿港鎮鹿工路53號,太陽能,2026,94.656,0,彰化縣鹿港鎮鹿工路53號(彰化縣鹿港鎮鹿海段0031-0025地號),334.4 kW,怡和綠電超商股份有限公司,25SP3773-B026000002~97,5/20/26,2026-01-01~2026-03-31,認可,認可,94.656 MWh,0 MWh
陽光伏特家電力股份有限公司,新光彰化21廠,太陽能,2026,91.245,0,彰化縣芳苑鄉上城路1-38巷建71號,334.18 kW,陽光伏特家電力股份有限公司,23SP0439-B026000001~95,5/20/26,2026-01-01~2026-03-31,認可,認可,91.245 MWh,0 MWh
大自然能源電業股份有限公司,NP121034C004竹田-神農段420地號,太陽能,2026,65.908,0,屏東縣竹田鄉神農段0420-0000地號,334.1 kW,大自然能源電業股份有限公司,24SP1393-B026000001~67,4/1/26,2026-01-01~2026-02-28,認可,認可,65.908 MWh,0 MWh
艾涅爾電力股份有限公司,台一-宗嘉公司PV0142,太陽能,2026,59.109,0,雲林縣莿桐鄉中村6、6-2號,333.9 kW,艾涅爾電力股份有限公司,25SP0852-B026000001~60,4/8/26,2026-01-01~2026-02-28,認可,認可,59.109 MWh,0 MWh
星星電力股份有限公司,緒陽_盟昌企業社-第一期&第二期,太陽能,2026,107.693,0,臺南市佳里區台南市佳里區民安里同安寮81之5、81之6號,333.6 kW,星星電力股份有限公司,24SP0885-B026000001~108,5/20/26,2026-01-01~2026-03-31,認可,認可,107.693 MWh,0 MWh
萬事達切削科技股份有限公司,萬事達切削科技股份有限公司,太陽能,2026,0,97.28,臺南市安南區工業六路10號,333.54 kW,萬事達切削科技股份有限公司,24SP2471-B026000001~98,5/20/26,2026-01-01~2026-03-31,認可,認可,0 MWh,97.28 MWh
台灣中油股份有限公司,台中液化天然氣廠修造大樓,太陽能,2026,0,83.901,臺中市梧棲區南堤路2段88號,333.48 kW,台灣中油股份有限公司,19SP0025-B026000001~86,5/20/26,2026-01-01~2026-03-31,認可,認可,0 MWh,83.901 MWh
大自然能源電業股份有限公司,NP0510C003向陽能源(貴舍),太陽能,2026,79.543,0,嘉義縣布袋鎮貴舍段0452-0000、0453-0002地號,333.125 kW,大自然能源電業股份有限公司,24SP1528-B026000001~90,5/20/26,2026-01-01~2026-03-31,認可,認可,79.543 MWh,0 MWh
寶富電力股份有限公司,智捷能源股份有限公司-保潭段0030-0000地號,太陽能,2026,31.836,0,桃園市觀音區保潭段0030-0000地號,332.88 kW,寶富電力股份有限公司,25SP0897-B026000025~61,5/20/26,2026-02-01~2026-03-31,認可,認可,31.836 MWh,0 MWh
寶島陽光電力事業股份有限公司,豐照能源股份有限公司(TW190975),太陽能,2026,86.011,0,彰化縣二林鎮新萬合段39地號,332.8 kW,寶島陽光電力事業股份有限公司,24SP2573-B026000001~88,5/20/26,2026-01-01~2026-03-31,認可,認可,86.011 MWh,0 MWh
星星電力股份有限公司,神岡營區錶1-C棟C1區/I 棟/G棟,太陽能,2026,111.247,0,臺中市大雅區中清路5段2號(臺中市神岡區圳堵段01095-000、01099-000、01101-000建號),332.64 kW,星星電力股份有限公司,25SP3349-B026000001~113,5/20/26,2026-01-01~2026-03-31,認可,認可,111.247 MWh,0 MWh
怡和綠電超商股份有限公司,欣雄-屏東內埔龍潭案846,太陽能,2026,31.361,0,屏東縣內埔鄉龍潭段846地號,332.63 kW,怡和綠電超商股份有限公司,25SP0335-B026000032~63,4/1/26,2026-02-01~2026-02-28,認可,認可,31.361 MWh,0 MWh
南方電力股份有限公司,高樹國小太陽光電發電廠,太陽能,2026,100.618,0,屏東縣高樹鄉華光路32號,332.32 kW,南方電力股份有限公司,24SP0128-B026000001~102,5/20/26,2026-01-01~2026-03-31,認可,認可,100.618 MWh,0 MWh
旭紘環保科技股份有限公司,旭紘環保科技股份有限公司,太陽能,2026,0,60.702,屏東縣枋寮鄉科技路7號,332.12 kW,旭紘環保科技股份有限公司,24SP1924-B026000001~62,5/20/26,2026-01-01~2026-03-31,認可,認可,0 MWh,60.702 MWh
南茂科技股份有限公司,南茂科技104,太陽能,2026,0,107.426,臺南市新市區南科七路3號,332.01 kW,南茂科技股份有限公司,25SP0937-B026000001~109,5/20/26,2026-01-01~2026-03-31,認可,認可,0 MWh,107.426 MWh
南山人壽保險股份有限公司,新市園區C棟,太陽能,2026,0,110.375,臺南市新市區國際路13號1樓之1、1樓之2、1樓之3、1樓之5、1樓之6、1樓之7、1樓之8、1樓之10、1樓之12、1樓之16、 5樓之1、5樓之2、5樓之3、5樓之5、5樓之6、5樓之7、5樓之8、5樓之9、5樓之10、 6樓之1、6樓之2、6樓之3、6樓之5、6樓之6、6樓之7、6樓之8、6樓之9、6樓之10、 7樓之1、7樓之2、7樓之3、7樓之5、7樓之6、7樓之7、7樓之8、7樓之9、7樓之10。,331.97 kW,南山人壽保險股份有限公司,24SP0831-B026000001~111,5/20/26,2026-01-01~2026-03-31,認可,認可,0 MWh,110.375 MWh
天能綠電股份有限公司,富宇_崇華國小第一教學大樓,太陽能,2026,0,26.975,屏東縣長治鄉新興路38號(屏東縣私立崇華雙語中小學(行政大樓含國小部)),331.53 kW,天能綠電股份有限公司,25SP3275-B026000001~27,4/22/26,2026-01-01~2026-01-31,認可,認可,0 MWh,26.975 MWh
大自然能源電業股份有限公司,NP121042C001(頓物段49地號),太陽能,2026,103.762,0,屏東縣竹田鄉頓物段49地號,331.5 kW,大自然能源電業股份有限公司,24SP1646-B026000001~107,5/20/26,2026-01-01~2026-03-31,認可,認可,103.762 MWh,0 MWh
富威電力股份有限公司,富崴2-5-麥世科太陽光電發電廠,太陽能,2026,28.353,0,苗栗縣後龍鎮東明里下浮尾119之1號,331.39 kW,富威電力股份有限公司,25SP1295-B026000031~67,4/1/26,2026-01-01~2026-02-28,認可,認可,28.353 MWh,0 MWh
大自然能源電業股份有限公司,NP121072C010銘光(鍾建廷(3棟)),太陽能,2026,89.75,8.537,屏東縣萬巒鄉民生路1之6號,331.32 kW,大自然能源電業股份有限公司,25SP3286-B026000001~105,5/20/26,2026-01-01~2026-03-31,認可,認可,89.75 MWh,8.537 MWh
星星電力股份有限公司,傑陽-二崙-林萬福,太陽能,2026,101.585,0,雲林縣二崙鄉新興路85之6、85之7號,331.32 kW,星星電力股份有限公司,25SP3000-B026000001~103,5/20/26,2026-01-01~2026-03-31,認可,認可,101.585 MWh,0 MWh
台灣穗高科技股份有限公司,(三廠停車場)太陽能設備,太陽能,2026,0,98.42,臺南市新市區大業一路5號,331.24 kW,台灣穗高科技股份有限公司,25SP0066-B026000001~100,5/20/26,2026-01-01~2026-03-31,認可,認可,0 MWh,98.42 MWh
全台晶像股份有限公司,全台晶像股份有限公司-第三期,太陽能,2026,0,110.403,高雄市前鎮區南三路5號,331.1 kW,全台晶像股份有限公司,25SP0188-B026000001~113,5/20/26,2026-01-01~2026-03-31,認可,認可,0 MWh,110.403 MWh
葆璨企業股份有限公司,葆璨企業股份有限公司,太陽能,2026,0,50.54,彰化縣鹿港鎮鹿工南四路16號,331.08 kW,葆璨企業股份有限公司,25SP0676-B026000001~52,5/20/26,2026-01-01~2026-03-31,認可,認可,0 MWh,50.54 MWh
續興股份有限公司,兆豐冷藏,太陽能,2026,114.061,0,彰化縣福興鄉外中街22號,330.27 kW,續興股份有限公司,25SP2351-B026000001~115,5/20/26,2026-01-01~2026-03-31,認可,認可,114.061 MWh,0 MWh
怡和綠電超商股份有限公司,欣雄-佳里國中(幼稚園)屋頂型、地面型(停車場),太陽能,2026,52.304,40.657,臺南市佳里區安南路546號(佳里國中)、廣安段0144-0000地號,330.05 kW,怡和綠電超商股份有限公司,25SP2682-B026000001~94,5/20/26,2026-01-01~2026-03-31,認可,認可,52.304 MWh,40.657 MWh
天能綠電股份有限公司,聯合再生05-忠貞國小桃園市平鎮區屋頂型太陽能光電場,太陽能,2026,76.518,0,桃園市平鎮區龍南路315號,330 kW,天能綠電股份有限公司,25SP1474-B026000001~83,5/20/26,2026-01-01~2026-03-31,認可,認可,76.518 MWh,0 MWh
天能綠電股份有限公司,光旭盈14--台中江興一期屋頂型光電案場,太陽能,2026,92.88,0,臺中市西屯區協和南巷3之1號,330 kW,天能綠電股份有限公司,25SP0693-B026000001~97,5/20/26,2026-01-01~2026-03-31,認可,認可,92.88 MWh,0 MWh
續興股份有限公司,富帥二廠,太陽能,2026,91.191,0,南投縣南投市仁和路8號,329.475 kW,續興股份有限公司,25SP3008-B026000001~92,5/20/26,2026-01-01~2026-03-31,認可,認可,91.191 MWh,0 MWh
中鋼機械股份有限公司,鑄造場A棟．B棟,太陽能,2026,0,102.883,高雄市小港區台機路3號,329.23 kW,中鋼機械股份有限公司,24SP0328-B026000001~104,5/20/26,2026-01-01~2026-03-31,認可,認可,0 MWh,102.883 MWh
續興股份有限公司,溪口柳溝873,太陽能,2026,101.529,0,嘉義縣溪口鄉柳溝村南靖厝87之3號,329.22 kW,續興股份有限公司,24SP0808-B026000001~103,5/20/26,2026-01-01~2026-03-31,認可,認可,101.529 MWh,0 MWh
中鋼光能股份有限公司,中碳屏南試驗工廠,太陽能,2026,90.981,0,屏東縣枋寮鄉東海村永翔路2-6號,328.9 kW,中鋼光能股份有限公司,23SP0058-B026000001~93,5/20/26,2026-01-01~2026-03-31,認可,認可,90.981 MWh,0 MWh
艾涅爾電力股份有限公司,瑞馳-瑞馳機械PV0155,太陽能,2026,38.025,0,臺中市大甲區開元路44號,328.7 kW,艾涅爾電力股份有限公司,25SP0532-B026000001~40,4/8/26,2026-01-01~2026-02-28,認可,認可,38.025 MWh,0 MWh
大自然能源電業股份有限公司,"NP091019C003(向南-黃國明一,二)",太陽能,2026,27.288,0,嘉義縣朴子市新庄里10之12號,328.65 kW,大自然能源電業股份有限公司,24SP1555-B026000001~28,3/4/26,2026-01-01~2026-01-31,認可,認可,27.288 MWh,0 MWh
鑫永銓股份有限公司,鑫永銓股份有限公司,太陽能,2026,0,104.232,南投縣南投市南崗三路294號,328.02 kW,鑫永銓股份有限公司,24SP1204-B026000001~106,5/20/26,2026-01-01~2026-03-31,認可,認可,0 MWh,104.232 MWh
晨星電力股份有限公司,(沅碁)瑞祥國小三四期,太陽能,2026,112.772,0,高雄市前鎮區班超路20號,327.755 kW,晨星電力股份有限公司,25SP1445-B026000001~114,5/20/26,2026-01-01~2026-03-31,認可,認可,112.772 MWh,0 MWh
艾涅爾電力股份有限公司,承品能源-億諠,太陽能,2026,66.599,0,彰化縣花壇鄉口庄街101巷16弄61號,327.75 kW,艾涅爾電力股份有限公司,24SP2166-B026000001~68,4/8/26,2026-01-01~2026-02-28,認可,認可,66.599 MWh,0 MWh
怡和綠電超商股份有限公司,嘉創-謝禎賢2,太陽能,2026,91.539,0,彰化縣芳苑鄉上城路202巷98弄建47號(彰化縣芳苑鄉上林段0185-0000地號),327.69 kW,怡和綠電超商股份有限公司,25SP3554-B026000002~93,5/20/26,2026-01-01~2026-03-31,認可,認可,91.539 MWh,0 MWh
艾涅爾電力股份有限公司,喬馨-豐正精密PV0126,太陽能,2026,65.864,0,臺中市大雅區信和路8之9號、8之10號,327.6 kW,艾涅爾電力股份有限公司,24SP1257-B026000001~91,4/8/26,2026-01-01~2026-02-28,認可,認可,65.864 MWh,0 MWh
怡和綠電超商股份有限公司,旭陞_917-8,太陽能,2026,108.992,0,雲林縣口湖鄉口湖段0917-0008地號,327.6 kW,怡和綠電超商股份有限公司,25SP1681-B026000001~110,5/20/26,2026-01-01~2026-03-31,認可,認可,108.992 MWh,0 MWh
台灣銅箔股份有限公司,成功三路,太陽能,2026,0,93.464,南投縣南投市成功三路150號,327.6 kW,台灣銅箔股份有限公司,23SP0338-B026000001~95,5/20/26,2026-01-01~2026-03-31,認可,認可,0 MWh,93.464 MWh
陽光伏特家電力股份有限公司,聯奇台南5、6廠,太陽能,2026,49.297,0,臺南市新市區曼陀林路9號(新晶段43-1、45-1地號),327.6 kW,陽光伏特家電力股份有限公司,25SP0247-B026000001~63,5/20/26,2026-01-01~2026-03-31,認可,認可,49.297 MWh,0 MWh
富威電力股份有限公司,富崴1-1弘能家園太陽光電發電廠,太陽能,2026,37.207,0,臺南市北門區仁里里二重港257之8號,327.45 kW,富威電力股份有限公司,25SP1642-B026000034~79,4/1/26,2026-01-01~2026-02-28,認可,認可,37.207 MWh,0 MWh
岱稜科技股份有限公司,岱稜科技股份有限公司4廠,太陽能,2026,0,62.033,臺南市麻豆區麻柚路251號,327.375 kW,岱稜科技股份有限公司,23SP0009-B026000001~63,4/1/26,2026-01-01~2026-02-28,認可,認可,0 MWh,62.033 MWh
富威電力股份有限公司,恒安-佳冬太陽光電發電廠,太陽能,2026,109.472,0,屏東縣佳冬鄉佳和段0264地號,327.36 kW,富威電力股份有限公司,26SP0016-B026000001~116,5/20/26,2026-01-01~2026-03-31,認可,認可,109.472 MWh,0 MWh
艾涅爾電力股份有限公司,和陞能源-枋寮2期-1,太陽能,2026,66.175,0,屏東縣枋寮鄉建興段626地號,327.05 kW,艾涅爾電力股份有限公司,25SP0817-B026000001~67,4/8/26,2026-01-01~2026-02-28,認可,認可,66.175 MWh,0 MWh
大自然能源電業股份有限公司,NP071063C010低碳(鐵碳),太陽能,2026,76.024,0,臺中市梧棲區經一路20號,327 kW,大自然能源電業股份有限公司,25SP0244-B026000001~78,5/20/26,2026-01-01~2026-03-31,認可,認可,76.024 MWh,0 MWh
富威電力股份有限公司,聚眾-存鎰興太陽光電發電廠,太陽能,2026,34.063,0,彰化縣伸港鄉什股路190之16號,327 kW,富威電力股份有限公司,25SP1909-B026000034~76,4/1/26,2026-01-01~2026-02-28,認可,認可,34.063 MWh,0 MWh
怡和綠電超商股份有限公司,鉦陽能源科技-又陞,太陽能,2026,31.642,0,高雄市大寮區鳳屏二路41之8號,326.43 kW,怡和綠電超商股份有限公司,25SP3686-B026000001~33,4/1/26,2026-01-01~2026-01-31,認可,認可,31.642 MWh,0 MWh
怡和綠電超商股份有限公司,欣雄-屏東內埔上龍泉案763-2,太陽能,2026,30.922,0,屏東縣內埔鄉上龍泉段763-2地號,326.12 kW,怡和綠電超商股份有限公司,25SP0347-B026000032~62,4/1/26,2026-02-01~2026-02-28,認可,認可,30.922 MWh,0 MWh
阿波羅電力股份有限公司,環球大宇宙大樹區溪埔國中,太陽能,2026,100.36,0,高雄市大樹區溪埔路1號,325.91 kW,阿波羅電力股份有限公司,24SP2534-B026000001~102,5/20/26,2026-01-01~2026-03-31,認可,認可,100.36 MWh,0 MWh
富威電力股份有限公司,永慶綠能-頂仁段91地號,太陽能,2026,38.497,0,屏東縣崁頂鄉頂仁段0091-0000地號,325.5 kW,富威電力股份有限公司,25SP1928-B026000017~68,4/1/26,2026-01-01~2026-02-28,認可,認可,38.497 MWh,0 MWh
盛建企業股份有限公司,盛建企業太陽能系統,太陽能,2026,0,76.763,臺南市關廟區南雄路一段650號,325.28 kW,盛建企業股份有限公司,24SP0863-B026000001~78,5/20/26,2026-01-01~2026-03-31,認可,認可,0 MWh,76.763 MWh
中曜股份有限公司,中租 1680 號,太陽能,2026,9.264,0,屏東縣新園鄉仙隆段1150-2,325.2 kW,中曜股份有限公司,24SP1783-B026000001~10,5/13/26,2026-01-01~2026-02-28,認可,認可,9.264 MWh,0 MWh
三地怪獸電力股份有限公司,展昇屏東縣高樹鄉屋頂型太陽光電,太陽能,2026,77.94,2.724,屏東縣高樹鄉興農路80號,325.09 kW,三地怪獸電力股份有限公司,25SP2981-B026000001~91,5/20/26,2026-01-01~2026-03-31,認可,認可,77.94 MWh,2.724 MWh
怡和綠電超商股份有限公司,怡和綠能-枋寮建興段473,太陽能,2026,105.26,0,屏東縣枋寮鄉建興段0473-0000地號,324.825 kW,怡和綠電超商股份有限公司,25SP2407-B026000001~107,5/20/26,2026-01-01~2026-03-31,認可,認可,105.26 MWh,0 MWh
華東科技股份有限公司,華東科技B15廠,太陽能,2026,0,100.493,高雄市前鎮區北一路28號,324.7 kW,華東科技股份有限公司,24SP0196-B026000001~101,5/20/26,2026-01-01~2026-03-31,認可,認可,0 MWh,100.493 MWh
瓦力電能股份有限公司,臺南市南區324.700瓩(T8834),太陽能,2026,61.035,44.187,臺南市南區新樂路41之1號,324.7 kW,瓦力電能股份有限公司,25SP0482-B026000001~107,5/20/26,2026-01-01~2026-03-31,認可,認可,61.035 MWh,44.187 MWh
天能綠電股份有限公司,高雄市陳永順畜牧場屋頂型太陽光電案場,太陽能,2026,29.984,0,高雄市阿蓮區中路段2165-0000地號,324.3 kW,天能綠電股份有限公司,24SP0148-B026000001~31,3/4/26,2026-01-01~2026-01-31,認可,認可,29.984 MWh,0 MWh
大自然能源電業股份有限公司,NP071074C001(鑫輪工業),太陽能,2026,26.247,0,臺中市梧棲區自立路425號,324.22 kW,大自然能源電業股份有限公司,25SP2100-B026000001~27,3/4/26,2026-01-01~2026-01-31,認可,認可,26.247 MWh,0 MWh
艾涅爾電力股份有限公司,愛索夫-大嘉段1503地號,太陽能,2026,60.615,0,彰化縣和美鎮大嘉段1503地號,324 kW,艾涅爾電力股份有限公司,24SP0651-B026000001~61,4/8/26,2026-01-01~2026-02-28,認可,認可,60.615 MWh,0 MWh
陽光伏特家電力股份有限公司,新智彰化2廠,太陽能,2026,100.7,0,彰化縣大城鄉魚寮路102巷515弄建59號,323.95 kW,陽光伏特家電力股份有限公司,24SP2390-B026000001~102,5/20/26,2026-01-01~2026-03-31,認可,認可,100.7 MWh,0 MWh
星星電力股份有限公司,群益曦力李錫閎(台南),太陽能,2026,92.83,0,臺南市六甲區菁埔里林鳳營315號(六甲區林鳳營段0541-0000地號),323.91 kW,星星電力股份有限公司,25SP3029-B026000001~96,5/20/26,2026-01-01~2026-03-31,認可,認可,92.83 MWh,0 MWh
萬利達科技股份有限公司,萬利達太陽光電,太陽能,2026,0,33.948,彰化縣鹿港鎮環工六路12號,323.7 kW,萬利達科技股份有限公司,24SP2284-B026000001~34,3/11/26,2025-12-01~2026-01-31,認可,認可,0 MWh,33.948 MWh
大同智能股份有限公司,彰化縣汙染農地太陽光電系統-和美鎮大榮段1712地號,太陽能,2026,108.411,0,彰化縣和美鎮大榮段1712地號,323.68 kW,大同智能股份有限公司,24SP0249-B026000001~109,5/20/26,2026-01-01~2026-03-31,認可,認可,108.411 MWh,0 MWh
晟寶鑄造股份有限公司,晟寶神岡案場,太陽能,2026,0,90.117,臺中市神岡區大圳路31號,323.64 kW,晟寶鑄造股份有限公司,25SP1047-B026000001~92,5/20/26,2026-01-01~2026-03-31,認可,認可,0 MWh,90.117 MWh
艾涅爾電力股份有限公司,碩耀-慶達五金,太陽能,2026,49.12,0,彰化縣鹿港鎮環工九路1號,323.4 kW,艾涅爾電力股份有限公司,25SP0744-B026000001~50,4/8/26,2026-01-01~2026-02-28,認可,認可,49.12 MWh,0 MWh
台塑勝高科技股份有限公司,J1K1棟 (二期),太陽能,2026,0,108.41,雲林縣麥寮鄉台塑工業園區3號,323.07 kW,台塑勝高科技股份有限公司,25SP1346-B026000001~110,5/20/26,2026-01-01~2026-03-31,認可,認可,0 MWh,108.41 MWh
台塑勝高科技股份有限公司,JK棟(一期),太陽能,2026,0,104.312,雲林縣麥寮鄉台塑工業園區3號,323.07 kW,台塑勝高科技股份有限公司,25SP0856-B026000001~106,5/20/26,2026-01-01~2026-03-31,認可,認可,0 MWh,104.312 MWh
怡和綠電超商股份有限公司,佑新-蘇咶,太陽能,2026,26.102,0,彰化縣竹塘鄉竹鹿路保安巷建1之2號,323.02 kW,怡和綠電超商股份有限公司,25SP1714-B026000026~52,4/1/26,2026-02-01~2026-02-28,認可,認可,26.102 MWh,0 MWh
大同智能股份有限公司,彰化汙染農地太陽能建置案第三批-和美鎮大榮段1034地號,太陽能,2026,116.633,0,彰化縣和美鎮大榮段1034地號,323 kW,大同智能股份有限公司,24SP0286-B026000001~119,5/20/26,2026-01-01~2026-03-31,認可,認可,116.633 MWh,0 MWh
續興股份有限公司,富象一廠,太陽能,2026,87.901,0,南投縣南投市工業路9號,322.92 kW,續興股份有限公司,25SP3003-B026000001~90,5/20/26,2026-01-01~2026-03-31,認可,認可,87.901 MWh,0 MWh
怡和綠電超商股份有限公司,弦華科技-高雄市岡山區文興路6號,太陽能,2026,66.804,33.678,高雄市岡山區文興路6號,322.66 kW,怡和綠電超商股份有限公司,25SP2455-B026000001~105,5/20/26,2026-01-01~2026-03-31,認可,認可,66.804 MWh,33.678 MWh
大自然能源電業股份有限公司,NP091032C001光合作用-楊茂,太陽能,2026,60.069,39.792,嘉義縣太保市港尾里港尾25之11號,322.4 kW,大自然能源電業股份有限公司,24SP1096-B026000001~101,5/20/26,2026-01-01~2026-03-31,認可,認可,60.069 MWh,39.792 MWh
大自然能源電業股份有限公司,NP091031C001文陽-楊景山,太陽能,2026,58.073,38.377,嘉義縣太保市港尾里港尾25之10號,322.4 kW,大自然能源電業股份有限公司,24SP1310-B026000001~98,5/20/26,2026-01-01~2026-03-31,認可,認可,58.073 MWh,38.377 MWh
大自然能源電業股份有限公司,NP091004C009佳益能源(良鎮),太陽能,2026,52.792,0,嘉義市東區保康路141號,322.32 kW,大自然能源電業股份有限公司,24SP1806-B026000002~73,5/20/26,2026-01-01~2026-03-31,認可,認可,52.792 MWh,0 MWh
台灣日東電工股份有限公司,台灣日東電工股份有限公司,太陽能,2026,0,77.9,高雄市前鎮區中六路五號,322.2 kW,台灣日東電工股份有限公司,24SP0061-B026000001~78,4/8/26,2025-11-29~2026-02-28,認可,認可,0 MWh,77.9 MWh
艾涅爾電力股份有限公司,宥錩-吳雨玲PV0054,太陽能,2026,60.196,0,南投縣南投市福德段0002-0001地號,322 kW,艾涅爾電力股份有限公司,24SP1212-B026000001~131,5/20/26,2026-01-01~2026-02-28,認可,認可,60.196 MWh,0 MWh
三地怪獸電力股份有限公司,展昇高雄市內門區屋頂型太陽光電,太陽能,2026,89.349,2.405,高雄市內門區三平里橫山5之5號,321.9 kW,三地怪獸電力股份有限公司,25SP3075-B026000001~101,5/20/26,2026-01-01~2026-03-31,認可,認可,89.349 MWh,2.405 MWh
十萬伏特電力股份有限公司,彰化-冠利製襪案,太陽能,2026,58.863,0,彰化縣社頭鄉湳底北路36巷12號,321.55 kW,十萬伏特電力股份有限公司,25SP2820-B026000001~60,4/1/26,2026-01-01~2026-02-28,認可,認可,58.863 MWh,0 MWh
琳得科先進科技股份有限公司高雄加工區分公司,琳得科先進科技股份有限公司高雄加工區分公司2期,太陽能,2026,0,83.48,高雄市前鎮區中六路6號,321.48 kW,琳得科先進科技股份有限公司高雄加工區分公司,23SP0187-B026000001~85,5/20/26,2026-01-01~2026-03-31,認可,認可,0 MWh,83.48 MWh
艾涅爾電力股份有限公司,太旭-麻齊寮段張家,太陽能,2026,58.078,0,苗栗縣公館鄉苗栗縣公館鄉麻齊寮段525、525-1地號,321.3 kW,艾涅爾電力股份有限公司,24SP1504-B026000001~59,4/8/26,2026-01-01~2026-02-28,認可,認可,58.078 MWh,0 MWh
台灣積體電路製造股份有限公司,台灣積體電路製造股份有限公司 (F15P6),太陽能,2026,0,29.1,臺中市西屯區新科路1號(F15P6),321.3 kW,台灣積體電路製造股份有限公司,22SP0014-B026000001~30,4/22/26,2026-01-01~2026-02-28,認可,認可,0 MWh,29.1 MWh
星星電力股份有限公司,國碩科技-彰化合興三廠,太陽能,2026,86.834,0,"彰化縣北斗鎮四海路一段1號, 北工段147、148、149、150地號",321.3 kW,星星電力股份有限公司,25SP3177-B026000001~92,5/20/26,2026-01-01~2026-03-31,認可,認可,86.834 MWh,0 MWh
中曜股份有限公司,中租 2012 號,太陽能,2026,8.95,0,屏東縣高樹鄉豐源段383-2地號,321.3 kW,中曜股份有限公司,25SP1151-B026000001~10,5/13/26,2026-01-01~2026-02-28,認可,認可,8.95 MWh,0 MWh
續興股份有限公司,規富機械,太陽能,2026,108.078,0,臺南市永康區中正二街301號,321.12 kW,續興股份有限公司,24SP0970-B026000001~110,5/20/26,2026-01-01~2026-03-31,認可,認可,108.078 MWh,0 MWh
南方電力股份有限公司,展碩太陽光電發電廠,太陽能,2026,30.722,,彰化縣芳苑鄉工區路25號,320.86 kW,南方電力股份有限公司,25SP2287-B026000052~144,4/1/26,2026-01-01~2026-02-28,認可,認可,30.722 MWh,0 MWh
阿波羅電力股份有限公司,環球大宇宙大愛商業中心一二三期,太陽能,2026,94.729,,高雄市杉林區大愛路1號、高雄市杉林區月眉段一小段2166-0004、2166-0005地號,320.79 kW,阿波羅電力股份有限公司,25SP0226-B026000001~103,5/20/26,2026-01-01~2026-03-31,認可,認可,94.729 MWh,0 MWh
天能綠電股份有限公司,和潤電能-彰化汙染地1530、1531號320.76kwp地面型太陽光電案場,太陽能,2026,116.734,,彰化縣鹿港鎮振興段1530、1531地號,320.76 kW,天能綠電股份有限公司,24SP0590-B026000001~119,5/20/26,2026-01-01~2026-03-31,認可,認可,116.734 MWh,0 MWh
和潤電力股份有限公司,彰化汙染地2174號320.76kW地面型太陽光電,太陽能,2026,23.951,,彰化縣鹿港鎮振興段2174地號,320.76 kW,和潤電力股份有限公司,24SP2343-B026000001~27,3/19/26,2026-01-01~2026-01-31,認可,認可,23.951 MWh,0 MWh
艾涅爾電力股份有限公司,聯超-屏東聯超PV0564,太陽能,2026,58.279,,屏東縣枋寮鄉精進路10號,320.32 kW,艾涅爾電力股份有限公司,25SP0750-B026000001~60,4/8/26,2026-01-01~2026-02-28,認可,認可,58.279 MWh,0 MWh
統一超商股份有限公司,統一企業股份有限公司台中總廠(二期),太陽能,2026,0,,臺中市西屯區工業三路7號,320.32 kW,統一超商股份有限公司,25SP0076-B026000001~54,3/4/26,2025-12-01~2026-01-31,認可,認可,0 MWh,53.854 MWh
晨星電力股份有限公司,(加州儲能)文元國小二期,太陽能,2026,0.958,,臺南市北區海安路三段815號,319.96 kW,晨星電力股份有限公司,25SP2470-B026000001~3,5/20/26,2026-01-01~2026-03-31,認可,認可,0.958 MWh,0 MWh
艾涅爾電力股份有限公司,和陞能源-枋寮2期-2,太陽能,2026,65.62,,屏東縣枋寮鄉建興段626-2地號,319.61 kW,艾涅爾電力股份有限公司,25SP0816-B026000001~67,4/8/26,2026-01-01~2026-02-28,認可,認可,65.62 MWh,0 MWh
亞東石化股份有限公司,亞東石化第二案,太陽能,2026,0,,桃園市觀音區工業七路2號,319.2 kW,亞東石化股份有限公司,24SP0105-B026000001~3,5/20/26,2026-01-01~2026-03-31,認可,認可,0 MWh,1.7 MWh
艾涅爾電力股份有限公司,南都-南都歸仁所PV0079,太陽能,2026,52.626,,臺南市歸仁區中山路3段313號,318.85 kW,艾涅爾電力股份有限公司,25SP0971-B026000001~54,4/8/26,2026-01-01~2026-02-28,認可,認可,52.626 MWh,0 MWh
艾涅爾電力股份有限公司,百鴻-陳郁允,太陽能,2026,65.718,0,雲林縣水林鄉頂尖山路60之3號,318.825 kW,艾涅爾電力股份有限公司,24SP2327-B026000002~120,4/8/26,2026-01-01~2026-02-28,認可,認可,65.718 MWh,0 MWh
上銀科技股份有限公司,雲科二廠,太陽能,2026,0,76.005,雲林縣斗六市雲科路3段130號,318.78 kW,上銀科技股份有限公司,24SP1191-B026000001~78,5/20/26,2026-01-01~2026-03-31,認可,認可,0 MWh,76.005 MWh
天能綠電股份有限公司,榮貴_台南柳營_屋頂型太陽光電案場,太陽能,2026,66.694,0,臺南市柳營區果毅里南湖31之17號(柳營區果毅後段4185-0000地號),318.6 kW,天能綠電股份有限公司,25SP3853-B026000001~70,5/20/26,2026-01-01~2026-03-31,認可,認可,66.694 MWh,0 MWh
怡和綠電超商股份有限公司,碩達-林俊宏,太陽能,2026,88.121,0,彰化縣芳苑鄉芳漢路新寶段27號,318.6 kW,怡和綠電超商股份有限公司,25SP3558-B026000002~91,5/20/26,2026-01-01~2026-03-31,認可,認可,88.121 MWh,0 MWh
天能綠電股份有限公司,聯合再生20-石門國中桃園市龍潭區屋頂型太陽能光電場,太陽能,2026,64.777,0,桃園市龍潭區文化路137號,318.12 kW,天能綠電股份有限公司,25SP2702-B026000001~70,5/20/26,2026-01-01~2026-03-31,認可,認可,64.777 MWh,0 MWh
艾涅爾電力股份有限公司,陽欣-敏菁一廠,太陽能,2026,56.497,0,臺中市大里區西湖路393號,318.06 kW,艾涅爾電力股份有限公司,24SP1472-B026000001~58,4/8/26,2026-01-01~2026-02-28,認可,認可,56.497 MWh,0 MWh
續興股份有限公司,新有嘉義1廠,太陽能,2026,85.66,0,嘉義縣民雄鄉興南村工業一路5號、5之3號、5之5號,317.89 kW,續興股份有限公司,25SP2747-B026000001~87,5/20/26,2026-01-01~2026-03-31,認可,認可,85.66 MWh,0 MWh
瓦力電能股份有限公司,臺南市官田區317.7瓩,太陽能,2026,90.864,0,臺南市官田區二鎮里1鄰工業路26號,317.7 kW,瓦力電能股份有限公司,23SP0020-B026000001~93,5/20/26,2026-01-01~2026-03-31,認可,認可,90.864 MWh,0 MWh
怡和綠電超商股份有限公司,晶久綠能-黃慶德豬舍,太陽能,2026,94.842,0,高雄市阿蓮區峰山路235巷239號,317.56 kW,怡和綠電超商股份有限公司,25SP2515-B026000001~96,5/20/26,2026-01-01~2026-03-31,認可,認可,94.842 MWh,0 MWh
南方電力股份有限公司,英發企業二廠太陽光電發電廠,太陽能,2026,37.324,0,彰化縣福興鄉彰鹿路7段267巷186號,317.525 kW,南方電力股份有限公司,25SP0831-B026000052~145,4/1/26,2026-01-01~2026-02-28,認可,認可,37.324 MWh,0 MWh
中強光電股份有限公司南科分公司第一廠,中強光電-(南科廠),太陽能,2026,0,98.124,臺南市新市區南科六路2-1號,317.46 kW,中強光電股份有限公司南科分公司第一廠,23SP0348-B026000001~99,5/20/26,2026-01-01~2026-03-31,認可,認可,0 MWh,98.124 MWh
富威電力股份有限公司,聚眾-張太平太陽光電發電廠,太陽能,2026,31.66,0,雲林縣崙背鄉阿勸村中厝43之3號,317.46 kW,富威電力股份有限公司,24SP2147-B026000031~73,4/1/26,2026-01-01~2026-02-28,認可,認可,31.66 MWh,0 MWh
怡和綠電超商股份有限公司,允統-永康vOLvO廠,太陽能,2026,31.888,0,臺南市永康區中正南路280號,317.46 kW,怡和綠電超商股份有限公司,25SP2631-B026000032~63,4/1/26,2026-02-01~2026-02-28,認可,認可,31.888 MWh,0 MWh
大自然能源電業股份有限公司,NP111082C004(茄萣中正路),太陽能,2026,104.652,0,"高雄市茄萣區中正路3段7、9、11、13號(原高雄市茄萣區白砂段0827-0002、0847-0034地號,後分割為高雄市茄萣區白砂段0827-0002、0847-0034、0827-0003、0847-0040、0827-0004、0827-0005地號",317.42 kW,大自然能源電業股份有限公司,25SP3639-B026000001~107,5/20/26,2026-01-01~2026-03-31,認可,認可,104.652 MWh,0 MWh
金鞍機械工業股份有限公司,屋頂型太陽光電發電系統-金鞍機械一、二期,太陽能,2026,0,40.056,桃園市龍潭區中興路九龍段129巷69號,317.135 kW,金鞍機械工業股份有限公司,25SP0128-B026000001~41,4/15/26,2026-01-01~2026-02-28,認可,認可,0 MWh,40.056 MWh
天能綠電股份有限公司,嘉義郭寬有畜牧場屋頂型太陽能光電廠,太陽能,2026,93.821,0,嘉義縣溪口鄉柳溝村2鄰阿連庄90號,317.09 kW,天能綠電股份有限公司,24SP0251-B026000001~97,5/20/26,2026-01-01~2026-03-31,認可,認可,93.821 MWh,0 MWh
艾涅爾電力股份有限公司,瑞陽-璟鎂,太陽能,2026,46.898,0,彰化縣鹿港鎮環工九路3號,316.365 kW,艾涅爾電力股份有限公司,24SP1905-B026000001~48,4/8/26,2026-01-01~2026-02-28,認可,認可,46.898 MWh,0 MWh
續興股份有限公司,溪口溪北雞舍,太陽能,2026,94.949,0,嘉義縣溪口鄉溪北村14鄰民權街175號、176號,316.2 kW,續興股份有限公司,24SP0756-B026000001~97,5/20/26,2026-01-01~2026-03-31,認可,認可,94.949 MWh,0 MWh
怡和綠電超商股份有限公司,戎居-G3,太陽能,2026,98.151,0,臺南市安南區溪南段617-4地號,316.2 kW,怡和綠電超商股份有限公司,25SP0953-B026000001~100,5/20/26,2026-01-01~2026-03-31,認可,認可,98.151 MWh,0 MWh
艾涅爾電力股份有限公司,陽光-銳禾PV0129,太陽能,2026,53.326,0,高雄市岡山區本工西一路3號,316.185 kW,艾涅爾電力股份有限公司,25SP0199-B026000001~56,4/8/26,2026-01-01~2026-02-28,認可,認可,53.326 MWh,0 MWh
天能綠電股份有限公司,良橙_清福本館屋頂型太陽光電案場,太陽能,2026,52.346,0,新北市三峽區介壽路一段278號,316.125 kW,天能綠電股份有限公司,25SP2823-B026000001~54,5/20/26,2026-01-01~2026-03-31,認可,認可,52.346 MWh,0 MWh
怡和綠電超商股份有限公司,賽斯-五林國小,太陽能,2026,96.204,0,高雄市橋頭區五林路160號,315.975 kW,怡和綠電超商股份有限公司,25SP1289-B026000001~97,5/20/26,2026-01-01~2026-03-31,認可,認可,96.204 MWh,0 MWh
陽光伏特家電力股份有限公司,惠來雲林15廠,太陽能,2026,93.151,0,雲林縣元長鄉龍岩村龍岩370號,315.9 kW,陽光伏特家電力股份有限公司、天能綠電股份有限公司,23SP0420-B026000001~95,5/20/26,2026-01-01~2026-03-31,認可,認可,93.151 MWh,0 MWh
大自然能源電業股份有限公司,NP201018C007叡朋(後壁林俊耀一),太陽能,2026,65.571,0,臺南市後壁區新港東 148 之 80 號,315.9 kW,大自然能源電業股份有限公司,24SP1110-B026000001~74,5/20/26,2026-01-01~2026-03-31,認可,認可,65.571 MWh,0 MWh
艾涅爾電力股份有限公司,協鉦,太陽能,2026,54.003,0,臺中市神岡區神洲路286號,315.78 kW,艾涅爾電力股份有限公司,24SP1203-B026000001~55,4/8/26,2026-01-01~2026-02-28,認可,認可,54.003 MWh,0 MWh
艾涅爾電力股份有限公司,育渲-劉金安畜牧場,太陽能,2026,52.84,0,嘉義縣民雄鄉興中村2鄰劉竹仔脚1之28號、1之29號,315.24 kW,艾涅爾電力股份有限公司,24SP2150-B026000001~54,4/8/26,2026-01-01~2026-02-28,認可,認可,52.84 MWh,0 MWh
續興股份有限公司,銓鎰,太陽能,2026,104.162,0,臺中市潭子區甘水路2段306之1號,315 kW,續興股份有限公司,25SP3006-B026000001~105,5/20/26,2026-01-01~2026-03-31,認可,認可,104.162 MWh,0 MWh
大自然能源電業股份有限公司,NP101069C001慧同,太陽能,2026,89.573,13.552,臺南市關廟區關新路1段221巷113號,315 kW,大自然能源電業股份有限公司,25SP0541-B026000001~108,5/20/26,2026-01-01~2026-03-31,認可,認可,89.573 MWh,13.552 MWh
陽光伏特家電力股份有限公司,文鴻彰化5廠,太陽能,2026,100.519,0,彰化縣鹿港鎮振興段2254-0000地號,314.88 kW,陽光伏特家電力股份有限公司,24SP2461-B026000001~150,5/20/26,2026-01-01~2026-03-31,認可,認可,100.519 MWh,0 MWh
天能綠電股份有限公司,富宇_黃宴洲,太陽能,2026,0,25.16,彰化縣線西鄉草豐路502巷33號,314.87 kW,天能綠電股份有限公司,25SP4214-B026000001~26,4/22/26,2026-01-01~2026-01-31,認可,認可,0 MWh,25.16 MWh
艾涅爾電力股份有限公司,太佑-廣嶺企業,太陽能,2026,57.019,0,彰化縣芬園鄉德興路一段241號,314.84 kW,艾涅爾電力股份有限公司,24SP1967-B026000001~132,5/20/26,2026-01-01~2026-02-28,認可,認可,57.019 MWh,0 MWh
聚恆科技股份有限公司,聚恆D棟太陽能自發自用轉供電廠,太陽能,2026,0,90.063,臺南市永康區永科環路188號,314.82 kW,聚恆科技股份有限公司,24SP0678-B026000001~91,5/20/26,2026-01-01~2026-03-31,認可,認可,0 MWh,90.063 MWh
續興股份有限公司,全盈國際(特登),太陽能,2026,96.657,0,臺中市潭子區大富路3段45巷3號,314.82 kW,續興股份有限公司,25SP3659-B026000001~98,5/20/26,2026-01-01~2026-03-31,認可,認可,96.657 MWh,0 MWh
艾涅爾電力股份有限公司,旭力-賴八田PV0206,太陽能,2026,67.435,0,臺南市官田區渡拔里拔子林45之30號,314.34 kW,艾涅爾電力股份有限公司,24SP1659-B026000001~68,4/8/26,2026-01-01~2026-02-28,認可,認可,67.435 MWh,0 MWh
穩懋半導體股份有限公司,穩懋(C廠-停車場),太陽能,2026,0,71.52,桃園市龜山區山鶯路200之5號,314.28 kW,穩懋半導體股份有限公司,24SP1883-B026000001~73,5/20/26,2026-01-01~2026-03-31,認可,認可,0 MWh,71.52 MWh
艾涅爾電力股份有限公司,城八-大東國小(活動中心&風雨球場),太陽能,2026,56.033,0,高雄市鳳山區大東一路1號,314.16 kW,艾涅爾電力股份有限公司,25SP0173-B026000001~57,4/8/26,2026-01-01~2026-02-28,認可,認可,56.033 MWh,0 MWh
艾涅爾電力股份有限公司,台一-劉勝毅PV0208,太陽能,2026,53.083,0,嘉義縣大林鎮排路里排子路33之18號,314.15 kW,艾涅爾電力股份有限公司,25SP0231-B026000001~54,4/8/26,2026-01-01~2026-02-28,認可,認可,53.083 MWh,0 MWh
大自然能源電業股份有限公司,NP091019C10向南-何諸政1期,太陽能,2026,57.676,36.716,嘉義縣民雄鄉西昌村竹子脚66之6號,314.1 kW,大自然能源電業股份有限公司,24SP1349-B026000001~96,5/20/26,2026-01-01~2026-03-31,認可,認可,57.676 MWh,36.716 MWh
十萬伏特電力股份有限公司,久津實業,太陽能,2026,99.234,0,彰化縣福興鄉福工路29號,313.92 kW,十萬伏特電力股份有限公司,25SP0378-B026000001~104,5/20/26,2026-01-01~2026-03-31,認可,認可,99.234 MWh,0 MWh
大自然能源電業股份有限公司,NP111055C009福展(昇航造船),太陽能,2026,57.92,36.443,高雄市旗津區上竹巷151之10號,313.74 kW,大自然能源電業股份有限公司,25SP0502-B026000001~96,5/20/26,2026-01-01~2026-03-31,認可,認可,57.92 MWh,36.443 MWh
十萬伏特電力股份有限公司,環台二廠案,太陽能,2026,59.525,0,臺中市大肚區沙田路一段320巷32號,313.72 kW,十萬伏特電力股份有限公司,25SP4105-B026000001~61,4/22/26,2026-01-01~2026-02-28,認可,認可,59.525 MWh,0 MWh
怡和綠電超商股份有限公司,賽斯新能源-正浤水科技,太陽能,2026,95.295,0,高雄市大寮區光明路3段1022巷25號,313.5 kW,怡和綠電超商股份有限公司,25SP2426-B026000001~96,5/20/26,2026-01-01~2026-03-31,認可,認可,95.295 MWh,0 MWh
天能綠電股份有限公司,高雄大寮享溫馨屋頂型太陽光電案場,太陽能,2026,96.323,0,高雄市大寮區捷西路296號,313.1 kW,天能綠電股份有限公司,24SP0143-B026000001~98,5/20/26,2026-01-01~2026-03-31,認可,認可,96.323 MWh,0 MWh
艾涅爾電力股份有限公司,加州電網-花海317,太陽能,2026,63.169,0,屏東縣滿州鄉花海段0317-0000地號,312.975 kW,艾涅爾電力股份有限公司,24SP0019-B026000001~65,4/8/26,2026-01-01~2026-02-28,認可,認可,63.169 MWh,0 MWh
豐泰興業股份有限公司,豐泰興業實業,太陽能,2026,0,82.017,臺中市龍井區台西南路256巷45號,312.83 kW,豐泰興業股份有限公司,25SP1049-B026000001~84,5/20/26,2026-01-01~2026-03-31,認可,認可,0 MWh,82.017 MWh
續興股份有限公司,新和嘉義2廠,太陽能,2026,99.155,0,嘉義縣新港鄉宮前村嘉民路188巷66弄12號、12之1號,312.66 kW,續興股份有限公司,25SP2808-B026000001~101,5/20/26,2026-01-01~2026-03-31,認可,認可,99.155 MWh,0 MWh
星星電力股份有限公司,神岡營區錶6-J棟,太陽能,2026,98.19,0,臺中市大雅區中清路5段2號(臺中市神岡區圳堵段01102-000建號),312.62 kW,星星電力股份有限公司,25SP3397-B026000001~100,5/20/26,2026-01-01~2026-03-31,認可,認可,98.19 MWh,0 MWh
台灣穗高科技股份有限公司,(熔二廠停車場)太陽能設備,太陽能,2026,0,127.332,臺南市新市區環西路一段2號,312.62 kW,台灣穗高科技股份有限公司,25SP3869-B026000001~128,5/20/26,2025-10-30~2026-03-31,認可,認可,0 MWh,127.332 MWh
艾涅爾電力股份有限公司,台一-洪宗義PV2153,太陽能,2026,51.803,0,彰化縣大城鄉順元路100巷173弄建45號,312.32 kW,艾涅爾電力股份有限公司,25SP0439-B026000001~53,4/8/26,2026-01-01~2026-02-28,認可,認可,51.803 MWh,0 MWh
開陽電力股份有限公司,玖基企業股份有限公司-明德場清水池,太陽能,2026,45.944,0,苗栗縣頭屋鄉明德路 151號,312.2 kW,開陽電力股份有限公司,25SP3353-B026000001~46,4/1/26,2026-01-01~2026-02-28,認可,認可,45.944 MWh,0 MWh
怡和綠電超商股份有限公司,晁能-台宏,太陽能,2026,82.003,0,彰化縣鹿港鎮鹿工北一路15號,312 kW,怡和綠電超商股份有限公司,25SP1837-B026000001~83,5/20/26,2026-01-01~2026-03-31,認可,認可,82.003 MWh,0 MWh
艾涅爾電力股份有限公司,炬陽-黃聰明,太陽能,2026,33.012,0,嘉義縣朴子市崁後里12鄰崁後118號,311.885 kW,艾涅爾電力股份有限公司,24SP2324-B026000024~80,4/8/26,2026-01-01~2026-02-28,認可,認可,33.012 MWh,0 MWh
大自然能源電業股份有限公司,NP111061C002 彥辰工業,太陽能,2026,54.333,37.916,高雄市岡山區信中街379巷18號,311.6 kW,大自然能源電業股份有限公司,25SP0392-B026000001~94,5/20/26,2026-01-01~2026-03-31,認可,認可,54.333 MWh,37.916 MWh
怡和綠電超商股份有限公司,晁能-許文融,太陽能,2026,85.522,0,雲林縣褒忠鄉太湖路6-13號,311.55 kW,怡和綠電超商股份有限公司,25SP1280-B026000001~87,5/20/26,2026-01-01~2026-03-31,認可,認可,85.522 MWh,0 MWh
富威電力股份有限公司,惠來光電-北斗高麗菜太陽光電發電廠,太陽能,2026,59.56,20.852,彰化縣北斗鎮三號路469號,311.4 kW,富威電力股份有限公司,25SP1122-B026000081~360,5/20/26,2026-01-01~2026-03-31,認可,認可,59.56 MWh,20.852 MWh
寶島陽光電力事業股份有限公司,雋和四能源有限公司(TW160561),太陽能,2026,105.564,0,臺南市新化區崙頂里崙子頂30之27、30之28號,310.93 kW,寶島陽光電力事業股份有限公司,24SP1674-B026000001~107,5/20/26,2026-01-01~2026-03-31,認可,認可,105.564 MWh,0 MWh
弘昌泰股份有限公司,旭洋實業有限公司,太陽能,2026,61.29,0,臺中市龍井區蚵寮路251巷308號,310.89 kW,弘昌泰股份有限公司,24SP1888-B026000001~62,5/20/26,2026-01-01~2026-03-31,認可,認可,61.29 MWh,0 MWh
阿波羅電力股份有限公司,辰翔帝碩科技,太陽能,2026,52.415,37.374,彰化縣鹿港鎮工業西六路37號,310.76 kW,阿波羅電力股份有限公司,24SP2248-B026000001~91,5/20/26,2026-01-01~2026-03-31,認可,認可,52.415 MWh,37.374 MWh
大自然能源電業股份有限公司,NP121047C001(神農段 0418-0001等地號),太陽能,2026,60.868,39.384,屏東縣竹田鄉神農段0418-0001、0420-0001、0421-0000地號,310.7 kW,大自然能源電業股份有限公司,25SP0006-B026000001~102,5/20/26,2026-01-01~2026-03-31,認可,認可,60.868 MWh,39.384 MWh
天能綠電股份有限公司,豐光-許明溪屋頂型太陽光電案場,太陽能,2026,0,25.84,屏東縣鹽埔鄉維新路21巷13號(大人段794、795、798、799地號),310.37 kW,天能綠電股份有限公司,25SP3278-B026000001~26,4/22/26,2026-01-01~2026-01-31,認可,認可,0 MWh,25.84 MWh
晨星電力股份有限公司,(亞沃)南帝,太陽能,2026,104.99,0,臺南市安南區科技一路22號,310.2 kW,晨星電力股份有限公司,25SP1774-B026000001~106,5/20/26,2026-01-01~2026-03-31,認可,認可,104.99 MWh,0 MWh
陽光伏特家電力股份有限公司,元登屏東49廠,太陽能,2026,90.363,0,屏東縣里港鄉鐵店段0240-0003地號,310 kW,陽光伏特家電力股份有限公司,24SP0527-B026000001~92,5/20/26,2026-01-01~2026-03-31,認可,認可,90.363 MWh,0 MWh
香印永續股份有限公司,褒忠陳英豪,太陽能,2026,46.173,0,雲林縣褒忠鄉龍岩路52之25號,310 kW,香印永續股份有限公司,25SP3434-B026000001~206,4/15/26,2026-01-01~2026-02-28,認可,認可,46.173 MWh,0 MWh
怡和綠電超商股份有限公司,漢翔(王董)-張君勵,太陽能,2026,22.503,0,雲林縣褒忠鄉馬鳴村泰安路25之6號,309.855 kW,怡和綠電超商股份有限公司,25SP1285-B026000023~45,4/1/26,2026-02-01~2026-02-28,認可,認可,22.503 MWh,0 MWh
天能綠電股份有限公司,雲林黃峯山畜牧場屋頂型太陽能光電廠,太陽能,2026,24.36,0,雲林縣褒忠鄉潮厝村潮厝124之12號,309.75 kW,天能綠電股份有限公司,24SP0100-B026000001~26,3/4/26,2026-01-01~2026-01-31,認可,認可,24.36 MWh,0 MWh
富威電力股份有限公司,旭展農企業社-菇寮太陽光電發電廠,太陽能,2026,35.772,0,南投縣國姓鄉長福村大長路186之3號,309.455 kW,富威電力股份有限公司,25SP3123-B026000001~75,4/1/26,2026-01-01~2026-02-28,認可,認可,35.772 MWh,0 MWh
寶島陽光電力事業股份有限公司,晟鑫能源有限公司(TW170609),太陽能,2026,78.634,0,臺南市關廟區布袋里長和街29號,309.4 kW,寶島陽光電力事業股份有限公司,24SP1633-B026000001~79,5/20/26,2026-01-01~2026-03-31,認可,認可,78.634 MWh,0 MWh
晨星電力股份有限公司,(亞沃)怡利電子,太陽能,2026,101.939,0,彰化縣伸港鄉工東一路37號,309.16 kW,晨星電力股份有限公司,25SP1429-B026000001~103,5/20/26,2026-01-01~2026-03-31,認可,認可,101.939 MWh,0 MWh
大同智能股份有限公司,沅碁光電_小港國小(屋頂型一、四期),太陽能,2026,109.041,0,高雄市小港區平和路1號,309 kW,大同智能股份有限公司、晨星電力股份有限公司,24SP2001-B026000001~110,5/20/26,2026-01-01~2026-03-31,認可,認可,109.041 MWh,0 MWh
大自然能源電業股份有限公司,NP181085C001(63倉二期),太陽能,2026,81.844,11.981,高雄市前鎮區鎮港南一路16號,308.88 kW,大自然能源電業股份有限公司,25SP3508-B026000001~100,5/20/26,2026-01-01~2026-03-31,認可,認可,81.844 MWh,11.981 MWh
大同智能股份有限公司,台中市屋頂型太陽光電系統-台中二中(體育館),太陽能,2026,86.972,0,臺中市北區英士路76號,308.88 kW,大同智能股份有限公司,24SP0584-B026000001~88,5/20/26,2026-01-01~2026-03-31,認可,認可,86.972 MWh,0 MWh
天能綠電股份有限公司,富宇_雙十國中-球場,太陽能,2026,75.721,7.015,臺中市北區錦村段136地號,308.858 kW,天能綠電股份有限公司,25SP3807-B026000001~87,5/20/26,2026-01-01~2026-03-31,認可,認可,75.721 MWh,7.015 MWh
星星電力股份有限公司,傑能-古坑賴建昇,太陽能,2026,74.068,0,雲林縣古坑鄉棋盤村21鄰棋山102之30號,308.7 kW,星星電力股份有限公司,25SP2998-B026000001~76,5/20/26,2026-01-01~2026-03-31,認可,認可,74.068 MWh,0 MWh
怡和綠電超商股份有限公司,興發-台東農產(股)公司(標案),太陽能,2026,67.942,0,臺東縣臺東市中華路4段861巷352號,308.44 kW,怡和綠電超商股份有限公司,25SP1299-B026000001~70,5/20/26,2026-01-01~2026-03-31,認可,認可,67.942 MWh,0 MWh
陽光伏特家電力股份有限公司,歐克颯麗斯高雄1廠,太陽能,2026,38.908,0,高雄市大寮區興業路34號,308.4 kW,陽光伏特家電力股份有限公司,24SP1162-B026000001~40,4/1/26,2026-01-01~2026-02-28,認可,認可,38.908 MWh,0 MWh
大自然能源電業股份有限公司,NP091019C16向南-趙美智,太陽能,2026,44.069,22.357,嘉義縣朴子市永和里應菜埔251號、251之1號,308.4 kW,大自然能源電業股份有限公司,24SP1582-B026000001~68,5/20/26,2026-01-01~2026-03-31,認可,認可,44.069 MWh,22.357 MWh
十萬伏特電力股份有限公司,苙億,太陽能,2026,105.403,0,彰化縣溪湖鎮竹頭仔路261巷102弄7、9號,308.385 kW,十萬伏特電力股份有限公司,25SP0368-B026000001~111,5/20/26,2026-01-01~2026-03-31,認可,認可,105.403 MWh,0 MWh
艾涅爾電力股份有限公司,加州儲能-鴻宇農業,太陽能,2026,55.596,3.391,臺南市七股區玉成105之1號,308.35 kW,艾涅爾電力股份有限公司,24SP0557-B026000053~310,4/8/26,2026-01-01~2026-02-28,認可,認可,55.596 MWh,3.391 MWh
晨星電力股份有限公司,(統益)後勁國小司令台/屋頂型,太陽能,2026,82.889,5.423,高雄市楠梓區和平段二小段0325-0000地號(高雄市楠梓區後勁國民小學)/加昌路216號(高雄市楠梓區後勁國民小學),308.25 kW,晨星電力股份有限公司,25SP3518-B026000001~98,5/20/26,2026-01-01~2026-03-31,認可,認可,82.889 MWh,5.423 MWh
艾涅爾電力股份有限公司,炬陽-許月女,太陽能,2026,56.159,0,雲林縣水林鄉順興村4鄰順興路81之11號,308.04 kW,艾涅爾電力股份有限公司,24SP2326-B026000001~72,4/8/26,2026-01-01~2026-02-28,認可,認可,56.159 MWh,0 MWh
大自然能源電業股份有限公司,NP081060C001 彰化二林,太陽能,2026,56.642,36.819,彰化縣二林鎮西庄里自由巷1060弄267號,307.8 kW,大自然能源電業股份有限公司,25SP0642-B026000001~95,5/20/26,2026-01-01~2026-03-31,認可,認可,56.642 MWh,36.819 MWh
宇軒電業股份有限公司,旭山段156地號,太陽能,2026,31.009,0,臺南市柳營區旭山段156地號,307.52 kW,宇軒電業股份有限公司,25SP0407-B026000033~64,4/15/26,2026-02-01~2026-02-28,認可,認可,31.009 MWh,0 MWh
宇軒電業股份有限公司,鄒正興,太陽能,2026,28.298,0,屏東縣里港鄉新土庫段1180地號,306.9 kW,宇軒電業股份有限公司,25SP1875-B026000030~58,4/15/26,2026-02-01~2026-02-28,認可,認可,28.298 MWh,0 MWh
續興股份有限公司,六東織造,太陽能,2026,23.902,0,桃園市龜山區中興路1號、1之1號,306.8 kW,續興股份有限公司,25SP2354-B026000001~25,5/20/26,2026-01-01~2026-03-31,認可,認可,23.902 MWh,0 MWh
慶橋實業有限公司,慶橋實業有限公司,太陽能,2026,0,31.572,高雄市大寮區和業六路31號,306.68 kW,慶橋實業有限公司,23SP0147-B026000001~33,4/1/26,2026-01-01~2026-02-28,認可,認可,0 MWh,31.572 MWh
大同智能股份有限公司,彰化汙染農地太陽能建置案第三批-和美鎮大榮段525地號,太陽能,2026,109.602,0,彰化縣和美鎮大榮段525地號,306.68 kW,大同智能股份有限公司,24SP0271-B026000001~112,5/20/26,2026-01-01~2026-03-31,認可,認可,109.602 MWh,0 MWh
瓦力電能股份有限公司,屏東縣枋寮鄉306.59瓩(T8140),太陽能,2026,61.317,41.39,屏東縣枋寮鄉沿海段935地號,306.59 kW,瓦力電能股份有限公司,25SP1799-B026000001~105,5/20/26,2026-01-01~2026-03-31,認可,認可,61.317 MWh,41.39 MWh
晨星電力股份有限公司,(沅碁)樂群國小,太陽能,2026,89.622,6.034,高雄市前鎮區育樂路61號,306.36 kW,晨星電力股份有限公司,25SP2933-B026000001~106,5/20/26,2026-01-01~2026-03-31,認可,認可,89.622 MWh,6.034 MWh
瓦特先生股份有限公司,I-AR21-013六美國小,太陽能,2026,92.98,0,嘉義縣六腳鄉六斗村六斗尾31號,306.34 kW,瓦特先生股份有限公司,24SP0464-B026000001~94,5/20/26,2026-01-01~2026-03-31,認可,認可,92.98 MWh,0 MWh
富威電力股份有限公司,富崴2-2台益豐二期太陽光電發電廠,太陽能,2026,72.331,2.349,桃園市大溪區信義路502號,306.21 kW,富威電力股份有限公司,25SP0892-B026000001~79,5/20/26,2026-01-01~2026-03-31,認可,認可,72.331 MWh,2.349 MWh
怡和綠電超商股份有限公司,克林-郭吉川(屏東塭豐段),太陽能,2026,104.497,0,屏東縣佳冬鄉塭豐段1082、1083、1084地號,306 kW,怡和綠電超商股份有限公司,25SP1563-B026000001~106,5/20/26,2026-01-01~2026-03-31,認可,認可,104.497 MWh,0 MWh
富威電力股份有限公司,峻翔-廣安太陽光電發電廠,太陽能,2026,98.756,0,屏東縣萬丹鄉廣安村廣志街62巷50號,306 kW,富威電力股份有限公司,26SP0037-B026000001~105,5/20/26,2026-01-01~2026-03-31,認可,認可,98.756 MWh,0 MWh
續興股份有限公司,高雄永安10,太陽能,2026,52.505,0,高雄市永安區保寧路1之10號,306 kW,續興股份有限公司,25SP0639-B026000002~54,5/20/26,2026-01-01~2026-03-31,認可,認可,52.505 MWh,0 MWh
保忠精密工具股份有限公司,保忠A場,太陽能,2026,0,40.704,彰化縣埤頭鄉豐崙村彰水路四段82巷42弄142號,305.825 kW,保忠精密工具股份有限公司,24SP0390-B026000001~42,5/20/26,2026-01-01~2026-03-31,認可,認可,0 MWh,40.704 MWh
晨星電力股份有限公司,(加州儲能)忠孝國中,太陽能,2026,0.967,0,臺南市東區崇善路151號,305.66 kW,晨星電力股份有限公司,25SP2555-B026000001~3,5/20/26,2026-01-01~2026-03-31,認可,認可,0.967 MWh,0 MWh
康展電力股份有限公司,冠越科技工程_東豪冷凍,太陽能,2026,87.563,0,雲林縣虎尾鎮惠來里惠來199之7、199之9號,305.66 kW,康展電力股份有限公司,25SP2861-B026000001~98,5/20/26,2026-01-01~2026-03-31,認可,認可,87.563 MWh,0 MWh
大自然能源電業股份有限公司,NP101004C002佳益能源(冠東),太陽能,2026,27.206,0,臺南市新市區中山路179號,305.61 kW,大自然能源電業股份有限公司,24SP0959-B026000001~28,3/4/26,2026-01-01~2026-01-31,認可,認可,27.206 MWh,0 MWh
大同智能股份有限公司,台中市屋頂型太陽光電系統-大德國中,太陽能,2026,41.358,0,臺中市北屯區大德里5鄰雷中街2-23號,305.58 kW,大同智能股份有限公司,24SP0592-B026000002~59,4/1/26,2026-01-01~2026-02-28,認可,認可,41.358 MWh,0 MWh
艾涅爾電力股份有限公司,旭力-陳茗(一、二期)PV0168,太陽能,2026,66.477,0,臺南市佳里區營頂里營頂102之50號 (佳里區營頂段 0104-0000 / 0105-0000 / 0106-0000 / 0107-0000 / 0108-000 地號),305.34 kW,艾涅爾電力股份有限公司,24SP2105-B026000001~67,4/8/26,2026-01-01~2026-02-28,認可,認可,66.477 MWh,0 MWh
怡和綠電超商股份有限公司,天富-明正國小二期(標案),太陽能,2026,102.709,0,高雄市前鎮區明道路2號,304.98 kW,怡和綠電超商股份有限公司,25SP1291-B026000001~105,5/20/26,2026-01-01~2026-03-31,認可,認可,102.709 MWh,0 MWh
天能綠電股份有限公司,集發-台南北安304.98屋頂型太陽光電案場,太陽能,2026,25.727,0,臺南市安南區台南市安南區北安路3段135號,304.98 kW,天能綠電股份有限公司,24SP2542-B026000024~49,4/1/26,2026-02-01~2026-02-28,認可,認可,25.727 MWh,0 MWh
怡和綠電超商股份有限公司,昱金生科技-四維停車場,太陽能,2026,90.092,0,高雄市苓雅區苓雅一路226號,304.92 kW,怡和綠電超商股份有限公司,25SP3582-B026000001~94,5/20/26,2026-01-01~2026-03-31,認可,認可,90.092 MWh,0 MWh
台灣碳資產電業股份有限公司,吳秉昌,太陽能,2026,77.48,0,臺南市白河區崁頭里崁子頭19之6號,304.92 kW,台灣碳資產電業股份有限公司,24SP0544-B026000001~79,5/20/26,2026-01-01~2026-03-31,認可,認可,77.48 MWh,0 MWh
寶島陽光電力事業股份有限公司,昕瑞能源有限公司(國軍副供站-成功),太陽能,2026,93.342,0,臺中市南屯區同安西巷129之10號,304.8 kW,寶島陽光電力事業股份有限公司,24SP1425-B026000001~98,5/20/26,2026-01-01~2026-03-31,認可,認可,93.342 MWh,0 MWh
怡和綠電超商股份有限公司,晶久綠能-陳田雞舍,太陽能,2026,101.651,0,臺南市安南區城西街3段1050之5號,304.64 kW,怡和綠電超商股份有限公司,25SP1729-B026000001~104,5/20/26,2026-01-01~2026-03-31,認可,認可,101.651 MWh,0 MWh
宇軒電業股份有限公司,岱墾2,太陽能,2026,29.921,0,臺南市仁德區中生里中洲76之116號,304.5 kW,宇軒電業股份有限公司,25SP1190-B026000030~59,4/15/26,2026-02-01~2026-02-28,認可,認可,29.921 MWh,0 MWh
艾涅爾電力股份有限公司,福展綠能-雲林榮家,太陽能,2026,46.017,0,雲林縣斗六市榮譽路160號,304.44 kW,艾涅爾電力股份有限公司,24SP2131-B026000001~47,4/8/26,2026-01-01~2026-02-28,認可,認可,46.017 MWh,0 MWh
華城能源股份有限公司,福展美,太陽能,2026,2.497,0,宜蘭縣五結鄉利工段73地號,303.875 kW,華城能源股份有限公司,25SP0615-B026000001~10,5/20/26,2026-01-01~2026-03-31,認可,認可,2.497 MWh,0 MWh
怡和綠電超商股份有限公司,戎居-G11,太陽能,2026,79.905,0,臺南市官田區官田段183、184-4地號,303.8 kW,怡和綠電超商股份有限公司,25SP0959-B026000001~82,5/20/26,2026-01-01~2026-03-31,認可,認可,79.905 MWh,0 MWh
天能綠電股份有限公司,光旭盈24--彰化久皇秀水場屋頂型光電案場,太陽能,2026,58.922,38.46,彰化縣秀水鄉溪心街11巷2、6號,303.62 kW,天能綠電股份有限公司,25SP0239-B026000001~104,5/20/26,2026-01-01~2026-03-31,認可,認可,58.922 MWh,38.46 MWh
續興股份有限公司,歐悅,太陽能,2026,0,64.976,桃園市蘆竹區南山北路2段35號,303.51 kW,續興股份有限公司,25SP2767-B026000001~66,5/20/26,2026-01-01~2026-03-31,認可,認可,0 MWh,64.976 MWh
艾涅爾電力股份有限公司,炬陽-柯進全,太陽能,2026,57.59,0,雲林縣大埤鄉嘉興村田寮21之1號,303.28 kW,艾涅爾電力股份有限公司,24SP2537-B026000001~59,4/8/26,2026-01-01~2026-02-28,認可,認可,57.59 MWh,0 MWh
大同智能股份有限公司,彰化縣汙染農地太陽光電系統-鹿港鎮振興段2196地號,太陽能,2026,108.905,0,彰化縣鹿港鎮振興段2196地號,303.28 kW,大同智能股份有限公司,24SP0204-B026000001~111,5/20/26,2026-01-01~2026-03-31,認可,認可,108.905 MWh,0 MWh
星星電力股份有限公司,金獅城德大機械,太陽能,2026,94.559,0,臺中市神岡區圳前路47之5號,302.99 kW,星星電力股份有限公司,25SP3412-B026000001~106,5/20/26,2026-01-01~2026-03-31,認可,認可,94.559 MWh,0 MWh
艾涅爾電力股份有限公司,城八-義欽交通PV0013,太陽能,2026,56.738,0,臺南市安南區公學路1段124巷281號,302.86 kW,艾涅爾電力股份有限公司,25SP0700-B026000001~59,4/8/26,2026-01-01~2026-02-28,認可,認可,56.738 MWh,0 MWh
陽光伏特家電力股份有限公司,匯群高雄2廠,太陽能,2026,98.855,0,高雄市美濃區美中段0821-0000地號,302.61 kW,陽光伏特家電力股份有限公司,25SP0145-B026000001~102,5/20/26,2026-01-01~2026-03-31,認可,認可,98.855 MWh,0 MWh
晨星電力股份有限公司,(統益)台南市社會局永華社福大樓風雨球場,太陽能,2026,103.127,0,臺南市安平區新南段0027-0000地號,302.6 kW,晨星電力股份有限公司,25SP1069-B026000001~104,5/20/26,2026-01-01~2026-03-31,認可,認可,103.127 MWh,0 MWh
南方電力股份有限公司,通滿晶-花海段799-2,太陽能,2026,70.972,0,屏東縣滿州鄉花海段799-2地號,302.6 kW,南方電力股份有限公司,25SP0395-B026000001~73,5/20/26,2026-01-01~2026-03-31,認可,認可,70.972 MWh,0 MWh
禾丰電力股份有限公司,臺南永捷安定太陽光電發電廠(屋頂型),太陽能,2026,60.619,0,臺南市安定區安加里安定258之26號,302.6 kW,禾丰電力股份有限公司,24SP2063-B026000001~64,5/20/26,2026-01-01~2026-03-31,認可,認可,60.619 MWh,0 MWh
中曜股份有限公司,中租 0633 號,太陽能,2026,7.291,0,屏東縣鹽埔鄉長壽路2巷9號,302.4 kW,中曜股份有限公司,24SP2370-B026000001~8,5/13/26,2026-01-01~2026-02-28,認可,認可,7.291 MWh,0 MWh
南方電力股份有限公司,南隆國中太陽光電發電廠,太陽能,2026,98.937,0,高雄市美濃區南中街3號,302.25 kW,南方電力股份有限公司,24SP0456-B026000001~101,5/20/26,2026-01-01~2026-03-31,認可,認可,98.937 MWh,0 MWh
開陽電力股份有限公司,瑞寶投資有限公司-四湖鄉東光段地面型,太陽能,2026,74.864,0,雲林縣四湖鄉東光段0119-0000地號,301.95 kW,開陽電力股份有限公司,25SP0040-B026000001~76,5/20/26,2026-01-01~2026-03-31,認可,認可,74.864 MWh,0 MWh
艾涅爾電力股份有限公司,永旭-洪長義二期PV0322,太陽能,2026,56.381,0,雲林縣四湖鄉下寮路139號,301.875 kW,艾涅爾電力股份有限公司,24SP0434-B026000001~490,4/8/26,2026-01-01~2026-02-28,認可,認可,56.381 MWh,0 MWh
天能綠電股份有限公司,鴻晶-高雄市岡山區岡燕路485巷20號,太陽能,2026,9.359,17.899,高雄市岡山區岡燕路485巷20號,301.86 kW,天能綠電股份有限公司、鴻晶新科技股份有限公司,24SP2015-B026000001~29,5/20/26,2026-01-01~2026-01-31,認可,認可,9.359 MWh,17.899 MWh
怡和綠電超商股份有限公司,漢翔(王董)-許省三,太陽能,2026,28.055,0,彰化縣大城鄉人和路建90號,301.8 kW,怡和綠電超商股份有限公司,25SP1715-B026000028~56,4/1/26,2026-02-01~2026-02-28,認可,認可,28.055 MWh,0 MWh
大自然能源電業股份有限公司,NP041026C003凱銳（全風幼一）,太陽能,2026,40.166,0,桃園市楊梅區幼一路10號,301.75 kW,大自然能源電業股份有限公司,24SP1105-B026000001~41,4/1/26,2026-01-01~2026-02-28,認可,認可,40.166 MWh,0 MWh
寶島陽光電力事業股份有限公司,日沛能源有限公司(TW160018),太陽能,2026,55.022,0,彰化縣芳苑鄉芳草路文津段1130巷88號,301.6 kW,寶島陽光電力事業股份有限公司,24SP2450-B026000001~57,5/20/26,2026-01-01~2026-03-31,認可,認可,55.022 MWh,0 MWh
怡和綠電超商股份有限公司,寶冠虹-耆老段784、785,太陽能,2026,73.619,0,屏東縣九如鄉九如鄉九如路3段431巷73號,301.5 kW,怡和綠電超商股份有限公司,25SP1098-B026000001~75,5/20/26,2026-01-01~2026-03-31,認可,認可,73.619 MWh,0 MWh
宇軒電業股份有限公司,頂秀祐段456地號,太陽能,2026,60.763,38.681,臺南市白河區頂秀祐段456地號,301.5 kW,宇軒電業股份有限公司,25SP2015-B026000001~100,5/20/26,2026-01-01~2026-03-31,認可,認可,60.763 MWh,38.681 MWh
南茂科技股份有限公司,南茂科技101,太陽能,2026,0,70.846,新竹縣寶山鄉研發一路一號,301.32 kW,南茂科技股份有限公司,25SP0824-B026000001~72,5/20/26,2026-01-01~2026-03-31,認可,認可,0 MWh,70.846 MWh
怡和綠電超商股份有限公司,上陽綠能-上陽一號,太陽能,2026,81.801,0,南投縣名間鄉彰南路348號【使用執照編號：(104)投府建管(使)字第00350號】,301.125 kW,怡和綠電超商股份有限公司,25SP3755-B026000001~87,5/20/26,2026-01-01~2026-03-31,認可,認可,81.801 MWh,0 MWh
晨星電力股份有限公司,(沅碁)加昌國小一二期,太陽能,2026,99.277,6.272,高雄市楠梓區樂群路220號,301.05 kW,晨星電力股份有限公司,25SP3091-B026000001~115,5/20/26,2026-01-01~2026-03-31,認可,認可,99.277 MWh,6.272 MWh
寶富電力股份有限公司,林邊五小福-1-寶祿-鎮林段35、34-3地號,太陽能,2026,115.174,0,屏東縣林邊鄉鎮林段35、34-3 地號,300.96 kW,寶富電力股份有限公司,25SP0481-B026000014~136,5/20/26,2026-01-01~2026-03-31,認可,認可,115.174 MWh,0 MWh
大自然能源電業股份有限公司,NP201075C001友齊,太陽能,2026,54.967,19.028,臺南市柳營區工七路13號,300.96 kW,大自然能源電業股份有限公司,25SP1269-B026000001~84,5/20/26,2026-01-01~2026-03-31,認可,認可,54.967 MWh,19.028 MWh
天能綠電股份有限公司,鼎勝_台南官田_屋頂型太陽光電案場,太陽能,2026,71.071,0,臺南市官田區建業路34之1號,300.605 kW,天能綠電股份有限公司,25SP3609-B026000001~72,5/20/26,2026-01-01~2026-03-31,認可,認可,71.071 MWh,0 MWh
天能綠電股份有限公司,銀鏈資產管理-正和製藥屋頂型太陽光電案場,太陽能,2026,74.825,0,臺南市新營區新工路23號,300.39 kW,天能綠電股份有限公司,24SP0653-B026000001~76,5/20/26,2026-01-01~2026-03-31,認可,認可,74.825 MWh,0 MWh
艾涅爾電力股份有限公司,昰暟科技-火鐵,太陽能,2026,55.266,0,彰化縣埔心鄉五通南路180號,300.12 kW,艾涅爾電力股份有限公司,24SP1261-B026000001~56,4/8/26,2026-01-01~2026-02-28,認可,認可,55.266 MWh,0 MWh
星星電力股份有限公司,雄利 - 新興段790地號,太陽能,2026,87.389,0,屏東縣屏東市屏東縣屏東市新興段0790-0000地號,300.08 kW,星星電力股份有限公司,25SP3966-B026000001~90,5/20/26,2026-01-01~2026-03-31,認可,認可,87.389 MWh,0 MWh
晨星電力股份有限公司,(聯發)義勝精機,太陽能,2026,93.417,0,高雄市路竹區復興路825巷95號,300 kW,晨星電力股份有限公司,25SP2722-B026000001~95,5/20/26,2026-01-01~2026-03-31,認可,認可,93.417 MWh,0 MWh
天能綠電股份有限公司,彰化健馨養護中心屋頂型太陽光電案場,太陽能,2026,55.703,36.129,彰化縣鹿港鎮鹿西路235巷17號、17-1號,300 kW,天能綠電股份有限公司,23SP0062-B026000001~94,5/20/26,2026-01-01~2026-03-31,認可,認可,55.703 MWh,36.129 MWh
晨星電力股份有限公司,(卓越)尚興不織布(股),太陽能,2026,69.259,0,桃園市龍潭區楊銅路一段118巷151號,299.97 kW,晨星電力股份有限公司,25SP1855-B026000001~71,5/20/26,2026-01-01~2026-03-31,認可,認可,69.259 MWh,0 MWh
艾涅爾電力股份有限公司,研陽-社會局婦幼館PV0523,太陽能,2026,55.199,0,高雄市鳳山區光復路2段120號,299.97 kW,艾涅爾電力股份有限公司,25SP0505-B026000001~56,4/8/26,2026-01-01~2026-02-28,認可,認可,55.199 MWh,0 MWh
艾涅爾電力股份有限公司,太旭-林明正PV0199,太陽能,2026,48.164,0,苗栗縣後龍鎮新港段埔頂小段1141、1142地號,299.88 kW,艾涅爾電力股份有限公司,24SP0043-B026000001~434,4/8/26,2026-01-01~2026-02-28,認可,認可,48.164 MWh,0 MWh
開陽電力股份有限公司,台灣綠色資產股份有限公司-土庫鎮大荖里溪心屋頂型,太陽能,2026,100.154,0,雲林縣土庫鎮大荖里溪心28之6號,299.88 kW,開陽電力股份有限公司,25SP0037-B026000001~101,5/20/26,2026-01-01~2026-03-31,認可,認可,100.154 MWh,0 MWh
泳富豪有限公司,泳富豪有限公司,太陽能,2026,0,52.535,臺中市大安區中松路273、273-1號,299.845 kW,泳富豪有限公司,24SP0940-B026000001~54,5/20/26,2026-01-01~2026-03-31,認可,認可,0 MWh,52.535 MWh
漢鐘精機股份有限公司,臺中漢鐘二期,太陽能,2026,0,92.589,臺中市南屯區精科路10號,299.82 kW,漢鐘精機股份有限公司,24SP1481-B026000001~95,5/20/26,2026-01-01~2026-03-31,認可,認可,0 MWh,92.589 MWh
怡和綠電超商股份有限公司,三和光電-794-2地號,太陽能,2026,29.472,0,屏東縣內埔鄉復興段0794-0002地號,299.77 kW,怡和綠電超商股份有限公司,25SP2516-B026000029~58,4/1/26,2026-02-01~2026-02-28,認可,認可,29.472 MWh,0 MWh
怡和綠電超商股份有限公司,三和光電-794地號,太陽能,2026,27.47,0,屏東縣內埔鄉內埔鄉復興段0794-0000地號,299.77 kW,怡和綠電超商股份有限公司,25SP2517-B026000027~54,4/1/26,2026-02-01~2026-02-28,認可,認可,27.47 MWh,0 MWh
台灣百事食品股份有限公司,台灣百事屋頂太陽光電發電系統工程(併內線自發自用不躉售),太陽能,2026,0,67.133,臺南市新市區中山路181號,299.71 kW,台灣百事食品股份有限公司,25SP0276-B026000001~68,4/1/26,2026-01-01~2026-02-28,認可,認可,0 MWh,67.133 MWh
陽光伏特家電力股份有限公司,元登屏東43廠,太陽能,2026,95.756,0,屏東縣內埔鄉隘寮段0752-0000、0752-0001、0752-0002地號,299.7 kW,陽光伏特家電力股份有限公司,24SP0375-B026000001~96,5/20/26,2026-01-01~2026-03-31,認可,認可,95.756 MWh,0 MWh
天能綠電股份有限公司,合晟綠能-屏東麟洛地面型太陽光電案場,太陽能,2026,96.217,0,屏東縣麟洛鄉麟信段0275-0001地號,299.65 kW,天能綠電股份有限公司,24SP0688-B026000001~100,5/20/26,2026-01-01~2026-03-31,認可,認可,96.217 MWh,0 MWh
艾涅爾電力股份有限公司,城八-塭岸PV0275,太陽能,2026,59.912,0,屏東縣林邊鄉塭岸段0849-0000地號,299.64 kW,艾涅爾電力股份有限公司,24SP0051-B026000001~62,4/8/26,2026-01-01~2026-02-28,認可,認可,59.912 MWh,0 MWh
艾涅爾電力股份有限公司,城八-塭岸PV0270,太陽能,2026,60.855,0,屏東縣林邊鄉塭岸段0848-0000地號,299.64 kW,艾涅爾電力股份有限公司,24SP0095-B026000001~62,4/8/26,2026-01-01~2026-02-28,認可,認可,60.855 MWh,0 MWh
艾涅爾電力股份有限公司,太旭-余家PV0196,太陽能,2026,52.524,0,苗栗縣後龍鎮新港段埔頂小段184、184-1地號,299.64 kW,艾涅爾電力股份有限公司,24SP0034-B026000001~434,4/8/26,2026-01-01~2026-02-28,認可,認可,52.524 MWh,0 MWh
十萬伏特電力股份有限公司,五谷岡段,太陽能,2026,80.025,0,苗栗縣公館鄉五谷岡段0972-0000地號,299.6 kW,十萬伏特電力股份有限公司,25SP0685-B026000001~81,5/20/26,2026-01-01~2026-03-31,認可,認可,80.025 MWh,0 MWh
晨星電力股份有限公司,(新台)新台塑膠三期,太陽能,2026,102.254,0,嘉義縣水上鄉大崙村大崙160號,299.57 kW,晨星電力股份有限公司,25SP2508-B026000001~103,5/20/26,2026-01-01~2026-03-31,認可,認可,102.254 MWh,0 MWh
瓦力電能股份有限公司,嘉義縣民雄鄉299.52瓩(T8005),太陽能,2026,44.15,29.423,嘉義縣民雄鄉大崎村十四甲3-2號,299.52 kW,瓦力電能股份有限公司,25SP1609-B026000001~76,5/20/26,2026-01-01~2026-03-31,認可,認可,44.15 MWh,29.423 MWh
天能綠電股份有限公司,信陽_雲林二崙屋頂型太陽光電案場,太陽能,2026,89.067,0,雲林縣二崙鄉紹興路1之8號,299.52 kW,天能綠電股份有限公司,25SP3527-B026000001~90,5/20/26,2026-01-01~2026-03-31,認可,認可,89.067 MWh,0 MWh
天能綠電股份有限公司,閎均光電-屏東內埔隘寮231-4地面型太陽光電案場,太陽能,2026,97.925,0,屏東縣內埔鄉新展段1546-0000地號,299.51 kW,天能綠電股份有限公司,24SP0976-B026000001~99,5/20/26,2026-01-01~2026-03-31,認可,認可,97.925 MWh,0 MWh
中曜股份有限公司,中租 3279 號,太陽能,2026,8.589,0,屏東縣新園鄉仙吉段1044地號,299.46 kW,中曜股份有限公司,24SP1826-B026000001~10,5/13/26,2026-01-01~2026-02-28,認可,認可,8.589 MWh,0 MWh
艾涅爾電力股份有限公司,鎧銚-陳麗明PV1209,太陽能,2026,39.67,0,雲林縣東勢鄉昌南路113-39號,299.25 kW,艾涅爾電力股份有限公司,24SP1688-B026000001~41,4/8/26,2026-01-01~2026-02-28,認可,認可,39.67 MWh,0 MWh
艾涅爾電力股份有限公司,太旭-余文和PV0198,太陽能,2026,49.186,0,苗栗縣後龍鎮新港段埔頂小段1137地號,299.2 kW,艾涅爾電力股份有限公司,24SP0037-B026000001~434,4/8/26,2026-01-01~2026-02-28,認可,認可,49.186 MWh,0 MWh
續興股份有限公司,上海印刷廠,太陽能,2026,64.301,0,新北市土城區大暖路71號,299.145 kW,續興股份有限公司,25SP3377-B026000001~66,5/20/26,2026-01-01~2026-03-31,認可,認可,64.301 MWh,0 MWh
艾涅爾電力股份有限公司,太旭-北老(一)PV0034,太陽能,2026,31.845,0,新北市新店區屈尺路83號(仰德樓、懷恩樓),298.89 kW,艾涅爾電力股份有限公司,25SP0588-B026000001~32,4/8/26,2026-01-01~2026-02-28,認可,認可,31.845 MWh,0 MWh
天能綠電股份有限公司,聯合再生06-永安國中桃園市新屋區屋頂型太陽能光電場,太陽能,2026,68.132,0,桃園市新屋區中山西路3段96號,298.86 kW,天能綠電股份有限公司,25SP0542-B026000001~76,5/20/26,2026-01-01~2026-03-31,認可,認可,68.132 MWh,0 MWh
怡和綠電超商股份有限公司,克林-興中段1131-3地號,太陽能,2026,81.691,0,屏東縣高樹鄉興中段1131-0003地號,298.84 kW,怡和綠電超商股份有限公司,25SP1481-B026000001~83,5/20/26,2026-01-01~2026-03-31,認可,認可,81.691 MWh,0 MWh
星星電力股份有限公司,仁登-越溪段857、858、884地號,太陽能,2026,32.084,0,屏東縣崁頂鄉越溪段857、858、884地號,298.8 kW,星星電力股份有限公司,24SP2374-B026000001~124,3/18/26,2026-01-01~2026-01-31,認可,認可,32.084 MWh,0 MWh
陽光伏特家電力股份有限公司,偉澄嘉義3廠,太陽能,2026,31.58,0,嘉義縣溪口鄉本厝村本廳2之15號,298.8 kW,陽光伏特家電力股份有限公司,23SP0351-B026000001~70,5/20/26,2026-01-01~2026-03-31,認可,認可,31.58 MWh,0 MWh
阿波羅電力股份有限公司,禾盈環亞1、環亞2,太陽能,2026,0,89.958,高雄市楠梓區楠梓加工出口區開發路5、5-2、5-3、5-4、7、7-2、7-3、7-4號,298.54 kW,阿波羅電力股份有限公司,25SP4261-B026000001~92,5/20/26,2026-01-01~2026-03-31,認可,認可,0 MWh,89.958 MWh
續興股份有限公司,國立臺南高級海事水產職業學校一二期,太陽能,2026,83.049,0,臺南市安平區世平路1號、臺南市安平區海興段0030-0001地號,298.52 kW,續興股份有限公司,25SP2310-B026000001~84,5/20/26,2026-01-01~2026-03-31,認可,認可,83.049 MWh,0 MWh
寶島陽光電力事業股份有限公司,晟鑫能源有限公司 (TW170636),太陽能,2026,68.986,0,雲林縣二崙鄉頂庄96號,298.12 kW,寶島陽光電力事業股份有限公司,24SP2580-B026000001~71,5/20/26,2026-01-01~2026-03-31,認可,認可,68.986 MWh,0 MWh
富威電力股份有限公司,永大-劉建宏太陽光電發電廠,太陽能,2026,30.92,0,屏東縣萬丹鄉維新路51巷77號,298.025 kW,富威電力股份有限公司,25SP2378-B026000015~59,4/1/26,2026-01-01~2026-02-28,認可,認可,30.92 MWh,0 MWh
怡和綠電超商股份有限公司,大武山-大武山牧場中雞場,太陽能,2026,83.176,0,屏東縣新埤鄉萬隆村中山路3之36號,297.99 kW,怡和綠電超商股份有限公司,25SP1173-B026000001~84,5/20/26,2026-01-01~2026-03-31,認可,認可,83.176 MWh,0 MWh
怡和綠電超商股份有限公司,可承科技-雲林-青果社嘉南分社,太陽能,2026,90.625,0,雲林縣二崙鄉民族路57號,297.9 kW,怡和綠電超商股份有限公司,25SP2413-B026000001~92,5/20/26,2026-01-01~2026-03-31,認可,認可,90.625 MWh,0 MWh
寶島陽光電力事業股份有限公司,日沛能源有限公司(TW170676),太陽能,2026,33.126,34.226,彰化縣芳苑鄉路平路409巷363號,297.86 kW,寶島陽光電力事業股份有限公司,24SP2453-B026000001~74,5/20/26,2026-01-01~2026-03-31,認可,認可,33.126 MWh,34.226 MWh
台灣積體電路製造股份有限公司F15P3(C1作業廠房),F15P3(C1作業廠房),太陽能,2026,0,55.399,臺中市大雅區科雅六路1號,297.7 kW,台灣積體電路製造股份有限公司F15P3(C1作業廠房),18SP0024-B026000001~57,5/20/26,2026-01-01~2026-03-31,認可,認可,0 MWh,55.399 MWh
怡和綠電超商股份有限公司,賽斯新能源-邱李雪光:美濃區吉和段0016-0000地號(地),太陽能,2026,85.123,0,高雄市美濃區吉和段0016-0000地號,297.6 kW,怡和綠電超商股份有限公司,25SP2536-B026000001~87,5/20/26,2026-01-01~2026-03-31,認可,認可,85.123 MWh,0 MWh
詠基工業股份有限公司,詠基工業股份有限公司,太陽能,2026,0,24.775,臺中市太平區永義路 169 號,297.27 kW,詠基工業股份有限公司,25SP0396-B026000001~26,5/20/26,2026-01-01~2026-03-31,認可,認可,0 MWh,24.775 MWh
台灣穗高科技股份有限公司,(一廠五期)太陽能設備,太陽能,2026,0,83.472,臺南市新市區環東路一段2號,297.115 kW,台灣穗高科技股份有限公司,25SP0045-B026000001~84,5/20/26,2026-01-01~2026-03-31,認可,認可,0 MWh,83.472 MWh
陽光伏特家電力股份有限公司,中詰雲林1廠,太陽能,2026,94.996,0,雲林縣莿桐鄉義和村1鄰三和1之56號,297 kW,陽光伏特家電力股份有限公司,25SP1389-B026000001~97,5/20/26,2026-01-01~2026-03-31,認可,認可,94.996 MWh,0 MWh
星星電力股份有限公司,國碩利高 - 2C吳清芬,太陽能,2026,23.028,0,"屏東縣內埔鄉屏東縣內埔鄉早角段0441-0000,0441-0005,0441-0006地號.",296.98 kW,星星電力股份有限公司,24SP2333-B026000016~50,3/18/26,2026-01-01~2026-01-31,認可,認可,23.028 MWh,0 MWh
南方電力股份有限公司,嘉義縣東石鄉栗子崙段388地號太陽光電發電廠,太陽能,2026,66.362,0,嘉義縣東石鄉栗子崙段388地號,296.475 kW,南方電力股份有限公司,21SP0054-B026000003~81,5/20/26,2026-01-01~2026-03-31,認可,認可,66.362 MWh,0 MWh
天能綠電股份有限公司,龍泉-嘉義東石地面型太陽光電案場,太陽能,2026,90.983,0,嘉義縣東石鄉港墘厝段龍港小段919-1地號,296.1 kW,天能綠電股份有限公司,25SP2813-B026000001~92,5/20/26,2026-01-01~2026-03-31,認可,認可,90.983 MWh,0 MWh
陽光伏特家電力股份有限公司,新光彰化32廠,太陽能,2026,74.676,0,彰化縣大城鄉青埔巷300號,295.74 kW,陽光伏特家電力股份有限公司,23SP0447-B026000001~76,5/20/26,2026-01-01~2026-03-31,認可,認可,74.676 MWh,0 MWh
陽光伏特家電力股份有限公司,新智彰化1廠,太陽能,2026,95.418,0,彰化縣大城鄉中山路290巷建633號,295.68 kW,陽光伏特家電力股份有限公司,24SP2400-B026000001~97,5/20/26,2026-01-01~2026-03-31,認可,認可,95.418 MWh,0 MWh
十萬伏特電力股份有限公司,台中-和大工業(中清廠)案,太陽能,2026,55.265,0,臺中市大雅區中清路4段800號,295.68 kW,十萬伏特電力股份有限公司,25SP4103-B026000001~57,4/22/26,2026-01-01~2026-02-28,認可,認可,55.265 MWh,0 MWh
阿波羅電力股份有限公司,辰翔王金保,太陽能,2026,51.036,37.128,彰化縣鹿港鎮山崙里山寮巷82之2號,295.295 kW,阿波羅電力股份有限公司,24SP2377-B026000001~90,5/20/26,2026-01-01~2026-03-31,認可,認可,51.036 MWh,37.128 MWh
天能綠電股份有限公司,嘉元光-屏東市工業三路屋頂型太陽光電案場,太陽能,2026,91.224,0,屏東縣屏東市工業三路16號,295.26 kW,天能綠電股份有限公司,24SP1099-B026000001~93,5/20/26,2026-01-01~2026-03-31,認可,認可,91.224 MWh,0 MWh
怡和綠電超商股份有限公司,祥發綠能科技-宏展一期,太陽能,2026,87.326,0,南投縣草屯鎮碧興路一段96號(南投縣草屯鎮光華段0859-0000、0860-0000地號)【使用執照字號：(110)投府建管(使)字第00249號】,294.975 kW,怡和綠電超商股份有限公司,25SP3757-B026000001~92,5/20/26,2026-01-01~2026-03-31,認可,認可,87.326 MWh,0 MWh
晨星電力股份有限公司,(統益)善化區陽明國小(停車場+屋頂),太陽能,2026,82.233,9.24,臺南市善化區胡厝寮段1495-0000地號/胡家里胡厝寮300號,294.91 kW,晨星電力股份有限公司,25SP4210-B026000001~98,5/20/26,2026-01-01~2026-03-31,認可,認可,82.233 MWh,9.24 MWh
艾涅爾電力股份有限公司,陽光-宇志物業PV0419,太陽能,2026,20.71,0,桃園市蘆竹區新興街125巷7號,294.84 kW,艾涅爾電力股份有限公司,24SP0857-B026000020~40,4/8/26,2026-02-01~2026-02-28,認可,認可,20.71 MWh,0 MWh
十萬伏特電力股份有限公司,宜寧中學第三期,太陽能,2026,58.947,0,臺中市西屯區永林段0520-0000地號,294.84 kW,十萬伏特電力股份有限公司,25SP3839-B026000001~61,4/1/26,2026-01-01~2026-02-28,認可,認可,58.947 MWh,0 MWh
晨星電力股份有限公司,(創源)尚泰環保（屋頂),太陽能,2026,65.114,0,屏東縣枋寮鄉屏南路25號,294.79 kW,晨星電力股份有限公司,25SP2602-B026000001~67,5/20/26,2026-01-01~2026-03-31,認可,認可,65.114 MWh,0 MWh
續興股份有限公司,新和嘉義3廠,太陽能,2026,92.611,0,嘉義縣六腳鄉雙涵村2鄰雙涵12之50號,294.78 kW,續興股份有限公司,25SP2749-B026000001~93,5/20/26,2026-01-01~2026-03-31,認可,認可,92.611 MWh,0 MWh
阿波羅電力股份有限公司,環球大宇宙林園區林園立體停車場,太陽能,2026,87.443,0,高雄市林園區林園南路77號,294.69 kW,阿波羅電力股份有限公司,24SP2516-B026000001~89,5/20/26,2026-01-01~2026-03-31,認可,認可,87.443 MWh,0 MWh
晨星電力股份有限公司,(暟陽)冠閤企業(股 ),太陽能,2026,104.356,0,嘉義縣太保市舊埤里新埤1之5號,294.63 kW,晨星電力股份有限公司,25SP1848-B026000001~106,5/20/26,2026-01-01~2026-03-31,認可,認可,104.356 MWh,0 MWh
怡和綠電超商股份有限公司,賽斯-東山區東山1342地號,太陽能,2026,87.36,0,臺南市東山區東山段1342地號,294.59 kW,怡和綠電超商股份有限公司,25SP2683-B026000001~89,5/20/26,2026-01-01~2026-03-31,認可,認可,87.36 MWh,0 MWh
艾涅爾電力股份有限公司,太旭-邱文政PV0070,太陽能,2026,50.667,0,苗栗縣苗栗市嘉盛段1423地號,294.3 kW,艾涅爾電力股份有限公司,24SP0035-B026000001~434,4/8/26,2026-01-01~2026-02-28,認可,認可,50.667 MWh,0 MWh
開陽電力股份有限公司,開陽能源股份有限公司-雲林程海433,太陽能,2026,54.478,0,雲林縣東勢鄉程海路60之7號,294 kW,開陽電力股份有限公司,25SP1963-B026000001~56,4/1/26,2026-01-01~2026-02-28,認可,認可,54.478 MWh,0 MWh
怡和綠電超商股份有限公司,晁能-鈦興鋁業,太陽能,2026,82.611,0,彰化縣伸港鄉工五路1號,294 kW,怡和綠電超商股份有限公司,25SP3575-B026000001~84,5/20/26,2026-01-01~2026-03-31,認可,認可,82.611 MWh,0 MWh
天能綠電股份有限公司,凱銳-嘉義蔡豊武屋頂型太陽光電案場,太陽能,2026,0,34.002,嘉義縣民雄鄉三興村陳厝寮19之11號,294 kW,天能綠電股份有限公司,24SP2347-B026000001~35,5/20/26,2026-03-01~2026-03-31,認可,認可,0 MWh,34.002 MWh
開陽電力股份有限公司,開陽能源股份有限公司-雲林龍潭308,太陽能,2026,52.93,0,雲林縣東勢鄉安南路1之7號,294 kW,開陽電力股份有限公司,25SP1890-B026000001~54,4/1/26,2026-01-01~2026-02-28,認可,認可,52.93 MWh,0 MWh
陽光伏特家電力股份有限公司,元登彰化1廠,太陽能,2026,53.612,0,彰化縣福興鄉番婆街建38之57號(彰化縣福興鄉中興段0614-0000地號),293.76 kW,陽光伏特家電力股份有限公司,25SP0587-B026000001~55,5/20/26,2026-01-01~2026-03-31,認可,認可,53.612 MWh,0 MWh
晨星電力股份有限公司,(統益)小港華山國小,太陽能,2026,86.388,0,高雄市小港區宏明段0447-0000地號(高雄市小港區華山國民小學),293.7 kW,晨星電力股份有限公司,25SP3084-B026000001~88,5/20/26,2026-01-01~2026-03-31,認可,認可,86.388 MWh,0 MWh
瓦特先生股份有限公司,L-HR21-001 桃園市立仁和國中,太陽能,2026,57.293,0,桃園市大溪區仁和七街55號、57號,293.42 kW,瓦特先生股份有限公司,25SP0120-B026000001~60,5/20/26,2026-01-01~2026-03-31,認可,認可,57.293 MWh,0 MWh
怡和綠電超商股份有限公司,旭陞-埔鹽雞舍,太陽能,2026,83.301,0,彰化縣埔鹽鄉大新路一巷二橫巷3之10號,293.28 kW,怡和綠電超商股份有限公司,25SP3567-B026000001~85,5/20/26,2026-01-01~2026-03-31,認可,認可,83.301 MWh,0 MWh
富威電力股份有限公司,日盛全-白河2-5太陽光電發電廠,太陽能,2026,57.717,13.329,臺南市白河區頂秀祐段0002-0005地號,293.105 kW,富威電力股份有限公司,25SP1634-B026000001~94,5/20/26,2026-01-01~2026-03-31,認可,認可,57.717 MWh,13.329 MWh
天能綠電股份有限公司,榮貴-過路子段地面型太陽光電案場,太陽能,2026,118.025,0,嘉義縣義竹鄉過路子段過路小段0375-0001、0382-0001地號,292.95 kW,天能綠電股份有限公司,25SP2837-B026000001~121,5/20/26,2026-01-01~2026-03-31,認可,認可,118.025 MWh,0 MWh
艾涅爾電力股份有限公司,碩燿-何榮機械PV0444,太陽能,2026,55.092,0,彰化縣大村鄉大崙路4之12號,292.905 kW,艾涅爾電力股份有限公司,24SP0650-B026000001~57,5/20/26,2026-01-01~2026-02-28,認可,認可,55.092 MWh,0 MWh
富威電力股份有限公司,健能-李岡民太陽光電發電廠,太陽能,2026,32.87,0,彰化縣秀水鄉正興路161巷建109號,292.5 kW,富威電力股份有限公司,24SP2038-B026000034~77,4/1/26,2026-01-01~2026-02-28,認可,認可,32.87 MWh,0 MWh
大自然能源電業股份有限公司,NP121034C002東港-關帝段,太陽能,2026,56.926,0,屏東縣東港鎮關帝段556地號,292.5 kW,大自然能源電業股份有限公司,24SP1628-B026000001~58,4/1/26,2026-01-01~2026-02-28,認可,認可,56.926 MWh,0 MWh
振芳股份有限公司,桃園中壢廠,太陽能,2026,0,66.791,桃園市中壢區吉林路19號,292.5 kW,振芳股份有限公司,25SP0830-B026000001~68,5/20/26,2025-12-01~2026-03-31,認可,認可,0 MWh,66.791 MWh
台達電子工業股份有限公司,台達電子工業股份有限公司(桃二廠),太陽能,2026,0,69.075,桃園市龜山區山鶯路252號,292.4 kW,台達電子工業股份有限公司,22SP0039-B026000001~71,5/20/26,2026-01-01~2026-03-31,認可,認可,0 MWh,69.075 MWh
艾涅爾電力股份有限公司,日安-和美汙染地,太陽能,2026,61.334,0,彰化縣和美鎮犁盛段0523-0000地號,292.11 kW,艾涅爾電力股份有限公司,24SP1070-B026000001~64,5/20/26,2026-01-01~2026-02-28,認可,認可,61.334 MWh,0 MWh
香印永續股份有限公司,旺矽竹北,太陽能,2026,74.196,0,新竹縣竹北市泰和路153、155號,292.06 kW,香印永續股份有限公司,25SP0371-B026000001~641,5/20/26,2026-01-01~2026-03-31,認可,認可,74.196 MWh,0 MWh
天能綠電股份有限公司,叡朋科技-路竹廣泰金屬屋頂型太陽光電案場,太陽能,2026,85.428,0,高雄市路竹區路科一路9號,291.72 kW,天能綠電股份有限公司,24SP0555-B026000001~87,5/20/26,2026-01-01~2026-03-31,認可,認可,85.428 MWh,0 MWh
天能綠電股份有限公司,高雄三爺埤池291.6kWp水面型太陽光電案場,太陽能,2026,90.794,0,高雄市路竹區三爺段578地號,291.6 kW,天能綠電股份有限公司,24SP0118-B026000001~93,5/20/26,2026-01-01~2026-03-31,認可,認可,90.794 MWh,0 MWh
怡和綠電超商股份有限公司,嘉創-志同實業,太陽能,2026,70.741,0,新竹縣湖口鄉光華路9巷26號,291.6 kW,怡和綠電超商股份有限公司,25SP3990-B026000002~75,5/20/26,2026-01-01~2026-03-31,認可,認可,70.741 MWh,0 MWh
星星電力股份有限公司,傑能-大埤陳信竹,太陽能,2026,25.788,0,雲林縣大埤鄉聯美村5鄰聯怡路231巷8號,291.6 kW,星星電力股份有限公司,25SP2158-B026000001~27,5/20/26,2026-01-01~2026-01-31,認可,認可,25.788 MWh,0 MWh
晨星電力股份有限公司,(沅碁)新興國小一二期,太陽能,2026,97.803,6.227,高雄市新興區民生一路321號,291.45 kW,晨星電力股份有限公司,25SP2939-B026000001~114,5/20/26,2026-01-01~2026-03-31,認可,認可,97.803 MWh,6.227 MWh
寶富電力股份有限公司,智捷能源股份有限公司-觀塘段0015-0000地號,太陽能,2026,26.364,0,桃園市觀音區觀塘段0015-0000地號,291.08 kW,寶富電力股份有限公司,25SP0896-B026000022~54,5/20/26,2026-02-01~2026-03-31,認可,認可,26.364 MWh,0 MWh
星星電力股份有限公司,安和營區錶7-女生宿舍旁停車場 (15期),太陽能,2026,58.144,0,屏東縣屏東市雲鵬段0023-0000、0026-0000、0027-0000、0028-0000、0034-0000、0038-0000地號(空軍第一後勤指揮部女官寢停車場),291.06 kW,星星電力股份有限公司,25SP2105-B026000002~66,5/20/26,2026-02-01~2026-03-31,認可,認可,58.144 MWh,0 MWh
天能綠電股份有限公司,聯合再生30-崙坪國小桃園市觀音區屋頂型太陽能光電場,太陽能,2026,55.184,0,桃園市觀音區學府路123號,291.04 kW,天能綠電股份有限公司,25SP1566-B026000001~64,5/20/26,2026-01-01~2026-03-31,認可,認可,55.184 MWh,0 MWh
晨星電力股份有限公司,(加州儲能)台南市立圖書館(一、二期),太陽能,2026,85.798,0,臺南市北區公園北路3號,290.85 kW,晨星電力股份有限公司,25SP2612-B026000001~88,5/20/26,2026-01-01~2026-03-31,認可,認可,85.798 MWh,0 MWh
怡和綠電超商股份有限公司,輝煌綠能-西港壘球一、二期(停車場)(標案),太陽能,2026,29.156,0,臺南市西港區劉厝段1069、1075地號,290.76 kW,怡和綠電超商股份有限公司,25SP2401-B026000029~58,4/1/26,2026-02-01~2026-02-28,認可,認可,29.156 MWh,0 MWh
晨星電力股份有限公司,(一二三)祥圃,太陽能,2026,83.302,0,臺南市安南區本田路二段389號,290.73 kW,晨星電力股份有限公司,25SP1004-B026000001~85,5/20/26,2026-01-01~2026-03-31,認可,認可,83.302 MWh,0 MWh
大自然能源電業股份有限公司,NP121034C006竹田-神農段405地號,太陽能,2026,53.485,0,屏東縣竹田鄉神農段0405-0000地號,290.55 kW,大自然能源電業股份有限公司,24SP1559-B026000001~55,4/1/26,2026-01-01~2026-02-28,認可,認可,53.485 MWh,0 MWh
晨星電力股份有限公司,(創源)張朝碧596.597,太陽能,2026,75.787,0,"屏東縣萬丹鄉維新路226號(屏東縣萬丹鄉新安段0596-0000,0597-0000地號)(世湖畜牧場第十三分場)",290.5 kW,晨星電力股份有限公司,25SP2460-B026000001~77,5/20/26,2026-01-01~2026-03-31,認可,認可,75.787 MWh,0 MWh
大自然能源電業股份有限公司,NP091005C004輝煌綠能,太陽能,2026,47.131,31.904,嘉義縣朴子市崁後里崁後54之200號,290.47 kW,大自然能源電業股份有限公司,24SP1422-B026000001~80,5/20/26,2026-01-01~2026-03-31,認可,認可,47.131 MWh,31.904 MWh
遠東新世紀股份有限公司,遠東新世紀化纖新埔總廠(南廠),太陽能,2026,0,60.804,新竹縣新埔鎮文山路亞東段369號,290.39 kW,遠東新世紀股份有限公司,23SP0115-B026000001~62,5/20/26,2026-01-01~2026-03-31,認可,認可,0 MWh,60.804 MWh
中鋼光能股份有限公司,中鋼第一熱軋軋輥&熱軋鋼帶室外冷卻堆置場-增量,太陽能,2026,85.289,0,高雄市小港區中鋼路1號及嘉興街2號,290.16 kW,中鋼光能股份有限公司,22SP0153-B026000001~86,5/20/26,2026-01-01~2026-03-31,認可,認可,85.289 MWh,0 MWh
怡和綠電超商股份有限公司,碩達-彰化-林振便,太陽能,2026,81.431,0,彰化縣芳苑鄉芳漢路王功段977巷10號,289.5 kW,怡和綠電超商股份有限公司,25SP3594-B026000001~83,5/20/26,2026-01-01~2026-03-31,認可,認可,81.431 MWh,0 MWh
阿波羅電力股份有限公司,辰信李進參二期,太陽能,2026,45.669,31.597,雲林縣二崙鄉後壁路7之1號,289.135 kW,阿波羅電力股份有限公司,25SP1655-B026000001~79,5/20/26,2026-01-01~2026-03-31,認可,認可,45.669 MWh,31.597 MWh
富威電力股份有限公司,惠來光電-麥寮鴨舍太陽光電發電廠,太陽能,2026,46.905,17.098,雲林縣麥寮鄉楊厝段177地號,288.6 kW,富威電力股份有限公司,25SP0440-B026000026~346,5/20/26,2026-01-01~2026-03-31,認可,認可,46.905 MWh,17.098 MWh
東豐纖維企業股份有限公司,東豐纖維路竹廠四期288.36KWp織布廠,太陽能,2026,0,99.305,高雄市路竹區路竹區中山路1457號,288.36 kW,東豐纖維企業股份有限公司,24SP1777-B026000001~101,5/20/26,2026-01-01~2026-03-31,認可,認可,0 MWh,99.305 MWh
大同智能股份有限公司,彰化縣汙染農地太陽光電系統-和美鎮大榮段1033地號,太陽能,2026,102.115,0,彰化縣和美鎮大榮段1033地號,288.32 kW,大同智能股份有限公司,24SP0662-B026000001~103,5/20/26,2026-01-01~2026-03-31,認可,認可,102.115 MWh,0 MWh
萬家香醬園股份有限公司,萬家香一期,太陽能,2026,29.254,20.918,屏東縣長治鄉園南路8號,288.3 kW,萬家香醬園股份有限公司,19SP0039-B026000001~51,5/20/26,2026-01-01~2026-03-31,認可,認可,29.254 MWh,20.918 MWh
十萬伏特電力股份有限公司,偉霸工業案,太陽能,2026,49.475,0,臺中市大里區仁化工十九路98號、100號,288.05 kW,十萬伏特電力股份有限公司,25SP4104-B026000001~51,4/22/26,2026-01-01~2026-02-28,認可,認可,49.475 MWh,0 MWh
康展電力股份有限公司,晶越能源科技_美德克,太陽能,2026,95.982,0,高雄市茄萣區茗光路三段270之8號(高雄市茄萣區白砂段0849-0000、0847-0032地號),288 kW,康展電力股份有限公司,25SP3124-B026000001~104,5/20/26,2026-01-01~2026-03-31,認可,認可,95.982 MWh,0 MWh
怡和綠電超商股份有限公司,陽光儲備-台南新營太子宮1418地號,太陽能,2026,79.237,0,臺南市新營區太子宮段太子宮小段1418地號,287.95 kW,怡和綠電超商股份有限公司,25SP2644-B026000001~82,5/20/26,2026-01-01~2026-03-31,認可,認可,79.237 MWh,0 MWh
天能綠電股份有限公司,豐光08-屏東高福勝屋頂型太陽光電案場,太陽能,2026,82.507,2.815,屏東縣瑪家鄉屏東縣瑪家鄉三和村三和130號(屏東縣長治鄉番子寮段969地號),287.76 kW,天能綠電股份有限公司,24SP2008-B026000001~93,5/20/26,2026-01-01~2026-03-31,認可,認可,82.507 MWh,2.815 MWh
中曜股份有限公司,中租 3506 號,太陽能,2026,8.584,0,屏東縣佳冬鄉萬建段1097-1地號,287.68 kW,中曜股份有限公司,25SP0050-B026000001~10,5/13/26,2026-01-01~2026-02-28,認可,認可,8.584 MWh,0 MWh
艾涅爾電力股份有限公司,太佑-品秀科技2廠,太陽能,2026,56.604,0,彰化縣秀水鄉彰化縣秀水鄉彰秀路72之3號,287.64 kW,艾涅爾電力股份有限公司,24SP1887-B026000001~57,4/8/26,2026-01-01~2026-02-28,認可,認可,56.604 MWh,0 MWh
天能綠電股份有限公司,好強的電-屏東枋寮134-2地面型太陽光電案場,太陽能,2026,106.523,0,屏東縣枋寮鄉中寮段134-2地號,287.1 kW,天能綠電股份有限公司,24SP1318-B026000001~108,5/20/26,2026-01-01~2026-03-31,認可,認可,106.523 MWh,0 MWh
天能綠電股份有限公司,凱銳-宜蘭縣蘭揚汽車屋頂型太陽光電案場,太陽能,2026,0,25.004,宜蘭縣五結鄉中興路一段80號,287 kW,天能綠電股份有限公司,24SP0910-B026000001~26,5/20/26,2026-03-01~2026-03-31,認可,認可,0 MWh,25.004 MWh
晨星電力股份有限公司,(銓泰)台灣應達,太陽能,2026,84.126,0,彰化縣鹿港鎮工業西五路10號(彰化縣鹿港鎮上林段0233-0000地號),286.96 kW,晨星電力股份有限公司,25SP1235-B026000001~85,5/20/26,2026-01-01~2026-03-31,認可,認可,84.126 MWh,0 MWh
瓦特先生股份有限公司,I-AR21-047朴子國小,太陽能,2026,80.572,0,嘉義縣朴子市市山通路11號,286.96 kW,瓦特先生股份有限公司,24SP1003-B026000001~82,5/20/26,2026-01-01~2026-03-31,認可,認可,80.572 MWh,0 MWh
怡和綠電超商股份有限公司,怡和綠能股份有限公司,太陽能,2026,38.023,0,苗栗縣苑裡鎮新復南段341-1、341-2、341-3地號,286.84 kW,怡和綠電超商股份有限公司,25SP0490-B026000013~53,5/20/26,2026-01-01~2026-03-31,認可,認可,38.023 MWh,0 MWh
寶島陽光電力事業股份有限公司,晟鑫能源有限公司(TW180852),太陽能,2026,70.881,0,彰化縣田尾鄉和平巷9號,286.8 kW,寶島陽光電力事業股份有限公司,24SP2543-B026000001~73,5/20/26,2026-01-01~2026-03-31,認可,認可,70.881 MWh,0 MWh
南方電力股份有限公司,安南太陽光電發電廠,太陽能,2026,16.144,0,花蓮縣秀林鄉和工二路65號,286.77 kW,南方電力股份有限公司,25SP2971-B026000001~18,5/20/26,2026-01-01~2026-03-31,認可,認可,16.144 MWh,0 MWh
艾涅爾電力股份有限公司,夏卡爾-夏卡爾V0654,太陽能,2026,41.193,0,臺南市仁德區文山路21號,286.76 kW,艾涅爾電力股份有限公司,25SP0178-B026000001~43,4/8/26,2026-01-01~2026-02-28,認可,認可,41.193 MWh,0 MWh
續興股份有限公司,下營大屯雞舍,太陽能,2026,27.48,0,臺南市下營區大屯里大屯寮50號之28,286.7 kW,續興股份有限公司,24SP0403-B026000001~28,4/22/26,2026-02-01~2026-02-28,認可,認可,27.48 MWh,0 MWh
開陽電力股份有限公司,玖基企業股份有限公司-龍崗萬噸配水池,太陽能,2026,50.072,0,苗栗縣苗栗市大坪營88號前,286.65 kW,開陽電力股份有限公司,25SP3342-B026000001~52,4/1/26,2026-01-01~2026-02-28,認可,認可,50.072 MWh,0 MWh
天能綠電股份有限公司,豐光02--嘉義陳清宇屋頂型光電案場,太陽能,2026,60.581,34.888,嘉義縣義竹鄉安溪寮81之6號（嘉義縣義竹鄉安溪寮段平溪小段0064-0000、0065-0000地號),286.59 kW,天能綠電股份有限公司,25SP0003-B026000001~101,5/20/26,2026-01-01~2026-03-31,認可,認可,60.581 MWh,34.888 MWh
阿波羅電力股份有限公司,環球大宇宙屏東看守所,太陽能,2026,82.718,0,屏東縣竹田鄉義永路103、105、107、109、111、113、115、117、119、121、123、125、127、129、131、133、135、137、139、141、143號,286.335 kW,阿波羅電力股份有限公司,24SP0833-B026000001~85,5/20/26,2026-01-01~2026-03-31,認可,認可,82.718 MWh,0 MWh
大自然能源電業股份有限公司,NP121070C001(誠大精密),太陽能,2026,79.356,13.897,"屏東縣屏東市大慶段0029-0002、0030-0002地號,屏東縣屏東市大溪路317之2號",286.28 kW,大自然能源電業股份有限公司,25SP0845-B026000001~98,5/20/26,2026-01-01~2026-03-31,認可,認可,79.356 MWh,13.897 MWh
阿波羅電力股份有限公司,睿陽南投魚池黃淑卿案,太陽能,2026,63.19,0,南投縣魚池鄉通文巷5之10號,286.11 kW,阿波羅電力股份有限公司,25SP0477-B026000001~73,5/20/26,2026-01-01~2026-03-31,認可,認可,63.19 MWh,0 MWh
續興股份有限公司,旭信電力猛達特登廠,太陽能,2026,57.162,0,彰化縣埔鹽鄉好金路三巷36-5號,285.76 kW,續興股份有限公司,24SP0898-B026000001~58,4/1/26,2026-01-01~2026-02-28,認可,認可,57.162 MWh,0 MWh
寶島陽光電力事業股份有限公司,雋和四能源有限公司 (TW160532),太陽能,2026,77.235,0,雲林縣臺西鄉富琦村三和1之30號,285.6 kW,寶島陽光電力事業股份有限公司,24SP2539-B026000001~78,5/20/26,2026-01-01~2026-03-31,認可,認可,77.235 MWh,0 MWh
晨星電力股份有限公司,(陽光)忠仕金屬,太陽能,2026,86.147,0,臺中市龍井區海尾路306巷51號,285.6 kW,晨星電力股份有限公司,25SP1590-B026000001~87,5/20/26,2026-01-01~2026-03-31,認可,認可,86.147 MWh,0 MWh
怡和綠電超商股份有限公司,映光影像工作室-雲林縣口湖鄉蚵寮村中正路二段460號,太陽能,2026,94.18,0,雲林縣口湖鄉蚵寮村中正路2段460號,285.42 kW,怡和綠電超商股份有限公司,25SP1707-B026000001~96,5/20/26,2026-01-01~2026-03-31,認可,認可,94.18 MWh,0 MWh
大自然能源電業股份有限公司,NP041024C004(順陽鋼鐵),太陽能,2026,56.145,0,桃園市觀音區建國路2號,285.36 kW,大自然能源電業股份有限公司,25SP1256-B026000001~58,5/20/26,2026-01-01~2026-03-31,認可,認可,56.145 MWh,0 MWh
晨星電力股份有限公司,(沅碁)後庄國小地面型,太陽能,2026,88.074,2.584,高雄市大寮區民新段0054-0000地號,285.12 kW,晨星電力股份有限公司,25SP3094-B026000001~100,5/20/26,2026-01-01~2026-03-31,認可,認可,88.074 MWh,2.584 MWh
大同智能股份有限公司,台中市屋頂型太陽光電系統-后里國中(擴充),太陽能,2026,39.014,0,臺中市后里區中眉路169號,285 kW,大同智能股份有限公司,25SP0242-B026000002~59,5/20/26,2026-01-01~2026-03-31,認可,認可,39.014 MWh,0 MWh
寶島陽光電力事業股份有限公司,日沛能源有限公司(TW170710),太陽能,2026,83.772,1.838,雲林縣四湖鄉頂鹿場路49之268號,284.97 kW,寶島陽光電力事業股份有限公司,24SP2486-B026000001~93,5/20/26,2026-01-01~2026-03-31,認可,認可,83.772 MWh,1.838 MWh
怡和綠電超商股份有限公司,旭揚綠能-內溪路42,太陽能,2026,59.077,0,桃園市蘆竹區內溪路42號,284.8 kW,怡和綠電超商股份有限公司,25SP1710-B026000001~61,5/20/26,2026-01-01~2026-03-31,認可,認可,59.077 MWh,0 MWh
阿波羅電力股份有限公司,環球大宇宙龍華市場,太陽能,2026,85.009,0,高雄市左營區富國路60號,284.79 kW,阿波羅電力股份有限公司,24SP0658-B026000001~86,5/20/26,2026-01-01~2026-03-31,認可,認可,85.009 MWh,0 MWh
艾涅爾電力股份有限公司,宜彤-魚池鄉共和村,太陽能,2026,45.985,0,南投縣魚池鄉共和村長興巷1之22號,284.46 kW,艾涅爾電力股份有限公司,24SP1286-B026000001~47,4/8/26,2026-01-01~2026-02-28,認可,認可,45.985 MWh,0 MWh
艾涅爾電力股份有限公司,亨創-財團法人敬德基金會,太陽能,2026,54.897,0,臺中市西屯區台中市西屯區敬德街8、8-1、8-2、8-3號,284.4 kW,艾涅爾電力股份有限公司,24SP0410-B026000001~56,4/8/26,2026-01-01~2026-02-28,認可,認可,54.897 MWh,0 MWh
弘昌泰股份有限公司,佑牧企業股份有限公司,太陽能,2026,39.401,0,臺中市大肚區沙田路3段245巷75之5號,284.28 kW,弘昌泰股份有限公司,24SP2109-B026000001~40,5/20/26,2026-01-01~2026-03-31,認可,認可,39.401 MWh,0 MWh
艾涅爾電力股份有限公司,台一_千秋國小PV0025,太陽能,2026,44.712,0,南投縣南投市千秋路131巷1號,284.24 kW,艾涅爾電力股份有限公司,24SP1486-B026000001~46,4/8/26,2026-01-01~2026-02-28,認可,認可,44.712 MWh,0 MWh
天能綠電股份有限公司,光旭盈23--台南原揚屋頂型光電案場,太陽能,2026,84.488,9.35,臺南市七股區竹港里竹港25之13號,284.24 kW,天能綠電股份有限公司,25SP0058-B026000001~100,5/20/26,2026-01-01~2026-03-31,認可,認可,84.488 MWh,9.35 MWh
星星電力股份有限公司,匯僑-匯僑台南停車場(科工段),太陽能,2026,87.285,0,臺南市安南區科工段0168-0001地號,284.08 kW,星星電力股份有限公司,25SP3418-B026000001~89,5/20/26,2026-01-01~2026-03-31,認可,認可,87.285 MWh,0 MWh
伯鑫工具股份有限公司,伯鑫工具太陽光電發,太陽能,2026,0,70.004,臺中市神岡區中山路893巷9號、9之1號、9之2號,283.72 kW,伯鑫工具股份有限公司,23SP0049-B026000001~71,5/20/26,2026-01-01~2026-03-31,認可,認可,0 MWh,70.004 MWh
富威電力股份有限公司,磐軒-享泰鋼鐵太陽光電發電廠,太陽能,2026,31.476,18.897,臺中市烏日區環河路1段862巷56號,283.72 kW,富威電力股份有限公司,25SP2966-B026000081~238,5/20/26,2026-02-01~2026-03-31,認可,認可,31.476 MWh,18.897 MWh
天能綠電股份有限公司,泰晟綠能-高雄大寮屋頂屋頂型太陽光電案場,太陽能,2026,79.356,0,高雄市大寮區華東路9之1號,283.65 kW,天能綠電股份有限公司,24SP1397-B026000001~83,5/20/26,2026-01-01~2026-03-31,認可,認可,79.356 MWh,0 MWh
寶島陽光電力事業股份有限公司,玉衡能源股份有限公司(FS2009004),太陽能,2026,81.59,10.57,臺南市新市區民族路76號,283.47 kW,寶島陽光電力事業股份有限公司,25SP0135-B026000001~99,5/20/26,2026-01-01~2026-03-31,認可,認可,81.59 MWh,10.57 MWh
宜鼎國際股份有限公司,宜鼎國際宜蘭一廠太陽能光電發電系統,太陽能,2026,0,60.614,宜蘭縣宜蘭市宜科路128號,283.31 kW,宜鼎國際股份有限公司,24SP0666-B026000001~61,5/20/26,2026-01-01~2026-03-31,認可,認可,0 MWh,60.614 MWh
晨星電力股份有限公司,(沅碁)紅毛港國小一二期,太陽能,2026,85.798,0,高雄市前鎮區明鳳七街1號,283.16 kW,晨星電力股份有限公司,25SP1434-B026000001~87,5/20/26,2026-01-01~2026-03-31,認可,認可,85.798 MWh,0 MWh
晨星電力股份有限公司,(沅碁)龍華國小地面型,太陽能,2026,77.16,0,高雄市鼓山區龍中段0049-0000地號(高雄市鼓山區龍華國民小學),282.92 kW,晨星電力股份有限公司,25SP2601-B026000001~78,5/20/26,2026-01-01~2026-03-31,認可,認可,77.16 MWh,0 MWh
大自然能源電業股份有限公司,NP121034C008菩提寵物樂園,太陽能,2026,40.238,0,屏東縣鹽埔鄉永樂路7之22號,282.75 kW,大自然能源電業股份有限公司,24SP1519-B026000001~41,4/1/26,2026-01-01~2026-02-28,認可,認可,40.238 MWh,0 MWh
星星電力股份有限公司,仁登-五魁段578地號,太陽能,2026,94.484,0,屏東縣潮州鎮五魁段578地號,282.72 kW,星星電力股份有限公司,24SP2366-B026000001~96,5/20/26,2026-01-01~2026-03-31,認可,認可,94.484 MWh,0 MWh
晨星電力股份有限公司,(暟陽)新勝光機械,太陽能,2026,86.164,0,臺南市後壁區後壁里後壁42之19號、42之29號,282.72 kW,晨星電力股份有限公司,25SP1067-B026000001~88,5/20/26,2026-01-01~2026-03-31,認可,認可,86.164 MWh,0 MWh
艾涅爾電力股份有限公司,太佑-金永欽銅業PV0204,太陽能,2026,50.472,0,彰化縣鹿港鎮鹿草路3段260巷27、29、31號,282.54 kW,艾涅爾電力股份有限公司,24SP0336-B026000001~52,4/8/26,2026-01-01~2026-02-28,認可,認可,50.472 MWh,0 MWh
怡和綠電超商股份有限公司,嘉創-李元豪2,太陽能,2026,62.011,0,雲林縣二崙鄉民生路126巷35號,282.48 kW,怡和綠電超商股份有限公司,25SP2506-B026000002~66,5/20/26,2026-01-01~2026-03-31,認可,認可,62.011 MWh,0 MWh
怡和綠電超商股份有限公司,欣雄-屏東內埔龍潭案846-1,太陽能,2026,26.305,0,屏東縣內埔鄉龍潭段846-1地號,282.41 kW,怡和綠電超商股份有限公司,25SP0336-B026000027~53,4/1/26,2026-02-01~2026-02-28,認可,認可,26.305 MWh,0 MWh
天能綠電股份有限公司,昱泰能源-興大附中屋頂型太陽能電廠,太陽能,2026,78.058,0,臺中市大里區東榮路369號,282.315 kW,天能綠電股份有限公司,25SP0372-B026000001~79,5/20/26,2026-01-01~2026-03-31,認可,認可,78.058 MWh,0 MWh
康展電力股份有限公司,盛偉能源歐都納,太陽能,2026,79.413,0,彰化縣埤頭鄉彰水路2段400、400之1號,282.3 kW,康展電力股份有限公司,25SP1439-B026000001~85,5/20/26,2026-01-01~2026-03-31,認可,認可,79.413 MWh,0 MWh
開陽電力股份有限公司,開陽能源股份有限公司-雲林福安321,太陽能,2026,49.373,0,雲林縣麥寮鄉興華村興化30之155號,282.24 kW,開陽電力股份有限公司,25SP1499-B026000001~50,4/1/26,2026-01-01~2026-02-28,認可,認可,49.373 MWh,0 MWh
開陽電力股份有限公司,開陽能源股份有限公司-雲林福安322,太陽能,2026,51.165,0,雲林縣麥寮鄉興化30之160號,282.24 kW,開陽電力股份有限公司,25SP1500-B026000001~52,4/1/26,2026-01-01~2026-02-28,認可,認可,51.165 MWh,0 MWh
天能綠電股份有限公司,圓祐-台中市龍井區三港路326巷(高禎實業),太陽能,2026,62.089,0,臺中市龍井區三港路326巷68號,282.2 kW,天能綠電股份有限公司,25SP0748-B026000001~63,5/20/26,2026-01-01~2026-03-31,認可,認可,62.089 MWh,0 MWh
晨星電力股份有限公司,(創源)張朝碧612.613,太陽能,2026,80.987,0,屏東縣萬丹鄉維新路183號(屏東縣萬丹鄉新安段0612-0000、0613-0000地號),282.2 kW,晨星電力股份有限公司,25SP2540-B026000001~82,5/20/26,2026-01-01~2026-03-31,認可,認可,80.987 MWh,0 MWh
臺灣菸酒股份有限公司,臺灣菸酒股份有限公司（善化啤酒廠第4期併內線）,太陽能,2026,0,111.18,臺南市善化區成功路2號,282.08 kW,臺灣菸酒股份有限公司,24SP0682-B026000001~112,5/20/26,2025-12-01~2026-03-31,認可,認可,0 MWh,111.18 MWh
開陽電力股份有限公司,開陽能源-國立臺東大學附設實驗國民小學,太陽能,2026,44.798,0,臺東縣臺東市博愛路345號,282.03 kW,開陽電力股份有限公司,25SP2740-B026000001~45,4/1/26,2026-01-01~2026-02-28,認可,認可,44.798 MWh,0 MWh
巨大機械工業股份有限公司,巨大幼獅物流中心,太陽能,2026,0,79.612,臺中市大甲區幼五路3之5號,281.88 kW,巨大機械工業股份有限公司,23SP0148-B026000001~82,5/20/26,2026-01-01~2026-03-31,認可,認可,0 MWh,79.612 MWh
怡和綠電超商股份有限公司,旭揚綠能-永達利,太陽能,2026,73.457,0,臺中市南屯區精科中一路11號,281.4 kW,怡和綠電超商股份有限公司,25SP2523-B026000001~75,5/20/26,2026-01-01~2026-03-31,認可,認可,73.457 MWh,0 MWh
新加坡商傑樂生技股份有限公司台灣分公司,新加坡商傑樂生技股份有限公司 台灣分公司,太陽能,2026,0,77.492,屏東縣枋寮鄉屏南工業區精進路2號,281.26 kW,新加坡商傑樂生技股份有限公司台灣分公司,23SP0194-B026000001~79,5/20/26,2026-01-01~2026-03-31,認可,認可,0 MWh,77.492 MWh
怡和綠電超商股份有限公司,聯發新能源-鳳山圓盤股份有限公司一、二期-特登,太陽能,2026,60.905,28.334,高雄市大寮區萬丹路128巷70號,281.2 kW,怡和綠電超商股份有限公司,25SP1831-B026000001~96,5/20/26,2026-01-01~2026-03-31,認可,認可,60.905 MWh,28.334 MWh
大自然能源電業股份有限公司,NP101018C003叡朋(山上一甲),太陽能,2026,22.24,0,臺南市山上區明和里北 勢洲 30 之 12 號,281.16 kW,大自然能源電業股份有限公司,24SP1290-B026000001~23,3/4/26,2026-01-01~2026-01-31,認可,認可,22.24 MWh,0 MWh
艾涅爾電力股份有限公司,陽光-益萊工業(蘆竹)PV0429,太陽能,2026,19.547,0,桃園市蘆竹區新興街127號、127號之1,281.07 kW,艾涅爾電力股份有限公司,24SP0619-B026000019~38,4/8/26,2026-02-01~2026-02-28,認可,認可,19.547 MWh,0 MWh
續興股份有限公司,新電台南5廠,太陽能,2026,0,50.761,臺南市下營區茅營里7鄰茅港尾347號之5,280.965 kW,續興股份有限公司,25SP2565-B026000001~52,4/22/26,2026-01-01~2026-02-28,認可,認可,0 MWh,50.761 MWh
怡和綠電超商股份有限公司,生燦(科風)-⾼雄協益,太陽能,2026,33.988,43.427,高雄市茄萣區中正路三段1之1號,280.86 kW,怡和綠電超商股份有限公司,25SP1691-B026000001~82,5/20/26,2026-01-01~2026-03-31,認可,認可,33.988 MWh,43.427 MWh
天能綠電股份有限公司,聯合再生07-新明國中桃園市中壢區屋頂型太陽能光電場,太陽能,2026,61.846,0,桃園市中壢區中正路487巷18號,280.84 kW,天能綠電股份有限公司,25SP1471-B026000001~70,5/20/26,2026-01-01~2026-03-31,認可,認可,61.846 MWh,0 MWh
恆利電能股份有限公司,RKA-大村2 (280.83kw),太陽能,2026,52.521,0,彰化縣大村鄉錫安路648號,280.83 kW,恆利電能股份有限公司,24SP1844-B026000001~58,4/29/26,2026-01-01~2026-02-28,認可,認可,52.521 MWh,0 MWh
大創電力股份有限公司,岡山大德停車場屋頂型專案,太陽能,2026,2.651,0,高雄市岡山區大德三路63號,280.8 kW,大創電力股份有限公司,25SP0025-B026000001~3,3/18/26,2026-01-01~2026-01-31,認可,認可,2.651 MWh,0 MWh
宇軒電業股份有限公司,海埤段296-1地號,太陽能,2026,0,79.299,臺南市麻豆區海埤段296-1地號,280.8 kW,宇軒電業股份有限公司,25SP3692-B026000001~81,5/20/26,2026-01-01~2026-03-31,認可,認可,0 MWh,79.299 MWh
富威電力股份有限公司,大唐鋁業太陽光電發電廠,太陽能,2026,36.526,0,臺南市新市區潭頂里潭頂134之11號,280.8 kW,富威電力股份有限公司,25SP1907-B026000017~72,4/1/26,2026-01-01~2026-02-28,認可,認可,36.526 MWh,0 MWh
怡和綠電超商股份有限公司,碩達-彰化-陳俊昇,太陽能,2026,86.132,0,彰化縣芳苑鄉芳漢路漢一段226巷建728號,280.8 kW,怡和綠電超商股份有限公司,25SP3595-B026000001~88,5/20/26,2026-01-01~2026-03-31,認可,認可,86.132 MWh,0 MWh
阿波羅電力股份有限公司,辰翔林鎮,太陽能,2026,51.883,32.729,彰化縣大城鄉魚寮路56巷建176號,280.8 kW,阿波羅電力股份有限公司,24SP1538-B026000001~86,5/20/26,2026-01-01~2026-03-31,認可,認可,51.883 MWh,32.729 MWh
天能綠電股份有限公司,正順-合興精工屋頂型太陽能電廠,太陽能,2026,66.946,0,臺南市永康區工街175巷16號,280.8 kW,天能綠電股份有限公司,25SP0240-B026000001~68,5/20/26,2026-01-01~2026-03-31,認可,認可,66.946 MWh,0 MWh
美律實業股份有限公司,美律實業股份有限公司,太陽能,2026,0,68.307,臺中市南屯區工業區二十三路22號,280.665 kW,美律實業股份有限公司,24SP0515-B026000001~69,5/20/26,2026-01-01~2026-03-31,認可,認可,0 MWh,68.307 MWh
續興股份有限公司,黃兩合畜牧場,太陽能,2026,63.188,0,嘉義縣朴子市鴨母寮3號之22,280.6 kW,續興股份有限公司,24SP1041-B026000001~64,5/20/26,2026-01-01~2026-03-31,認可,認可,63.188 MWh,0 MWh
天能綠電股份有限公司,立鼎科技-李鴻怡屋頂型太陽能電廠,太陽能,2026,67.301,0,南投縣埔里鎮廣成里覆金路27之7號,280.5 kW,天能綠電股份有限公司,25SP3806-B026000001~69,5/20/26,2026-01-01~2026-03-31,認可,認可,67.301 MWh,0 MWh
陽光伏特家電力股份有限公司,新光彰化23廠,太陽能,2026,69.485,0,彰化縣芳苑鄉上城路12巷320號、建318號,280.5 kW,陽光伏特家電力股份有限公司,23SP0427-B026000001~72,5/20/26,2026-01-01~2026-03-31,認可,認可,69.485 MWh,0 MWh
艾涅爾電力股份有限公司,太佑-京旺有限公司,太陽能,2026,52.572,0,彰化縣永靖鄉彰化縣永靖鄉東寧巷55弄133號,280.35 kW,艾涅爾電力股份有限公司,24SP2384-B026000001~54,4/8/26,2026-01-01~2026-02-28,認可,認可,52.572 MWh,0 MWh
大自然能源電業股份有限公司,NP081046C001(兆桉),太陽能,2026,42.753,0,彰化縣線西鄉慶安南三路7號(彰化縣線西鄉宏濱段0050-0001地號),280.32 kW,大自然能源電業股份有限公司,24SP2254-B026000001~46,5/20/26,2026-01-01~2026-03-31,認可,認可,42.753 MWh,0 MWh
大自然能源電業股份有限公司,NP101018C005叡朋(永康金統),太陽能,2026,26.965,0,臺南市永康區中正南路 360 巷 15 號,280.17 kW,大自然能源電業股份有限公司,24SP1483-B026000001~27,3/4/26,2026-01-01~2026-01-31,認可,認可,26.965 MWh,0 MWh
晨星電力股份有限公司,(亞沃)加工區-停車場.警衛亭,太陽能,2026,93.945,0,高雄市前鎮區興邦段0259-0015、0259-0016、0259-0034、0259-0035、0261-0000地號,280.17 kW,晨星電力股份有限公司,25SP3235-B026000001~96,5/20/26,2026-01-01~2026-03-31,認可,認可,93.945 MWh,0 MWh
香印永續股份有限公司,友鋮,太陽能,2026,84.631,0,臺南市仁德區保安路一段60號,280.16 kW,香印永續股份有限公司,25SP0472-B026000001~638,5/20/26,2026-01-01~2026-03-31,認可,認可,84.631 MWh,0 MWh
富威電力股份有限公司,皓鼎-皓鼎機械太陽光電發電廠,太陽能,2026,39.129,0,彰化縣和美鎮彰草路三段317巷61弄57號,279.93 kW,富威電力股份有限公司,25SP1293-B026000016~68,4/1/26,2026-01-01~2026-02-28,認可,認可,39.129 MWh,0 MWh
天能綠電股份有限公司,御曦能源-嘉義新港潭大村屋頂型太陽光電案場(李銘福一期、二期),太陽能,2026,77.643,0,嘉義縣新港鄉潭大村大竹圍39之1號,279.93 kW,天能綠電股份有限公司,24SP2357-B026000001~81,5/20/26,2026-01-01~2026-03-31,認可,認可,77.643 MWh,0 MWh
怡和綠電超商股份有限公司,怡和國際能源-枋寮建興段475-2(三轉一),太陽能,2026,94.455,0,屏東縣枋寮鄉建興段0475-0002地號,279.685 kW,怡和綠電超商股份有限公司,25SP3875-B026000001~99,5/20/26,2026-01-01~2026-03-31,認可,認可,94.455 MWh,0 MWh
續興股份有限公司,中寮山松牧場,太陽能,2026,57.356,0,南投縣中寮鄉八仙村永樂路39之15號、39之16號,279.38 kW,續興股份有限公司,24SP2060-B026000001~60,5/20/26,2026-01-01~2026-03-31,認可,認可,57.356 MWh,0 MWh
怡和綠電超商股份有限公司,興發-豐洲變電所(標案),太陽能,2026,82.504,0,臺中市神岡區堤南路7號,279.35 kW,怡和綠電超商股份有限公司,25SP1184-B026000001~84,5/20/26,2026-01-01~2026-03-31,認可,認可,82.504 MWh,0 MWh
宇軒電業股份有限公司,二重港小段88-3地號,太陽能,2026,57.013,37.511,臺南市北門區溪底寮段二重港小段88-3地號,279 kW,宇軒電業股份有限公司,25SP2027-B026000001~96,5/20/26,2026-01-01~2026-03-31,認可,認可,57.013 MWh,37.511 MWh
阿波羅電力股份有限公司,卡坦土庫綺湖320號279kW,太陽能,2026,0,81.892,雲林縣土庫鎮奮起里秀潭路320號,279 kW,阿波羅電力股份有限公司,25SP4075-B026000001~83,5/20/26,2026-01-01~2026-03-31,認可,認可,0 MWh,81.892 MWh
天能綠電股份有限公司,嘉士達-屏東枋寮中寮134地面型太陽光電案場,太陽能,2026,101.151,0,屏東縣枋寮鄉中寮段134地號,278.85 kW,天能綠電股份有限公司,24SP0944-B026000001~103,5/20/26,2026-01-01~2026-03-31,認可,認可,101.151 MWh,0 MWh
晨星電力股份有限公司,(新台)新台塑膠四期,太陽能,2026,83.176,0,嘉義縣水上鄉大崙村大崙188號,278.85 kW,晨星電力股份有限公司,25SP2944-B026000001~84,5/20/26,2026-01-01~2026-03-31,認可,認可,83.176 MWh,0 MWh
晨星電力股份有限公司,(輝庭)鹿港廠,太陽能,2026,42.755,29.123,彰化縣鹿港鎮工業西七路18號,278.85 kW,晨星電力股份有限公司,26SP0083-B026000001~79,5/20/26,2026-01-01~2026-03-31,認可,認可,42.755 MWh,29.123 MWh
富威電力股份有限公司,江山二期太陽光電發電廠,太陽能,2026,22.471,24.713,屏東縣長治鄉德和村園南路5號,278.8 kW,富威電力股份有限公司,25SP1129-B026000002~53,5/20/26,2026-01-01~2026-03-31,認可,認可,22.471 MWh,24.713 MWh
松讚實業股份有限公司,松讚(全興廠),太陽能,2026,0,53.288,彰化縣伸港鄉溪底村工五路3號,278.8 kW,松讚實業股份有限公司,22SP0096-B026000001~55,5/20/26,2026-01-01~2026-03-31,認可,認可,0 MWh,53.288 MWh
香印永續股份有限公司,綠亨,太陽能,2026,100.296,0,臺南市北門區麗湖段541地號,278.775 kW,香印永續股份有限公司,25SP2595-B026000001~312,5/20/26,2026-01-01~2026-03-31,認可,認可,100.296 MWh,0 MWh
大南方資源再生股份有限公司,大南方資源再生股份有限公司-大福和廠發電站,太陽能,2026,0,87.02,臺南市麻豆區麻口里麻柚一路240號,278.76 kW,大南方資源再生股份有限公司,25SP1154-B026000001~88,5/20/26,2026-01-01~2026-03-31,認可,認可,0 MWh,87.02 MWh
艾涅爾電力股份有限公司,群騰-林光雄,太陽能,2026,53.467,0,高雄市路竹區信義路293巷18號,278.69 kW,艾涅爾電力股份有限公司,24SP1936-B026000001~54,4/8/26,2026-01-01~2026-02-28,認可,認可,53.467 MWh,0 MWh
傑傅能源股份有限公司,政大行政大樓太陽能發電設備_文山區指南路二段64號,太陽能,2026,35.168,0,臺北市文山區指南路二段64號(國立政治大學行政大樓),278.625 kW,傑傅能源股份有限公司,24SP1399-B026000001~36,4/29/26,2026-01-01~2026-02-28,認可,認可,35.168 MWh,0 MWh
陽光伏特家電力股份有限公司,文鴻彰化1廠,太陽能,2026,78.759,0,彰化縣和美鎮嘉詔段606-2地號,278.4 kW,陽光伏特家電力股份有限公司,24SP2424-B026000005~129,5/20/26,2026-01-01~2026-03-31,認可,認可,78.759 MWh,0 MWh
中曜股份有限公司,中租 2325 號,太陽能,2026,8.456,0,屏東縣東港鎮船頭段682地號,278.4 kW,中曜股份有限公司,24SP2429-B026000001~10,5/13/26,2026-01-01~2026-02-28,認可,認可,8.456 MWh,0 MWh
晨星電力股份有限公司,(加州儲能)安平國小 二期,太陽能,2026,92.854,0,臺南市安平區怡平路392號,278.25 kW,晨星電力股份有限公司,25SP2541-B026000001~95,5/20/26,2026-01-01~2026-03-31,認可,認可,92.854 MWh,0 MWh
聯華電子股份有限公司,12A1 RDB,太陽能,2026,0,97.747,臺南市新市區南科二路18號,278.24 kW,聯華電子股份有限公司,23SP0184-B026000001~99,5/20/26,2026-01-01~2026-03-31,認可,認可,0 MWh,97.747 MWh
怡和綠電超商股份有限公司,旭陞-民生食品,太陽能,2026,87.251,0,彰化縣北斗鎮中山路二段519巷20號,278.19 kW,怡和綠電超商股份有限公司,25SP3565-B026000001~89,5/20/26,2026-01-01~2026-03-31,認可,認可,87.251 MWh,0 MWh
艾涅爾電力股份有限公司,澄達-張福恩豬舍,太陽能,2026,42.474,0,雲林縣大埤鄉松竹村松西1之30號,278.07 kW,艾涅爾電力股份有限公司,24SP2179-B026000001~44,4/8/26,2026-01-01~2026-02-28,認可,認可,42.474 MWh,0 MWh
陽光伏特家電力股份有限公司,鴻灝電澎湖6廠,太陽能,2026,18.484,0,澎湖縣馬公市興仁南段0041-0000、0042-0000、0043-0000、0044-0000、0046-0000、0047-0000、0060-0000地號,277.98 kW,陽光伏特家電力股份有限公司,25SP2903-B026000001~21,5/20/26,2026-01-01~2026-03-31,認可,認可,18.484 MWh,0 MWh
鴻晶新科技股份有限公司,玲岡企業社,太陽能,2026,78.804,0,彰化縣線西鄉溝內路178之10號,277.855 kW,鴻晶新科技股份有限公司,25SP0879-B026000001~117,5/20/26,2026-01-01~2026-03-31,認可,認可,78.804 MWh,0 MWh
續興股份有限公司,鹿11,太陽能,2026,75.909,0,彰化縣鹿港鎮彰化縣鹿港鎮工業西六路30號,277.76 kW,續興股份有限公司,23SP0367-B026000001~77,5/20/26,2026-01-01~2026-03-31,認可,認可,75.909 MWh,0 MWh
怡和綠電超商股份有限公司,希諾奇-水上鄉三和村3鄰新和庄13之33號,太陽能,2026,0.805,51.528,嘉義縣水上鄉三和村3鄰新和庄13之33號,277.68 kW,怡和綠電超商股份有限公司,26SP0132-B026000002~54,5/20/26,2026-02-01~2026-03-31,認可,認可,0.805 MWh,51.528 MWh
十萬伏特電力股份有限公司,宜寧中學第四期,太陽能,2026,55.717,0,臺中市西屯區東大路1段555號,277.56 kW,十萬伏特電力股份有限公司,25SP3842-B026000001~57,4/1/26,2026-01-01~2026-02-28,認可,認可,55.717 MWh,0 MWh
怡和綠電超商股份有限公司,欣雄-屏東內埔上龍泉案763-1,太陽能,2026,23.698,0,屏東縣內埔鄉上龍泉段763-1 地號,277.45 kW,怡和綠電超商股份有限公司,25SP0334-B026000021~44,4/1/26,2026-02-01~2026-02-28,認可,認可,23.698 MWh,0 MWh
大自然能源電業股份有限公司,NP101018C004叡朋(永康一水),太陽能,2026,25.838,0,臺南市永康區永科環路 108 號,277.2 kW,大自然能源電業股份有限公司,24SP1544-B026000001~26,3/4/26,2026-01-01~2026-01-31,認可,認可,25.838 MWh,0 MWh
陽光伏特家電力股份有限公司,日晶彰化2廠,太陽能,2026,75.412,0,彰化縣秀水鄉陝西村下厝巷32號,277.2 kW,陽光伏特家電力股份有限公司、天能綠電股份有限公司,24SP0191-B026000001~78,5/20/26,2026-01-01~2026-03-31,認可,認可,75.412 MWh,0 MWh
大同智能股份有限公司,台中市屋頂型太陽光電系統-大同國小,太陽能,2026,50.006,0,臺中市西區自由路一段138號,277.2 kW,大同智能股份有限公司,24SP0326-B026000002~69,5/20/26,2026-01-01~2026-03-31,認可,認可,50.006 MWh,0 MWh
萬達光電科技股份有限公司,萬達光電,太陽能,2026,0,28.366,"宜蘭縣蘇澳鎮頂平路22號,頂寮段0662-0009地號",277.16 kW,萬達光電科技股份有限公司,23SP0161-B026000001~30,5/20/26,2026-01-01~2026-03-31,認可,認可,0 MWh,28.366 MWh
天能綠電股份有限公司,御鑒科技-高雄鳳山五福國小屋頂型光電案場,太陽能,2026,67.953,0,高雄市鳳山區福德街145號,277.12 kW,天能綠電股份有限公司,24SP0357-B026000001~72,5/20/26,2026-01-01~2026-03-31,認可,認可,67.953 MWh,0 MWh
晨星電力股份有限公司,(加州儲能)西門國小,太陽能,2026,89.766,0,臺南市安平區安北路180號,277.1 kW,晨星電力股份有限公司,25SP2502-B026000001~91,5/20/26,2026-01-01~2026-03-31,認可,認可,89.766 MWh,0 MWh
全台晶像股份有限公司,全台晶像股份有限公司-第二期,太陽能,2026,0,23.605,高雄市前鎮區南三路5號,276.815 kW,全台晶像股份有限公司,25SP0256-B026000001~25,5/20/26,2026-01-01~2026-03-31,認可,認可,0 MWh,23.605 MWh
台灣化學纖維股份有限公司,台化新港PABS廠務大樓及原料倉庫,太陽能,2026,0,86.245,嘉義縣新港鄉中洋村中洋工業區1號,276.75 kW,台灣化學纖維股份有限公司,24SP0561-B026000001~87,5/20/26,2026-01-01~2026-03-31,認可,認可,0 MWh,86.245 MWh
康展電力股份有限公司,冠越科技工程_友上科技,太陽能,2026,86.889,0,臺南市新市區南科一路8號,276.52 kW,康展電力股份有限公司,25SP2856-B026000001~94,5/20/26,2026-01-01~2026-03-31,認可,認可,86.889 MWh,0 MWh
天能綠電股份有限公司,高雄路竹高中屋頂型太陽光電案場,太陽能,2026,15.566,0,高雄市路竹區中華路292號,276.12 kW,天能綠電股份有限公司,24SP0025-B026000001~19,5/20/26,2026-01-01~2026-03-31,認可,認可,15.566 MWh,0 MWh
天能綠電股份有限公司,高雄仕隆國小屋頂型太陽光電案場,太陽能,2026,15.774,0,高雄市橋頭區仕隆路進校巷16號,276.12 kW,天能綠電股份有限公司,24SP0049-B026000001~19,5/20/26,2026-01-01~2026-03-31,認可,認可,15.774 MWh,0 MWh
大同智能股份有限公司,沅碁光電_阿蓮國小(四、五、六期),太陽能,2026,85.204,0,高雄市阿蓮區民族路163號,276.11 kW,大同智能股份有限公司、晨星電力股份有限公司,24SP1795-B026000001~87,5/20/26,2026-01-01~2026-03-31,認可,認可,85.204 MWh,0 MWh
怡和綠電超商股份有限公司,漢翔(王董)-洪文圳,太陽能,2026,22.381,0,彰化縣二林鎮新華巷50號,276 kW,怡和綠電超商股份有限公司,25SP1718-B026000022~44,4/1/26,2026-02-01~2026-02-28,認可,認可,22.381 MWh,0 MWh
富鐿實業股份有限公司,富鐿實業股份有限公司,太陽能,2026,0,53.64,臺南市安南區北汕尾三路239號,276 kW,富鐿實業股份有限公司,24SP1513-B026000001~54,4/1/26,2026-01-01~2026-02-28,認可,認可,0 MWh,53.64 MWh
富威電力股份有限公司,聚眾-楊文章太陽光電發電廠,太陽能,2026,25.691,0,彰化縣秀水鄉下崙段993地號,275.925 kW,富威電力股份有限公司,24SP2013-B026000031~66,4/1/26,2026-01-01~2026-02-28,認可,認可,25.691 MWh,0 MWh
天能綠電股份有限公司,彰化縣埤頭鄉張清圳雞舍一期屋頂型太陽光電案場,太陽能,2026,42.16,27.542,彰化縣埤頭鄉中和村溪林路建475之1號,275.53 kW,天能綠電股份有限公司,24SP0065-B026000001~71,5/20/26,2026-01-01~2026-03-31,認可,認可,42.16 MWh,27.542 MWh
怡和綠電超商股份有限公司,怡和國際能源-枋寮建興段475(三轉一),太陽能,2026,93.137,0,屏東縣枋寮鄉建興段475地號,275.11 kW,怡和綠電超商股份有限公司,25SP3883-B026000001~99,5/20/26,2026-01-01~2026-03-31,認可,認可,93.137 MWh,0 MWh
天能綠電股份有限公司,綠順-高雄市楠梓區德民路1010號（國昌二期）,太陽能,2026,51.136,0,高雄市楠梓區德民路1010號,275.06 kW,天能綠電股份有限公司,24SP1159-B026000002~53,4/22/26,2026-01-01~2026-02-28,認可,認可,51.136 MWh,0 MWh
油順精密股份有限公司,油順精密,太陽能,2026,0,64.5,臺中市南屯區精科南路18號,274.995 kW,油順精密股份有限公司,24SP0009-B026000001~65,5/20/26,2026-01-01~2026-03-31,認可,認可,0 MWh,64.5 MWh
大自然能源電業股份有限公司,NP091019C12向南-呂明欣,太陽能,2026,52.155,33.839,嘉義縣六腳鄉六腳279之30號,274.8 kW,大自然能源電業股份有限公司,24SP1499-B026000001~87,5/20/26,2026-01-01~2026-03-31,認可,認可,52.155 MWh,33.839 MWh
續興股份有限公司,旭愛能源宏塑廠,太陽能,2026,57.986,0,桃園市大園區民權路7之1號,274.72 kW,續興股份有限公司,24SP0302-B026000001~59,5/20/26,2026-01-01~2026-03-31,認可,認可,57.986 MWh,0 MWh
阿波羅電力股份有限公司,廣稷南僑9號二期,太陽能,2026,34.663,23.149,桃園市龜山區頂湖路9號,274.5 kW,阿波羅電力股份有限公司,24SP0553-B026000001~60,5/20/26,2026-01-01~2026-03-31,認可,認可,34.663 MWh,23.149 MWh
寶島陽光電力事業股份有限公司,豐照能源股份有限公司(禾聯碩股份有限公司-台中南屯),太陽能,2026,89.637,0,臺中市南屯區精科二路6號,274.5 kW,寶島陽光電力事業股份有限公司,24SP1127-B026000001~95,5/20/26,2026-01-01~2026-03-31,認可,認可,89.637 MWh,0 MWh
第一電阻電容器股份有限公司,第一電阻,太陽能,2026,0,63.064,,,,,,,,,,
寶島陽光電力事業股份有限公司,雋和四能源有限公司(TW180750),太陽能,2026,79.73,9.352,花蓮縣吉安鄉香源路20之1號,274.45 kW,第一電阻電容器股份有限公司,25SP0208-B026000001~64,5/20/26,2026-01-01~2026-03-31,認可,認可,0 MWh,63.064 MWh
華城能源股份有限公司,鈦傳速新屋廠-屋頂3,太陽能,2026,45.933,0,桃園市新屋區文化路3段535巷98號,273.76 kW,華城能源股份有限公司,25SP4121-B026000001~51,5/20/26,2026-01-01~2026-03-31,認可,認可,45.933 MWh,0 MWh
宇軒電業股份有限公司,旭山段91地號,太陽能,2026,26.803,0,臺南市柳營區台南市柳營區旭山段91地號,273.42 kW,宇軒電業股份有限公司,25SP0397-B026000027~53,4/15/26,2026-02-01~2026-02-28,認可,認可,26.803 MWh,0 MWh
星星電力股份有限公司,仁登-大埔段543地號,太陽能,2026,95.353,0,屏東縣東港鎮大埔段543地號,273.42 kW,星星電力股份有限公司,24SP2214-B026000001~97,5/20/26,2026-01-01~2026-03-31,認可,認可,95.353 MWh,0 MWh
天能綠電股份有限公司,和潤電能-彰化汙染地75號273.24kwp地面型太陽光電案場,太陽能,2026,89,0,彰化縣鹿港鎮鹿雅段75地號,273.24 kW,天能綠電股份有限公司,24SP0589-B026000001~94,5/20/26,2026-01-01~2026-03-31,認可,認可,89 MWh,0 MWh
大自然能源電業股份有限公司,NP201072C004 (沈寶麟),太陽能,2026,56.936,35.233,臺南市下營區大屯里大屯寮1之5號,273.24 kW,大自然能源電業股份有限公司,25SP1266-B026000001~94,5/20/26,2026-01-01~2026-03-31,認可,認可,56.936 MWh,35.233 MWh
艾涅爾電力股份有限公司,太旭-陳玉圓PV0205,太陽能,2026,44.626,0,苗栗縣後龍鎮新港段埔頂小段0143-0002地號,273.02 kW,艾涅爾電力股份有限公司,24SP0024-B026000001~434,4/8/26,2026-01-01~2026-02-28,認可,認可,44.626 MWh,0 MWh
阿波羅電力股份有限公司,光源大亨場273kW,太陽能,2026,60.794,38.877,臺南市佳里區營頂里營頂102之30號,273 kW,阿波羅電力股份有限公司,25SP1824-B026000001~101,5/20/26,2026-01-01~2026-03-31,認可,認可,60.794 MWh,38.877 MWh
天能綠電股份有限公司,光旭盈06--南投陳慧瑜屋頂型光電案場,太陽能,2026,80.259,1.813,南投縣水里鄉永豐村堤防路73巷6號,273 kW,天能綠電股份有限公司,25SP0028-B026000001~89,5/20/26,2026-01-01~2026-03-31,認可,認可,80.259 MWh,1.813 MWh
艾涅爾電力股份有限公司,百鴻-謝龍銘,太陽能,2026,54.005,0,嘉義縣朴子市崁後里崁前43之8號,273 kW,艾涅爾電力股份有限公司,24SP1965-B026000002~101,4/8/26,2026-01-01~2026-02-28,認可,認可,54.005 MWh,0 MWh
續興股份有限公司,旭愛能源建誌廠,太陽能,2026,82.446,0,高雄市燕巢區四林路159號,273 kW,續興股份有限公司,23SP0209-B026000001~84,5/20/26,2026-01-01~2026-03-31,認可,認可,82.446 MWh,0 MWh
富威電力股份有限公司,富崴1-3晶技電腦太陽光電發電廠,太陽能,2026,31.79,0,高雄市岡山區本工六路68號,272.8 kW,富威電力股份有限公司,25SP1534-B026000028~69,4/1/26,2026-01-01~2026-02-28,認可,認可,31.79 MWh,0 MWh
寶富電力股份有限公司,智捷能源股份有限公司-大有路916之2號,太陽能,2026,27.203,0,桃園市桃園區大有路916之2號,272.46 kW,寶富電力股份有限公司,25SP0419-B026000022~54,5/20/26,2026-02-01~2026-03-31,認可,認可,27.203 MWh,0 MWh
美葛儂妮化粧品股份有限公司,美葛儂妮-太陽光電發電系統設置工程,太陽能,2026,0,48.542,臺中市太平區德隆里18鄰工業18路9號,272.46 kW,美葛儂妮化粧品股份有限公司,23SP0069-B026000001~50,4/22/26,2026-01-01~2026-02-28,認可,認可,0 MWh,48.542 MWh
寶島陽光電力事業股份有限公司,豐照能源股份有限公司(TW180915),太陽能,2026,75.111,0,彰化縣鹿港鎮海浴路1242號,272.35 kW,寶島陽光電力事業股份有限公司,24SP2583-B026000001~77,5/20/26,2026-01-01~2026-03-31,認可,認可,75.111 MWh,0 MWh
續興股份有限公司,阿蓮易鐵,太陽能,2026,23.959,57.813,高雄市阿蓮區復安里復安13之26號,272.3 kW,續興股份有限公司,24SP1117-B026000001~82,5/20/26,2026-01-01~2026-03-31,認可,認可,23.959 MWh,57.813 MWh
艾涅爾電力股份有限公司,旭力-林茂PV0453,太陽能,2026,56.406,0,臺南市新營區太南里太子宮314之16、314之18號,272.285 kW,艾涅爾電力股份有限公司,24SP1740-B026000001~57,4/8/26,2026-01-01~2026-02-28,認可,認可,56.406 MWh,0 MWh
天能綠電股份有限公司,嘉元光-屏東枋寮中寮134-1地面型太陽光電案場,太陽能,2026,98.338,0,屏東縣枋寮鄉中寮段134-1地號,272.25 kW,天能綠電股份有限公司,24SP0943-B026000001~99,5/20/26,2026-01-01~2026-03-31,認可,認可,98.338 MWh,0 MWh
艾涅爾電力股份有限公司,群騰-吳陳秀梅PV0611,太陽能,2026,44.423,0,高雄市阿蓮區民生路1160巷225弄130號,272.18 kW,艾涅爾電力股份有限公司,24SP1550-B026000001~45,4/8/26,2026-01-01~2026-02-28,認可,認可,44.423 MWh,0 MWh
世界先進積體電路股份有限公司,晶圓二廠,太陽能,2026,0,54.819,新竹市東區力行路9號,272.14 kW,世界先進積體電路股份有限公司,22SP0031-B026000001~56,5/20/26,2026-01-01~2026-03-31,認可,認可,0 MWh,54.819 MWh
天能綠電股份有限公司,龐誼綠能-台中龍井協建台中市太陽光電案場,太陽能,2026,67.36,0,臺中市龍井區蚵寮路255巷54弄26號、28號,271.8 kW,天能綠電股份有限公司,25SP3524-B026000001~68,5/20/26,2026-01-01~2026-03-31,認可,認可,67.36 MWh,0 MWh
南方電力股份有限公司,信源產業太陽光電發電廠,太陽能,2026,40.931,0,彰化縣福興鄉員鹿路1段368號,271.7 kW,南方電力股份有限公司,25SP1669-B026000052~146,4/1/26,2026-01-01~2026-02-28,認可,認可,40.931 MWh,0 MWh
大自然能源電業股份有限公司,NP071076C001總福,太陽能,2026,89.698,0,臺中市潭子區祥和路21號,271.59 kW,大自然能源電業股份有限公司,25SP2099-B026000001~92,5/20/26,2026-01-01~2026-03-31,認可,認可,89.698 MWh,0 MWh
冠越科技工程股份有限公司,帝寶C6,太陽能,2026,73.066,0,彰化縣鹿港鎮鹿港鎮上林段0528-0000地號,271.56 kW,康展電力股份有限公司、冠越科技工程股份有限公司,24SP1996-B026000001~79,5/20/26,2026-01-01~2026-03-31,認可,認可,73.066 MWh,0 MWh
十萬伏特電力股份有限公司,彰化-冠皇紙業案,太陽能,2026,54.991,0,彰化縣大村鄉加錫一巷1之36號,271.42 kW,十萬伏特電力股份有限公司,25SP2834-B026000001~57,4/1/26,2026-01-01~2026-02-28,認可,認可,54.991 MWh,0 MWh
大自然能源電業股份有限公司,NP101082C007(台南醫院),太陽能,2026,67.724,12.609,臺南市中西區中山路125號,271.4 kW,大自然能源電業股份有限公司,25SP3469-B026000001~84,5/20/26,2026-01-01~2026-03-31,認可,認可,67.724 MWh,12.609 MWh
星星電力股份有限公司,仁登-大新段1187-1地號,太陽能,2026,79.518,0,屏東縣內埔鄉大新段1187-1地號,270.94 kW,星星電力股份有限公司,24SP2205-B026000001~81,5/20/26,2026-01-01~2026-03-31,認可,認可,79.518 MWh,0 MWh
陽光伏特家電力股份有限公司,新光彰化4、47廠,太陽能,2026,83.127,0,彰化縣田尾鄉海豐村光榮巷451-3、451-5、451-6號,270.84 kW,陽光伏特家電力股份有限公司,24SP2028-B026000001~84,5/20/26,2026-01-01~2026-03-31,認可,認可,83.127 MWh,0 MWh
恆利電能股份有限公司,W-台南永康1 (270.81kw),太陽能,2026,63.076,9.626,臺南市永康區經華路12號,270.81 kW,恆利電能股份有限公司,25SP1657-B026000001~81,5/20/26,2026-01-01~2026-03-31,認可,認可,63.076 MWh,9.626 MWh
大自然能源電業股份有限公司,NP081059C001 春滿,太陽能,2026,46.95,33.473,彰化縣鹿港鎮福崙街322巷181號,270.81 kW,大自然能源電業股份有限公司,25SP1158-B026000001~82,5/20/26,2026-01-01~2026-03-31,認可,認可,46.95 MWh,33.473 MWh
陽光伏特家電力股份有限公司,新光雲林8廠,太陽能,2026,3.728,0,雲林縣臺西鄉成功段0913-0000地號,270.575 kW,陽光伏特家電力股份有限公司,23SP0215-B026000001~94,4/1/26,2026-01-01~2026-02-28,認可,認可,3.728 MWh,0 MWh
南方電力股份有限公司,永順仁武太陽光電發電廠,太陽能,2026,78.096,0,高雄市仁武區福清段0015-0000地號,270.57 kW,南方電力股份有限公司,25SP2761-B026000001~79,5/20/26,2026-01-01~2026-03-31,認可,認可,78.096 MWh,0 MWh
續興股份有限公司,游宏隆五結,太陽能,2026,54.83,0,宜蘭縣五結鄉利興三路12號,270.55 kW,續興股份有限公司,25SP2771-B026000001~56,5/20/26,2026-01-01~2026-03-31,認可,認可,54.83 MWh,0 MWh
陽光伏特家電力股份有限公司,港都15號,太陽能,2026,41.55,0,高雄市左營區大中二路39號,270.32 kW,陽光伏特家電力股份有限公司,22SP0010-B026000002~51,5/20/26,2026-01-01~2026-03-31,認可,認可,41.55 MWh,0 MWh
阿波羅電力股份有限公司,辰信王川加,太陽能,2026,84.672,0,彰化縣芳苑鄉新復路3段111巷139號,270.23 kW,阿波羅電力股份有限公司,24SP1208-B026000001~86,5/20/26,2026-01-01~2026-03-31,認可,認可,84.672 MWh,0 MWh
艾涅爾電力股份有限公司,錦鴻-詹峰賓PV0310,太陽能,2026,55.019,0,彰化縣竹塘鄉長安段1457-0000、1458-0000地號,270 kW,艾涅爾電力股份有限公司,24SP0150-B026000001~56,4/8/26,2026-01-01~2026-02-28,認可,認可,55.019 MWh,0 MWh
天能綠電股份有限公司,晶泰- 臺南宏昕太陽光電案場,太陽能,2026,25.074,0,臺南市永康區永大路一段128、130號,270 kW,天能綠電股份有限公司,24SP0973-B026000001~26,3/4/26,2026-01-01~2026-01-31,認可,認可,25.074 MWh,0 MWh
晨星電力股份有限公司,(日富冠)南投名間-松柏嶺高球場二期(地面型),太陽能,2026,12.242,62.828,南投縣名間鄉埔中段291、292、371地號,270 kW,晨星電力股份有限公司,25SP4291-B026000001~84,5/20/26,2026-01-01~2026-03-31,認可,認可,12.242 MWh,62.828 MWh
怡和綠電超商股份有限公司,佑新-水林625地號,太陽能,2026,60.879,0,雲林縣水林鄉順興村順興里6之25號,270 kW,怡和綠電超商股份有限公司,25SP2432-B026000001~62,4/1/26,2026-01-01~2026-02-28,認可,認可,60.879 MWh,0 MWh
天能綠電股份有限公司,嘉義邱翠雲畜牧場屋頂型太陽能光電廠,太陽能,2026,82.141,0,嘉義縣溪口鄉游東村游厝庄34之1號,269.925 kW,天能綠電股份有限公司,24SP0252-B026000001~85,5/20/26,2026-01-01~2026-03-31,認可,認可,82.141 MWh,0 MWh
怡和綠電超商股份有限公司,賽斯-十全國小(風雨球場),太陽能,2026,83.698,0,高雄市三民區三塊厝段4小段2665地號,269.85 kW,怡和綠電超商股份有限公司,25SP2419-B026000001~86,5/20/26,2026-01-01~2026-03-31,認可,認可,83.698 MWh,0 MWh
大自然能源電業股份有限公司,NP191035C001吉日和(斗南停車場),太陽能,2026,64.875,0,雲林縣斗南鎮興國段0532-0002地號,269.5 kW,大自然能源電業股份有限公司,24SP1527-B026000007~72,5/20/26,2026-01-01~2026-03-31,認可,認可,64.875 MWh,0 MWh
續興股份有限公司,嘉慶段(許國森),太陽能,2026,86.042,0,彰化縣和美鎮嘉慶段920地號,269.5 kW,續興股份有限公司,25SP3002-B026000001~87,5/20/26,2026-01-01~2026-03-31,認可,認可,86.042 MWh,0 MWh
怡和綠電超商股份有限公司,晁能-九清段建地,太陽能,2026,90.474,0,屏東縣九如鄉九清段154地號,269.36 kW,怡和綠電超商股份有限公司,25SP1564-B026000001~92,5/20/26,2026-01-01~2026-03-31,認可,認可,90.474 MWh,0 MWh
天能綠電股份有限公司,豐光04-屏東陳麗雯屋頂型太陽光電案場,太陽能,2026,70.812,2.588,屏東縣內埔鄉屏東縣內埔鄉樹新路313巷92之1號,269.28 kW,天能綠電股份有限公司,24SP2072-B026000001~83,5/20/26,2026-01-01~2026-03-31,認可,認可,70.812 MWh,2.588 MWh
艾涅爾電力股份有限公司,承品能源-三泰,太陽能,2026,48.508,0,彰化縣大村鄉美港橫巷1之14號,269.23 kW,艾涅爾電力股份有限公司,24SP0728-B026000001~50,4/8/26,2026-01-01~2026-02-28,認可,認可,48.508 MWh,0 MWh
怡和綠電超商股份有限公司,賽斯新能源-盧聖棟:東山東正段0914-0000地號(地),太陽能,2026,75.046,0,臺南市東山區東正段0914-0000地號,269.01 kW,怡和綠電超商股份有限公司,25SP2640-B026000001~76,5/20/26,2026-01-01~2026-03-31,認可,認可,75.046 MWh,0 MWh
續興股份有限公司,南亞_商管大樓,太陽能,2026,56.824,0,桃園市中壢區中山東路3段414號,268.62 kW,續興股份有限公司,25SP3381-B026000001~59,5/20/26,2026-01-01~2026-03-31,認可,認可,56.824 MWh,0 MWh
宇軒電業股份有限公司,頂秀祐段455地號,太陽能,2026,53.189,33.436,臺南市白河區頂秀祐段455地號,268.5 kW,宇軒電業股份有限公司,25SP2018-B026000001~88,5/20/26,2026-01-01~2026-03-31,認可,認可,53.189 MWh,33.436 MWh
天能綠電股份有限公司,晶泰-彰化佶棉纖維太陽光電案場,太陽能,2026,25.287,0,彰化縣社頭鄉織襪一路12號,268.4 kW,天能綠電股份有限公司,24SP0945-B026000026~51,4/1/26,2026-02-01~2026-02-28,認可,認可,25.287 MWh,0 MWh
大自然能源電業股份有限公司,NP121054C004瓦度(屏東內埔A),太陽能,2026,40.849,26.563,"屏東縣內埔鄉豐田段0697-0000,0698-0000,0699-0000地號",268.38 kW,大自然能源電業股份有限公司,25SP0449-B026000001~69,5/20/26,2026-01-01~2026-03-31,認可,認可,40.849 MWh,26.563 MWh
寶島陽光電力事業股份有限公司,晟鑫能源有限公司 (TW160545),太陽能,2026,78.163,0,雲林縣水林鄉山腳村蕃東2之36號,268.32 kW,寶島陽光電力事業股份有限公司,24SP1316-B026000001~80,5/20/26,2026-01-01~2026-03-31,認可,認可,78.163 MWh,0 MWh
怡和綠電超商股份有限公司,嘉創-新進工業,太陽能,2026,47.687,35.26,臺南市永康區正北一路128號,268.29 kW,怡和綠電超商股份有限公司,25SP2752-B026000002~88,5/20/26,2026-01-01~2026-03-31,認可,認可,47.687 MWh,35.26 MWh
怡和綠電超商股份有限公司,廣大利蛋行-屏東廠二期,太陽能,2026,86.182,0,屏東縣屏東市前進路77巷32號,268.26 kW,怡和綠電超商股份有限公司,25SP4114-B026000001~90,5/20/26,2026-01-01~2026-03-31,認可,認可,86.182 MWh,0 MWh
天能綠電股份有限公司,凱銳_彰化縣銢鎰屋頂型太陽光電案場,太陽能,2026,0,34.972,彰化縣彰化市彰馬路520巷60號,267.96 kW,天能綠電股份有限公司,25SP2653-B026000001~35,5/20/26,2026-03-01~2026-03-31,認可,認可,0 MWh,34.972 MWh
萬家香醬園股份有限公司,萬家香三期,太陽能,2026,12.384,0,屏東縣長治鄉園南路8號,267.84 kW,萬家香醬園股份有限公司,19SP0040-B026000001~13,3/4/26,2026-01-01~2026-01-31,認可,認可,12.384 MWh,0 MWh
晨星電力股份有限公司,(永豐)謝宗育897地號,太陽能,2026,81.559,0,彰化縣鹿港鎮鹿鳴段0897-0000地號,267.75 kW,晨星電力股份有限公司,25SP2333-B026000001~82,5/20/26,2026-01-01~2026-03-31,認可,認可,81.559 MWh,0 MWh
富威電力股份有限公司,普照能源-苙源太陽光電發電廠,太陽能,2026,33.507,0,高雄市岡山區嘉興路37之27號,267.54 kW,富威電力股份有限公司,25SP1540-B026000025~68,4/1/26,2026-01-01~2026-02-28,認可,認可,33.507 MWh,0 MWh
陽光伏特家電力股份有限公司,文鴻彰化2廠,太陽能,2026,72.779,0,彰化縣和美鎮嘉慶段444地號,267.52 kW,陽光伏特家電力股份有限公司,24SP2342-B026000005~125,5/20/26,2026-01-01~2026-03-31,認可,認可,72.779 MWh,0 MWh
陽光伏特家電力股份有限公司,嘉創台南1廠,太陽能,2026,85.748,0,臺南市南區新仁路15號,267.32 kW,陽光伏特家電力股份有限公司,24SP1494-B026000042~399,5/20/26,2026-01-01~2026-03-31,認可,認可,85.748 MWh,0 MWh
怡和綠電超商股份有限公司,嘉創-麗清科技 2,太陽能,2026,37.461,16.673,桃園市觀音區成功路1段513號,266.91 kW,怡和綠電超商股份有限公司,25SP1792-B026000002~57,5/20/26,2026-01-01~2026-03-31,認可,認可,37.461 MWh,16.673 MWh
宇軒電業股份有限公司,海口段179地號,太陽能,2026,22.248,0,雲林縣臺西鄉海口段179地號,266.8 kW,宇軒電業股份有限公司,25SP2836-B026000028~50,4/15/26,2026-02-01~2026-02-28,認可,認可,22.248 MWh,0 MWh
鴻晶新科技股份有限公司,友力企業社即負責人施能銘(二期),太陽能,2026,7.492,14.951,彰化縣線西鄉溝內村溝內路178號,266.43 kW,鴻晶新科技股份有限公司,25SP2953-B026000001~24,5/20/26,2026-01-01~2026-01-31,認可,認可,7.492 MWh,14.951 MWh
阿波羅電力股份有限公司,安集台中公部門-第五期(第三型),太陽能,2026,49.48,31.165,臺中市大里區練武段0062-0000地號,266.4 kW,阿波羅電力股份有限公司,25SP3189-B026000001~82,5/20/26,2026-01-01~2026-03-31,認可,認可,49.48 MWh,31.165 MWh
南方電力股份有限公司,青年校舍太陽光電發電廠,太陽能,2026,91.643,0,高雄市鳳山區青年路二段89號,266.09 kW,南方電力股份有限公司,24SP1032-B026000001~94,5/20/26,2026-01-01~2026-03-31,認可,認可,91.643 MWh,0 MWh
天能綠電股份有限公司,龐誼綠能-屏東南州華盛屏東縣太陽光電案場,太陽能,2026,75.662,0,屏東縣南州鄉溪北村糖廠路9號,265.88 kW,天能綠電股份有限公司,25SP1185-B026000001~77,5/20/26,2026-01-01~2026-03-31,認可,認可,75.662 MWh,0 MWh
晨星電力股份有限公司,(沅碁)勝利國小一二期,太陽能,2026,86.624,5.422,高雄市左營區南屏路1號,265.68 kW,晨星電力股份有限公司,25SP3108-B026000001~101,5/20/26,2026-01-01~2026-03-31,認可,認可,86.624 MWh,5.422 MWh
星星電力股份有限公司,風昇-復興段995地號,太陽能,2026,49.989,0,屏東縣內埔鄉復興段0995-0000地號,265.35 kW,星星電力股份有限公司,25SP0489-B026000001~51,4/8/26,2026-01-01~2026-02-28,認可,認可,49.989 MWh,0 MWh
大同智能股份有限公司,台中市屋頂型太陽光電系統-惠文高中(二期),太陽能,2026,56.07,0,臺中市南屯區公益路二段298號,265.32 kW,大同智能股份有限公司,24SP0330-B026000003~75,5/20/26,2026-01-01~2026-03-31,認可,認可,56.07 MWh,0 MWh
大自然能源電業股份有限公司,NP201020C001同力(麻豆口),太陽能,2026,51.763,34.853,臺南市麻豆區麻口里麻豆口1之40號,265.32 kW,大自然能源電業股份有限公司,24SP1112-B026000001~88,5/20/26,2026-01-01~2026-03-31,認可,認可,51.763 MWh,34.853 MWh
力成科技股份有限公司,力成科技(3B棟),太陽能,2026,0,59.592,新竹縣湖口鄉大同路26號,265.2 kW,力成科技股份有限公司,23SP0192-B026000001~62,5/20/26,2026-01-01~2026-03-31,認可,認可,0 MWh,59.592 MWh
艾涅爾電力股份有限公司,鄧兆章PV0207,太陽能,2026,44.789,0,苗栗縣後龍鎮新港段埔頂小段0164-0000、0164-0003地號,265.2 kW,艾涅爾電力股份有限公司,23SP0381-B026000001~434,4/8/26,2026-01-01~2026-02-28,認可,認可,44.789 MWh,0 MWh
續興股份有限公司,台南學甲1,太陽能,2026,93.22,0,臺南市學甲區中洲段0542-0012、0542-0014地號,265.185 kW,續興股份有限公司,24SP0402-B026000001~95,5/20/26,2026-01-01~2026-03-31,認可,認可,93.22 MWh,0 MWh
鼎烽精密工業股份有限公司,鼎烽精密工業廠房光電(第一期、第二期),太陽能,2026,0,73.428,臺南市安南區鹿耳二路308號,265.14 kW,鼎烽精密工業股份有限公司,24SP0487-B026000001~74,5/20/26,2026-01-01~2026-03-31,認可,認可,0 MWh,73.428 MWh
天能綠電股份有限公司,凱銳-苗栗矽比科(大甲廠)屋頂型太陽光電案場,太陽能,2026,0,30.712,臺中市大甲區日南里工六路2號、6號,264.74 kW,天能綠電股份有限公司,24SP1415-B026000001~31,5/20/26,2026-03-01~2026-03-31,認可,認可,0 MWh,30.712 MWh
富威電力股份有限公司,祐茂-高雄杉林太陽光電發電廠,太陽能,2026,55.925,17.863,高雄市杉林區十張犁段662地號,264.66 kW,富威電力股份有限公司,25SP0890-B026000081~356,5/20/26,2026-01-01~2026-03-31,認可,認可,55.925 MWh,17.863 MWh
陽光伏特家電力股份有限公司,嘉義阿里2、3號,太陽能,2026,35.029,0,嘉義縣義竹鄉上溪洲35號,264.6 kW,陽光伏特家電力股份有限公司,24SP2262-B026000001~36,4/1/26,2026-01-01~2026-02-28,認可,認可,35.029 MWh,0 MWh
怡和綠電超商股份有限公司,六維-台南,太陽能,2026,79.869,0,臺南市關廟區關新路1段268號,264.495 kW,怡和綠電超商股份有限公司,25SP3955-B026000002~85,5/20/26,2026-01-01~2026-03-31,認可,認可,79.869 MWh,0 MWh
寶島陽光電力事業股份有限公司,昕瑞能源有限公司(TW170579),太陽能,2026,78.467,0,嘉義縣六腳鄉竹本村竹子腳8之37號,264.48 kW,寶島陽光電力事業股份有限公司,24SP2506-B026000001~80,5/20/26,2026-01-01~2026-03-31,認可,認可,78.467 MWh,0 MWh
艾涅爾電力股份有限公司,鎧銚-林長樂PV0148,太陽能,2026,20.95,0,嘉義縣大林鎮大湖1之7號,264.42 kW,艾涅爾電力股份有限公司,24SP1667-B026000021~41,4/8/26,2026-02-01~2026-02-28,認可,認可,20.95 MWh,0 MWh
艾涅爾電力股份有限公司,聚陽-健身房可翰,太陽能,2026,49.619,0,高雄市楠梓區藍昌路451號,264.33 kW,艾涅爾電力股份有限公司,24SP1439-B026000001~250,4/8/26,2026-01-01~2026-02-28,認可,認可,49.619 MWh,0 MWh
艾涅爾電力股份有限公司,錦軒-營北國中PV0116,太陽能,2026,50.445,0,南投縣南投市向上路2號,264 kW,艾涅爾電力股份有限公司,24SP0185-B026000001~146,5/20/26,2026-01-01~2026-02-28,認可,認可,50.445 MWh,0 MWh
晨星電力股份有限公司,(統益)後勁國小球場,太陽能,2026,75.69,5.019,高雄市楠梓區和平段二小段0006-0000、0325-0000、0333-0000地號,264 kW,晨星電力股份有限公司,25SP3316-B026000001~90,5/20/26,2026-01-01~2026-03-31,認可,認可,75.69 MWh,5.019 MWh
續興股份有限公司,旭愛能源維堤廠,太陽能,2026,13.808,0,宜蘭縣蘇澳鎮頂強路1 號,263.67 kW,續興股份有限公司,23SP0277-B026000001~14,4/22/26,2026-01-01~2026-01-31,認可,認可,13.808 MWh,0 MWh
續興股份有限公司,後壁四安656,太陽能,2026,25.279,0,臺南市後壁區四安段0656-0001地號,263.5 kW,續興股份有限公司,24SP1779-B026000001~26,4/22/26,2026-02-01~2026-02-28,認可,認可,25.279 MWh,0 MWh
晨星電力股份有限公司,(加州儲能)進學國小,太陽能,2026,0.737,0,臺南市中西區南寧街47號,263.5 kW,晨星電力股份有限公司,25SP2618-B026000001~3,5/20/26,2026-01-01~2026-03-31,認可,認可,0.737 MWh,0 MWh
天能綠電股份有限公司,台南善化中強光電屋頂型太陽能光電案,太陽能,2026,45.001,0,臺南市善化區南科六路2之1號,263.19 kW,天能綠電股份有限公司,22SP0055-B026000001~48,5/20/26,2026-01-01~2026-03-31,認可,認可,45.001 MWh,0 MWh
晨星電力股份有限公司,(住研)瓦瑤,太陽能,2026,89.551,0,雲林縣元長鄉南安路106之15號、106之16號,263.12 kW,晨星電力股份有限公司,25SP2215-B026000001~91,5/20/26,2026-01-01~2026-03-31,認可,認可,89.551 MWh,0 MWh
十萬伏特電力股份有限公司,曼黛瑪璉,太陽能,2026,78.59,0,彰化縣員林市員草路931號,262.96 kW,十萬伏特電力股份有限公司,25SP2322-B026000001~81,5/20/26,2026-01-01~2026-03-31,認可,認可,78.59 MWh,0 MWh
中曜股份有限公司,中租 2285 號,太陽能,2026,7.342,0,屏東縣新園鄉仙隆段26地號,262.8 kW,中曜股份有限公司,24SP1827-B026000001~8,5/13/26,2026-01-01~2026-02-28,認可,認可,7.342 MWh,0 MWh
星星電力股份有限公司,日兆_戴玉珍,太陽能,2026,80.435,0,雲林縣東勢鄉雲林縣東勢鄉安西路1之22號,262.71 kW,星星電力股份有限公司,24SP1577-B026000001~93,5/20/26,2026-01-01~2026-03-31,認可,認可,80.435 MWh,0 MWh
大自然能源電業股份有限公司,NP081063C003低碳(鈺麒),太陽能,2026,66.846,0,彰化縣埔鹽鄉好金路3巷24之68號,262.5 kW,大自然能源電業股份有限公司,25SP0741-B026000001~69,5/20/26,2026-01-01~2026-03-31,認可,認可,66.846 MWh,0 MWh
恆利電能股份有限公司,CXA-竹洲1 (262.35kw),太陽能,2026,80.455,2.719,屏東縣竹田鄉竹洲段139-1地號,262.35 kW,恆利電能股份有限公司,25SP0183-B026000001~92,5/20/26,2026-01-01~2026-03-31,認可,認可,80.455 MWh,2.719 MWh
怡和綠電超商股份有限公司,晁能-馬余美枝(一期+二期合併),太陽能,2026,86.334,0,臺南市麻豆區埤頭里埤頭28之5號;麻學路一段605號,262.24 kW,怡和綠電超商股份有限公司,25SP1358-B026000001~88,5/20/26,2026-01-01~2026-03-31,認可,認可,86.334 MWh,0 MWh
怡和綠電超商股份有限公司,怡和國際能源-枋寮建興段475-1(三轉一),太陽能,2026,90.417,0,屏東縣枋寮鄉建興段0475-0001地號,261.995 kW,怡和綠電超商股份有限公司,25SP3876-B026000001~96,5/20/26,2026-01-01~2026-03-31,認可,認可,90.417 MWh,0 MWh
艾涅爾電力股份有限公司,承品能源-光明,太陽能,2026,52.864,0,彰化縣福興鄉彰鹿路7段204巷36號,261.99 kW,艾涅爾電力股份有限公司,24SP2185-B026000001~54,4/8/26,2026-01-01~2026-02-28,認可,認可,52.864 MWh,0 MWh
艾涅爾電力股份有限公司,政揚-廖欽從畜牧場,太陽能,2026,39.538,0,雲林縣二崙鄉裕民路63巷81號,261.96 kW,艾涅爾電力股份有限公司,24SP2234-B026000001~41,4/8/26,2026-01-01~2026-02-28,認可,認可,39.538 MWh,0 MWh
怡和綠電超商股份有限公司,漢翔(王董)-張豪傑,太陽能,2026,22.077,0,雲林縣大埤鄉大德村新街6之18號,261.75 kW,怡和綠電超商股份有限公司,25SP1511-B026000023~45,4/1/26,2026-02-01~2026-02-28,認可,認可,22.077 MWh,0 MWh
大自然能源電業股份有限公司,NP111061C004 金信昌二廠,太陽能,2026,70.294,15.185,高雄市彌陀區中正南路3巷19號,261.6 kW,大自然能源電業股份有限公司,25SP3282-B026000001~92,5/20/26,2026-01-01~2026-03-31,認可,認可,70.294 MWh,15.185 MWh
艾克爾國際科技股份有限公司,艾克爾國際,太陽能,2026,0,39.07,桃園市龍潭區中豐路高平段一號,261.44 kW,艾克爾國際科技股份有限公司,23SP0342-B026000001~40,5/20/26,2026-01-01~2026-03-31,認可,認可,0 MWh,39.07 MWh
大同智能股份有限公司,彰化汙染農地太陽能建置案第三批-和美鎮大霞段1807、1809地號,太陽能,2026,95.258,0,彰化縣和美鎮大霞段1807、1809地號,261.12 kW,大同智能股份有限公司,24SP0268-B026000001~96,5/20/26,2026-01-01~2026-03-31,認可,認可,95.258 MWh,0 MWh
怡和綠電超商股份有限公司,怡和國際能源-東山區公所,太陽能,2026,44.98,0,臺南市東山區東興段0194-0000、0198-0005、0221-0000地號；東興段0191-0000、0191-0001、0192-0000、0193-0000、0193-0001、0221-0000地號,261.06 kW,怡和綠電超商股份有限公司,25SP2686-B026000001~46,5/20/26,2026-01-01~2026-03-31,認可,認可,44.98 MWh,0 MWh
富威電力股份有限公司,詮達綠能-義田工業太陽光電發電廠,太陽能,2026,22.57,14.017,臺南市山上區明和里明和75之7號,261 kW,富威電力股份有限公司,25SP3491-B026000061~228,5/20/26,2026-02-01~2026-03-31,認可,認可,22.57 MWh,14.017 MWh
禾伸堂企業股份有限公司,禾伸堂太陽光電案-宜蘭利澤廠,太陽能,2026,0,55.371,宜蘭縣五結鄉利工一路二段15號,260.625 kW,禾伸堂企業股份有限公司,23SP0290-B026000001~57,5/20/26,2026-01-01~2026-03-31,認可,認可,0 MWh,55.371 MWh
怡和綠電超商股份有限公司,欣雄-高雄市公有學校第七標案 -旗津國小,太陽能,2026,25.8,0,高雄市旗津區中洲三路623號(旗津國小),260.4 kW,怡和綠電超商股份有限公司,25SP2467-B026000026~51,4/1/26,2026-02-01~2026-02-28,認可,認可,25.8 MWh,0 MWh
富威電力股份有限公司,森崴-彰化鹿鳴段太陽光電發電廠,太陽能,2026,88.016,0,彰化縣鹿港鎮鹿鳴段1649地號,260.4 kW,富威電力股份有限公司,24SP2033-B026000001~113,5/20/26,2026-01-01~2026-03-31,認可,認可,88.016 MWh,0 MWh
阿波羅電力股份有限公司,廣稷燦昇,太陽能,2026,39.517,25.414,彰化縣芳苑鄉上林路頂廍段338巷建460號,260.25 kW,阿波羅電力股份有限公司,24SP2047-B026000001~66,5/20/26,2026-01-01~2026-03-31,認可,認可,39.517 MWh,25.414 MWh
天能綠電股份有限公司,宏威環球-高雄龍肚1號地面型太陽光電案場,太陽能,2026,49.211,0,高雄市美濃區高雄市美濃區龍肚段一小段2134-0000地號,260.165 kW,天能綠電股份有限公司,24SP1724-B026000001~53,5/20/26,2026-01-01~2026-03-31,認可,認可,49.211 MWh,0 MWh
寶島陽光電力事業股份有限公司,日沛能源有限公司(TW170583),太陽能,2026,78.302,0,雲林縣四湖鄉建陽段1279地號,260 kW,寶島陽光電力事業股份有限公司,24SP2575-B026000001~80,5/20/26,2026-01-01~2026-03-31,認可,認可,78.302 MWh,0 MWh
晨星電力股份有限公司,(沅碁)鳳西國中一二期,太陽能,2026,84.108,0,高雄市鳳山區興中里光華路69號,259.92 kW,晨星電力股份有限公司,25SP2937-B026000001~86,5/20/26,2026-01-01~2026-03-31,認可,認可,84.108 MWh,0 MWh
天能綠電股份有限公司,豐光16--屏東鍾芳增屋頂型光電案場,太陽能,2026,76.781,2.658,屏東縣里港鄉武洛路70號(屏東縣里港鄉茄苳腳段1028地號),259.86 kW,天能綠電股份有限公司,25SP0102-B026000001~88,5/20/26,2026-01-01~2026-03-31,認可,認可,76.781 MWh,2.658 MWh
寶島陽光電力事業股份有限公司,昌瑞能源有限公司 (TW170740),太陽能,2026,68.197,0,雲林縣斗南鎮林厝村文化路2之1號,259.8 kW,寶島陽光電力事業股份有限公司,24SP2623-B026000001~69,5/20/26,2026-01-01~2026-03-31,認可,認可,68.197 MWh,0 MWh
陽光伏特家電力股份有限公司,南埔屏東3廠,太陽能,2026,35.56,0,屏東縣麟洛鄉麟信段0266-0002地號,259.675 kW,陽光伏特家電力股份有限公司,25SP0275-B026000016~300,4/1/26,2026-01-01~2026-02-28,認可,認可,35.56 MWh,0 MWh
陽光伏特家電力股份有限公司,元登屏東25廠,太陽能,2026,85.467,0,屏東縣新埤鄉打鐵段0050-0002、0050-0003、0050-0008地號,259.5 kW,陽光伏特家電力股份有限公司,24SP0846-B026000001~87,5/20/26,2026-01-01~2026-03-31,認可,認可,85.467 MWh,0 MWh
富威電力股份有限公司,久鋒-城西太陽光電發電廠,太陽能,2026,69.222,3.347,臺南市安南區城西段0575-0003地號,259.2 kW,富威電力股份有限公司,25SP1130-B026000001~77,5/20/26,2026-01-01~2026-03-31,認可,認可,69.222 MWh,3.347 MWh
宇軒電業股份有限公司,海埤段282地號,太陽能,2026,0,84.713,臺南市麻豆區海埤段282地號,259.2 kW,宇軒電業股份有限公司,25SP3781-B026000001~86,5/20/26,2026-01-01~2026-03-31,認可,認可,0 MWh,84.713 MWh
天能綠電股份有限公司,豐光15-彰化林劭容屋頂型太陽光電案場,太陽能,2026,49.77,34.847,彰化縣芳苑鄉上林路頂廍段183巷2弄建180號(彰化縣芳苑鄉芳崎段0599-0000、0600-0000地號),259.05 kW,天能綠電股份有限公司,24SP2438-B026000001~90,5/20/26,2026-01-01~2026-03-31,認可,認可,49.77 MWh,34.847 MWh
天能綠電股份有限公司,好強的電-屏東枋寮134-4地面型太陽光電案場,太陽能,2026,95.8,0,屏東縣枋寮鄉中寮段134-4地號,259 kW,天能綠電股份有限公司,24SP1416-B026000001~98,5/20/26,2026-01-01~2026-03-31,認可,認可,95.8 MWh,0 MWh
大自然能源電業股份有限公司,NP201018C001叡朋(後壁林俊耀二),太陽能,2026,23.076,0,臺南市後壁區仕安里下長80之27號,258.945 kW,大自然能源電業股份有限公司,24SP1526-B026000001~24,3/4/26,2026-01-01~2026-01-31,認可,認可,23.076 MWh,0 MWh
阿波羅電力股份有限公司,辰翔楊木讚,太陽能,2026,73.763,0,彰化縣二林鎮西庄巷建5之42號,258.72 kW,阿波羅電力股份有限公司,24SP1258-B026000001~75,5/20/26,2026-01-01~2026-03-31,認可,認可,73.763 MWh,0 MWh
開陽電力股份有限公司,開陽能源股份有限公司-雲林新美384,太陽能,2026,44.24,0,雲林縣東勢鄉北美路12之17號,258.72 kW,開陽電力股份有限公司,25SP2067-B026000001~45,4/1/26,2026-01-01~2026-02-28,認可,認可,44.24 MWh,0 MWh
大自然能源電業股份有限公司,NP181082C002(高雄尚富),太陽能,2026,66.753,0,高雄市大寮區和業一路21號(翁公園段小段2006-0015地號段界調整前翁公園段2006-0015地號),258.6 kW,大自然能源電業股份有限公司,25SP3318-B026000001~68,5/20/26,2026-01-01~2026-03-31,認可,認可,66.753 MWh,0 MWh
艾涅爾電力股份有限公司,群騰-張全河PV0043,太陽能,2026,50.125,0,臺南市白河區汴頭里內枋林80之1號,258.56 kW,艾涅爾電力股份有限公司,24SP1910-B026000001~51,4/8/26,2026-01-01~2026-02-28,認可,認可,50.125 MWh,0 MWh
阿波羅電力股份有限公司,綠順恆春菜市場,太陽能,2026,40.822,45.712,屏東縣恆春鎮新興路36巷35號,258.44 kW,阿波羅電力股份有限公司,24SP0987-B026000001~89,5/20/26,2026-01-01~2026-03-31,認可,認可,40.822 MWh,45.712 MWh
大同智能股份有限公司,彰化汙染農地太陽能建置案第三批-和美鎮大雅段520地號,太陽能,2026,86.788,0,彰化縣和美鎮大雅段520地號,258.4 kW,大同智能股份有限公司,24SP0243-B026000001~88,5/20/26,2026-01-01~2026-03-31,認可,認可,86.788 MWh,0 MWh
天能綠電股份有限公司,第一投顧-長嘉能源_陸達工業屋頂型太陽能光電案場,太陽能,2026,83.494,0,臺南市仁德區開發四路16號,258.3 kW,天能綠電股份有限公司,25SP4174-B026000001~91,5/20/26,2026-01-01~2026-03-31,認可,認可,83.494 MWh,0 MWh
怡和綠電超商股份有限公司,圓恆科技-嘉義朴子-鄭淑芳一期,太陽能,2026,17.636,42.033,嘉義縣朴子市崁後里10鄰崁後83之29號,258.26 kW,怡和綠電超商股份有限公司,25SP2753-B026000002~64,5/20/26,2026-01-01~2026-03-31,認可,認可,17.636 MWh,42.033 MWh
艾涅爾電力股份有限公司,台一-陳月華PV0400,太陽能,2026,44.267,0,雲林縣褒忠鄉馬鳴村馬鳴35之18號,258 kW,艾涅爾電力股份有限公司,25SP0854-B026000001~45,4/8/26,2026-01-01~2026-02-28,認可,認可,44.267 MWh,0 MWh
開陽電力股份有限公司,玖基企業股份有限公司-宜蘭區營業處配電中心大樓+守衛室,太陽能,2026,31.068,0,宜蘭縣宜蘭市東港路二段472號,257.95 kW,開陽電力股份有限公司,25SP3822-B026000001~32,4/1/26,2026-01-01~2026-02-28,認可,認可,31.068 MWh,0 MWh
阿波羅電力股份有限公司,安集嘉義公部門三期案,太陽能,2026,78.373,0,嘉義縣水上鄉石仔缸1之6號,257.52 kW,阿波羅電力股份有限公司,25SP0695-B026000001~80,5/20/26,2026-01-01~2026-03-31,認可,認可,78.373 MWh,0 MWh
怡和綠電超商股份有限公司,建煬能源-瑞佑興業,太陽能,2026,85.744,0,臺南市安南區科技－路27號,257.4 kW,怡和綠電超商股份有限公司,25SP1505-B026000001~88,5/20/26,2026-01-01~2026-03-31,認可,認可,85.744 MWh,0 MWh
台星科股份有限公司,台星科股份有限公司,太陽能,2026,0,39.4,新竹縣芎林鄉鹿寮坑176-5號,257.24 kW,台星科股份有限公司,25SP1166-B026000001~40,4/1/26,2026-01-01~2026-02-28,認可,認可,0 MWh,39.4 MWh
寶島陽光電力事業股份有限公司,豐照能源股份有限公司(TW180878),太陽能,2026,76.673,2.087,高雄市大寮區上發六路29號,257.115 kW,寶島陽光電力事業股份有限公司,24SP2188-B026000001~88,5/20/26,2026-01-01~2026-03-31,認可,認可,76.673 MWh,2.087 MWh
笠毅工業股份有限公司,笠毅工業-257.04kWp-太陽能併聯型系統,太陽能,2026,0,71.89,臺中市清水區中山路551-3號,257.04 kW,笠毅工業股份有限公司,25SP0902-B026000001~73,5/20/26,2026-01-01~2026-03-31,認可,認可,0 MWh,71.89 MWh
大自然能源電業股份有限公司,NP121047C003(神農段-0428-0001地號),太陽能,2026,53.53,34.402,屏東縣竹田鄉神農段0428-0001地號,256.75 kW,大自然能源電業股份有限公司,25SP0007-B026000001~89,5/20/26,2026-01-01~2026-03-31,認可,認可,53.53 MWh,34.402 MWh
十萬伏特電力股份有限公司,彰化和美大嘉,太陽能,2026,57.901,0,彰化縣和美鎮大嘉段1588-1地號,256.7 kW,十萬伏特電力股份有限公司,25SP2323-B026000001~62,5/20/26,2026-01-01~2026-03-31,認可,認可,57.901 MWh,0 MWh
怡和綠電超商股份有限公司,嘉創-鼎立金屬包裝 1,太陽能,2026,60.258,0,新竹縣新豐鄉建興路二段372號,256.25 kW,怡和綠電超商股份有限公司,25SP3981-B026000002~65,5/20/26,2026-01-01~2026-03-31,認可,認可,60.258 MWh,0 MWh
大自然能源電業股份有限公司,NP091019C14向南-張懷恩,太陽能,2026,40.628,28.165,嘉義縣義竹鄉埤前村三脚貓5之9號,256.2 kW,大自然能源電業股份有限公司,24SP1276-B026000001~70,5/20/26,2026-01-01~2026-03-31,認可,認可,40.628 MWh,28.165 MWh
香印永續股份有限公司,綠點,太陽能,2026,81.907,0,屏東縣內埔鄉復興段924地號,256.08 kW,香印永續股份有限公司,25SP2586-B026000001~639,5/20/26,2026-01-01~2026-03-31,認可,認可,81.907 MWh,0 MWh
艾涅爾電力股份有限公司,太佑-品秀科技1廠,太陽能,2026,49.007,0,彰化縣秀水鄉秀水段0329-0000地號,256.02 kW,艾涅爾電力股份有限公司,24SP1977-B026000001~50,4/8/26,2026-01-01~2026-02-28,認可,認可,49.007 MWh,0 MWh
晨星電力股份有限公司,(一二三)廖伍握,太陽能,2026,70.242,0,雲林縣虎尾鎮墾地里光復1-15號,255.68 kW,晨星電力股份有限公司,25SP3080-B026000001~71,5/20/26,2026-01-01~2026-03-31,認可,認可,70.242 MWh,0 MWh
協勝發鋼鐵廠股份有限公司,協勝發沿海廠72號,太陽能,2026,0,71.363,高雄市小港區沿海三路72號,255.6 kW,協勝發鋼鐵廠股份有限公司,23SP0046-B026000001~73,5/20/26,2026-01-01~2026-03-31,認可,認可,0 MWh,71.363 MWh
阿波羅電力股份有限公司,辰翔黃梅枝,太陽能,2026,43.279,28.051,彰化縣芳苑鄉芳草路151巷72號,255.6 kW,阿波羅電力股份有限公司,24SP2447-B026000001~73,5/20/26,2026-01-01~2026-03-31,認可,認可,43.279 MWh,28.051 MWh
開陽電力股份有限公司,玖基企業-台灣自來水股份有限公司第五區管理處六腳加壓站,太陽能,2026,45.481,0,嘉義縣六腳鄉潭子墘段北潭小段0555-0000、0556-0000、0557-0000地號,255.6 kW,開陽電力股份有限公司,25SP3833-B026000001~52,4/1/26,2026-01-01~2026-02-28,認可,認可,45.481 MWh,0 MWh
大自然能源電業股份有限公司,NP121020C004神農段418,太陽能,2026,47.858,0,屏東縣竹田鄉神農段418地號,255.45 kW,大自然能源電業股份有限公司,24SP1255-B026000001~49,4/1/26,2026-01-01~2026-02-28,認可,認可,47.858 MWh,0 MWh
中曜股份有限公司,中租 4126 號,太陽能,2026,6.836,0,屏東縣長治鄉繁華段853地號,255.44 kW,中曜股份有限公司,24SP1764-B026000001~8,5/13/26,2026-01-01~2026-02-28,認可,認可,6.836 MWh,0 MWh
長亨精密股份有限公司,長亨精密-岡山廠,太陽能,2026,0,38.045,高雄市岡山區本工一路41號,255.175 kW,長亨精密股份有限公司,25SP3367-B026000001~39,5/20/26,2026-01-01~2026-03-31,認可,認可,0 MWh,38.045 MWh
南方電力股份有限公司,世華國際太陽光電發電廠,太陽能,2026,78.259,0,高雄市鳳山區中山路231號,255.09 kW,南方電力股份有限公司,25SP0110-B026000001~80,5/20/26,2026-01-01~2026-03-31,認可,認可,78.259 MWh,0 MWh
怡和綠電超商股份有限公司,東勍-仕絨段1024,太陽能,2026,58.227,0,屏東縣鹽埔鄉仕絨村4鄰仕正路12之72號(屏東縣鹽埔鄉仕絨段1024-0000地號),255 kW,怡和綠電超商股份有限公司,25SP1101-B026000001~59,5/20/26,2026-01-01~2026-03-31,認可,認可,58.227 MWh,0 MWh
陽光伏特家電力股份有限公司,新光彰化8廠,太陽能,2026,78.4,0,彰化縣田尾鄉海豐村光榮巷345-6號,254.98 kW,陽光伏特家電力股份有限公司,24SP2114-B026000001~80,5/20/26,2026-01-01~2026-03-31,認可,認可,78.4 MWh,0 MWh
天能綠電股份有限公司,昱泰能源-高師附中屋頂型太陽能電廠,太陽能,2026,69.369,0,高雄市苓雅區凱旋二路89號,254.88 kW,天能綠電股份有限公司,25SP0222-B026000001~70,5/20/26,2026-01-01~2026-03-31,認可,認可,69.369 MWh,0 MWh
瓦力電能股份有限公司,台南市官田區254.88瓩(T6108),太陽能,2026,41.86,27.594,臺南市官田區力行街6號,254.88 kW,瓦力電能股份有限公司,25SP0659-B026000001~71,5/20/26,2026-01-01~2026-03-31,認可,認可,41.86 MWh,27.594 MWh
南方電力股份有限公司,高雄市橋頭區里林東路99號太陽光電發電廠,太陽能,2026,83.643,0,高雄市橋頭區里林東路99號,254.625 kW,南方電力股份有限公司,24SP1323-B026000001~85,5/20/26,2026-01-01~2026-03-31,認可,認可,83.643 MWh,0 MWh
阿波羅電力股份有限公司,安集嘉義公部門四期案,太陽能,2026,77.669,0,嘉義縣水上鄉石仔缸1之6號,254.56 kW,阿波羅電力股份有限公司,25SP0699-B026000001~79,5/20/26,2026-01-01~2026-03-31,認可,認可,77.669 MWh,0 MWh
華美光學科技股份有限公司,華美光學樹谷廠太陽光電自發自用系統,太陽能,2026,0,91.65,臺南市新市區堤塘港路1號,254.43 kW,華美光學科技股份有限公司,21SP0042-B026000001~94,5/20/26,2026-01-01~2026-03-31,認可,認可,0 MWh,91.65 MWh
恆利電能股份有限公司,CXA-柳營1 (254.28kw),太陽能,2026,59.548,16.032,臺南市柳營區神農里果毅後350之40號,254.28 kW,恆利電能股份有限公司,25SP0094-B026000001~89,5/20/26,2026-01-01~2026-03-31,認可,認可,59.548 MWh,16.032 MWh
開陽電力股份有限公司,玖基企業股份有限公司-台電基隆區營業處電務大樓,太陽能,2026,23.529,0,基隆市仁愛區仁二路134號,254.1 kW,開陽電力股份有限公司,25SP3024-B026000001~24,4/1/26,2026-01-01~2026-02-28,認可,認可,23.529 MWh,0 MWh
怡和綠電超商股份有限公司,戎居-P15_4_1,太陽能,2026,67.954,0,臺中市外埔區長生路812號,253.89 kW,怡和綠電超商股份有限公司,25SP3863-B026000001~69,5/20/26,2026-01-01~2026-03-31,認可,認可,67.954 MWh,0 MWh
上銀科技股份有限公司,雲科一廠,太陽能,2026,0,57.839,雲林縣斗六市雲科路3段128號,253.875 kW,上銀科技股份有限公司,24SP1190-B026000001~60,5/20/26,2026-01-01~2026-03-31,認可,認可,0 MWh,57.839 MWh
寶富電力股份有限公司,智捷能源股份有限公司-觀塘段0022-0000地號,太陽能,2026,25.391,0,桃園市觀音區觀塘段0022-0000地號,253.84 kW,寶富電力股份有限公司,25SP0876-B026000022~51,5/20/26,2026-02-01~2026-03-31,認可,認可,25.391 MWh,0 MWh
艾涅爾電力股份有限公司,永旭-黃郁貴PV1383,太陽能,2026,50.813,0,嘉義縣六腳鄉豐美村港尾寮203之30號,253.7 kW,艾涅爾電力股份有限公司,25SP0859-B026000001~52,4/8/26,2026-01-01~2026-02-28,認可,認可,50.813 MWh,0 MWh
中曜股份有限公司,中租 2073 號,太陽能,2026,7.212,0,屏東縣枋寮鄉中山段575-1地號,253.575 kW,中曜股份有限公司,25SP0718-B026000001~8,5/13/26,2026-01-01~2026-02-28,認可,認可,7.212 MWh,0 MWh
天能綠電股份有限公司,昱泰能源-臺中市政府水利局石岡壩水資中心太陽能電廠(屋頂型),太陽能,2026,88.084,0,臺中市石岡區豐勢路1274之1號,253.44 kW,天能綠電股份有限公司,24SP2087-B026000001~91,5/20/26,2026-01-01~2026-03-31,認可,認可,88.084 MWh,0 MWh
大同智能股份有限公司,台中市屋頂型太陽光電系統-益民國小,太陽能,2026,72.546,0,臺中市大里區益民路二段48號,253.44 kW,大同智能股份有限公司,24SP0314-B026000001~74,5/20/26,2026-01-01~2026-03-31,認可,認可,72.546 MWh,0 MWh
艾涅爾電力股份有限公司,涌泰-鴻大歸仁PV0495,太陽能,2026,44.583,0,臺南市歸仁區大廟五街189巷47號,253.425 kW,艾涅爾電力股份有限公司,25SP0179-B026000001~45,4/8/26,2026-01-01~2026-02-28,認可,認可,44.583 MWh,0 MWh
艾涅爾電力股份有限公司,聚陽-鳳山牛潮埔PV0289,太陽能,2026,43.967,0,高雄市鳳山區牛潮埔段514地號,253.33 kW,艾涅爾電力股份有限公司,25SP0138-B026000001~45,4/8/26,2026-01-01~2026-02-28,認可,認可,43.967 MWh,0 MWh
艾涅爾電力股份有限公司,吳志聰菇舍(二期)PV0174,太陽能,2026,42.989,0,南投縣中寮鄉龍南路303之7號,253.27 kW,艾涅爾電力股份有限公司,25SP0622-B026000001~44,4/8/26,2026-01-01~2026-02-28,認可,認可,42.989 MWh,0 MWh
富威電力股份有限公司,惠來光電-田尾顏焜城太陽光電發電廠,太陽能,2026,34.801,10.201,彰化縣田尾鄉中正路二段230號,253.2 kW,富威電力股份有限公司,25SP0962-B026000081~332,5/20/26,2026-01-01~2026-03-31,認可,認可,34.801 MWh,10.201 MWh
恆利電能股份有限公司,W-彰化竹塘1 (253.08kw),太陽能,2026,24.314,21.535,彰化縣竹塘鄉河陽路185號,253.08 kW,恆利電能股份有限公司,25SP4013-B026000001~50,5/20/26,2026-01-01~2026-02-28,認可,認可,24.314 MWh,21.535 MWh
天能綠電股份有限公司,富宇_草屯國小-球場,太陽能,2026,0,21.247,南投縣草屯鎮玉峰段942地號(不包含特別管制區範圍(南投縣草屯鎮草屯國民小學)-光電球場,253.08 kW,天能綠電股份有限公司,25SP4207-B026000001~22,4/22/26,2026-01-01~2026-01-31,認可,認可,0 MWh,21.247 MWh
遠東先進纖維股份有限公司,遠東先進纖維股份有限公司,太陽能,2026,0,42.192,桃園市觀音區工業五路17號,253.05 kW,遠東先進纖維股份有限公司,22SP0128-B026000001~43,5/20/26,2026-01-01~2026-03-31,認可,認可,0 MWh,42.192 MWh
開陽電力股份有限公司,開陽能源股份有限公司-雲林福安408,太陽能,2026,40.204,0,雲林縣麥寮鄉興華村興化58之51號,253.05 kW,開陽電力股份有限公司,25SP1974-B026000001~41,4/1/26,2026-01-01~2026-02-28,認可,認可,40.204 MWh,0 MWh
恆利電能股份有限公司,RKA-潭子1 (252.62kw),太陽能,2026,22.46,48.638,臺中市潭子區建國路3號、3之1號、3之2號、3之3號、5號、5之1號、5之2號、5之3號,252.62 kW,恆利電能股份有限公司,24SP2149-B026000001~75,5/20/26,2026-01-01~2026-03-31,認可,認可,22.46 MWh,48.638 MWh
寶島陽光電力事業股份有限公司,玉衡能源股份有限公司(TW180819),太陽能,2026,69.993,3.237,屏東縣潮州鎮光春路311號,252.6 kW,寶島陽光電力事業股份有限公司,24SP1080-B026000001~80,5/20/26,2026-01-01~2026-03-31,認可,認可,69.993 MWh,3.237 MWh
天能綠電股份有限公司,鼎昇_穩尚二期屋頂型太陽光電案場,太陽能,2026,62.261,0,臺中市梧棲區永興路1段401巷198號,252.56 kW,天能綠電股份有限公司,25SP3222-B026000001~65,5/20/26,2026-01-01~2026-03-31,認可,認可,62.261 MWh,0 MWh
天能綠電股份有限公司,金昶_台中大雅屋頂型太陽光電案場,太陽能,2026,60.039,0,臺中市大雅區昌平路4段222巷22號,252.525 kW,天能綠電股份有限公司,25SP3043-B026000001~62,5/20/26,2026-01-01~2026-03-31,認可,認可,60.039 MWh,0 MWh
艾涅爾電力股份有限公司,太佑-壽豐農會豐山集貨場,太陽能,2026,26.755,0,花蓮縣花蓮市中興街141、141之1、141之2、141之3、141之5號,252.28 kW,艾涅爾電力股份有限公司,24SP0485-B026000001~28,4/8/26,2026-01-01~2026-02-28,認可,認可,26.755 MWh,0 MWh
艾涅爾電力股份有限公司,太旭-葉右莨PV0579,太陽能,2026,54.717,0,彰化縣和美鎮犁盛段0539-0000地號,252.2 kW,艾涅爾電力股份有限公司,24SP0151-B026000001~55,4/8/26,2026-01-01~2026-02-28,認可,認可,54.717 MWh,0 MWh
瓦力電能股份有限公司,屏東縣麟洛鄉252.03瓩(T7434),太陽能,2026,42.423,28.79,屏東縣麟洛鄉麟信段0485-0000地號,252.03 kW,瓦力電能股份有限公司,25SP0785-B026000001~73,5/20/26,2026-01-01~2026-03-31,認可,認可,42.423 MWh,28.79 MWh
晨星電力股份有限公司,(寶陽)維新鋁業,太陽能,2026,91.861,0,臺南市仁德區二仁路1段491巷31號,252 kW,晨星電力股份有限公司,25SP1074-B026000001~94,5/20/26,2026-01-01~2026-03-31,認可,認可,91.861 MWh,0 MWh
天能綠電股份有限公司,光旭盈16--彰化謝文政地面型光電案場,太陽能,2026,50.185,33.87,彰化縣二林鎮𥕟磘段94-6地號,252 kW,天能綠電股份有限公司,25SP0100-B026000001~89,5/20/26,2026-01-01~2026-03-31,認可,認可,50.185 MWh,33.87 MWh
康展電力股份有限公司,晶越能源科技_歐科,太陽能,2026,81.166,0,高雄市岡山區本工東二路18號,252 kW,康展電力股份有限公司,25SP3125-B026000001~89,5/20/26,2026-01-01~2026-03-31,認可,認可,81.166 MWh,0 MWh
艾涅爾電力股份有限公司,澄達-林萬期雞舍(二),太陽能,2026,42.905,0,彰化縣二林鎮中農路建27之7號,251.93 kW,艾涅爾電力股份有限公司,24SP2509-B026000001~44,4/8/26,2026-01-01~2026-02-28,認可,認可,42.905 MWh,0 MWh
艾涅爾電力股份有限公司,城八-塭岸PV0204,太陽能,2026,48.634,0,屏東縣林邊鄉塭岸段0848-0001、0849-0001地號,251.79 kW,艾涅爾電力股份有限公司,24SP0099-B026000001~50,4/8/26,2026-01-01~2026-02-28,認可,認可,48.634 MWh,0 MWh
大自然能源電業股份有限公司,NP091019C009向南-上詰鋁業,太陽能,2026,42.496,26.431,嘉義縣大林鎮大埔美園區三路28號,251.625 kW,大自然能源電業股份有限公司,24SP1348-B026000001~70,5/20/26,2026-01-01~2026-03-31,認可,認可,42.496 MWh,26.431 MWh
陽光伏特家電力股份有限公司,東勢新成國小,太陽能,2026,40.567,0,臺中市東勢區上城街260號,251.6 kW,陽光伏特家電力股份有限公司,24SP1241-B026000003~54,5/20/26,2026-01-01~2026-03-31,認可,認可,40.567 MWh,0 MWh
續興股份有限公司,南亞_創意設計,太陽能,2026,49.371,0,桃園市中壢區中山東路3段414號,251.23 kW,續興股份有限公司,25SP3376-B026000001~51,5/20/26,2026-01-01~2026-03-31,認可,認可,49.371 MWh,0 MWh
續興股份有限公司,富合一期,太陽能,2026,22.842,0,臺南市永康區和平東路30巷1號、32號,251.1 kW,續興股份有限公司,25SP1085-B026000002~24,4/1/26,2026-01-01~2026-02-28,認可,認可,22.842 MWh,0 MWh
晨星電力股份有限公司,(沅碁)佛公國小一二期,太陽能,2026,75.258,0,高雄市前鎮區后平路135號,250.74 kW,晨星電力股份有限公司,25SP2948-B026000001~77,5/20/26,2026-01-01~2026-03-31,認可,認可,75.258 MWh,0 MWh
東豐纖維企業股份有限公司,東豐纖維路竹廠二期250.24KWp,太陽能,2026,0,82.382,高雄市路竹區中山路1457號,250.24 kW,東豐纖維企業股份有限公司,23SP0056-B026000001~84,5/20/26,2026-01-01~2026-03-31,認可,認可,0 MWh,82.382 MWh
東陽實業廠股份有限公司,東陽實業廠股份有限公司,太陽能,2026,0,76.667,臺南市安南區台南市安南區新順里政安路109號,250.24 kW,東陽實業廠股份有限公司,25SP0400-B026000001~78,5/20/26,2026-01-01~2026-03-31,認可,認可,0 MWh,76.667 MWh
怡和綠電超商股份有限公司,興茂股份有限公司,太陽能,2026,78.024,0,臺中市神岡區中山路667巷139號、139之1號,250.12 kW,怡和綠電超商股份有限公司,25SP3818-B026000002~82,5/20/26,2026-01-01~2026-03-31,認可,認可,78.024 MWh,0 MWh
日揚科技股份有限公司,日揚科技股份有限公司,太陽能,2026,0,41.64,臺南市新市區活水路8號,250.09 kW,日揚科技股份有限公司,26SP0072-B026000001~42,5/20/26,2026-03-06~2026-03-31,認可,認可,0 MWh,41.64 MWh
阿波羅電力股份有限公司,辰信廖晃毅,太陽能,2026,72.854,0,雲林縣二崙鄉頂庄100之78號,250.04 kW,阿波羅電力股份有限公司,24SP2421-B026000001~74,5/20/26,2026-01-01~2026-03-31,認可,認可,72.854 MWh,0 MWh
寶島陽光電力事業股份有限公司,昕瑞能源有限公司(高雄大樹水寮國小),太陽能,2026,77.621,0,高雄市大樹區中華路國小巷1號,249.92 kW,寶島陽光電力事業股份有限公司,24SP2558-B026000001~79,5/20/26,2026-01-01~2026-03-31,認可,認可,77.621 MWh,0 MWh
陽光伏特家電力股份有限公司,日電高雄1廠,太陽能,2026,18.868,0,高雄市燕巢區大仁路81之6號,249.9 kW,陽光伏特家電力股份有限公司,24SP2040-B026000001~21,5/20/26,2026-01-01~2026-03-31,認可,認可,18.868 MWh,0 MWh
華東科技股份有限公司,華東科技A15廠,太陽能,2026,0,75.937,高雄市前鎮區北一路17號,249.9 kW,華東科技股份有限公司,24SP1458-B026000001~78,5/20/26,2026-01-01~2026-03-31,認可,認可,0 MWh,75.937 MWh
星星電力股份有限公司,茂誠 - 嘉里大榮(彰化廠; 3號),太陽能,2026,71.824,0,彰化縣彰化市彰水路170巷3號 / 莿桐段1089-3、1089-4、1095、1096、1097地號,249.86 kW,星星電力股份有限公司,25SP3217-B026000001~78,5/20/26,2026-01-01~2026-03-31,認可,認可,71.824 MWh,0 MWh
天能綠電股份有限公司,富宇_乾峰國小,太陽能,2026,53.887,6.869,南投縣國姓鄉中西巷3號,249.78 kW,天能綠電股份有限公司,25SP3994-B026000001~67,5/20/26,2026-01-01~2026-03-31,認可,認可,53.887 MWh,6.869 MWh
臺藝工業股份有限公司,敏鈞精密屋頂型249.69kWp,太陽能,2026,0,54,新北市三峽區三樹路222巷33號,249.69 kW,臺藝工業股份有限公司,23SP0038-B026000001~55,5/20/26,2026-01-01~2026-03-31,認可,認可,0 MWh,54 MWh
富威電力股份有限公司,森崴-彰化磚磘段太陽光電發電廠,太陽能,2026,80.19,0,彰化縣彰化市磚磘段617-8、617-9地號,249.6 kW,富威電力股份有限公司,24SP2032-B026000001~105,5/20/26,2026-01-01~2026-03-31,認可,認可,80.19 MWh,0 MWh
怡和綠電超商股份有限公司,怡和國際能源-體育園區市立籃球場,太陽能,2026,77.393,0,臺南市南區體育路10號,249.48 kW,怡和綠電超商股份有限公司,25SP3936-B026000002~82,5/20/26,2026-01-01~2026-03-31,認可,認可,77.393 MWh,0 MWh
艾涅爾電力股份有限公司,和宸工業-南州七段,太陽能,2026,54.08,0,屏東縣南州鄉七塊段1470地號,249.48 kW,艾涅爾電力股份有限公司,25SP0988-B026000001~56,4/8/26,2026-01-01~2026-02-28,認可,認可,54.08 MWh,0 MWh
三地怪獸電力股份有限公司,許願樹屏東縣七塊段地面型太陽光電,太陽能,2026,81.986,3.324,屏東縣南州鄉七塊段1470-2地號,249.48 kW,三地怪獸電力股份有限公司,24SP0474-B026000001~96,5/20/26,2026-01-01~2026-03-31,認可,認可,81.986 MWh,3.324 MWh
怡和綠電超商股份有限公司,弘基-屏東里港_弘基(載興段),太陽能,2026,70.75,0,屏東縣里港鄉載興段1213-0000地號,249.48 kW,怡和綠電超商股份有限公司,25SP3335-B026000001~72,5/20/26,2026-01-01~2026-03-31,認可,認可,70.75 MWh,0 MWh
怡和綠電超商股份有限公司,大昇-里港(載興段),太陽能,2026,43.086,27.781,屏東縣里港鄉載興段1212-0000地號,249.48 kW,怡和綠電超商股份有限公司,25SP3344-B026000001~72,5/20/26,2026-01-01~2026-03-31,認可,認可,43.086 MWh,27.781 MWh
臺南紡織股份有限公司,台南紡織股份有限公司太子廠,太陽能,2026,0,79.992,臺南市仁德區土庫里中正路三段419號,249.38 kW,臺南紡織股份有限公司,23SP0349-B026000001~82,5/20/26,2026-01-01~2026-03-31,認可,認可,0 MWh,79.992 MWh
怡和綠電超商股份有限公司,旭恩能源-台中大雅_達四廠,太陽能,2026,48.352,21.458,臺中市大雅區民生路3段180巷16號,249.32 kW,怡和綠電超商股份有限公司,25SP1365-B026000002~74,5/20/26,2026-01-01~2026-03-31,認可,認可,48.352 MWh,21.458 MWh
欣銓科技股份有限公司,欣銓科技股份有限公司龍潭廠,太陽能,2026,0,73.29,桃園市龍潭區龍園一路99號,249.3 kW,欣銓科技股份有限公司,25SP2866-B026000001~74,5/20/26,2025-12-02~2026-03-31,認可,認可,0 MWh,73.29 MWh
續興股份有限公司,大社農會集貨場,太陽能,2026,79.416,0,高雄市大社區民族路20號,249.15 kW,續興股份有限公司,25SP0355-B026000001~81,5/20/26,2026-01-01~2026-03-31,認可,認可,79.416 MWh,0 MWh
宇軒電業股份有限公司,鄒春選,太陽能,2026,20.622,0,屏東縣里港鄉土庫段1881地號,248.96 kW,宇軒電業股份有限公司,25SP1879-B026000023~43,4/15/26,2026-02-01~2026-02-28,認可,認可,20.622 MWh,0 MWh
晨星電力股份有限公司,(加州儲能)公園國小,太陽能,2026,81.667,0,臺南市北區公園路180號,248.625 kW,晨星電力股份有限公司,25SP2603-B026000001~84,5/20/26,2026-01-01~2026-03-31,認可,認可,81.667 MWh,0 MWh
艾涅爾電力股份有限公司,瑞陽-昇展一廠,太陽能,2026,43.327,0,彰化縣鹿港鎮環工九路15號,248.5 kW,艾涅爾電力股份有限公司,24SP1904-B026000001~44,4/8/26,2026-01-01~2026-02-28,認可,認可,43.327 MWh,0 MWh
怡和綠電超商股份有限公司,賽斯-升文金屬,太陽能,2026,73.075,0,高雄市燕巢區中民路958巷100號,248.43 kW,怡和綠電超商股份有限公司,25SP1689-B026000001~74,5/20/26,2026-01-01~2026-03-31,認可,認可,73.075 MWh,0 MWh
寶富電力股份有限公司,林邊五小福-1-寶禧-復興段292地號,太陽能,2026,87.879,0,屏東縣林邊鄉復興段292地號,248.16 kW,寶富電力股份有限公司,25SP3012-B026000002~98,5/20/26,2026-01-01~2026-03-31,認可,認可,87.879 MWh,0 MWh
怡和綠電超商股份有限公司,戎居-P15_3,太陽能,2026,69.779,0,臺中市外埔區長生路816號、818號,248 kW,怡和綠電超商股份有限公司,25SP3573-B026000001~71,5/20/26,2026-01-01~2026-03-31,認可,認可,69.779 MWh,0 MWh
怡和綠電超商股份有限公司,晁能-興中段1131-1地號,太陽能,2026,71.692,0,屏東縣高樹鄉興中段1131-1地號,248 kW,怡和綠電超商股份有限公司,25SP1516-B026000001~73,5/20/26,2026-01-01~2026-03-31,認可,認可,71.692 MWh,0 MWh
振躍精密滑軌股份有限公司,振躍精密,太陽能,2026,0,52.38,新北市土城區中央路三段222-1號,247.865 kW,振躍精密滑軌股份有限公司,24SP0064-B026000001~53,5/20/26,2026-01-01~2026-03-31,認可,認可,0 MWh,52.38 MWh
艾涅爾電力股份有限公司,太佑-勝昱企業PV0252,太陽能,2026,39.99,0,彰化縣線西鄉彰化縣線西鄉塭仔路179號,247.52 kW,艾涅爾電力股份有限公司,24SP0132-B026000001~41,4/8/26,2026-01-01~2026-02-28,認可,認可,39.99 MWh,0 MWh
艾涅爾電力股份有限公司,永耀-彰化林明立菇寮PV1414,太陽能,2026,47.669,,彰化縣芳苑鄉功湖路王功段302號,247.5 kW,艾涅爾電力股份有限公司,25SP0991-B026000001~49,4/8/26,2026-01-01~2026-02-28,認可,認可,47.669 MWh,0 MWh
續興股份有限公司,漢隆工業,太陽能,2026,76.417,,嘉義縣水上鄉中華路199巷23號,247.38 kW,續興股份有限公司,24SP0731-B026000001~78,5/20/26,2026-01-01~2026-03-31,認可,認可,76.417 MWh,0 MWh
禾丰電力股份有限公司,台中燦坤停車場,太陽能,2026,4.555,,臺中市西屯區玉門路25號,247.23 kW,禾丰電力股份有限公司,24SP0015-B026000005~7,5/20/26,2026-01-01~2026-03-31,認可,認可,4.555 MWh,0 MWh
傑傅能源股份有限公司,政大游泳館太陽能發電設備_文山區指南路二段64號,太陽能,2026,31.326,,臺北市文山區指南路二段64號(國立政治大學游泳館),247.125 kW,傑傅能源股份有限公司,24SP1311-B026000001~33,4/29/26,2026-01-01~2026-02-28,認可,認可,31.326 MWh,0 MWh
晨星電力股份有限公司,(沅碁)瑞祥高中五期,太陽能,2026,84.819,,高雄市前鎮區班超路63號,247 kW,晨星電力股份有限公司,25SP1432-B026000001~86,5/20/26,2026-01-01~2026-03-31,認可,認可,84.819 MWh,0 MWh
海富冷凍食品股份有限公司,海富冷凍食品股份有限公司,太陽能,2026,0,,高雄市前鎮區漁港北一路11號,246.96 kW,海富冷凍食品股份有限公司,25SP1232-B026000001~81,5/20/26,2026-01-01~2026-03-31,認可,認可,0 MWh,80.287 MWh
開陽電力股份有限公司,開陽能源股份有限公司-雲林縣褒忠鄉埔姜崙段846地號,太陽能,2026,44.425,,雲林縣褒忠鄉中正路10之20號,246.96 kW,開陽電力股份有限公司,25SP0170-B026000001~46,4/1/26,2026-01-01~2026-02-28,認可,認可,44.425 MWh,0 MWh
越峯電子材料股份有限公司,越峯電子材料股份有限公司,太陽能,2026,0,,桃園市觀音區國建二路2號,246.84 kW,越峯電子材料股份有限公司,22SP0047-B026000001~28,3/4/26,2025-12-01~2026-01-31,認可,認可,0 MWh,27.5 MWh
天能綠電股份有限公司,台南南化屋頂型太陽光電案場,太陽能,2026,17.756,,臺南市南化區南化45-1號、45之2號、45之3號,246.84 kW,天能綠電股份有限公司,24SP0415-B026000001~18,3/4/26,2026-01-01~2026-01-31,認可,認可,17.756 MWh,0 MWh
開陽電力股份有限公司,玖基企業股份有限公司-台電宜蘭區營業處辦公室大樓及汽車車庫、機車停車庫,太陽能,2026,30.002,,宜蘭縣宜蘭市舊城西路111號,246.75 kW,開陽電力股份有限公司,25SP3295-B026000001~31,4/1/26,2026-01-01~2026-02-28,認可,認可,30.002 MWh,0 MWh
怡和綠電超商股份有限公司,嘉創-和謙企業,太陽能,2026,48.298,20.88,雲林縣斗六市斗工二路41路,246.51 kW,怡和綠電超商股份有限公司,25SP2892-B026000003~102,5/20/26,2026-01-01~2026-03-31,認可,認可,48.298 MWh,20.88 MWh
怡和綠電超商股份有限公司,博達綠能工業有限公司-台南-仙宗2號場,太陽能,2026,76.85,0,臺南市山上區明和里明和76之73號,246.51 kW,怡和綠電超商股份有限公司,25SP2403-B026000001~78,5/20/26,2026-01-01~2026-03-31,認可,認可,76.85 MWh,0 MWh
全台晶像股份有限公司,全台晶像股份有限公司-第一期,太陽能,2026,0,45.445,高雄市前鎮區中一路5號,246.4 kW,全台晶像股份有限公司,25SP0331-B026000001~47,5/20/26,2026-01-01~2026-03-31,認可,認可,0 MWh,45.445 MWh
富威電力股份有限公司,日盛全-西港市場太陽光電發電廠,太陽能,2026,65.295,0,臺南市西港區慶安路59巷17號,246.4 kW,富威電力股份有限公司,25SP1136-B026000004~109,5/20/26,2026-01-01~2026-03-31,認可,認可,65.295 MWh,0 MWh
星星電力股份有限公司,允強 - 溪州廠 E,太陽能,2026,58.467,0,彰化縣溪州鄉彰化縣溪州鄉舊眉村中山路4段270號,246.24 kW,星星電力股份有限公司,24SP1689-B026000001~59,5/20/26,2026-01-01~2026-03-31,認可,認可,58.467 MWh,0 MWh
艾涅爾電力股份有限公司,台一-陳明山PV0039,太陽能,2026,41.958,0,雲林縣口湖鄉埔南村外埔128號,246.14 kW,艾涅爾電力股份有限公司,25SP0788-B026000001~43,4/8/26,2026-01-01~2026-02-28,認可,認可,41.958 MWh,0 MWh
陽光伏特家電力股份有限公司,新光彰化33廠,太陽能,2026,74.119,0,彰化縣芳苑鄉建成路879巷158號,246.14 kW,陽光伏特家電力股份有限公司,23SP0434-B026000001~75,5/20/26,2026-01-01~2026-03-31,認可,認可,74.119 MWh,0 MWh
富威電力股份有限公司,日盛全-豐溢牧場太陽光電發電廠,太陽能,2026,43.22,9.77,臺南市柳營區八老爺93-5號,246 kW,富威電力股份有限公司,25SP1132-B026000001~78,5/20/26,2026-01-01~2026-03-31,認可,認可,43.22 MWh,9.77 MWh
瓦力電能股份有限公司,台南市神農里246瓩(T8230),太陽能,2026,36.241,24.643,臺南市柳營區神農里11鄰果毅後350之36號,246 kW,瓦力電能股份有限公司,25SP1056-B026000001~62,5/20/26,2026-01-01~2026-03-31,認可,認可,36.241 MWh,24.643 MWh
十萬伏特電力股份有限公司,台中-溪南國中(風雨球場)案,太陽能,2026,46.038,0,臺中市烏日區溪南路1段731號,246 kW,十萬伏特電力股份有限公司,25SP4107-B026000001~48,4/22/26,2026-01-01~2026-02-28,認可,認可,46.038 MWh,0 MWh
艾涅爾電力股份有限公司,佳龍科技-環科PV0273,太陽能,2026,23.273,0,桃園市觀音區環科路323號,245.89 kW,艾涅爾電力股份有限公司,24SP0668-B026000068~71,4/8/26,2026-01-01~2026-02-28,認可,認可,23.273 MWh,0 MWh
寶島陽光電力事業股份有限公司,玉衡能源股份有限公司(協和國小),太陽能,2026,75.347,0,臺中市西屯區安和路99號,245.76 kW,寶島陽光電力事業股份有限公司,24SP2441-B026000001~81,5/20/26,2026-01-01~2026-03-31,認可,認可,75.347 MWh,0 MWh
大自然能源電業股份有限公司,NP201034C010學甲-信義段890、895,太陽能,2026,49.091,0,臺南市學甲區信義段0890-0000、0895-0000地號,245.7 kW,大自然能源電業股份有限公司,24SP1488-B026000001~50,4/1/26,2026-01-01~2026-02-28,認可,認可,49.091 MWh,0 MWh
天能綠電股份有限公司,勝隆纖維一期(2)-彰化縣和美鎮屋頂型太陽光電案場,太陽能,2026,49.223,0,彰化縣和美鎮北園路91號,245.64 kW,天能綠電股份有限公司,25SP0457-B026000002~51,4/1/26,2026-01-01~2026-02-28,認可,認可,49.223 MWh,0 MWh
天能綠電股份有限公司,朝陽_朱水深一期地面型太陽光電案場,太陽能,2026,46.822,25.998,臺南市玉井區佛聖段0585-0000、0585-0001、0585-0002地號,245.52 kW,天能綠電股份有限公司,25SP3064-B026000001~74,5/20/26,2026-01-01~2026-03-31,認可,認可,46.822 MWh,25.998 MWh
大自然能源電業股份有限公司,NP091019C008(向南-陳炳南),太陽能,2026,19.355,0,嘉義縣朴子市崁後里崁後160號,245.52 kW,大自然能源電業股份有限公司,24SP1541-B026000001~20,3/4/26,2026-01-01~2026-01-31,認可,認可,19.355 MWh,0 MWh
寶富電力股份有限公司,林邊五小福-1-寶禧-下庄段831地號,太陽能,2026,90.248,0,屏東縣林邊鄉下庄段831地號,245.52 kW,寶富電力股份有限公司,25SP0664-B026000019~116,5/20/26,2026-01-01~2026-03-31,認可,認可,90.248 MWh,0 MWh
怡和綠電超商股份有限公司,王笙-大樹廠,太陽能,2026,20.712,0,高雄市大樹區和山路476號,245.48 kW,怡和綠電超商股份有限公司,25SP2428-B026000022~42,4/1/26,2026-02-01~2026-02-28,認可,認可,20.712 MWh,0 MWh
晨星電力股份有限公司,(沅碁)莊敬國小三期,太陽能,2026,74.613,0,高雄市三民區大昌一路200號,245.22 kW,晨星電力股份有限公司,25SP1435-B026000001~77,5/20/26,2026-01-01~2026-03-31,認可,認可,74.613 MWh,0 MWh
星星電力股份有限公司,新綠-國展,太陽能,2026,62.29,0,南投縣集集鎮廣明里洞角巷29-3號,245.18 kW,星星電力股份有限公司,26SP0009-B026000001~65,5/20/26,2026-01-01~2026-03-31,認可,認可,62.29 MWh,0 MWh
天能綠電股份有限公司,倍綠信_苗栗苑裡地面型太陽光電案場,太陽能,2026,70.268,0,苗栗縣苑裡鎮房裡段444地號,244.95 kW,天能綠電股份有限公司,25SP4497-B026000001~78,5/20/26,2026-01-01~2026-03-31,認可,認可,70.268 MWh,0 MWh
宇軒電業股份有限公司,保源段1683-13地號,太陽能,2026,0,77.118,臺南市將軍區保源段1683-13地號,244.8 kW,宇軒電業股份有限公司,25SP3679-B026000001~79,5/20/26,2026-01-01~2026-03-31,認可,認可,0 MWh,77.118 MWh
晨星電力股份有限公司,(統益)大灣高中-停車棚,太陽能,2026,67.286,8.802,臺南市永康區大灣段3035-0000地號,244.8 kW,晨星電力股份有限公司,25SP4118-B026000001~85,5/20/26,2026-01-01~2026-03-31,認可,認可,67.286 MWh,8.802 MWh
續興股份有限公司,曜發企業,太陽能,2026,77.154,0,高雄市岡山區大莊里大莊路80巷92號,244.79 kW,續興股份有限公司,25SP3481-B026000001~78,5/20/26,2026-01-01~2026-03-31,認可,認可,77.154 MWh,0 MWh
常廣股份有限公司,常廣股份有限公司(幼獅路),太陽能,2026,0,32.27,臺中市大甲區日南里幼獅路27號,244.77 kW,常廣股份有限公司,25SP0537-B026000001~33,4/1/26,2026-01-01~2026-02-28,認可,認可,0 MWh,32.27 MWh
天能綠電股份有限公司,晶豪_郭俊億菇舍二期屋頂型太陽光電案場,太陽能,2026,20.186,0,南投縣埔里鎮守城路32之2號,244.34 kW,天能綠電股份有限公司,25SP3816-B026000001~21,4/22/26,2026-01-01~2026-01-31,認可,認可,20.186 MWh,0 MWh
天能綠電股份有限公司,高雄市登發國小屋頂型太陽光電案場,太陽能,2026,13.754,0,高雄市仁武區仁忠路191號,244.26 kW,天能綠電股份有限公司,24SP0085-B026000001~19,5/20/26,2026-01-01~2026-03-31,認可,認可,13.754 MWh,0 MWh
屏東縣政府,屏東西市場,太陽能,2026,0,22.99,屏東縣屏東市和平路320號,244.09 kW,屏東縣政府,25SP0118-B026000001~23,3/11/26,2026-01-01~2026-01-31,認可,認可,0 MWh,22.99 MWh
南方電力股份有限公司,柏克能源太陽光電發電廠,太陽能,2026,80.44,0,高雄市岡山區介壽西路411號,244.08 kW,南方電力股份有限公司,25SP0947-B026000001~82,5/20/26,2026-01-01~2026-03-31,認可,認可,80.44 MWh,0 MWh
艾涅爾電力股份有限公司,炬陽-李玉升,太陽能,2026,48.798,0,雲林縣四湖鄉湖寮村下寮路160之7號,243.9 kW,艾涅爾電力股份有限公司,24SP2323-B026000003~98,4/8/26,2026-01-01~2026-02-28,認可,認可,48.798 MWh,0 MWh
天能綠電股份有限公司,光旭盈06-台中穩精藝屋頂型光電案場,太陽能,2026,71.505,0,臺中市太平區永成路99巷22、26、28號 (台中市太平區永成段0888-0000地號、0888-0001地號、0888-0002地號),243.87 kW,天能綠電股份有限公司,24SP2480-B026000001~75,5/20/26,2026-01-01~2026-03-31,認可,認可,71.505 MWh,0 MWh
艾涅爾電力股份有限公司,佑銓-尚和冷凍公司,太陽能,2026,42.935,0,高雄市岡山區岡山北路193巷51弄5號,243.81 kW,艾涅爾電力股份有限公司,24SP0671-B026000001~45,4/8/26,2026-01-01~2026-02-28,認可,認可,42.935 MWh,0 MWh
瓦特先生股份有限公司,I-AR21-085中埔國中,太陽能,2026,28.336,13.227,嘉義縣中埔鄉中埔村177號,243.78 kW,瓦特先生股份有限公司,24SP0462-B026000001~48,5/20/26,2026-01-01~2026-03-31,認可,認可,28.336 MWh,13.227 MWh
恆利電能股份有限公司,RKA-西屯1 (243.66kw),太陽能,2026,24.574,50.192,臺中市西屯區工業區三十六路9號,243.66 kW,恆利電能股份有限公司,24SP2356-B026000001~82,5/20/26,2026-01-01~2026-03-31,認可,認可,24.574 MWh,50.192 MWh
怡和綠電超商股份有限公司,博碩-彰化-生福畜牧場,太陽能,2026,68.732,0,彰化縣大城鄉廍仔巷6之6號,243.6 kW,怡和綠電超商股份有限公司,25SP3588-B026000001~71,5/20/26,2026-01-01~2026-03-31,認可,認可,68.732 MWh,0 MWh
寶島陽光電力事業股份有限公司,雋和四能源有限公司(TW170691),太陽能,2026,80.404,0,嘉義縣義竹鄉平溪村安溪寮87號之7,243.6 kW,寶島陽光電力事業股份有限公司,24SP2557-B026000001~81,5/20/26,2026-01-01~2026-03-31,認可,認可,80.404 MWh,0 MWh
天能綠電股份有限公司,旭升行_林興順屋頂型太陽光電案場,太陽能,2026,55.835,0,彰化縣溪州鄉舊眉段453-5地號,243.6 kW,天能綠電股份有限公司,25SP3830-B026000001~57,5/20/26,2026-01-01~2026-03-31,認可,認可,55.835 MWh,0 MWh
艾涅爾電力股份有限公司,城八-寶源興雞舍PV0011,太陽能,2026,46.22,0,彰化縣芳苑鄉芳漢路漢一段226巷247弄5號,243.44 kW,艾涅爾電力股份有限公司,25SP0670-B026000001~48,4/8/26,2026-01-01~2026-02-28,認可,認可,46.22 MWh,0 MWh
天能綠電股份有限公司,承躍科技-惠來路100之2號(虎尾C區),太陽能,2026,47.384,0,雲林縣虎尾鎮惠來路100之2號,243.2 kW,天能綠電股份有限公司,24SP2346-B026000005~53,4/1/26,2026-01-01~2026-02-28,認可,認可,47.384 MWh,0 MWh
晨星電力股份有限公司,(沅碁)溪寮國小一~三期,太陽能,2026,70.172,0,高雄市大寮區溪寮路69號,242.78 kW,晨星電力股份有限公司,25SP2923-B026000001~72,5/20/26,2026-01-01~2026-03-31,認可,認可,70.172 MWh,0 MWh
宇軒電業股份有限公司,昌榮段156地號,太陽能,2026,20.796,0,屏東縣長治鄉昌榮段156地號,242.76 kW,宇軒電業股份有限公司,25SP2006-B026000023~43,4/15/26,2026-02-01~2026-02-28,認可,認可,20.796 MWh,0 MWh
明基材料股份有限公司,明基材料股份有限公司雲科聚合廠(BMY),太陽能,2026,0,59,雲林縣斗六市科工十八路16號,242.625 kW,明基材料股份有限公司,23SP0202-B026000001~61,5/20/26,2026-01-01~2026-03-31,認可,認可,0 MWh,59 MWh
中曜股份有限公司,中租 2072 號,太陽能,2026,7.11,0,屏東縣枋寮鄉中山段575地號,242.55 kW,中曜股份有限公司,25SP0735-B026000001~8,5/13/26,2026-01-01~2026-02-28,認可,認可,7.11 MWh,0 MWh
艾涅爾電力股份有限公司,承品-台明將停車場,太陽能,2026,29.163,0,彰化縣鹿港鎮上林段320、323地號,242.55 kW,艾涅爾電力股份有限公司,24SP1543-B026000001~31,4/8/26,2026-01-01~2026-02-28,認可,認可,29.163 MWh,0 MWh
續興股份有限公司,石安金屬,太陽能,2026,79.146,0,高雄市岡山區華崗里大埔二街7巷3號,242.55 kW,續興股份有限公司,25SP3654-B026000001~81,5/20/26,2026-01-01~2026-03-31,認可,認可,79.146 MWh,0 MWh
春池玻璃實業有限公司,春池造橋廠,太陽能,2026,0,40.066,苗栗縣造橋鄉造橋村1鄰老庄30號,242.44 kW,春池玻璃實業有限公司,25SP0462-B026000001~41,5/20/26,2026-01-01~2026-03-31,認可,認可,0 MWh,40.066 MWh
晨星電力股份有限公司,(晉捷)路竹護理之家1、2期,太陽能,2026,75.762,0,高雄市路竹區中華路438號,242.42 kW,晨星電力股份有限公司,25SP2575-B026000001~77,5/20/26,2026-01-01~2026-03-31,認可,認可,75.762 MWh,0 MWh
宇軒電業股份有限公司,頂秀祐段321地號,太陽能,2026,49.734,31.615,臺南市白河區頂秀祐段321地號,242.4 kW,宇軒電業股份有限公司,25SP1949-B026000001~83,5/20/26,2026-01-01~2026-03-31,認可,認可,49.734 MWh,31.615 MWh
怡和綠電超商股份有限公司,育渲投資-竹圍子680號,太陽能,2026,50.703,30.575,雲林縣虎尾鎮竹圍子段0680-0000地號,242.31 kW,怡和綠電超商股份有限公司,25SP1666-B026000001~92,5/20/26,2026-01-01~2026-03-31,認可,認可,50.703 MWh,30.575 MWh
天能綠電股份有限公司,聯合再生22-龍潭國中桃園市龍潭區屋頂型太陽能光電場,太陽能,2026,44.588,0,桃園市龍潭區龍華路460號,242.22 kW,天能綠電股份有限公司,25SP2697-B026000002~51,5/20/26,2026-01-01~2026-03-31,認可,認可,44.588 MWh,0 MWh
瓦特先生股份有限公司,新營大昶貿易TW190997,太陽能,2026,22.814,51.755,臺南市新營區土庫里9鄰卯舍1之20號,242.19 kW,瓦特先生股份有限公司,22SP0108-B026000001~85,5/20/26,2026-01-01~2026-03-31,認可,認可,22.814 MWh,51.755 MWh
大自然能源電業股份有限公司,NP201023C003領航(學甲信義126),太陽能,2026,52.661,34.56,臺南市學甲區學甲區信義段126、127、129、131地號,242.125 kW,大自然能源電業股份有限公司,24SP1291-B026000001~89,5/20/26,2026-01-01~2026-03-31,認可,認可,52.661 MWh,34.56 MWh
怡和綠電超商股份有限公司,京進(科風)-埔鹽豬舍,太陽能,2026,44.579,0,彰化縣埔鹽鄉埔打路建1之49號,241.87 kW,怡和綠電超商股份有限公司,25SP3557-B026000002~47,5/20/26,2026-01-01~2026-03-31,認可,認可,44.579 MWh,0 MWh
瓦力電能股份有限公司,屏東縣林邊鄉241.8瓩(T7430),太陽能,2026,44.219,31.186,屏東縣林邊鄉光林段0810-0002地號,241.8 kW,瓦力電能股份有限公司,25SP0709-B026000001~77,5/20/26,2026-01-01~2026-03-31,認可,認可,44.219 MWh,31.186 MWh
宇軒電業股份有限公司,大埔段92地號,太陽能,2026,52.262,33.149,臺南市鹽水區大埔段92地號,241.8 kW,宇軒電業股份有限公司,25SP2026-B026000001~87,5/20/26,2026-01-01~2026-03-31,認可,認可,52.262 MWh,33.149 MWh
瓦特先生股份有限公司,新營壯安公司,太陽能,2026,74.29,0,臺南市新營區土庫里9鄰卯舍1之3號,241.61 kW,瓦特先生股份有限公司,23SP0264-B026000001~76,5/20/26,2026-01-01~2026-03-31,認可,認可,74.29 MWh,0 MWh
天能綠電股份有限公司,聯合再生08-信義國小桃園市中壢區屋頂型太陽能光電場,太陽能,2026,53.753,0,桃園市中壢區成都路55號,241.4 kW,天能綠電股份有限公司,25SP1404-B026000001~62,5/20/26,2026-01-01~2026-03-31,認可,認可,53.753 MWh,0 MWh
怡和綠電超商股份有限公司,嘉創-康美運動,太陽能,2026,77.51,0,臺南市白河區中山路535號,241.23 kW,怡和綠電超商股份有限公司,25SP2642-B026000001~79,5/20/26,2026-01-01~2026-03-31,認可,認可,77.51 MWh,0 MWh
怡和綠電超商股份有限公司,映光能源科技-雲林縣口湖鄉蚵寮段147-13地號,太陽能,2026,79.953,0,雲林縣口湖鄉蚵寮村中正路2段460之7號,241.2 kW,怡和綠電超商股份有限公司,25SP1685-B026000001~82,5/20/26,2026-01-01~2026-03-31,認可,認可,79.953 MWh,0 MWh
富威電力股份有限公司,峻翔-科技三路太陽光電發電廠,太陽能,2026,50.777,17.334,臺南市安南區科技三路10號,241.2 kW,富威電力股份有限公司,26SP0017-B026000081~350,5/20/26,2026-01-01~2026-03-31,認可,認可,50.777 MWh,17.334 MWh
艾涅爾電力股份有限公司,育渲-屏東萬丹鴨舍,太陽能,2026,44.627,0,屏東縣萬丹鄉竹圍街160巷15弄11號,240.75 kW,艾涅爾電力股份有限公司,24SP0930-B026000061~75,5/20/26,2026-01-01~2026-02-28,認可,認可,44.627 MWh,0 MWh
寶島陽光電力事業股份有限公司,雋和四能源有限公司(卜蜂),太陽能,2026,61.85,10.134,嘉義縣義竹鄉東過村過路子1之9號,240.7 kW,寶島陽光電力事業股份有限公司,24SP2551-B026000001~78,5/20/26,2026-01-01~2026-03-31,認可,認可,61.85 MWh,10.134 MWh
復盛股份有限公司,復盛三重光電站,太陽能,2026,0,51.21,新北市三重區光復路二段六十號,240.54 kW,復盛股份有限公司,23SP0081-B026000001~52,5/20/26,2026-01-01~2026-03-31,認可,認可,0 MWh,51.21 MWh
陽光伏特家電力股份有限公司,健能雲林2廠,太陽能,2026,66.735,0,雲林縣水林鄉雲林縣水林鄉水南段0833-0003及0830-0009地號,240.5 kW,陽光伏特家電力股份有限公司,24SP0278-B026000001~68,5/20/26,2026-01-01~2026-03-31,認可,認可,66.735 MWh,0 MWh
富威電力股份有限公司,聚眾-昌侑1太陽光電發電廠,太陽能,2026,28.323,0,臺中市神岡區溪洲路247巷8號,240.345 kW,富威電力股份有限公司,25SP1731-B026000015~60,4/1/26,2026-01-01~2026-02-28,認可,認可,28.323 MWh,0 MWh
阿波羅電力股份有限公司,辰翔蔡梓霖,太陽能,2026,60.456,0,彰化縣大城鄉魚寮路91巷801號,240.26 kW,阿波羅電力股份有限公司,24SP2367-B026000001~61,5/20/26,2026-01-01~2026-03-31,認可,認可,60.456 MWh,0 MWh
星星電力股份有限公司,匯旭 - 台中梧棲環保公園,太陽能,2026,21.501,0,臺中市梧棲區港加段0104-0000地號,240.12 kW,星星電力股份有限公司,25SP3216-B026000023~44,4/8/26,2026-02-01~2026-02-28,認可,認可,21.501 MWh,0 MWh
天能綠電股份有限公司,光旭盈11-台南陳文亨屋頂型光電案場,太陽能,2026,67.793,7.486,臺南市六甲區台南市六甲區菁埔寮57-13號(臺南市六甲區菁埔段1525-0000、1526-0000地號),240.1 kW,天能綠電股份有限公司,24SP1767-B026000001~87,5/20/26,2026-01-01~2026-03-31,認可,認可,67.793 MWh,7.486 MWh
大同智能股份有限公司,彰化縣汙染農地太陽光電系統-和美鎮大榮段916地號,太陽能,2026,86.256,0,彰化縣和美鎮大榮段916地號,240.04 kW,大同智能股份有限公司,24SP0213-B026000001~88,5/20/26,2026-01-01~2026-03-31,認可,認可,86.256 MWh,0 MWh
晨星電力股份有限公司,(永豐)允登彰濱二,太陽能,2026,69.268,0,彰化縣鹿港鎮鹿科路5號,240 kW,晨星電力股份有限公司,25SP3304-B026000001~71,5/20/26,2026-01-01~2026-03-31,認可,認可,69.268 MWh,0 MWh
寶島陽光電力事業股份有限公司,昌瑞能源有限公司 (TW190976),太陽能,2026,70.777,0,雲林縣元長鄉子茂388號,240 kW,寶島陽光電力事業股份有限公司,24SP2549-B026000001~72,5/20/26,2026-01-01~2026-03-31,認可,認可,70.777 MWh,0 MWh
陽光伏特家電力股份有限公司,麗橙屏東1廠,太陽能,2026,79.393,0,屏東縣麟洛鄉麟信段0266-0000、0266-0001地號,239.85 kW,陽光伏特家電力股份有限公司,25SP0099-B026000001~82,5/20/26,2026-01-01~2026-03-31,認可,認可,79.393 MWh,0 MWh
晨星電力股份有限公司,(陽光)全拓,太陽能,2026,86.11,0,彰化縣花壇鄉中山路二段769號,239.7 kW,晨星電力股份有限公司,25SP3400-B026000001~88,5/20/26,2026-01-01~2026-03-31,認可,認可,86.11 MWh,0 MWh
艾涅爾電力股份有限公司,太旭-林錦富PV0187,太陽能,2026,39.727,0,苗栗縣公館鄉五谷岡段0862-0000地號,239.7 kW,艾涅爾電力股份有限公司,24SP0045-B026000001~434,4/8/26,2026-01-01~2026-02-28,認可,認可,39.727 MWh,0 MWh
富威電力股份有限公司,聚眾-國通電子太陽光電發電廠,太陽能,2026,26.324,0,臺中市南屯區工業區二十一路29號,239.54 kW,富威電力股份有限公司,25SP1733-B026000029~63,4/1/26,2026-01-01~2026-02-28,認可,認可,26.324 MWh,0 MWh
大同智能股份有限公司,彰化汙染農地太陽能建置案第三批-和美鎮大榮段703地號,太陽能,2026,87.785,0,彰化縣和美鎮大榮段703地號,239.36 kW,大同智能股份有限公司,24SP0244-B026000001~89,5/20/26,2026-01-01~2026-03-31,認可,認可,87.785 MWh,0 MWh
富威電力股份有限公司,拓旭-枋山楓港東段705太陽光電發電廠,太陽能,2026,45.44,0,屏東縣枋山鄉楓港東段0705-0000地號,239.36 kW,富威電力股份有限公司,25SP1923-B026000018~75,4/1/26,2026-01-01~2026-02-28,認可,認可,45.44 MWh,0 MWh
阿波羅電力股份有限公司,辰翔瑞昕新廠,太陽能,2026,39.094,27.974,彰化縣鹿港鎮工業西七路30號,239.12 kW,阿波羅電力股份有限公司,24SP2255-B026000001~68,5/20/26,2026-01-01~2026-03-31,認可,認可,39.094 MWh,27.974 MWh
阿波羅電力股份有限公司,達興王文海,太陽能,2026,32.658,24.417,澎湖縣湖西鄉西溪新段0013-0000地號,239.02 kW,阿波羅電力股份有限公司,25SP3193-B026000001~58,5/20/26,2026-01-01~2026-03-31,認可,認可,32.658 MWh,24.417 MWh
艾涅爾電力股份有限公司,怡陽-健康市場PV0129,太陽能,2026,38.791,0,臺中市南區忠明南路1118之5號,238.92 kW,艾涅爾電力股份有限公司,24SP0004-B026000002~41,4/8/26,2026-01-01~2026-02-28,認可,認可,38.791 MWh,0 MWh
大同智能股份有限公司,台中市屋頂型太陽光電系統-居仁國中,太陽能,2026,34.822,0,臺中市中區自由路一段97號,238.92 kW,大同智能股份有限公司,24SP0460-B026000002~52,4/1/26,2026-01-01~2026-02-28,認可,認可,34.822 MWh,0 MWh
十萬伏特電力股份有限公司,優敏士案,太陽能,2026,43.883,0,屏東縣萬丹鄉萬丹路二段131巷125號,238.59 kW,十萬伏特電力股份有限公司,25SP2906-B026000001~46,4/1/26,2026-01-01~2026-02-28,認可,認可,43.883 MWh,0 MWh
台灣積體電路製造股份有限公司(F15B辦公室頂樓),台灣積體電路製造股份有限公司(F15B辦公棟頂樓),太陽能,2026,0,50.645,臺中市西屯區新科路1號,238.5 kW,台灣積體電路製造股份有限公司(F15B辦公室頂樓),19SP0036-B026000001~53,5/20/26,2026-01-01~2026-03-31,認可,認可,0 MWh,50.645 MWh
寶島陽光電力事業股份有限公司,晟鑫能源有限公司 (TW170730),太陽能,2026,67.017,0,雲林縣二崙鄉永定村田頭95之6號,238.36 kW,寶島陽光電力事業股份有限公司,24SP2571-B026000001~69,5/20/26,2026-01-01~2026-03-31,認可,認可,67.017 MWh,0 MWh
阿波羅電力股份有限公司,辰翔黃清標二期,太陽能,2026,72.945,0,彰化縣二林鎮二城路617巷建331號,238.26 kW,阿波羅電力股份有限公司,24SP2050-B026000001~74,5/20/26,2026-01-01~2026-03-31,認可,認可,72.945 MWh,0 MWh
星星電力股份有限公司,仁登-新埔段1226地號,太陽能,2026,75.679,0,屏東縣內埔鄉新埔段1226地號,238.08 kW,星星電力股份有限公司,24SP2283-B026000001~77,5/20/26,2026-01-01~2026-03-31,認可,認可,75.679 MWh,0 MWh
天能綠電股份有限公司,立達開發-雲林水林雞舍屋頂型太陽光電案場,太陽能,2026,77.382,0,雲林縣水林鄉土厝村王厝寮24之36號,238 kW,天能綠電股份有限公司,24SP0816-B026000001~81,5/20/26,2026-01-01~2026-03-31,認可,認可,77.382 MWh,0 MWh
國晟工業股份有限公司,國晟工業股份有限公司二期,太陽能,2026,0,46.008,桃園市蘆竹區海湖北路309巷151號,237.8 kW,國晟工業股份有限公司,24SP0615-B026000001~47,5/20/26,2026-01-01~2026-03-31,認可,認可,0 MWh,46.008 MWh
怡和綠電超商股份有限公司,暉豐-擁明工業237.8,太陽能,2026,66.95,0,彰化縣鹿港鎮鹿工南二路10號,237.8 kW,怡和綠電超商股份有限公司,25SP1836-B026000001~69,5/20/26,2026-01-01~2026-03-31,認可,認可,66.95 MWh,0 MWh
艾涅爾電力股份有限公司,賽斯能源-天泰仁德廠,太陽能,2026,38.629,2.339,臺南市仁德區開發四路6號,237.75 kW,艾涅爾電力股份有限公司,24SP0288-B026000060~310,4/8/26,2026-01-01~2026-02-28,認可,認可,38.629 MWh,2.339 MWh
續興股份有限公司,良品衛浴,太陽能,2026,78.187,0,彰化縣鹿港鎮鹿和路3段432巷臨47號,237.6 kW,續興股份有限公司,25SP1646-B026000001~80,5/20/26,2026-01-01~2026-03-31,認可,認可,78.187 MWh,0 MWh
寶富電力股份有限公司,林邊五小福-1-寶壽-光林段750-1地號,太陽能,2026,78.765,0,屏東縣林邊鄉光林段750-1地號,237.6 kW,寶富電力股份有限公司,25SP0674-B026000017~106,5/20/26,2026-01-01~2026-03-31,認可,認可,78.765 MWh,0 MWh
陽光伏特家電力股份有限公司,恆曜台中1廠,太陽能,2026,69.507,0,臺中市和平區東關路3段54號,237.6 kW,陽光伏特家電力股份有限公司,25SP0422-B026000001~71,5/20/26,2026-01-01~2026-03-31,認可,認可,69.507 MWh,0 MWh
中曜股份有限公司,中租 2286 號,太陽能,2026,6.591,0,屏東縣新園鄉興厝段282地號,237.6 kW,中曜股份有限公司,24SP1756-B026000001~8,5/13/26,2026-01-01~2026-02-28,認可,認可,6.591 MWh,0 MWh
瓦力電能股份有限公司,屏東縣崁頂鄉237.46瓩(T7436),太陽能,2026,45.028,30.514,屏東縣崁頂鄉頂安段169-5地號,237.46 kW,瓦力電能股份有限公司,25SP1160-B026000001~77,5/20/26,2026-01-01~2026-03-31,認可,認可,45.028 MWh,30.514 MWh
富威電力股份有限公司,日晶-陳進豐太陽光電發電廠,太陽能,2026,25.317,0,雲林縣土庫鎮興新里中圍19號,237.29 kW,富威電力股份有限公司,24SP2146-B026000029~64,4/1/26,2026-01-01~2026-02-28,認可,認可,25.317 MWh,0 MWh
大自然能源電業股份有限公司,NP191004C008佳益能源(躍羚),太陽能,2026,49.696,0,雲林縣斗六市文化路633巷8號,237.27 kW,大自然能源電業股份有限公司,24SP0691-B026000001~60,5/20/26,2026-01-01~2026-03-31,認可,認可,49.696 MWh,0 MWh
富威電力股份有限公司,旭天-新竹聯絡處太陽光電發電廠,太陽能,2026,55.198,0,新竹市香山區中華路五段208巷20號,237.12 kW,富威電力股份有限公司,25SP3121-B026000001~57,5/20/26,2026-01-01~2026-03-31,認可,認可,55.198 MWh,0 MWh
天能綠電股份有限公司,倍綠信_雲林土庫地面型太陽光電案場,太陽能,2026,74.694,0,雲林縣土庫鎮新北段0897-0002、0897-0005、0897-0006、0897-0007、0897-0008、0897-0009、0897-0010地號,237 kW,天能綠電股份有限公司,25SP2877-B026000001~81,5/20/26,2026-01-01~2026-03-31,認可,認可,74.694 MWh,0 MWh
續興股份有限公司,旭愛能源銘奕廠,太陽能,2026,74.961,0,屏東縣萬丹鄉後村村保香路779號,236.8 kW,續興股份有限公司,24SP1382-B026000001~76,5/20/26,2026-01-01~2026-03-31,認可,認可,74.961 MWh,0 MWh
鴻晶新科技股份有限公司,鴻丞科技股份有限公司(豪葳一期),太陽能,2026,59.434,0,高雄市燕巢區新生南路108巷30號,236.74 kW,鴻晶新科技股份有限公司,25SP0384-B026000001~61,5/20/26,2026-01-01~2026-03-31,認可,認可,59.434 MWh,0 MWh
星星電力股份有限公司,耀鋩-彰洋,太陽能,2026,83.663,0,彰化縣彰化市彰南路1段267巷16號,236.74 kW,星星電力股份有限公司,26SP0006-B026000001~86,5/20/26,2026-01-01~2026-03-31,認可,認可,83.663 MWh,0 MWh
開陽電力股份有限公司,玖基企業股份有限公司-中興大學機械系館及機械實習工廠,太陽能,2026,45.53,0,臺中市南區國光路250號,236.25 kW,開陽電力股份有限公司,25SP1611-B026000001~47,4/1/26,2026-01-01~2026-02-28,認可,認可,45.53 MWh,0 MWh
恆利電能股份有限公司,W-高雄岡山1 (236.16kw),太陽能,2026,69.467,4.136,高雄市岡山區本工五路17號,236.16 kW,恆利電能股份有限公司,25SP1492-B026000001~80,5/20/26,2026-01-01~2026-03-31,認可,認可,69.467 MWh,4.136 MWh
天能綠電股份有限公司,圓祐-台中市龍井區三港路308巷(高禎實業新廠),太陽能,2026,51.573,0,臺中市龍井區三港路308巷73號,235.69 kW,天能綠電股份有限公司,25SP0747-B026000001~53,5/20/26,2026-01-01~2026-03-31,認可,認可,51.573 MWh,0 MWh
阿波羅電力股份有限公司,環球大宇宙鳳山區鳳頂路路外停車場,太陽能,2026,70.386,0,高雄市鳳山區園尾段0032-0000地號,235.62 kW,阿波羅電力股份有限公司,24SP2512-B026000001~72,5/20/26,2026-01-01~2026-03-31,認可,認可,70.386 MWh,0 MWh
天能綠電股份有限公司,怡甯_榮興木器行,太陽能,2026,71.86,0,彰化縣福興鄉麥厝街82之26號,235.6 kW,天能綠電股份有限公司,25SP4177-B026000001~80,5/20/26,2026-01-01~2026-03-31,認可,認可,71.86 MWh,0 MWh
星星電力股份有限公司,仁登-復興段677-2地號,太陽能,2026,72.266,0,屏東縣內埔鄉復興段677-2地號,235.6 kW,星星電力股份有限公司,24SP2195-B026000001~74,5/20/26,2026-01-01~2026-03-31,認可,認可,72.266 MWh,0 MWh
星星電力股份有限公司,仁登-新埔段1227-1地號,太陽能,2026,73.737,0,屏東縣內埔鄉新埔段1227-1地號,235.6 kW,星星電力股份有限公司,24SP2361-B026000001~76,5/20/26,2026-01-01~2026-03-31,認可,認可,73.737 MWh,0 MWh
富威電力股份有限公司,富崴1-6-懷藝二期太陽光電發電廠,太陽能,2026,74.904,2.054,臺南市安南區台南市安南區工業二路59號,235.52 kW,富威電力股份有限公司,25SP1643-B026000003~90,5/20/26,2026-01-01~2026-03-31,認可,認可,74.904 MWh,2.054 MWh
怡和綠電超商股份有限公司,賽斯-興達港,太陽能,2026,73.138,0,高雄市茄萣區民有路51號,235.5 kW,怡和綠電超商股份有限公司,25SP1117-B026000001~74,5/20/26,2026-01-01~2026-03-31,認可,認可,73.138 MWh,0 MWh
艾涅爾電力股份有限公司,太旭-允升紙器PV0098,太陽能,2026,33.089,0,新竹縣竹東鎮工業二路98巷28號,235.44 kW,艾涅爾電力股份有限公司,24SP0156-B026000001~116,4/8/26,2026-01-01~2026-02-28,認可,認可,33.089 MWh,0 MWh
亞洲水泥股份有限公司,亞泥新竹廠第四機組,太陽能,2026,0,52.426,"新竹縣橫山鄉中豐路二段109號、橫華段581,584,585地號",235.34 kW,亞洲水泥股份有限公司,24SP2230-B026000001~53,5/20/26,2026-01-01~2026-03-31,認可,認可,0 MWh,52.426 MWh
中曜股份有限公司,中租 1688 號,太陽能,2026,5.966,0,屏東縣崁頂鄉頂義段1213-1地號,235.2 kW,中曜股份有限公司,24SP1758-B026000001~7,5/13/26,2026-01-01~2026-02-28,認可,認可,5.966 MWh,0 MWh
大自然能源電業股份有限公司,NP211026C002凱銳（亨龍）,太陽能,2026,36.231,0,苗栗縣銅鑼鄉忠興街9號,235.2 kW,大自然能源電業股份有限公司,24SP1231-B026000001~38,4/1/26,2026-01-01~2026-02-28,認可,認可,36.231 MWh,0 MWh
朝友工業股份有限公司,朝友工業股份有限公司-包裝廠,太陽能,2026,0,41.13,高雄市岡山區聖得路1號,234.89 kW,朝友工業股份有限公司,25SP0551-B026000001~27,5/20/26,2026-01-01~2026-03-31,認可,認可,0 MWh,41.13 MWh
晨星電力股份有限公司,(創源)鼎霖,太陽能,2026,64.819,0,臺中市太平區園區路99號,234.63 kW,晨星電力股份有限公司,25SP1244-B026000001~66,5/20/26,2026-01-01~2026-03-31,認可,認可,64.819 MWh,0 MWh
天能綠電股份有限公司,宏威環球-高雄林園1號屋頂型太陽光電案場,太陽能,2026,68.985,0,高雄市林園區高雄市林園區忠孝西路20號,234.6 kW,天能綠電股份有限公司,24SP1716-B026000001~72,5/20/26,2026-01-01~2026-03-31,認可,認可,68.985 MWh,0 MWh
宇軒電業股份有限公司,鹿草段729地號,太陽能,2026,0,75.161,彰化縣鹿港鎮鹿草段729地號,234.6 kW,宇軒電業股份有限公司,25SP4127-B026000001~77,5/20/26,2026-01-01~2026-03-31,認可,認可,0 MWh,75.161 MWh
富威電力股份有限公司,澄驛_台東池上樂樂太陽光電發電廠,太陽能,2026,22.407,0,臺東縣池上鄉新興村東欣路123號,234.495 kW,富威電力股份有限公司,25SP1145-B026000027~57,4/1/26,2026-01-01~2026-02-28,認可,認可,22.407 MWh,0 MWh
特典工具股份有限公司,特典工具股份有限公司,太陽能,2026,0,202.091,臺中市大雅區科雅路8號,234.44 kW,特典工具股份有限公司,24SP2494-B026000001~204,5/20/26,2024-12-20~2026-03-31,認可,認可,0 MWh,202.091 MWh
天能綠電股份有限公司,龐誼綠能-高雄大寮清展高雄市太陽光電案場,太陽能,2026,73.11,0,高雄市大寮區農場路186號,234.24 kW,天能綠電股份有限公司,25SP0613-B026000001~75,5/20/26,2026-01-01~2026-03-31,認可,認可,73.11 MWh,0 MWh
開陽電力股份有限公司,開陽能源股份有限公司-雲林福安421,太陽能,2026,36.496,0,雲林縣麥寮鄉興華村興化56之11號,234.22 kW,開陽電力股份有限公司,25SP1624-B026000001~37,4/1/26,2026-01-01~2026-02-28,認可,認可,36.496 MWh,0 MWh
大自然能源電業股份有限公司,NP081063C008低碳(華興),太陽能,2026,51.299,0,彰化縣田尾鄉饒平村四維巷128號,234 kW,大自然能源電業股份有限公司,25SP0786-B026000001~53,5/20/26,2026-01-01~2026-03-31,認可,認可,51.299 MWh,0 MWh
大自然能源電業股份有限公司,NP201024C002官田區富強路案場,太陽能,2026,50.097,0,臺南市官田區富強路5號,234 kW,大自然能源電業股份有限公司,24SP0965-B026000016~81,5/20/26,2026-01-01~2026-03-31,認可,認可,50.097 MWh,0 MWh
南方電力股份有限公司,青年國中太陽光電發電廠,太陽能,2026,70.756,3.721,高雄市鳳山區青年路二段89號,233.64 kW,南方電力股份有限公司,24SP1031-B026000001~80,5/20/26,2026-01-01~2026-03-31,認可,認可,70.756 MWh,3.721 MWh
陽光伏特家電力股份有限公司,新光雲林2廠,太陽能,2026,3.21,0,雲林縣口湖鄉梧南村文光路115號,233.4 kW,陽光伏特家電力股份有限公司,23SP0200-B026000001~91,4/1/26,2026-01-01~2026-02-28,認可,認可,3.21 MWh,0 MWh
晨星電力股份有限公司,(創源)傳永,太陽能,2026,50.396,0,臺中市龍井區工業路177巷26號,233.28 kW,晨星電力股份有限公司,25SP1237-B026000001~52,5/20/26,2026-01-01~2026-03-31,認可,認可,50.396 MWh,0 MWh
天能綠電股份有限公司,豐光_蔡阿煥屋頂型太陽光電案場,太陽能,2026,39.607,1.469,宜蘭縣員山鄉粗坑路246之1號,232.88 kW,天能綠電股份有限公司,25SP2792-B026000001~44,5/20/26,2026-01-01~2026-03-31,認可,認可,39.607 MWh,1.469 MWh
星星電力股份有限公司,匯旭 - 歸仁風雨球場(一二期),太陽能,2026,18.676,0,"臺南市歸仁區歸仁北段0947-0000、0948-0005、1023-0002、1023-0003、1024-0002地號, 公園路71之1號",232.56 kW,星星電力股份有限公司,25SP1764-B026000022~40,4/8/26,2026-02-01~2026-02-28,認可,認可,18.676 MWh,0 MWh
宇軒電業股份有限公司,旭山158地號,太陽能,2026,45.121,29.021,臺南市柳營區旭山段158地號,232.5 kW,宇軒電業股份有限公司,25SP2017-B026000001~76,5/20/26,2026-01-01~2026-03-31,認可,認可,45.121 MWh,29.021 MWh
怡和綠電超商股份有限公司,戎居-P15_4_2,太陽能,2026,64.974,0,臺中市外埔區長生路812號,232.5 kW,怡和綠電超商股份有限公司,25SP3862-B026000001~66,5/20/26,2026-01-01~2026-03-31,認可,認可,64.974 MWh,0 MWh
梧濟工業股份有限公司,梧濟工業股份有限公司三期,太陽能,2026,29,23.01,臺中市南屯區工業區19路9號,232.47 kW,梧濟工業股份有限公司,25SP1062-B026000001~54,5/20/26,2026-01-01~2026-03-31,認可,認可,29 MWh,23.01 MWh
恆利電能股份有限公司,W-彰化芳苑1 (232.46kw),太陽能,2026,20.458,18.234,彰化縣芳苑鄉芳草路建351號,232.46 kW,恆利電能股份有限公司,25SP4010-B026000001~43,5/20/26,2026-01-01~2026-02-28,認可,認可,20.458 MWh,18.234 MWh
艾涅爾電力股份有限公司,太旭-駿鎰企業PV0294,太陽能,2026,42.256,0,彰化縣鹿港鎮工業西七路37號,232.4 kW,艾涅爾電力股份有限公司,24SP0108-B026000001~43,4/8/26,2026-01-01~2026-02-28,認可,認可,42.256 MWh,0 MWh
寶島陽光電力事業股份有限公司,雋和四能源有限公司(TW170601),太陽能,2026,71.896,0,嘉義縣義竹鄉埤子頭137之2號,232 kW,寶島陽光電力事業股份有限公司,24SP2190-B026000001~73,5/20/26,2026-01-01~2026-03-31,認可,認可,71.896 MWh,0 MWh
星星電力股份有限公司,雄利 - 新興段401地號,太陽能,2026,62.638,0,屏東縣屏東市新興段0401-0000地號,231.99 kW,星星電力股份有限公司,25SP1970-B026000001~64,5/20/26,2026-01-01~2026-03-31,認可,認可,62.638 MWh,0 MWh
天能綠電股份有限公司,早安農場二期屋頂型太陽光電案場,太陽能,2026,20.619,0,彰化縣二林鎮福建巷6之3號,231.815 kW,天能綠電股份有限公司,25SP3421-B026000001~21,4/22/26,2026-01-01~2026-01-31,認可,認可,20.619 MWh,0 MWh
裕益汽車股份有限公司,順益新竹,太陽能,2026,0,56.5,新竹縣竹北市環北路二段68號,231.66 kW,裕益汽車股份有限公司,24SP0006-B026000001~58,5/20/26,2026-01-01~2026-03-31,認可,認可,0 MWh,56.5 MWh
天能綠電股份有限公司,聯合再生10-草漯國中桃園市觀音區屋頂型太陽能光電場,太陽能,2026,50.791,0,桃園市觀音區四維路73號,231.54 kW,天能綠電股份有限公司,25SP1489-B026000001~59,5/20/26,2026-01-01~2026-03-31,認可,認可,50.791 MWh,0 MWh
大自然能源電業股份有限公司,NP191019C001(向南-盛義),太陽能,2026,21.069,0,雲林縣莿桐鄉大美村大美21之33、21之35號,231.28 kW,大自然能源電業股份有限公司,24SP1664-B026000001~22,3/4/26,2026-01-01~2026-01-31,認可,認可,21.069 MWh,0 MWh
開陽電力股份有限公司,開陽能源股份有限公司-雲林新美382,太陽能,2026,35.283,0,雲林縣東勢鄉北美路12之15號,231.28 kW,開陽電力股份有限公司,25SP1766-B026000001~36,4/1/26,2026-01-01~2026-02-28,認可,認可,35.283 MWh,0 MWh
陽光伏特家電力股份有限公司,凱銳能源彰化3廠,太陽能,2026,65.086,0,彰化縣鹿港鎮環工八路6號,231 kW,陽光伏特家電力股份有限公司,24SP2308-B026000001~66,5/20/26,2026-01-01~2026-03-31,認可,認可,65.086 MWh,0 MWh
大同智能股份有限公司,台中市屋頂型太陽光電系統-進德國小,太陽能,2026,46.188,0,臺中市東區進化路135號,231 kW,大同智能股份有限公司,24SP0493-B026000003~63,5/20/26,2026-01-01~2026-03-31,認可,認可,46.188 MWh,0 MWh
星星電力股份有限公司,傑陽-大埤-陳萬福,太陽能,2026,19.991,0,雲林縣大埤鄉聯美村部興85之1號,231 kW,星星電力股份有限公司,25SP2256-B026000022~41,4/8/26,2026-02-01~2026-02-28,認可,認可,19.991 MWh,0 MWh
天能綠電股份有限公司,聯合再生09-平南國中桃園市平鎮區屋頂型太陽能光電場,太陽能,2026,46.896,0,桃園市平鎮區中豐路南勢2段340號,231 kW,天能綠電股份有限公司,25SP1472-B026000002~55,5/20/26,2026-01-01~2026-03-31,認可,認可,46.896 MWh,0 MWh
怡和綠電超商股份有限公司,怡和國際能源-枋寮建興段471-1(三轉一),太陽能,2026,79.067,0,屏東縣枋寮鄉建興段0471-0001地號,230.885 kW,怡和綠電超商股份有限公司,25SP3878-B026000001~84,5/20/26,2026-01-01~2026-03-31,認可,認可,79.067 MWh,0 MWh
開陽電力股份有限公司,晁暘科技-高雄市梓官區蚵寮國民小學,太陽能,2026,47.966,0,高雄市梓官區光明路177號,230.84 kW,開陽電力股份有限公司,25SP0894-B026000001~49,4/1/26,2026-01-01~2026-02-28,認可,認可,47.966 MWh,0 MWh
怡和綠電超商股份有限公司,興發-龍崎國中,太陽能,2026,67.141,0,臺南市龍崎區崎頂里新市子258號,230.79 kW,怡和綠電超商股份有限公司,25SP3957-B026000002~72,5/20/26,2026-01-01~2026-03-31,認可,認可,67.141 MWh,0 MWh
寶島陽光電力事業股份有限公司,晟鑫能源有限公司(TW150512),太陽能,2026,38.667,24.914,彰化縣芳苑鄉東平路686號,230.725 kW,寶島陽光電力事業股份有限公司,24SP2631-B026000001~69,5/20/26,2026-01-01~2026-03-31,認可,認可,38.667 MWh,24.914 MWh
陽光伏特家電力股份有限公司,新光彰化19廠,太陽能,2026,66.921,0,彰化縣芳苑鄉上城路116巷118弄建6號,230.64 kW,陽光伏特家電力股份有限公司,23SP0426-B026000001~71,5/20/26,2026-01-01~2026-03-31,認可,認可,66.921 MWh,0 MWh
阿波羅電力股份有限公司,辰翔成綸舊廠,太陽能,2026,70.685,0,臺南市永康區中正路350巷63號,230.58 kW,阿波羅電力股份有限公司,24SP0762-B026000001~72,5/20/26,2026-01-01~2026-03-31,認可,認可,70.685 MWh,0 MWh
禾丰電力股份有限公司,裕程-彰化牛棚,太陽能,2026,47.47,0,彰化縣福興鄉新生路73之30號,230.52 kW,禾丰電力股份有限公司,24SP2406-B026000001~50,5/20/26,2026-01-01~2026-03-31,認可,認可,47.47 MWh,0 MWh
天能綠電股份有限公司,永盈-台南善化區太陽光電案廠,太陽能,2026,14.539,0,臺南市善化區溪美里溪尾72之17號,230.4 kW,天能綠電股份有限公司,24SP1155-B026000013~27,4/1/26,2026-02-01~2026-02-28,認可,認可,14.539 MWh,0 MWh
晨星電力股份有限公司,(統益)新市幼兒園(屋頂型)(地面型),太陽能,2026,74.084,0,臺南市新市區富林路700號/新北段0209-0000地號址,230.375 kW,晨星電力股份有限公司,25SP4184-B026000001~75,5/20/26,2026-01-01~2026-03-31,認可,認可,74.084 MWh,0 MWh
永裕塑膠工業股份有限公司,臺南仁德永裕塑膠廠房2太陽能系統工程,太陽能,2026,0,66.843,臺南市仁德區勝利路125號,230.25 kW,永裕塑膠工業股份有限公司,24SP0452-B026000001~69,5/20/26,2026-01-01~2026-03-31,認可,認可,0 MWh,66.843 MWh
天能綠電股份有限公司,富宇_東琳興業,太陽能,2026,0,15.485,南投縣南投市工業北路40號,230.14 kW,天能綠電股份有限公司,25SP4178-B026000001~16,4/22/26,2026-01-01~2026-01-31,認可,認可,0 MWh,15.485 MWh
美琪生技股份有限公司,美琪生技股份有限公司,太陽能,2026,0,55.441,桃園市新屋區社子路92巷9號,230.1 kW,美琪生技股份有限公司,25SP2867-B026000001~56,5/20/26,2025-12-03~2026-03-31,認可,認可,0 MWh,55.441 MWh
天能綠電股份有限公司,永益_梅高路450號屋頂型太陽光電案場,太陽能,2026,52.387,0,桃園市楊梅區梅高路450號,230.04 kW,天能綠電股份有限公司,25SP3829-B026000001~60,5/20/26,2026-01-01~2026-03-31,認可,認可,52.387 MWh,0 MWh
艾涅爾電力股份有限公司,永耀-雲林東勢豬舍PV3017,太陽能,2026,50.23,0,雲林縣東勢鄉忠孝路2之11號,230 kW,艾涅爾電力股份有限公司,25SP2080-B026000001~52,4/8/26,2026-01-01~2026-02-28,認可,認可,50.23 MWh,0 MWh
艾涅爾電力股份有限公司,台一-余易進PV1997,太陽能,2026,38.52,0,嘉義縣大林鎮三角里三角7之18號,229.97 kW,艾涅爾電力股份有限公司,25SP0853-B026000001~39,4/8/26,2026-01-01~2026-02-28,認可,認可,38.52 MWh,0 MWh
天能綠電股份有限公司,光旭盈12--新營原鐿本廠屋頂型光電案場,太陽能,2026,68.24,7.517,臺南市柳營區中山西路3段191號,229.9 kW,天能綠電股份有限公司,25SP0046-B026000001~88,5/20/26,2026-01-01~2026-03-31,認可,認可,68.24 MWh,7.517 MWh
阿波羅電力股份有限公司,環球大宇宙潮州鎮幼兒園,太陽能,2026,72.126,0,屏東縣潮州鎮三星路39之2號,229.8 kW,阿波羅電力股份有限公司,24SP1319-B026000001~73,5/20/26,2026-01-01~2026-03-31,認可,認可,72.126 MWh,0 MWh
星星電力股份有限公司,錸恩帕斯-松瑞製藥,太陽能,2026,57.317,0,苗栗縣竹南鎮科研路27號(A棟研發行政大樓),229.775 kW,星星電力股份有限公司,25SP1383-B026000001~59,5/20/26,2026-01-01~2026-03-31,認可,認可,57.317 MWh,0 MWh
天能綠電股份有限公司,日輝企業_山仔脚一二期屋頂型太陽光電案場,太陽能,2026,42.201,22.947,臺南市柳營區山子脚21之37號,229.68 kW,天能綠電股份有限公司,25SP3066-B026000001~66,5/20/26,2026-01-01~2026-03-31,認可,認可,42.201 MWh,22.947 MWh
阿波羅電力股份有限公司,辰翔程灌祥,太陽能,2026,57.951,0,雲林縣西螺鎮安定里安定202之8號,229.68 kW,阿波羅電力股份有限公司,24SP0538-B026000001~68,5/20/26,2026-01-01~2026-03-31,認可,認可,57.951 MWh,0 MWh
國立臺灣科技大學,國立臺灣科技大學華夏校區微電網,太陽能,2026,0,71.64,新北市中和區工專路111號,229.68 kW,國立臺灣科技大學,25SP2297-B026000001~72,5/20/26,2025-11-03~2026-03-31,認可,認可,0 MWh,71.64 MWh
晨星電力股份有限公司,(沅碁)月美國小一二期,太陽能,2026,64.719,0,高雄市杉林區清水路象寮巷 39 號,229.59 kW,晨星電力股份有限公司,25SP2926-B026000001~67,5/20/26,2026-01-01~2026-03-31,認可,認可,64.719 MWh,0 MWh
怡和綠電超商股份有限公司,賽斯新能源-鳳山國中藝術大樓,太陽能,2026,70.998,0,高雄市鳳山區中山東路227號,229.5 kW,怡和綠電超商股份有限公司,25SP2414-B026000001~73,5/20/26,2026-01-01~2026-03-31,認可,認可,70.998 MWh,0 MWh
艾涅爾電力股份有限公司,睿億-恆實豪PV0271,太陽能,2026,41.951,0,屏東縣東港鎮下廍路491號,229.445 kW,艾涅爾電力股份有限公司,24SP1177-B026000001~74,5/20/26,2026-01-01~2026-02-28,認可,認可,41.951 MWh,0 MWh
天能綠電股份有限公司,勝皇科技_10高雄大樹玻璃廠房屋頂型太陽光電案場,太陽能,2026,54.148,0,高雄市大樹區竹寮路15之7號,229.4 kW,天能綠電股份有限公司,25SP2207-B026000001~55,5/20/26,2026-01-01~2026-03-31,認可,認可,54.148 MWh,0 MWh
大自然能源電業股份有限公司,NP191019C006(向南王民科),太陽能,2026,20.471,0,雲林縣水林鄉瓊埔路145之3號,229.36 kW,大自然能源電業股份有限公司,24SP1668-B026000001~21,3/4/26,2026-01-01~2026-01-31,認可,認可,20.471 MWh,0 MWh
天能綠電股份有限公司,好強的電-屏東枋寮134-3地面型太陽光電案場,太陽能,2026,84.625,0,屏東縣枋寮鄉中寮段134-3地號,229.25 kW,天能綠電股份有限公司,24SP1430-B026000001~86,5/20/26,2026-01-01~2026-03-31,認可,認可,84.625 MWh,0 MWh
怡和綠電超商股份有限公司,建豐能源-後寮東842、911,太陽能,2026,64.99,0,澎湖縣白沙鄉後寮東段0842-0000地號、後寮東段0911-0000地號,229.23 kW,怡和綠電超商股份有限公司,25SP1509-B026000001~67,5/20/26,2026-01-01~2026-03-31,認可,認可,64.99 MWh,0 MWh
怡和綠電超商股份有限公司,京進(科風)-朴子雞舍,太陽能,2026,16.577,0,嘉義縣朴子市南竹里南勢竹53之6號,229.22 kW,怡和綠電超商股份有限公司,25SP1699-B026000016~32,4/1/26,2026-02-01~2026-02-28,認可,認可,16.577 MWh,0 MWh
阿波羅電力股份有限公司,環球大宇宙杉林區大愛園區A區路外停車場,太陽能,2026,63.445,0,高雄市杉林區月眉段一小段2166-0018、2166-0031地號,229.02 kW,阿波羅電力股份有限公司,24SP2522-B026000001~66,5/20/26,2026-01-01~2026-03-31,認可,認可,63.445 MWh,0 MWh
大自然能源電業股份有限公司,NP081060C002 福崙,太陽能,2026,42.549,27.672,彰化縣鹿港鎮福崙街322巷136號,228.92 kW,大自然能源電業股份有限公司,25SP0812-B026000001~72,5/20/26,2026-01-01~2026-03-31,認可,認可,42.549 MWh,27.672 MWh
十萬伏特電力股份有限公司,桃園-合晶科技(龍潭廠)案,太陽能,2026,37.699,0,桃園市龍潭區龍園一路100號,228.9 kW,十萬伏特電力股份有限公司,25SP1785-B026000001~41,5/20/26,2026-02-01~2026-03-31,認可,認可,37.699 MWh,0 MWh
利佳興業股份有限公司,利佳興業股份有限公司,太陽能,2026,0,25.103,臺南市安南區科技五路31號,228.8 kW,利佳興業股份有限公司,17SP0006-B026000001~26,5/20/26,2026-01-01~2026-03-31,認可,認可,0 MWh,25.103 MWh
開陽電力股份有限公司,玖基企業-彰化縣警察局芳苑分局,太陽能,2026,38.2,0,彰化縣芳苑鄉斗苑路三合段522號,228.8 kW,開陽電力股份有限公司,25SP3826-B026000001~39,4/1/26,2026-01-01~2026-02-28,認可,認可,38.2 MWh,0 MWh
宇軒電業股份有限公司,土庫段117-84地號,太陽能,2026,20.239,0,屏東縣里港鄉土庫段117-84地號,228.78 kW,宇軒電業股份有限公司,25SP2005-B026000022~42,4/15/26,2026-02-01~2026-02-28,認可,認可,20.239 MWh,0 MWh
富威電力股份有限公司,日鋒太陽光電發電廠,太陽能,2026,27.45,0,臺南市安定區安新一路293號,228.76 kW,富威電力股份有限公司,25SP1906-B026000031~67,4/1/26,2026-01-01~2026-02-28,認可,認可,27.45 MWh,0 MWh
續興股份有限公司,九如振益畜牧場,太陽能,2026,66.473,0,屏東縣九如鄉玉水路72巷22號,228.735 kW,續興股份有限公司,24SP0936-B026000001~67,5/20/26,2026-01-01~2026-03-31,認可,認可,66.473 MWh,0 MWh
續興股份有限公司,名鎮 岡山北路,太陽能,2026,73.968,0,高雄市岡山區岡山北路77巷25號,228.48 kW,續興股份有限公司,25SP0315-B026000001~76,5/20/26,2026-01-01~2026-03-31,認可,認可,73.968 MWh,0 MWh
艾涅爾電力股份有限公司,優品-黃明五PV0310,太陽能,2026,46.382,0,彰化縣溪州鄉中山路2段233巷60弄3之25號,228.445 kW,艾涅爾電力股份有限公司,25SP0843-B026000001~48,4/8/26,2026-01-01~2026-02-28,認可,認可,46.382 MWh,0 MWh
怡和綠電超商股份有限公司,怡和國際能源-體育園區新營風雨籃球場,太陽能,2026,63.624,6.976,臺南市新營區新南一路8號,228.36 kW,怡和綠電超商股份有限公司,25SP3937-B026000001~77,5/20/26,2026-01-01~2026-03-31,認可,認可,63.624 MWh,6.976 MWh
天能綠電股份有限公司,凱銳-台中市七海工業屋頂型太陽光電案場,太陽能,2026,0,27.351,臺中市大甲區幼獅路3號、工一路10號,228.33 kW,天能綠電股份有限公司,24SP1414-B026000001~28,5/20/26,2026-03-01~2026-03-31,認可,認可,0 MWh,27.351 MWh
天能綠電股份有限公司,日鼎-呂昆墻鵝舍屋頂型太陽光電案場,太陽能,2026,20.107,0,雲林縣四湖鄉溪尾村新溪尾568號,228.29 kW,天能綠電股份有限公司,25SP3843-B026000001~21,3/18/26,2026-01-01~2026-01-31,認可,認可,20.107 MWh,0 MWh
艾涅爾電力股份有限公司,加州電網-車城鄉興統段886,太陽能,2026,50.388,0,屏東縣車城鄉興統段886地號,228.16 kW,艾涅爾電力股份有限公司,24SP0063-B026000001~52,4/8/26,2026-01-01~2026-02-28,認可,認可,50.388 MWh,0 MWh
寶島陽光電力事業股份有限公司,玉衡能源股份有限公司(FS2107001),太陽能,2026,56.745,0,臺東縣臺東市大仁路3號,228.14 kW,寶島陽光電力事業股份有限公司,24SP1079-B026000001~58,5/20/26,2026-01-01~2026-03-31,認可,認可,56.745 MWh,0 MWh
續興股份有限公司,雲林崙背雞舍,太陽能,2026,61.629,0,雲林縣崙背鄉港尾村新鎮路36號,228 kW,續興股份有限公司,24SP1376-B026000001~63,5/20/26,2026-01-01~2026-03-31,認可,認可,61.629 MWh,0 MWh
寶島陽光電力事業股份有限公司,玉衡能源股份有限公司 (TW180759),太陽能,2026,49.549,0,臺北市文山區木柵路三段66巷8之1號,228 kW,寶島陽光電力事業股份有限公司,25SP1311-B026000001~55,5/20/26,2026-01-01~2026-03-31,認可,認可,49.549 MWh,0 MWh
富威電力股份有限公司,旭天-善化聯絡處太陽光電發電廠,太陽能,2026,69.332,0,臺南市善化區小新營346號,228 kW,富威電力股份有限公司,25SP1919-B026000001~71,5/20/26,2026-01-01~2026-03-31,認可,認可,69.332 MWh,0 MWh
星星電力股份有限公司,群益捷泰蔡廣文(台南),太陽能,2026,85.156,0,"臺南市北門區錦湖里渡子頭18之20號(渡子頭段0026-0000, 0029-0000 地號)",227.94 kW,星星電力股份有限公司,25SP3257-B026000001~87,5/20/26,2026-01-01~2026-03-31,認可,認可,85.156 MWh,0 MWh
天能綠電股份有限公司,豐赫-社皮路227.88KW屋頂型太陽光電案場,太陽能,2026,70.956,0,屏東縣萬丹鄉屏東縣萬丹鄉社皮路一段198號（屏東縣萬丹鄉萬興段1464地號）,227.88 kW,天能綠電股份有限公司,25SP0270-B026000001~74,5/20/26,2026-01-01~2026-03-31,認可,認可,70.956 MWh,0 MWh
艾涅爾電力股份有限公司,祺晴-金鋁街,太陽能,2026,32.689,0,高雄市小港區金鋁街12號,227.84 kW,艾涅爾電力股份有限公司,24SP0221-B026000001~34,4/8/26,2026-01-01~2026-02-28,認可,認可,32.689 MWh,0 MWh
宇軒電業股份有限公司,允力發,太陽能,2026,44.953,30.965,臺南市仁德區太子里大吉路131號,227.7 kW,宇軒電業股份有限公司,25SP1991-B026000001~77,5/20/26,2026-01-01~2026-03-31,認可,認可,44.953 MWh,30.965 MWh
星星電力股份有限公司,新揚 - 官田鎮田段495號,太陽能,2026,60.855,0,臺南市官田區臺南市官田區鎮田段0495-0000地號,227.7 kW,星星電力股份有限公司,25SP0910-B026000001~62,5/20/26,2026-01-01~2026-03-31,認可,認可,60.855 MWh,0 MWh
怡和綠電超商股份有限公司,賽斯-鼎金國小,太陽能,2026,70.993,0,高雄市三民區鼎山街375號,227.425 kW,怡和綠電超商股份有限公司,25SP2418-B026000001~73,5/20/26,2026-01-01~2026-03-31,認可,認可,70.993 MWh,0 MWh
大同智能股份有限公司,台中市屋頂型太陽光電系統-東峰國中,太陽能,2026,67.458,0,臺中市東區仁和路330號,227.37 kW,大同智能股份有限公司,24SP0317-B026000001~69,5/20/26,2026-01-01~2026-03-31,認可,認可,67.458 MWh,0 MWh
晨星電力股份有限公司,(加州儲能)後甲國中一期,太陽能,2026,73.798,0,臺南市東區林森路二段260號,227.25 kW,晨星電力股份有限公司,25SP2489-B026000001~75,5/20/26,2026-01-01~2026-03-31,認可,認可,73.798 MWh,0 MWh
艾涅爾電力股份有限公司,鎧銚-陳盈文PV0055,太陽能,2026,22.699,0,嘉義縣太保市新埤7之18號、19號,227.12 kW,艾涅爾電力股份有限公司,24SP0267-B026000023~45,4/8/26,2026-02-01~2026-02-28,認可,認可,22.699 MWh,0 MWh
怡和綠電超商股份有限公司,同偉興業-同偉,太陽能,2026,64.283,0,嘉義市東區保成路456號,227.045 kW,怡和綠電超商股份有限公司,25SP3723-B026000002~68,5/20/26,2026-01-01~2026-03-31,認可,認可,64.283 MWh,0 MWh
續興股份有限公司,山興一期,太陽能,2026,58.487,0,屏東縣長治鄉香楊路187之1號(屏東縣長治鄉進興段1097-0000、1099-0000、1099-0001地號),227.04 kW,續興股份有限公司,25SP0337-B026000001~60,5/20/26,2026-01-01~2026-03-31,認可,認可,58.487 MWh,0 MWh
陽光伏特家電力股份有限公司,睿聯台中1廠,太陽能,2026,46.624,0,臺中市外埔區水頭一路100巷61號,226.92 kW,陽光伏特家電力股份有限公司,23SP0221-B026000021~130,5/20/26,2026-01-01~2026-03-31,認可,認可,46.624 MWh,0 MWh
星星電力股份有限公司,仁登-新埔段1225地號,太陽能,2026,71.963,0,屏東縣內埔鄉新埔段1225地號,226.92 kW,星星電力股份有限公司,24SP2282-B026000001~73,5/20/26,2026-01-01~2026-03-31,認可,認可,71.963 MWh,0 MWh
阿波羅電力股份有限公司,廣稷林素霞,太陽能,2026,70.245,0,彰化縣芳苑鄉芳新路新街段585巷建320號,226.8 kW,阿波羅電力股份有限公司,24SP1662-B026000001~80,5/20/26,2026-01-01~2026-03-31,認可,認可,70.245 MWh,0 MWh
南方電力股份有限公司,友基工業太陽光電發電廠,太陽能,2026,28.143,0,雲林縣斗六市斗工二路20號、斗工六路9號,226.8 kW,南方電力股份有限公司,25SP0630-B026000052~144,4/1/26,2026-01-01~2026-02-28,認可,認可,28.143 MWh,0 MWh
中曜股份有限公司,中租 1687 號,太陽能,2026,6.236,0,屏東縣崁頂鄉頂義段1213地號,226.8 kW,中曜股份有限公司,24SP1759-B026000001~7,5/13/26,2026-01-01~2026-02-28,認可,認可,6.236 MWh,0 MWh
弘霖有限公司,弘霖自發自用,太陽能,2026,0,36.365,彰化縣鹿港鎮溝墘里溝墘巷290號,226.8 kW,弘霖有限公司,25SP1196-B026000001~38,5/20/26,2026-01-01~2026-03-31,認可,認可,0 MWh,36.365 MWh
大自然能源電業股份有限公司,NP121054C014瓦度(屏東內埔B),太陽能,2026,29.683,0,屏東縣內埔鄉豐田段0726-0000地號,226.8 kW,大自然能源電業股份有限公司,25SP0351-B026000001~41,5/20/26,2026-01-01~2026-03-31,認可,認可,29.683 MWh,0 MWh
大同智能股份有限公司,南投縣屋頂型太陽光電系統-南投內政部消防署(二期),太陽能,2026,58.295,0,南投縣竹山鎮大公街100號,226.8 kW,大同智能股份有限公司,25SP1756-B026000001~60,5/20/26,2026-01-01~2026-03-31,認可,認可,58.295 MWh,0 MWh
富威電力股份有限公司,旭天-東港聯絡處太陽光電發電廠,太陽能,2026,44.698,0,屏東縣東港鎮沿海路171號,226.8 kW,富威電力股份有限公司,25SP1915-B026000001~46,5/20/26,2026-02-01~2026-03-31,認可,認可,44.698 MWh,0 MWh
大同智能股份有限公司,南投縣屋頂型太陽光電系統-南投內政部消防署(三期),太陽能,2026,64.628,0,南投縣竹山鎮大公街100號,226.8 kW,大同智能股份有限公司,25SP1755-B026000001~66,5/20/26,2026-01-01~2026-03-31,認可,認可,64.628 MWh,0 MWh
天能綠電股份有限公司,台南市麻豆區金聯麻豆屋頂型太陽光電案場,太陽能,2026,79.349,0,臺南市麻豆區麻豆口5之2號,226.56 kW,天能綠電股份有限公司,22SP0097-B026000001~81,5/20/26,2026-01-01~2026-03-31,認可,認可,79.349 MWh,0 MWh
宇軒電業股份有限公司,後鎮段675-3地號,太陽能,2026,45.428,29.943,臺南市新營區後鎮段675-3地號,226.44 kW,宇軒電業股份有限公司,25SP2014-B026000001~77,5/20/26,2026-01-01~2026-03-31,認可,認可,45.428 MWh,29.943 MWh
南方電力股份有限公司,瑞隆畜牧場太陽光電發電廠,太陽能,2026,9.729,0,屏東縣萬丹鄉安和路290號,225.99 kW,南方電力股份有限公司,24SP0216-B026000001~11,4/1/26,2026-01-01~2026-02-28,認可,認可,9.729 MWh,0 MWh
星星電力股份有限公司,群益捷泰李太平(台南),太陽能,2026,82.429,0,臺南市鹽水區南港里坔頭港218之1號,225.97 kW,星星電力股份有限公司,25SP3328-B026000001~84,5/20/26,2026-01-01~2026-03-31,認可,認可,82.429 MWh,0 MWh
晨星電力股份有限公司,(沅碁)鳳西國中四~六期,太陽能,2026,77.894,0,高雄市鳳山區興中里光華路69號,225.8 kW,晨星電力股份有限公司,25SP3101-B026000001~79,5/20/26,2026-01-01~2026-03-31,認可,認可,77.894 MWh,0 MWh
光洋應用材料科技股份有限公司,光洋科F棟&汽車停車場,太陽能,2026,0,74.64,臺南市安南區工業二路2號,225.78 kW,光洋應用材料科技股份有限公司,23SP0133-B026000001~76,5/20/26,2026-01-01~2026-03-31,認可,認可,0 MWh,74.64 MWh
大自然能源電業股份有限公司,NP121072C007 (鍾建廷),太陽能,2026,36.265,22.585,屏東縣萬巒鄉新生路56之6號(新厝畜牧場),225.72 kW,大自然能源電業股份有限公司,25SP1261-B026000001~61,5/20/26,2026-01-01~2026-03-31,認可,認可,36.265 MWh,22.585 MWh
晨星電力股份有限公司,(賽斯)耀月企業,太陽能,2026,0,61.532,屏東縣長治鄉農園路5號,225.6 kW,晨星電力股份有限公司,25SP4392-B026000001~63,5/20/26,2026-01-01~2026-03-31,認可,認可,0 MWh,61.532 MWh
大自然能源電業股份有限公司,NP071026C001凱銳(力勁),太陽能,2026,42.72,0,臺中市西屯區科園路30號,225.43 kW,大自然能源電業股份有限公司,24SP1816-B026000001~44,4/1/26,2026-01-01~2026-02-28,認可,認可,42.72 MWh,0 MWh
大自然能源電業股份有限公司,NP201023C002領航(學甲信義121),太陽能,2026,45.023,31.276,臺南市學甲區信義段121、132、134、135地號,225.225 kW,大自然能源電業股份有限公司,24SP1293-B026000001~78,5/20/26,2026-01-01~2026-03-31,認可,認可,45.023 MWh,31.276 MWh
續興股份有限公司,新有嘉義2廠,太陽能,2026,73.94,0,嘉義縣大林鎮明華里湖底65號,225.18 kW,續興股份有限公司,25SP2748-B026000001~75,5/20/26,2026-01-01~2026-03-31,認可,認可,73.94 MWh,0 MWh
臺灣菸酒股份有限公司埔里酒廠,埔里酒廠北廠,太陽能,2026,0,62.111,南投縣埔里鎮中山路三段178號,225.12 kW,臺灣菸酒股份有限公司埔里酒廠,24SP0673-B026000001~63,4/15/26,2025-12-01~2026-02-28,認可,認可,0 MWh,62.111 MWh
怡和綠電超商股份有限公司,漢翔(王董)-楊琮琦,太陽能,2026,22.385,0,雲林縣水林鄉尖山村中尖山36之12號,225.05 kW,怡和綠電超商股份有限公司,25SP1283-B026000022~44,4/1/26,2026-02-01~2026-02-28,認可,認可,22.385 MWh,0 MWh
續興股份有限公司,東港TOYOTA,太陽能,2026,0,69.618,屏東縣東港鎮東新路20、22號,225 kW,續興股份有限公司,25SP2570-B026000001~71,5/20/26,2026-01-01~2026-03-31,認可,認可,0 MWh,69.618 MWh
怡和綠電超商股份有限公司,旭陞-蓬萊金島,太陽能,2026,57.08,0,彰化縣鹿港鎮上林段547-19地號,224.96 kW,怡和綠電超商股份有限公司,25SP2473-B026000001~59,5/20/26,2026-01-01~2026-03-31,認可,認可,57.08 MWh,0 MWh
南方電力股份有限公司,內門國小太陽光電發電廠,太陽能,2026,76.087,0,高雄市內門區內埔24號,224.48 kW,南方電力股份有限公司,24SP0915-B026000001~77,5/20/26,2026-01-01~2026-03-31,認可,認可,76.087 MWh,0 MWh
艾涅爾電力股份有限公司,日安-彰化松迅PV0350,太陽能,2026,43.006,0,彰化縣埔心鄉中正路一段557號,224.4 kW,艾涅爾電力股份有限公司,25SP0409-B026000001~44,4/8/26,2026-01-01~2026-02-28,認可,認可,43.006 MWh,0 MWh
晨星電力股份有限公司,(沅碁)青山國小一四五期,太陽能,2026,74.415,0,高雄市小港區飛機路153號/高松段0625-0000地號,224.335 kW,晨星電力股份有限公司,25SP3103-B026000001~75,5/20/26,2026-01-01~2026-03-31,認可,認可,74.415 MWh,0 MWh
續興股份有限公司,李建興二期,太陽能,2026,71.458,0,臺中市潭子區民族路3段213巷18號,224.25 kW,續興股份有限公司,25SP2757-B026000001~72,5/20/26,2026-01-01~2026-03-31,認可,認可,71.458 MWh,0 MWh
晨星電力股份有限公司,(永豐)桓宇2期,太陽能,2026,69.365,0,彰化縣和美鎮東原路241巷68號,223.86 kW,晨星電力股份有限公司,25SP3513-B026000001~71,5/20/26,2026-01-01~2026-03-31,認可,認可,69.365 MWh,0 MWh
星星電力股份有限公司,仁登-復興段677地號,太陽能,2026,70.741,0,屏東縣內埔鄉復興段677地號,223.82 kW,星星電力股份有限公司,24SP2194-B026000001~72,5/20/26,2026-01-01~2026-03-31,認可,認可,70.741 MWh,0 MWh
星星電力股份有限公司,仁登-復興段677-1地號,太陽能,2026,69.787,0,屏東縣內埔鄉復興段677-1地號,223.82 kW,星星電力股份有限公司,24SP2207-B026000001~71,5/20/26,2026-01-01~2026-03-31,認可,認可,69.787 MWh,0 MWh
天能綠電股份有限公司,豐光07-台南魏召成屋頂型太陽光電案場,太陽能,2026,65.749,6.524,臺南市鹽水區台南市鹽水區頂寮7號之6(鹽水區番仔厝段3446-0000地號),223.65 kW,天能綠電股份有限公司,24SP1620-B026000001~83,5/20/26,2026-01-01~2026-03-31,認可,認可,65.749 MWh,6.524 MWh
南方電力股份有限公司,夏天能源太陽光電發電廠,太陽能,2026,56.305,0,臺南市永康區中山南路119巷8號,223.59 kW,南方電力股份有限公司,25SP1798-B026000002~58,5/20/26,2026-01-01~2026-03-31,認可,認可,56.305 MWh,0 MWh
艾涅爾電力股份有限公司,太旭-北老(二)PV0033,太陽能,2026,27.194,0,新北市新店區新北市新店區屈尺路83號,223.45 kW,艾涅爾電力股份有限公司,25SP0617-B026000001~28,4/8/26,2026-01-01~2026-02-28,認可,認可,27.194 MWh,0 MWh
開陽電力股份有限公司,開陽能源股份有限公司-雲林縣土庫鎮崙內段1188地號,太陽能,2026,39.967,0,雲林縣土庫鎮崙內里崙內2之30號,223.44 kW,開陽電力股份有限公司,25SP0161-B026000001~41,4/1/26,2026-01-01~2026-02-28,認可,認可,39.967 MWh,0 MWh
香印永續股份有限公司,芯晨,太陽能,2026,67.728,0,屏東縣內埔鄉復興段924-2地號,223.41 kW,香印永續股份有限公司,25SP2452-B026000001~312,5/20/26,2026-01-01~2026-03-31,認可,認可,67.728 MWh,0 MWh
富威電力股份有限公司,惠來光電-田尾顏焜烈太陽光電發電廠,太陽能,2026,21.51,0,彰化縣田尾鄉仁里村鳳田路285巷12號,223.2 kW,富威電力股份有限公司,25SP1121-B026000026~55,4/1/26,2026-01-01~2026-02-28,認可,認可,21.51 MWh,0 MWh
怡和綠電超商股份有限公司,克林-濠瀅機械,太陽能,2026,72.589,0,臺南市安南區工業一路38號,223.2 kW,怡和綠電超商股份有限公司,25SP1582-B026000001~74,5/20/26,2026-01-01~2026-03-31,認可,認可,72.589 MWh,0 MWh
艾涅爾電力股份有限公司,賽斯-仁愛之家-慈惠精神醫院,太陽能,2026,40.441,0,高雄市大寮區鳳屏一路509號,223.125 kW,艾涅爾電力股份有限公司,24SP0183-B026000001~42,4/8/26,2026-01-01~2026-02-28,認可,認可,40.441 MWh,0 MWh
陽光伏特家電力股份有限公司,鴻灝電澎湖7廠,太陽能,2026,16.498,0,澎湖縣馬公市鐵線段0948-0000地號,223.04 kW,陽光伏特家電力股份有限公司,25SP2902-B026000001~18,5/20/26,2026-01-01~2026-03-31,認可,認可,16.498 MWh,0 MWh
傑傅能源股份有限公司,岡山區龍耀太陽能發電設備_岡山區大德一路181號,太陽能,2026,31.449,0,高雄市岡山區大德一路181號,223.04 kW,傑傅能源股份有限公司,24SP2073-B026000001~32,4/29/26,2026-01-01~2026-02-28,認可,認可,31.449 MWh,0 MWh
續興股份有限公司,溪口柳溝871,太陽能,2026,66.846,0,嘉義縣溪口鄉柳溝村南靖厝87之1號,222.58 kW,續興股份有限公司,24SP0801-B026000001~69,5/20/26,2026-01-01~2026-03-31,認可,認可,66.846 MWh,0 MWh
大立光電股份有限公司,大立光電股份有限公司 九廠,太陽能,2026,0,73.009,臺中市南屯區工業區十九路23號,222.525 kW,大立光電股份有限公司,25SP1003-B026000001~75,5/20/26,2026-01-01~2026-03-31,認可,認可,0 MWh,73.009 MWh
阿波羅電力股份有限公司,廣稷洪燕和一期,太陽能,2026,39.215,25.36,彰化縣二林鎮廣興巷2之17號,222.42 kW,阿波羅電力股份有限公司,24SP2054-B026000001~67,5/20/26,2026-01-01~2026-03-31,認可,認可,39.215 MWh,25.36 MWh
怡和綠電超商股份有限公司,嘉創-憲大實業 (台灣栗田),太陽能,2026,45.013,24.47,高雄市橋頭區芋林路260號,222.3 kW,怡和綠電超商股份有限公司,25SP2531-B026000001~74,5/20/26,2026-01-01~2026-03-31,認可,認可,45.013 MWh,24.47 MWh
中曜股份有限公司,中租 2324 號,太陽能,2026,6.975,0,屏東縣佳冬鄉船頭段672地號,222 kW,中曜股份有限公司,24SP2382-B026000001~8,5/13/26,2026-01-01~2026-02-28,認可,認可,6.975 MWh,0 MWh
怡和綠電超商股份有限公司,晁能-施有棟222,太陽能,2026,69.034,0,彰化縣芳苑鄉新復路2段512巷273弄建37號,222 kW,怡和綠電超商股份有限公司,25SP1722-B026000001~70,5/20/26,2026-01-01~2026-03-31,認可,認可,69.034 MWh,0 MWh
中曜股份有限公司,中租 1860 號,太陽能,2026,6.83,0,屏東縣佳冬鄉佳和段2508地號,222 kW,中曜股份有限公司,24SP2431-B026000001~8,5/13/26,2026-01-01~2026-02-28,認可,認可,6.83 MWh,0 MWh
大同智能股份有限公司,台中市屋頂型太陽光電系統-清海國中二期,太陽能,2026,64.81,0,臺中市清水區中央路51-60號,221.76 kW,大同智能股份有限公司,24SP0722-B026000001~67,5/20/26,2026-01-01~2026-03-31,認可,認可,64.81 MWh,0 MWh
晨星電力股份有限公司,(沅碁)竹滬國小一二期&第三期-地面型,太陽能,2026,73.937,0,高雄市路竹區成功路2號,221.76 kW,晨星電力股份有限公司,25SP2727-B026000001~76,5/20/26,2026-01-01~2026-03-31,認可,認可,73.937 MWh,0 MWh
中曜股份有限公司,永唐 98 號,太陽能,2026,6.08,0,屏東縣枋寮鄉中山段93-1地號,221.68 kW,中曜股份有限公司,25SP0084-B026000001~8,5/13/26,2026-01-01~2026-02-28,認可,認可,6.08 MWh,0 MWh
艾涅爾電力股份有限公司,台一_營盤國小PV0119,太陽能,2026,41.549,0,南投縣南投市南投縣南投市營盤路136號(南投縣立營盤國民小學),221.34 kW,艾涅爾電力股份有限公司,25SP0946-B026000001~43,4/8/26,2026-01-01~2026-02-28,認可,認可,41.549 MWh,0 MWh
阿波羅電力股份有限公司,廣稷洪燕和二期,太陽能,2026,54.337,11.092,彰化縣二林鎮廣興巷2之1號、2之17號,221.16 kW,阿波羅電力股份有限公司,24SP2055-B026000001~68,5/20/26,2026-01-01~2026-03-31,認可,認可,54.337 MWh,11.092 MWh
十萬伏特電力股份有限公司,三夏精機一廠案,太陽能,2026,40.023,0,臺中市南屯區精科七路1號,221 kW,十萬伏特電力股份有限公司,25SP4081-B026000001~42,4/22/26,2026-01-01~2026-02-28,認可,認可,40.023 MWh,0 MWh
晨星電力股份有限公司,(統益)來義高中,太陽能,2026,59.455,0,屏東縣來義鄉中正路147號(屏東縣立來義高級中學),221 kW,晨星電力股份有限公司,25SP1430-B026000001~60,5/20/26,2026-01-01~2026-03-31,認可,認可,59.455 MWh,0 MWh
阿波羅電力股份有限公司,環球大宇宙勞工局博愛職訓中心一二期,太陽能,2026,0,70.245,高雄市三民區十全三路101號,220.95 kW,阿波羅電力股份有限公司,25SP4264-B026000001~72,5/20/26,2026-01-01~2026-03-31,認可,認可,0 MWh,70.245 MWh
續興股份有限公司,旭信電力景美廠,太陽能,2026,44.98,0,宜蘭縣五結鄉頂清路99號,220.875 kW,續興股份有限公司,24SP0259-B026000001~47,5/20/26,2026-01-01~2026-03-31,認可,認可,44.98 MWh,0 MWh
星星電力股份有限公司,茂誠 - 嘉里大榮(嘉義廠),太陽能,2026,65.086,0,嘉義縣民雄鄉福興村牛稠溪1之69號 / 牛稠溪段0379-0000、0380-0000、0381-0000、0382-0000、0383-0000地號,220.8 kW,星星電力股份有限公司,25SP3215-B026000001~70,5/20/26,2026-01-01~2026-03-31,認可,認可,65.086 MWh,0 MWh
陽光伏特家電力股份有限公司,凱銳能源彰化2廠,太陽能,2026,66.724,0,彰化縣鹿港鎮鹿工北一路3號,220.8 kW,陽光伏特家電力股份有限公司,24SP2306-B026000001~68,5/20/26,2026-01-01~2026-03-31,認可,認可,66.724 MWh,0 MWh
辰昇能源股份有限公司,光榮國小,太陽能,2026,44.464,0,高雄市鹽埕區大智段0067-0000、0068-0000地號,220.72 kW,辰昇能源股份有限公司,25SP0586-B026000001~46,5/20/26,2026-01-01~2026-03-31,認可,認可,44.464 MWh,0 MWh
晨星電力股份有限公司,(寶陽)勇昌機械工程(有),太陽能,2026,72.346,0,高雄市大寮區鳳屏二路7之1號,220.675 kW,晨星電力股份有限公司,25SP3083-B026000001~73,5/20/26,2026-01-01~2026-03-31,認可,認可,72.346 MWh,0 MWh
星星電力股份有限公司,新揚 - 候進財畜舍,太陽能,2026,60.92,0,嘉義縣朴子市嘉義縣朴子市雙溪口249號,220.58 kW,星星電力股份有限公司,25SP1976-B026000001~63,5/20/26,2026-01-01~2026-03-31,認可,認可,60.92 MWh,0 MWh
怡和綠電超商股份有限公司,加州能源-東森水處理,太陽能,2026,66.824,0,屏東縣萬丹鄉廣志街110巷23號,220.5 kW,怡和綠電超商股份有限公司,25SP1869-B026000001~68,5/20/26,2026-01-01~2026-03-31,認可,認可,66.824 MWh,0 MWh
續興股份有限公司,模奇實業,太陽能,2026,69.539,0,彰化縣和美鎮北堂路149號、143巷16號,220.5 kW,續興股份有限公司,25SP3752-B026000001~71,5/20/26,2026-01-01~2026-03-31,認可,認可,69.539 MWh,0 MWh
台灣積體電路製造股份有限公司(F15P5植生牆),台灣積體電路製造股份有限公司 (F15P5植生牆),太陽能,2026,0,45.58,臺中市西屯區台中市台中市西屯區新科路1號(F15P5),220.5 kW,台灣積體電路製造股份有限公司(F15P5植生牆),19SP0037-B026000001~47,5/20/26,2026-01-01~2026-03-31,認可,認可,0 MWh,45.58 MWh
宇軒電業股份有限公司,後鎮段675-4地號,太陽能,2026,43.705,29.025,臺南市新營區後鎮段675-4地號,220.455 kW,宇軒電業股份有限公司,25SP2019-B026000001~75,5/20/26,2026-01-01~2026-03-31,認可,認可,43.705 MWh,29.025 MWh
南方電力股份有限公司,泓錠-青年國中籃球場太陽光電發電廠,太陽能,2026,70.22,0,高雄市鳳山區新庄子段139-1、141地號(籃球場),220.4 kW,南方電力股份有限公司,25SP0267-B026000001~72,5/20/26,2026-01-01~2026-03-31,認可,認可,70.22 MWh,0 MWh
怡和綠電超商股份有限公司,加州-學東國小三期風雨球場,太陽能,2026,70.005,0,臺南市安南區學東段246、251地號,220.32 kW,怡和綠電超商股份有限公司,25SP2594-B026000001~71,5/20/26,2026-01-01~2026-03-31,認可,認可,70.005 MWh,0 MWh
阿波羅電力股份有限公司,辰翔蔡鴻凱雞舍,太陽能,2026,68.754,0,彰化縣大城鄉中山路290巷建276號,220.2 kW,阿波羅電力股份有限公司,25SP0524-B026000001~70,5/20/26,2026-01-01~2026-03-31,認可,認可,68.754 MWh,0 MWh
富威電力股份有限公司,台信-高樹南華段207太陽光電發電廠,太陽能,2026,34.347,0,屏東縣高樹鄉南華段0207-0000地號,220.16 kW,富威電力股份有限公司,25SP1934-B026000015~60,4/1/26,2026-01-01~2026-02-28,認可,認可,34.347 MWh,0 MWh
天能綠電股份有限公司,勝皇(二)-雲林廣兆蕙生技,太陽能,2026,0,18.242,雲林縣莿桐鄉甘西村甘西49之12號,220.11 kW,天能綠電股份有限公司,25SP4060-B026000001~19,4/22/26,2026-01-01~2026-01-31,認可,認可,0 MWh,18.242 MWh
阿波羅電力股份有限公司,環球大宇宙楠梓高中A棟,太陽能,2026,72.872,0,高雄市楠梓區清豐路19號,219.9 kW,阿波羅電力股份有限公司,24SP0520-B026000001~75,5/20/26,2026-01-01~2026-03-31,認可,認可,72.872 MWh,0 MWh
天能綠電股份有限公司,豐光15--台中林玉山屋頂型光電案場,太陽能,2026,61.224,7.148,臺中市大甲區東明路35之6號,219.745 kW,天能綠電股份有限公司,25SP0431-B026000001~77,5/20/26,2026-01-01~2026-03-31,認可,認可,61.224 MWh,7.148 MWh
陽光伏特家電力股份有限公司,磐石台中1廠,太陽能,2026,38.263,0,臺中市太平區光德路523號,219.6 kW,陽光伏特家電力股份有限公司,24SP1927-B026000001~99,5/20/26,2026-01-01~2026-03-31,認可,認可,38.263 MWh,0 MWh
天能綠電股份有限公司,豐光14-屏東顧建平屋頂型太陽光電案場,太陽能,2026,56.963,1.896,屏東縣萬巒鄉屏東縣萬巒鄉赤山村富山路1-7號(屏東縣萬巒鄉富山段0348-0000地號),219.39 kW,天能綠電股份有限公司,24SP1981-B026000001~67,5/20/26,2026-01-01~2026-03-31,認可,認可,56.963 MWh,1.896 MWh
艾涅爾電力股份有限公司,承品綠能-謝順利,太陽能,2026,39.74,0,彰化縣鹿港鎮鹿鳴段0826-0000地號,219.39 kW,艾涅爾電力股份有限公司,24SP1503-B026000001~41,4/8/26,2026-01-01~2026-02-28,認可,認可,39.74 MWh,0 MWh
大自然能源電業股份有限公司,NP041066COO1諾可(呈定),太陽能,2026,31.308,20.305,桃園市中壢區松柏路3號,219.26 kW,大自然能源電業股份有限公司,25SP0787-B026000001~56,5/20/26,2026-01-01~2026-03-31,認可,認可,31.308 MWh,20.305 MWh
怡和綠電超商股份有限公司,生燦-長治豬舍,太陽能,2026,20.306,15.5,屏東縣長治鄉復興村復興路331之2號,219.25 kW,怡和綠電超商股份有限公司,25SP2678-B026000001~37,5/20/26,2026-01-01~2026-03-31,認可,認可,20.306 MWh,15.5 MWh
星星電力股份有限公司,傑陽-二崙-朱仲濤,太陽能,2026,18.236,0,雲林縣二崙鄉太平路123號,219.2 kW,星星電力股份有限公司,25SP2995-B026000018~36,4/8/26,2026-02-01~2026-02-28,認可,認可,18.236 MWh,0 MWh
大自然能源電業股份有限公司,NP121065C001林葳,太陽能,2026,47.713,0,屏東縣麟洛鄉農場段944-1地號,219.12 kW,大自然能源電業股份有限公司,25SP0447-B026000001~59,5/20/26,2026-01-01~2026-03-31,認可,認可,47.713 MWh,0 MWh
晨星電力股份有限公司,(沅碁)小港國小地面型,太陽能,2026,67.688,1.875,高雄市小港區港和段二小段0158-0000、0520-0000地號,219.12 kW,晨星電力股份有限公司,25SP3099-B026000001~79,5/20/26,2026-01-01~2026-03-31,認可,認可,67.688 MWh,1.875 MWh
寶富電力股份有限公司,林邊五小福-1-寶禧-光林段747地號,太陽能,2026,76.14,0,屏東縣林邊鄉光林段747地號,219.12 kW,寶富電力股份有限公司,25SP0672-B026000018~101,5/20/26,2026-01-01~2026-03-31,認可,認可,76.14 MWh,0 MWh
續興股份有限公司,黃瓊雲三期,太陽能,2026,67.192,0,屏東縣鹽埔鄉豐年路1之56號,218.94 kW,續興股份有限公司,25SP1077-B026000001~69,5/20/26,2026-01-01~2026-03-31,認可,認可,67.192 MWh,0 MWh
正德防火工業股份有限公司,正德防火,太陽能,2026,0,41.36,桃園市蘆竹區南山路一段258號,218.855 kW,正德防火工業股份有限公司,25SP0528-B026000001~42,5/20/26,2026-01-01~2026-03-31,認可,認可,0 MWh,41.36 MWh
星星電力股份有限公司,傑陽-麥寮-許太平,太陽能,2026,16.829,0,雲林縣麥寮鄉許厝路185號,218.79 kW,星星電力股份有限公司,25SP3386-B026000017~33,4/8/26,2026-02-01~2026-02-28,認可,認可,16.829 MWh,0 MWh
富威電力股份有限公司,富崴1-2-正農化學太陽光電發電廠,太陽能,2026,34.371,10.783,彰化縣伸港鄉線工北一路13號,218.7 kW,富威電力股份有限公司,25SP1128-B026000081~331,5/20/26,2026-01-01~2026-03-31,認可,認可,34.371 MWh,10.783 MWh
瓦力電能股份有限公司,台南市歸仁區218.400瓩(T6218),太陽能,2026,34.074,22.463,臺南市歸仁區大潭里長榮路二段75巷368號,218.4 kW,瓦力電能股份有限公司,25SP0660-B026000001~58,5/20/26,2026-01-01~2026-03-31,認可,認可,34.074 MWh,22.463 MWh
天能綠電股份有限公司,首特精密_緯西企業(首特)二期,太陽能,2026,48.068,0,嘉義縣大林鎮大工二段0023-0000地號,218.4 kW,天能綠電股份有限公司,25SP0322-B026000001~49,5/20/26,2026-01-01~2026-03-31,認可,認可,48.068 MWh,0 MWh
星星電力股份有限公司,群益淵旭鄭茂祥(台南),太陽能,2026,41.651,0,臺南市七股區看坪里61之5號,218.3 kW,星星電力股份有限公司,25SP2983-B026000001~43,4/8/26,2026-01-01~2026-02-28,認可,認可,41.651 MWh,0 MWh
大自然能源電業股份有限公司,NP121072C009銘光(簡秉豐),太陽能,2026,56.06,6.018,屏東縣崁頂鄉力社路10之30號,218.24 kW,大自然能源電業股份有限公司,25SP3285-B026000001~68,5/20/26,2026-01-01~2026-03-31,認可,認可,56.06 MWh,6.018 MWh
天能綠電股份有限公司,豐光14--嘉義簡聰河屋頂型光電案場,太陽能,2026,40.913,25.63,嘉義縣大林鎮嘉義縣大林鎮義和里中興路二段791巷22之1號,217.97 kW,天能綠電股份有限公司,25SP0064-B026000001~73,5/20/26,2026-01-01~2026-03-31,認可,認可,40.913 MWh,25.63 MWh
南方電力股份有限公司,桓晶太陽光電發電廠,太陽能,2026,25.726,0,彰化縣竹塘鄉東陽路2段163巷175弄建66號、建68號,217.8 kW,南方電力股份有限公司,24SP2618-B026000001~142,4/1/26,2026-01-01~2026-02-28,認可,認可,25.726 MWh,0 MWh
宇軒電業股份有限公司,保源段1683-10地號,太陽能,2026,0,76.052,臺南市將軍區保源段1683-10地號,217.8 kW,宇軒電業股份有限公司,25SP3670-B026000001~77,5/20/26,2026-01-01~2026-03-31,認可,認可,0 MWh,76.052 MWh
富威電力股份有限公司,日盛全-家豐牧場太陽光電發電廠,太陽能,2026,46.272,10.399,臺南市柳營區長榮路六段2號,217.8 kW,富威電力股份有限公司,25SP1141-B026000001~82,5/20/26,2026-01-01~2026-03-31,認可,認可,46.272 MWh,10.399 MWh
中鋼光能股份有限公司,中龍扁鋼胚連鑄維護廠房,太陽能,2026,53.909,0,臺中市龍井區龍昌路100號,217.6 kW,中鋼光能股份有限公司,23SP0093-B026000001~55,5/20/26,2026-01-01~2026-03-31,認可,認可,53.909 MWh,0 MWh
續興股份有限公司,謝水來,太陽能,2026,67.787,0,彰化縣芳苑鄉小西路732巷175弄建116號,217.56 kW,續興股份有限公司,25SP2812-B026000001~69,5/20/26,2026-01-01~2026-03-31,認可,認可,67.787 MWh,0 MWh
士林電機廠股份有限公司,士林電機廠股份有限公司電裝廠材料倉,太陽能,2026,0,26.832,新竹縣湖口鄉中華路17號,217.36 kW,士林電機廠股份有限公司,24SP0084-B026000001~27,4/15/26,2026-01-01~2026-02-28,認可,認可,0 MWh,26.832 MWh
天能綠電股份有限公司,鼎勝-可大興217.35kwp屋頂型太陽光電案場,太陽能,2026,67.972,0,臺南市永康區中山北路717號、719號,217.35 kW,天能綠電股份有限公司,24SP2079-B026000001~70,5/20/26,2026-01-01~2026-03-31,認可,認可,67.972 MWh,0 MWh
宇軒電業股份有限公司,三軍餐廳,太陽能,2026,22.322,0,屏東縣恆春鎮省北路2段80號,217 kW,宇軒電業股份有限公司,25SP1877-B026000023~45,4/15/26,2026-02-01~2026-02-28,認可,認可,22.322 MWh,0 MWh
阿波羅電力股份有限公司,環球大宇宙文賢市場,太陽能,2026,67.478,0,高雄市岡山區岡山路239號,216.81 kW,阿波羅電力股份有限公司,24SP0524-B026000001~69,5/20/26,2026-01-01~2026-03-31,認可,認可,67.478 MWh,0 MWh
星星電力股份有限公司,傑陽-元長-李奇峰,太陽能,2026,18.084,0,雲林縣元長鄉長南村西勢路3之26號,216.75 kW,星星電力股份有限公司,25SP2258-B026000019~37,4/8/26,2026-02-01~2026-02-28,認可,認可,18.084 MWh,0 MWh
富威電力股份有限公司,惠來光電-虎尾林慶一太陽光電發電廠,太陽能,2026,40.625,13.406,雲林縣虎尾鎮惠來里惠來220-6號,216.6 kW,富威電力股份有限公司,25SP0507-B026000081~340,5/20/26,2026-01-01~2026-03-31,認可,認可,40.625 MWh,13.406 MWh
統奕包裝股份有限公司,統奕包裝B棟,太陽能,2026,0,85.88,臺南市麻豆區麻口里麻柚路465號,216.6 kW,統奕包裝股份有限公司,25SP0478-B026000001~87,5/20/26,2025-11-21~2026-03-31,認可,認可,0 MWh,85.88 MWh
大自然能源電業股份有限公司,NP071052C001(臺中市龍井農會一期),太陽能,2026,40.244,26.98,臺中市龍井區龍西里龍門路40號,216.6 kW,大自然能源電業股份有限公司,25SP0568-B026000001~68,5/20/26,2026-01-01~2026-03-31,認可,認可,40.244 MWh,26.98 MWh
晨星電力股份有限公司,(賽斯)佳湘源,太陽能,2026,0,73.348,屏東縣佳冬鄉佳和路153之25號,216.58 kW,晨星電力股份有限公司,25SP4393-B026000001~75,5/20/26,2026-01-01~2026-03-31,認可,認可,0 MWh,73.348 MWh
星星電力股份有限公司,群益曦力沈招賓(台南),太陽能,2026,70.376,0,臺南市六甲區中正路1213之1號(水漆林段147-000地號),216.53 kW,星星電力股份有限公司,25SP3327-B026000001~72,5/20/26,2026-01-01~2026-03-31,認可,認可,70.376 MWh,0 MWh
續興股份有限公司,屏東里港雞舍,太陽能,2026,53.948,0,屏東縣里港鄉土庫路4之40號,216.24 kW,續興股份有限公司,24SP0958-B026000001~56,5/20/26,2026-01-01~2026-03-31,認可,認可,53.948 MWh,0 MWh
大自然能源電業股份有限公司,NP091019C17向南-蔡金美,太陽能,2026,39.644,28.305,嘉義縣東石鄉鰲鼓村鰲鼓256號,216 kW,大自然能源電業股份有限公司,24SP1421-B026000001~69,5/20/26,2026-01-01~2026-03-31,認可,認可,39.644 MWh,28.305 MWh
禾丰電力股份有限公司,豐樂-彰化牛棚1,太陽能,2026,29.729,0,彰化縣福興鄉新生路建80之50號,216 kW,禾丰電力股份有限公司,24SP2434-B026000001~32,5/20/26,2026-01-01~2026-03-31,認可,認可,29.729 MWh,0 MWh
赫碩光電股份有限公司,赫碩光電宜蘭廠太陽能一期216KW,太陽能,2026,0,39.151,宜蘭縣五結鄉利工段186-55、186-57地號(地面),216 kW,赫碩光電股份有限公司,25SP1040-B026000001~41,5/20/26,2026-01-01~2026-03-31,認可,認可,0 MWh,39.151 MWh
宇軒電業股份有限公司,蒙特利,太陽能,2026,20.593,0,彰化縣溪州鄉俊智路123、237號,215.7 kW,宇軒電業股份有限公司,25SP0931-B026000020~40,4/15/26,2026-02-01~2026-02-28,認可,認可,20.593 MWh,0 MWh
怡和綠電超商股份有限公司,元圓(科風)-竹塘雞舍,太陽能,2026,56.288,0,彰化縣竹塘鄉竹鹿路保安巷建53之9號(彰化縣竹塘鄉竹林段0658-0000地號),215.635 kW,怡和綠電超商股份有限公司,25SP0796-B026000001~58,5/20/26,2026-01-01~2026-03-31,認可,認可,56.288 MWh,0 MWh
天能綠電股份有限公司,聯合再生34-龍岡國中桃園市中壢區屋頂型太陽能光電場,太陽能,2026,48.429,0,桃園市中壢區龍東路147號,215.56 kW,天能綠電股份有限公司,25SP1465-B026000001~57,5/20/26,2026-01-01~2026-03-31,認可,認可,48.429 MWh,0 MWh
南方電力股份有限公司,高雄市甲仙區公館段23、24-1地號太陽光電發電廠,太陽能,2026,29.21,0,高雄市甲仙區公館段23、24-1地號,215.38 kW,南方電力股份有限公司,24SP1325-B026000001~31,5/20/26,2026-01-01~2026-03-31,認可,認可,29.21 MWh,0 MWh
續興股份有限公司,永山實業,太陽能,2026,67.444,0,彰化縣埤頭鄉中華路650巷32號,215.38 kW,續興股份有限公司,25SP2822-B026000001~70,5/20/26,2026-01-01~2026-03-31,認可,認可,67.444 MWh,0 MWh
艾涅爾電力股份有限公司,蔡佳明PV0003,太陽能,2026,44.246,0,嘉義縣義竹鄉過路子段過路小段0900-0000地號,215.08 kW,艾涅爾電力股份有限公司,23SP0375-B026000002~47,4/8/26,2026-01-01~2026-02-28,認可,認可,44.246 MWh,0 MWh
天能綠電股份有限公司,得貹大村2期太陽光電案場,太陽能,2026,64.881,0,彰化縣彰化市中正東路162號,214.88 kW,天能綠電股份有限公司,24SP1980-B026000020~85,5/20/26,2026-01-01~2026-03-31,認可,認可,64.881 MWh,0 MWh
怡和綠電超商股份有限公司,欣雄-屏東內埔上龍泉案763-3,太陽能,2026,20.914,0,屏東縣內埔鄉上龍泉段763-3地號,214.83 kW,怡和綠電超商股份有限公司,25SP0333-B026000022~42,4/1/26,2026-02-01~2026-02-28,認可,認可,20.914 MWh,0 MWh
續興股份有限公司,達成聚化,太陽能,2026,61.847,0,高雄市大寮區莒光一街3號,214.83 kW,續興股份有限公司,24SP1930-B026000001~63,5/20/26,2026-01-01~2026-03-31,認可,認可,61.847 MWh,0 MWh
大自然能源電業股份有限公司,NP091032C005(後壁1325地號),太陽能,2026,43.545,29.849,臺南市後壁區道道場段1325-0000、1326-0000地號,214.73 kW,大自然能源電業股份有限公司,25SP1268-B026000001~75,5/20/26,2026-01-01~2026-03-31,認可,認可,43.545 MWh,29.849 MWh
怡和綠電超商股份有限公司,嘉創-李智雄,太陽能,2026,33.138,0,雲林縣元長鄉元西路27巷6號,214.5 kW,怡和綠電超商股份有限公司,25SP2893-B026000013~49,5/20/26,2026-01-01~2026-03-31,認可,認可,33.138 MWh,0 MWh
天能綠電股份有限公司,和潤電能-彰化汙染地762號213.84kwp地面型太陽光電案場,太陽能,2026,79.266,0,彰化縣鹿港鎮振興段762地號,213.84 kW,天能綠電股份有限公司,24SP0531-B026000001~83,5/20/26,2026-01-01~2026-03-31,認可,認可,79.266 MWh,0 MWh
續興股份有限公司,正順車刀二廠,太陽能,2026,72.557,0,高雄市大社區民族路12之10號,213.84 kW,續興股份有限公司,25SP0090-B026000001~74,5/20/26,2026-01-01~2026-03-31,認可,認可,72.557 MWh,0 MWh
天能綠電股份有限公司,聯合再生11-潛龍國小桃園市龍潭區屋頂型太陽能光電場,太陽能,2026,38.94,0,桃園市龍潭區中豐路401號,213.84 kW,天能綠電股份有限公司,25SP2698-B026000003~47,5/20/26,2026-01-01~2026-03-31,認可,認可,38.94 MWh,0 MWh
艾涅爾電力股份有限公司,鎧銚-徐許碧PV0129,太陽能,2026,37.853,0,雲林縣大埤鄉三結村頂埤24之2、24之3號,213.75 kW,艾涅爾電力股份有限公司,24SP0706-B026000001~39,4/8/26,2026-01-01~2026-02-28,認可,認可,37.853 MWh,0 MWh
續興股份有限公司,陳新安,太陽能,2026,59.285,0,臺南市安南區工明二路62、66、68、70號,213.61 kW,續興股份有限公司,25SP2690-B026000001~61,5/20/26,2026-01-01~2026-03-31,認可,認可,59.285 MWh,0 MWh
寶島陽光電力事業股份有限公司,豐照能源股份有限公司(TW180856),太陽能,2026,53.735,8.147,臺南市永康區正北一路146號,213.5 kW,寶島陽光電力事業股份有限公司,24SP2099-B026000001~68,5/20/26,2026-01-01~2026-03-31,認可,認可,53.735 MWh,8.147 MWh
艾涅爾電力股份有限公司,晁宇-顏松源,太陽能,2026,11.865,18.576,雲林縣斗六市咬狗庄0241-0000地號,213.49 kW,艾涅爾電力股份有限公司,24SP2478-B026000001~38,4/8/26,2026-01-01~2026-02-28,認可,認可,11.865 MWh,18.576 MWh
俊馳材料科技股份有限公司,俊馳材料科技股份有限公司,太陽能,2026,0,51.84,桃園市觀音區環南路206號,213.44 kW,俊馳材料科技股份有限公司,25SP3365-B026000001~52,4/1/26,2025-11-21~2026-02-28,認可,認可,0 MWh,51.84 MWh
天能綠電股份有限公司,豐光05-嘉義林鴻茂屋頂型太陽光電案場,太陽能,2026,42.721,27.336,嘉義縣東石鄉嘉義縣東石鄉港墘厝58-19號、58之18號,213.355 kW,天能綠電股份有限公司,24SP2503-B026000001~76,5/20/26,2026-01-01~2026-03-31,認可,認可,42.721 MWh,27.336 MWh
宜特科技股份有限公司,宜特科技股份有限公司,太陽能,2026,0,40.464,新竹市東區園區二路17號,213.2 kW,宜特科技股份有限公司,25SP1155-B026000001~42,5/20/26,2026-01-01~2026-03-31,認可,認可,0 MWh,40.464 MWh
晨星電力股份有限公司,(陽光綠能)海洋水池一二期,太陽能,2026,12.293,40.115,高雄市茄萣區#01 正大路500號 / #02 興達段31-1、32地號,213.2 kW,晨星電力股份有限公司,25SP4384-B026000001~61,5/20/26,2026-01-01~2026-03-31,認可,認可,12.293 MWh,40.115 MWh
艾涅爾電力股份有限公司,昰暟科技-蔡文禮PV2018,太陽能,2026,28.538,0,彰化縣埤頭鄉彰水路1段84巷211弄3號,213.195 kW,艾涅爾電力股份有限公司,25SP0555-B026000001~30,4/8/26,2026-01-01~2026-02-28,認可,認可,28.538 MWh,0 MWh
台灣山葉機車工業股份有限公司,台灣山葉機車工業股份有限公司(附屬棟及新廢水場),太陽能,2026,0,78.072,新竹縣湖口鄉新竹縣湖口鄉東興村山葉路81號,213.155 kW,台灣山葉機車工業股份有限公司,25SP2671-B026000001~79,5/20/26,2025-10-27~2026-03-31,認可,認可,0 MWh,78.072 MWh
陽光伏特家電力股份有限公司,新光彰化17廠,太陽能,2026,64.275,0,彰化縣大城鄉南平路675巷建345號,212.97 kW,陽光伏特家電力股份有限公司,24SP2460-B026000001~65,5/20/26,2026-01-01~2026-03-31,認可,認可,64.275 MWh,0 MWh
陽光伏特家電力股份有限公司,嘉義阿里4號,太陽能,2026,18.047,0,嘉義縣義竹鄉上溪洲34號,212.7 kW,陽光伏特家電力股份有限公司,24SP2419-B026000001~19,4/1/26,2026-01-01~2026-02-28,認可,認可,18.047 MWh,0 MWh
富威電力股份有限公司,祐茂-彰化埤頭太陽光電發電廠,太陽能,2026,45.115,14.302,彰化縣埤頭鄉六號巷建192號,212.625 kW,富威電力股份有限公司,25SP0961-B026000081~345,5/20/26,2026-01-01~2026-03-31,認可,認可,45.115 MWh,14.302 MWh
大自然能源電業股份有限公司,NP181059C002 均一食品,太陽能,2026,55.958,6.393,高雄市大寮區琉園二街338號,212.42 kW,大自然能源電業股份有限公司,25SP3636-B026000001~68,5/20/26,2026-01-01~2026-03-31,認可,認可,55.958 MWh,6.393 MWh
艾涅爾電力股份有限公司,研陽-洽億企業社PV0615,太陽能,2026,42.808,0,彰化縣和美鎮東萊路94巷313號,212.4 kW,艾涅爾電力股份有限公司,25SP0632-B026000001~43,4/8/26,2026-01-01~2026-02-28,認可,認可,42.808 MWh,0 MWh
晨星電力股份有限公司,(永豐)穩盛,太陽能,2026,71.725,0,彰化縣和美鎮太平路309巷100弄17號(彰化縣和美鎮大霞段553、553-8地號，僅設置於553地號),212.16 kW,晨星電力股份有限公司,25SP3307-B026000001~73,5/20/26,2026-01-01~2026-03-31,認可,認可,71.725 MWh,0 MWh
大自然能源電業股份有限公司,NP121041C003(頓物段18-1地號),太陽能,2026,68.187,0,屏東縣竹田鄉頓物段0018-0001地號,212.16 kW,大自然能源電業股份有限公司,24SP1736-B026000001~71,5/20/26,2026-01-01~2026-03-31,認可,認可,68.187 MWh,0 MWh
大同智能股份有限公司,沅碁光電_大同國小停車場(地面型),太陽能,2026,53.699,0,高雄市前金區前金段433、433-1地號,211.895 kW,大同智能股份有限公司、晨星電力股份有限公司,24SP1850-B026000001~55,5/20/26,2026-01-01~2026-03-31,認可,認可,53.699 MWh,0 MWh
富威電力股份有限公司,旭天-大甲聯絡處太陽光電發電廠,太陽能,2026,59.762,0,臺中市大甲區新政路456號,211.86 kW,富威電力股份有限公司,25SP3109-B026000001~61,5/20/26,2026-01-01~2026-03-31,認可,認可,59.762 MWh,0 MWh
開陽電力股份有限公司,開陽能源股份有限公司-雲林縣褒忠鄉六勝795,太陽能,2026,37.472,0,雲林縣褒忠鄉馬鳴村泰安3之10號,211.68 kW,開陽電力股份有限公司,25SP0243-B026000001~38,4/1/26,2026-01-01~2026-02-28,認可,認可,37.472 MWh,0 MWh
續興股份有限公司,德慧76-66,太陽能,2026,69.468,0,臺南市山上區明和里明和76之66號,211.56 kW,續興股份有限公司,25SP1082-B026000001~71,5/20/26,2026-01-01~2026-03-31,認可,認可,69.468 MWh,0 MWh
寶嘉誠工業股份有限公司,寶嘉誠一期,太陽能,2026,0,51.922,臺中市烏日區溪南路一段105號,211.28 kW,寶嘉誠工業股份有限公司,24SP1587-B026000001~53,5/20/26,2026-01-01~2026-03-31,認可,認可,0 MWh,51.922 MWh
續興股份有限公司,恆鉅工業,太陽能,2026,57.975,0,高雄市大寮區裕民街17號,211.2 kW,續興股份有限公司,24SP0401-B026000001~59,5/20/26,2026-01-01~2026-03-31,認可,認可,57.975 MWh,0 MWh
艾涅爾電力股份有限公司,太旭-佳值化學觀音廠PV0092,太陽能,2026,22.838,0,桃園市觀音區經建四路2之32號,211.14 kW,艾涅爾電力股份有限公司,24SP0107-B026000002~25,4/8/26,2026-01-01~2026-02-28,認可,認可,22.838 MWh,0 MWh
香印永續股份有限公司,大明寺,太陽能,2026,61.572,0,臺南市關廟區關新一街116巷31號,210.8 kW,香印永續股份有限公司,25SP0572-B026000001~639,5/20/26,2026-01-01~2026-03-31,認可,認可,61.572 MWh,0 MWh
星星電力股份有限公司,仁登-大港洋段987、988地號,太陽能,2026,65.461,0,屏東縣里港鄉大港洋段987、988地號,210.8 kW,星星電力股份有限公司,24SP2184-B026000001~67,5/20/26,2026-01-01~2026-03-31,認可,認可,65.461 MWh,0 MWh
陽光伏特家電力股份有限公司,聯奇台南4廠,太陽能,2026,28.983,0,臺南市新市區中心東路12號,210.7 kW,陽光伏特家電力股份有限公司,25SP0091-B026000002~42,5/20/26,2026-01-01~2026-03-31,認可,認可,28.983 MWh,0 MWh
天能綠電股份有限公司,龐誼綠能-高雄岡山金富1、2期高雄市太陽光電案場,太陽能,2026,65.373,0,高雄市岡山區岡山北路20之2、20之3號,210.6 kW,天能綠電股份有限公司,25SP0292-B026000001~67,5/20/26,2026-01-01~2026-03-31,認可,認可,65.373 MWh,0 MWh
續興股份有限公司,光德實業,太陽能,2026,61.259,0,彰化縣埤頭鄉彰水路4段76號,210.485 kW,續興股份有限公司,25SP2809-B026000001~63,5/20/26,2026-01-01~2026-03-31,認可,認可,61.259 MWh,0 MWh
天能綠電股份有限公司,日鼎-塑膠中心屋頂型太陽光案場,太陽能,2026,0,19.601,臺中市西屯區工業區三十八路193號,210.46 kW,天能綠電股份有限公司,25SP4166-B026000001~20,4/22/26,2026-01-01~2026-01-31,認可,認可,0 MWh,19.601 MWh
天能綠電股份有限公司,光旭盈13--屏東吳泰穎屋頂型光電案場,太陽能,2026,59.996,2.172,屏東縣鹽埔鄉永樂路66號,210.35 kW,天能綠電股份有限公司,25SP0101-B026000001~71,5/20/26,2026-01-01~2026-03-31,認可,認可,59.996 MWh,2.172 MWh
富威電力股份有限公司,鉦陽-捷興太陽光電發電廠,太陽能,2026,25.665,0,高雄市大寮區江山路5之1號,210.195 kW,富威電力股份有限公司,25SP3133-B026000003~31,5/20/26,2026-03-01~2026-03-31,認可,認可,25.665 MWh,0 MWh
寶島陽光電力事業股份有限公司,玉衡能源股份有限公司 (TW190948),太陽能,2026,60.732,0,雲林縣斗南鎮延平路一段42號,210.18 kW,寶島陽光電力事業股份有限公司,24SP2071-B026000001~62,5/20/26,2026-01-01~2026-03-31,認可,認可,60.732 MWh,0 MWh
續興股份有限公司,雲林古坑2-2,太陽能,2026,56.561,0,雲林縣古坑鄉湳仔村湳子2之2號,210 kW,續興股份有限公司,25SP1579-B026000001~58,5/20/26,2026-01-01~2026-03-31,認可,認可,56.561 MWh,0 MWh
怡和綠電超商股份有限公司,建煬-祐聖,太陽能,2026,62.788,0,嘉義縣太保市中興路2之2號,210 kW,怡和綠電超商股份有限公司,25SP1287-B026000001~65,5/20/26,2026-01-01~2026-03-31,認可,認可,62.788 MWh,0 MWh
中曜股份有限公司,中租 1859 號,太陽能,2026,6.656,0,屏東縣佳冬鄉佳和段2507地號,210 kW,中曜股份有限公司,24SP2430-B026000001~8,5/13/26,2026-01-01~2026-02-28,認可,認可,6.656 MWh,0 MWh
怡和綠電超商股份有限公司,欣雄-高雄市公有學校第七標案 -高雄女中,太陽能,2026,19.73,0,高雄市前金區五福三路122號(高雄女中),210 kW,怡和綠電超商股份有限公司,25SP2431-B026000020~39,4/1/26,2026-02-01~2026-02-28,認可,認可,19.73 MWh,0 MWh
南方電力股份有限公司,屏東縣內埔鄉新埔段0974-0000地號太陽光電發電場,太陽能,2026,64.918,0,屏東縣內埔鄉新埔段0974-0000地號,210 kW,南方電力股份有限公司,24SP0868-B026000001~66,5/20/26,2026-01-01~2026-03-31,認可,認可,64.918 MWh,0 MWh
艾涅爾電力股份有限公司,育渲-彰化埔鹽宏育畜牧場,太陽能,2026,38.82,0,彰化縣埔鹽鄉彰化縣鹽埔鄉番金路建23之167號、23之165號,210 kW,艾涅爾電力股份有限公司,24SP1151-B026000001~40,4/8/26,2026-01-01~2026-02-28,認可,認可,38.82 MWh,0 MWh
中曜股份有限公司,中租 1217 號,太陽能,2026,4.217,0,屏東縣鹽埔鄉鹽中段9地號,210 kW,中曜股份有限公司,24SP1798-B026000001~6,5/13/26,2026-01-01~2026-02-28,認可,認可,4.217 MWh,0 MWh
阿波羅電力股份有限公司,泓錠新竹公部門四期案,太陽能,2026,51.539,0,新竹縣新埔鎮文華路39號,209.92 kW,阿波羅電力股份有限公司,25SP1392-B026000001~53,5/20/26,2026-01-01~2026-03-31,認可,認可,51.539 MWh,0 MWh
星星電力股份有限公司,傑能-嘉義郭豊謙,太陽能,2026,56.096,0,嘉義縣溪口鄉柳溝村阿連庄86之2號,209.56 kW,星星電力股份有限公司,25SP2278-B026000001~58,5/20/26,2026-01-01~2026-03-31,認可,認可,56.096 MWh,0 MWh
怡和綠電超商股份有限公司,新明(科風)-高大理工大樓(標案),太陽能,2026,50.042,0,高雄市楠梓區高雄大學路700號(理工大樓),209.45 kW,怡和綠電超商股份有限公司,25SP2504-B026000001~174,5/20/26,2026-01-01~2026-03-31,認可,認可,50.042 MWh,0 MWh
續興股份有限公司,日立江森警衛室及機車棚,太陽能,2026,2.192,0,桃園市蘆竹區內溪路29號,209.42 kW,續興股份有限公司,25SP2806-B026000003~5,5/20/26,2026-01-01~2026-03-31,認可,認可,2.192 MWh,0 MWh
星星電力股份有限公司,風昇-埔里醫院滯洪池,太陽能,2026,61.421,0,南投縣埔里鎮榮光段0588-0000地號,209.3 kW,星星電力股份有限公司,25SP1902-B026000001~63,5/20/26,2026-01-01~2026-03-31,認可,認可,61.421 MWh,0 MWh
星星電力股份有限公司,仁登-興龍段226-1地號,太陽能,2026,68.343,0,屏東縣新園鄉興龍段226-1地號,209.25 kW,星星電力股份有限公司,24SP2241-B026000001~69,5/20/26,2026-01-01~2026-03-31,認可,認可,68.343 MWh,0 MWh
大自然能源電業股份有限公司,NP121054C015瓦度(恒春建地),太陽能,2026,40.589,0,屏東縣恆春鎮宣化段888地號,209.25 kW,大自然能源電業股份有限公司,25SP0278-B026000003~51,5/20/26,2026-01-01~2026-03-31,認可,認可,40.589 MWh,0 MWh
陽光伏特家電力股份有限公司,新光彰化22廠,太陽能,2026,9.598,0,彰化縣芳苑鄉上城路12巷建318號,209.25 kW,陽光伏特家電力股份有限公司,23SP0429-B026000006~17,5/20/26,2026-01-01~2026-03-31,認可,認可,9.598 MWh,0 MWh
怡和綠電超商股份有限公司,賽斯-齊力水資源,太陽能,2026,59.22,0,屏東縣長治鄉圍南路1 號,209.25 kW,怡和綠電超商股份有限公司,25SP1865-B026000001~60,5/20/26,2026-01-01~2026-03-31,認可,認可,59.22 MWh,0 MWh
艾涅爾電力股份有限公司,涌泰-明發PV0769,太陽能,2026,35.431,0,臺南市六甲區菁埔325號,209.05 kW,艾涅爾電力股份有限公司,24SP0238-B026000002~46,4/8/26,2026-01-01~2026-02-28,認可,認可,35.431 MWh,0 MWh
十萬伏特電力股份有限公司,彰化-弘國竣暘案,太陽能,2026,47.416,0,彰化縣秀水鄉福德巷臨216號、臨218號,209 kW,十萬伏特電力股份有限公司,25SP2320-B026000001~51,5/20/26,2026-01-01~2026-03-31,認可,認可,47.416 MWh,0 MWh
南茂科技股份有限公司,南茂科技102,太陽能,2026,0,50.826,新竹縣湖口鄉鳳山村仁德路四號,208.94 kW,南茂科技股份有限公司,25SP0823-B026000001~53,5/20/26,2026-01-01~2026-03-31,認可,認可,0 MWh,50.826 MWh
怡和綠電超商股份有限公司,怡和國際能源-枋寮建興段471(三轉一),太陽能,2026,72.577,0,屏東縣枋寮鄉建興段0471-0000地號,208.925 kW,怡和綠電超商股份有限公司,25SP3877-B026000001~79,5/20/26,2026-01-01~2026-03-31,認可,認可,72.577 MWh,0 MWh
台灣化學纖維股份有限公司,台化新港原絲廠NF6廠房,太陽能,2026,0,69.886,嘉義縣新港鄉中洋村中洋工業區1號,208.8 kW,台灣化學纖維股份有限公司,24SP0595-B026000001~71,5/20/26,2026-01-01~2026-03-31,認可,認可,0 MWh,69.886 MWh
續興股份有限公司,旭信電力南炘廠,太陽能,2026,45.885,0,花蓮縣吉安鄉華中路33號,208.68 kW,續興股份有限公司,24SP0354-B026000001~48,5/20/26,2026-01-01~2026-03-31,認可,認可,45.885 MWh,0 MWh
星星電力股份有限公司,神岡營區錶5_A棟,太陽能,2026,64.624,0,臺中市大雅區中清路5段2號(臺中市神岡區圳堵段01093-000建號),208.67 kW,星星電力股份有限公司,25SP3390-B026000001~66,5/20/26,2026-01-01~2026-03-31,認可,認可,64.624 MWh,0 MWh
續興股份有限公司,雲林北港88-2,太陽能,2026,69.247,0,雲林縣北港鎮大北段0088-0002地號,208.56 kW,續興股份有限公司,25SP1578-B026000001~70,5/20/26,2026-01-01~2026-03-31,認可,認可,69.247 MWh,0 MWh
天能綠電股份有限公司,輝煌-詳賀曾詠詳屋頂型太陽光電案場,太陽能,2026,17.671,0,雲林縣土庫鎮東平里民族路36號,208.32 kW,天能綠電股份有限公司,24SP2135-B026000020~39,4/1/26,2026-02-01~2026-02-28,認可,認可,17.671 MWh,0 MWh
怡和綠電超商股份有限公司,三和-屏東縣里港鄉鐵店段193-8地號,太陽能,2026,54.648,0,屏東縣里港鄉鐵店段0193-0008地號,207.9 kW,怡和綠電超商股份有限公司,25SP2439-B026000001~56,5/20/26,2026-01-01~2026-03-31,認可,認可,54.648 MWh,0 MWh
大自然能源電業股份有限公司,NP201072C001沈得團,太陽能,2026,35.882,24.739,臺南市新營區中正路430巷100號(新營區許丑段0391-0000、0392-0000地號),207.9 kW,大自然能源電業股份有限公司,25SP1265-B026000001~62,5/20/26,2026-01-01~2026-03-31,認可,認可,35.882 MWh,24.739 MWh
續興股份有限公司,竹田豐振10,太陽能,2026,59.268,0,屏東縣竹田鄉豐振路10、12、16、18、20、22號,207.9 kW,續興股份有限公司,24SP1409-B026000001~61,5/20/26,2026-01-01~2026-03-31,認可,認可,59.268 MWh,0 MWh
十萬伏特電力股份有限公司,台中-大雅納骨塔標案,太陽能,2026,42.644,0,臺中市大雅區民生路4段376巷99號,207.87 kW,十萬伏特電力股份有限公司,25SP4077-B026000001~45,4/22/26,2026-01-01~2026-02-28,認可,認可,42.644 MWh,0 MWh
僑雄實業股份有限公司,僑雄實業新北案場,太陽能,2026,0,38.314,新北市樹林區八德街372號,207.87 kW,僑雄實業股份有限公司,24SP0260-B026000001~40,5/20/26,2026-01-01~2026-03-31,認可,認可,0 MWh,38.314 MWh
開陽電力股份有限公司,開陽能源股份有限公司-雲林國立虎尾科大,太陽能,2026,42.076,0,雲林縣虎尾鎮文化路64號,207.68 kW,開陽電力股份有限公司,25SP1969-B026000001~44,4/1/26,2026-01-01~2026-02-28,認可,認可,42.076 MWh,0 MWh
陽光伏特家電力股份有限公司,雲林笨港2號,太陽能,2026,21.963,0,雲林縣斗南鎮田頭路112之80號,207.6 kW,陽光伏特家電力股份有限公司,24SP1084-B026000001~22,4/1/26,2026-01-01~2026-02-28,認可,認可,21.963 MWh,0 MWh
怡和綠電超商股份有限公司,嘉創-麗清科技 3,太陽能,2026,43.324,0,桃園市觀音區成功路1段513號,207.46 kW,怡和綠電超商股份有限公司,25SP3727-B026000002~46,5/20/26,2026-01-01~2026-03-31,認可,認可,43.324 MWh,0 MWh
怡和綠電超商股份有限公司,凱基能源-翡麗雅特,太陽能,2026,19.803,0,臺南市佳里區海澄里萊芉寮17之71號,207.4 kW,怡和綠電超商股份有限公司,25SP2636-B026000020~39,4/1/26,2026-02-01~2026-02-28,認可,認可,19.803 MWh,0 MWh
天能綠電股份有限公司,聯合再生12-德龍國小桃園市龍潭區屋頂型太陽能光電場,太陽能,2026,43.858,0,桃園市龍潭區聖亭路八德段451巷140號,207.24 kW,天能綠電股份有限公司,25SP1485-B026000002~51,5/20/26,2026-01-01~2026-03-31,認可,認可,43.858 MWh,0 MWh
大自然能源電業股份有限公司,NP201072C006(戴聰全),太陽能,2026,41.547,27.295,臺南市新營區護鎮里後鎮110號(新營區後鎮段1720-0000、1721-0000地號),207.24 kW,大自然能源電業股份有限公司,25SP1260-B026000001~71,5/20/26,2026-01-01~2026-03-31,認可,認可,41.547 MWh,27.295 MWh
晨星電力股份有限公司,(亞沃)為升,太陽能,2026,0,66.278,彰化縣福興鄉彰鹿路六段504巷45號,207 kW,晨星電力股份有限公司,25SP4288-B026000001~68,5/20/26,2026-01-01~2026-03-31,認可,認可,0 MWh,66.278 MWh
南方電力股份有限公司,甲仙農會梅子工廠太陽光電發電廠,太陽能,2026,65.888,0,高雄市甲仙區新興路9號,206.795 kW,南方電力股份有限公司,24SP0916-B026000001~68,5/20/26,2026-01-01~2026-03-31,認可,認可,65.888 MWh,0 MWh
寶富電力股份有限公司,智捷能源股份有限公司-150之2號,太陽能,2026,18.271,0,桃園市大溪區康莊路5段150之2號,206.72 kW,寶富電力股份有限公司,25SP0538-B026000021~45,5/20/26,2026-02-01~2026-03-31,認可,認可,18.271 MWh,0 MWh
天能綠電股份有限公司,雲正投資-台南善化茄南雞舍太陽光電案場,太陽能,2026,16.462,0,臺南市善化區嘉南里茄拔371號,206.72 kW,天能綠電股份有限公司,24SP0320-B026000022~39,4/1/26,2026-02-01~2026-02-28,認可,認可,16.462 MWh,0 MWh
十萬伏特電力股份有限公司,台中-欣展工業,太陽能,2026,36.713,0,臺中市太平區永平路2段520號,206.67 kW,十萬伏特電力股份有限公司,26SP0074-B026000001~38,4/22/26,2026-01-01~2026-02-28,認可,認可,36.713 MWh,0 MWh
怡和綠電超商股份有限公司,鉦陽能源科技-坤鍠,太陽能,2026,19.223,0,高雄市大寮區鳳林二路238號,206.145 kW,怡和綠電超商股份有限公司,25SP3685-B026000001~20,4/1/26,2026-01-01~2026-01-31,認可,認可,19.223 MWh,0 MWh
怡和綠電超商股份有限公司,博達綠能工業有限公司-嘉義-陳佳和,太陽能,2026,63.62,0,嘉義縣鹿草鄉西井村鹿草100號之100,206.1 kW,怡和綠電超商股份有限公司,25SP1695-B026000001~65,5/20/26,2026-01-01~2026-03-31,認可,認可,63.62 MWh,0 MWh
寶富電力股份有限公司,林邊五小福-1-寶福-光林段778地號,太陽能,2026,88.446,0,屏東縣林邊鄉光林段778地號,205.92 kW,寶富電力股份有限公司,25SP0673-B026000018~117,5/20/26,2026-01-01~2026-03-31,認可,認可,88.446 MWh,0 MWh
天能綠電股份有限公司,昱光-竹林227地面型太陽能電廠,太陽能,2026,36.762,25.271,屏東縣林邊鄉竹林段0227-0000地號,205.92 kW,天能綠電股份有限公司,25SP0399-B026000001~64,5/20/26,2026-01-01~2026-03-31,認可,認可,36.762 MWh,25.271 MWh
晨星電力股份有限公司,(沅碁)華山國小一二期,太陽能,2026,65.778,2.077,高雄市小港區華仁街1號,205.9 kW,晨星電力股份有限公司,25SP3105-B026000001~77,5/20/26,2026-01-01~2026-03-31,認可,認可,65.778 MWh,2.077 MWh
台灣日鑛金屬股份有限公司,日鑛1號,太陽能,2026,0,40.248,桃園市龍潭區龍園一路88號,205.84 kW,台灣日鑛金屬股份有限公司,24SP0224-B026000001~41,5/20/26,2026-01-01~2026-03-31,認可,認可,0 MWh,40.248 MWh
億萬年貿易股份有限公司,億萬年貿易股份有限公司,太陽能,2026,0,67.348,臺南市仁德區開發三路23號,205.74 kW,億萬年貿易股份有限公司,24SP1297-B026000001~69,5/20/26,2026-01-01~2026-03-31,認可,認可,0 MWh,67.348 MWh
晨星電力股份有限公司,(銓泰)余錦章,太陽能,2026,67.099,0,彰化縣花壇鄉彰化縣花壇鄉中山路1段40巷66號,205.7 kW,晨星電力股份有限公司,25SP1233-B026000001~68,5/20/26,2026-01-01~2026-03-31,認可,認可,67.099 MWh,0 MWh
艾涅爾電力股份有限公司,日安-彰化元亨PV0379,太陽能,2026,37.793,0,彰化縣永靖鄉東興路212號,205.7 kW,艾涅爾電力股份有限公司,25SP0452-B026000001~39,4/8/26,2026-01-01~2026-02-28,認可,認可,37.793 MWh,0 MWh
傑傅能源股份有限公司,宏銓太陽能發電設備_烏日區溪福路1巷110弄139號,太陽能,2026,38.159,0,臺中市烏日區溪福路1巷110弄139號,205.58 kW,傑傅能源股份有限公司,24SP1413-B026000001~39,4/29/26,2026-01-01~2026-02-28,認可,認可,38.159 MWh,0 MWh
大自然能源電業股份有限公司,NP111061C003 瑞展釣具,太陽能,2026,36.396,25.037,高雄市岡山區嘉華路45之52號,205.465 kW,大自然能源電業股份有限公司,25SP0373-B026000001~64,5/20/26,2026-01-01~2026-03-31,認可,認可,36.396 MWh,25.037 MWh
星星電力股份有限公司,群益曦力福而大(台南),太陽能,2026,68.65,0,臺南市南區科技一路7號,205.32 kW,星星電力股份有限公司,25SP3027-B026000001~70,5/20/26,2026-01-01~2026-03-31,認可,認可,68.65 MWh,0 MWh
寶島陽光電力事業股份有限公司,昌瑞能源有限公司(高雄梓官區王賜寺),太陽能,2026,51.787,4.836,高雄市梓官區信義路75巷158號,205.22 kW,寶島陽光電力事業股份有限公司,24SP2533-B026000001~66,5/20/26,2026-01-01~2026-03-31,認可,認可,51.787 MWh,4.836 MWh
中曜股份有限公司,中租 1858 號,太陽能,2026,5.539,0,屏東縣新園鄉興厝段1068地號,205.2 kW,中曜股份有限公司,24SP1696-B026000001~6,5/13/26,2026-01-01~2026-02-28,認可,認可,5.539 MWh,0 MWh
中曜股份有限公司,中租 2283 號,太陽能,2026,5.957,0,屏東縣新園鄉仙吉段990地號,205.2 kW,中曜股份有限公司,24SP1825-B026000001~7,5/13/26,2026-01-01~2026-02-28,認可,認可,5.957 MWh,0 MWh
怡和綠電超商股份有限公司,博達-彰化-林福添,太陽能,2026,58.54,0,彰化縣芳苑鄉寮湖路432號,205.2 kW,怡和綠電超商股份有限公司,25SP3591-B026000001~60,5/20/26,2026-01-01~2026-03-31,認可,認可,58.54 MWh,0 MWh
天能綠電股份有限公司,雲正投資-雲林土庫鍾武良鴨舌太陽光電案場,太陽能,2026,18.672,0,雲林縣土庫鎮新庄里新庄106-12號,205.2 kW,天能綠電股份有限公司,24SP0466-B026000023~43,4/1/26,2026-02-01~2026-02-28,認可,認可,18.672 MWh,0 MWh
晨星電力股份有限公司,(佳亮)官田-林茂春,太陽能,2026,35.01,0,臺南市官田區官田里官田59之180號(官田區官中段0729-0004、0746-0000地號),205.12 kW,晨星電力股份有限公司,25SP4235-B026000001~36,5/20/26,2026-01-01~2026-03-31,認可,認可,35.01 MWh,0 MWh
晨星電力股份有限公司,(好品味)新工一路,太陽能,2026,5.211,55.109,彰化縣北斗鎮新工一路108號,205 kW,晨星電力股份有限公司,25SP4293-B026000001~69,5/20/26,2026-01-01~2026-03-31,認可,認可,5.211 MWh,55.109 MWh
晨星電力股份有限公司,(創源)林生福,太陽能,2026,60.873,0,彰化縣大城鄉廍子巷建6之5號(彰化縣大城鄉城潭段585、593地號),204.8 kW,晨星電力股份有限公司,25SP1245-B026000001~62,5/20/26,2026-01-01~2026-03-31,認可,認可,60.873 MWh,0 MWh
怡和綠電超商股份有限公司,凱基能源-岡山新樂街,太陽能,2026,60.527,0,高雄市岡山區新樂街151、153、157號,204.75 kW,怡和綠電超商股份有限公司,25SP1671-B026000001~63,5/20/26,2026-01-01~2026-03-31,認可,認可,60.527 MWh,0 MWh
晨星電力股份有限公司,(沅碁)隆典新大樓一二期,太陽能,2026,11.573,58.007,臺中市太平區工業二十路82號,204.73 kW,晨星電力股份有限公司,25SP4284-B026000001~77,5/20/26,2026-01-01~2026-03-31,認可,認可,11.573 MWh,58.007 MWh
續興股份有限公司,歸仁680,太陽能,2026,57.213,0,臺南市歸仁區凱旋路2段1巷680弄1號,204.375 kW,續興股份有限公司,25SP1088-B026000001~59,5/20/26,2026-01-01~2026-03-31,認可,認可,57.213 MWh,0 MWh
寶島陽光電力事業股份有限公司,玉衡能源股份有限公司(FS2107002),太陽能,2026,54.805,7.39,臺南市新市區中興街1號,204.34 kW,寶島陽光電力事業股份有限公司,25SP0172-B026000001~70,5/20/26,2026-01-01~2026-03-31,認可,認可,54.805 MWh,7.39 MWh
台灣大哥大股份有限公司,台中工十四機房,太陽能,2026,0,69.089,臺中市西屯區工業區十四路8號,204.27 kW,台灣大哥大股份有限公司,19SP0012-B026000001~71,5/20/26,2026-01-01~2026-03-31,認可,認可,0 MWh,69.089 MWh
星星電力股份有限公司,新綠-永三興,太陽能,2026,56.285,0,臺中市烏日區五光路189巷112號,204.24 kW,星星電力股份有限公司,26SP0013-B026000001~58,5/20/26,2026-01-01~2026-03-31,認可,認可,56.285 MWh,0 MWh
晨星電力股份有限公司,(暟陽)金雨星B,太陽能,2026,62.076,0,高雄市岡山區為隨西路172號,204.12 kW,晨星電力股份有限公司,25SP2461-B026000001~64,5/20/26,2026-01-01~2026-03-31,認可,認可,62.076 MWh,0 MWh
星星電力股份有限公司,日兆_林文化,太陽能,2026,65.511,0,彰化縣大城鄉彰化縣大城鄉頂寮路240巷建112號 (彰化縣大城鄉新光段192地號),204.12 kW,星星電力股份有限公司,24SP1545-B026000001~76,5/20/26,2026-01-01~2026-03-31,認可,認可,65.511 MWh,0 MWh
中鋼光能股份有限公司,中龍除礦水電氣室,太陽能,2026,48.881,0,臺中市龍井區龍昌路100號,204.12 kW,中鋼光能股份有限公司,23SP0092-B026000001~51,5/20/26,2026-01-01~2026-03-31,認可,認可,48.881 MWh,0 MWh
怡和綠電超商股份有限公司,賽斯新能源-科工館南館,太陽能,2026,61.534,0,高雄市三民區九如一路797號,204.05 kW,怡和綠電超商股份有限公司,25SP2442-B026000001~63,5/20/26,2026-01-01~2026-03-31,認可,認可,61.534 MWh,0 MWh
開陽電力股份有限公司,玖基企業股份有限公司-台電桃園區營業處辦公大樓,太陽能,2026,27.657,0,桃園市桃園區桃園市桃園區復興路352號,204.05 kW,開陽電力股份有限公司,25SP1452-B026000001~29,4/1/26,2026-01-01~2026-02-28,認可,認可,27.657 MWh,0 MWh
李長榮化學工業股份有限公司(大社廠),出貨倉庫&前纖維廠,太陽能,2026,0,43.536,高雄市大社區經建路2號,204 kW,李長榮化學工業股份有限公司(大社廠),25SP1757-B026000001~44,4/15/26,2026-01-01~2026-02-28,認可,認可,0 MWh,43.536 MWh
天能綠電股份有限公司,聯合再生14-大坡國小桃園市新屋區屋頂型太陽能光電場,太陽能,2026,47.287,0,桃園市新屋區國校路11號,204 kW,天能綠電股份有限公司,25SP0595-B026000002~55,5/20/26,2026-01-01~2026-03-31,認可,認可,47.287 MWh,0 MWh
阿波羅電力股份有限公司,環球大宇宙梓官區梓官市場,太陽能,2026,64.48,0,高雄市梓官區中正路75號,203.94 kW,阿波羅電力股份有限公司,24SP1326-B026000001~65,5/20/26,2026-01-01~2026-03-31,認可,認可,64.48 MWh,0 MWh
財團法人中華民國佛教慈濟慈善事業基金會,慈濟_八德靜思堂,太陽能,2026,0,46.695,桃園市八德區興豐路1139號,203.83 kW,財團法人中華民國佛教慈濟慈善事業基金會,25SP1014-B026000001~48,5/20/26,2026-01-01~2026-03-31,認可,認可,0 MWh,46.695 MWh
艾涅爾電力股份有限公司,澄達有限公司-吳進興雞舍,太陽能,2026,34.352,0,雲林縣元長鄉龍岩村龍岩20之107號,203.74 kW,艾涅爾電力股份有限公司,24SP2200-B026000001~35,4/8/26,2026-01-01~2026-02-28,認可,認可,34.352 MWh,0 MWh
艾涅爾電力股份有限公司,旭力-李連銘PV0306,太陽能,2026,41.49,0,嘉義縣新港鄉溪北村溪北213、215號,203.7 kW,艾涅爾電力股份有限公司,24SP2474-B026000001~43,4/8/26,2026-01-01~2026-02-28,認可,認可,41.49 MWh,0 MWh
陽光伏特家電力股份有限公司,高雄港都6號,太陽能,2026,17.243,0,高雄市美濃區吉安15之16號,203.4 kW,陽光伏特家電力股份有限公司,24SP1134-B026000001~18,4/1/26,2026-01-01~2026-02-28,認可,認可,17.243 MWh,0 MWh
旺宏電子股份有限公司,旺宏電子股份有限公司晶圓五廠P棟,太陽能,2026,0,48.048,新竹市東區力行四路6號,203.36 kW,旺宏電子股份有限公司,23SP0213-B026000001~50,5/20/26,2026-01-01~2026-03-31,認可,認可,0 MWh,48.048 MWh
艾涅爾電力股份有限公司,群騰-星光環保PV0683,太陽能,2026,37.047,0,臺南市官田區南廍里南廍105之20號,203.36 kW,艾涅爾電力股份有限公司,24SP1958-B026000001~38,4/8/26,2026-01-01~2026-02-28,認可,認可,37.047 MWh,0 MWh
陽光伏特家電力股份有限公司,新智彰化3廠,太陽能,2026,66.434,0,彰化縣大城鄉中山路290巷建633號,203.36 kW,陽光伏特家電力股份有限公司,24SP2388-B026000001~68,5/20/26,2026-01-01~2026-03-31,認可,認可,66.434 MWh,0 MWh
陽光伏特家電力股份有限公司,匯群台南5廠,太陽能,2026,67.614,0,臺南市六甲區岩埤段0128-0000、0129-0000地號,203.28 kW,陽光伏特家電力股份有限公司,25SP0302-B026000001~70,5/20/26,2026-01-01~2026-03-31,認可,認可,67.614 MWh,0 MWh
晨星電力股份有限公司,(沅碁)民權國小一二期,太陽能,2026,67.005,4.307,高雄市前鎮區沱江街200號,203.04 kW,晨星電力股份有限公司,25SP2946-B026000001~79,5/20/26,2026-01-01~2026-03-31,認可,認可,67.005 MWh,4.307 MWh
怡和綠電超商股份有限公司,興發-台東榮總宿舍屋頂及地面(標案),太陽能,2026,46.778,0,臺東縣臺東市青島街57號(臺北榮民總醫院台東分院),202.92 kW,怡和綠電超商股份有限公司,25SP2680-B026000001~48,5/20/26,2026-01-01~2026-03-31,認可,認可,46.778 MWh,0 MWh
天能綠電股份有限公司,嘉義邱琮哲畜牧場屋頂型太陽能光電廠,太陽能,2026,62.175,0,嘉義縣溪口鄉游東村米粉宮88之20號,202.86 kW,天能綠電股份有限公司,24SP0093-B026000001~66,5/20/26,2026-01-01~2026-03-31,認可,認可,62.175 MWh,0 MWh
天能綠電股份有限公司,竹風能源-新泉記機械新北市五股區屋頂型太陽能光電案場,太陽能,2026,37.926,0,新北市五股區五工路132號、五權路42之1號,202.54 kW,天能綠電股份有限公司,24SP2089-B026000001~39,5/20/26,2026-01-01~2026-03-31,認可,認可,37.926 MWh,0 MWh
艾涅爾電力股份有限公司,賽斯-磐石基金會,太陽能,2026,37.506,0,屏東縣里港鄉土庫段3之16號,202.5 kW,艾涅爾電力股份有限公司,24SP1038-B026000001~38,4/8/26,2026-01-01~2026-02-28,認可,認可,37.506 MWh,0 MWh
京承能源股份有限公司,宜蘭百喬屋頂型太陽能光電廠,太陽能,2026,17.015,0,宜蘭縣宜蘭市梅洲一路28號,202.3 kW,京承能源股份有限公司、天能綠電股份有限公司,24SP0609-B026000001~19,5/20/26,2026-01-01~2026-03-31,認可,認可,17.015 MWh,0 MWh
艾涅爾電力股份有限公司,承呈-路竹雞舍,太陽能,2026,35.406,0,高雄市路竹區永華路39之100號,202.29 kW,艾涅爾電力股份有限公司,24SP1558-B026000001~36,4/8/26,2026-01-01~2026-02-28,認可,認可,35.406 MWh,0 MWh
陽光伏特家電力股份有限公司,昇太桃園1廠,太陽能,2026,15.446,0,桃園市觀音區保障二路828巷36號,202.16 kW,陽光伏特家電力股份有限公司,24SP1760-B026000001~70,5/20/26,2026-01-01~2026-03-31,認可,認可,15.446 MWh,0 MWh
陽光伏特家電力股份有限公司,昇太桃園2廠,太陽能,2026,13.627,0,桃園市大園區長發路246號,202.16 kW,陽光伏特家電力股份有限公司,24SP1761-B026000001~70,5/20/26,2026-01-01~2026-03-31,認可,認可,13.627 MWh,0 MWh
大自然能源電業股份有限公司,NP121083C001(弘全駕訓班),太陽能,2026,62.992,0,屏東縣南州鄉三千路56號,202.13 kW,大自然能源電業股份有限公司,25SP3543-B026000001~65,5/20/26,2026-01-01~2026-03-31,認可,認可,62.992 MWh,0 MWh
艾涅爾電力股份有限公司,群騰-黃義寅PV0639,太陽能,2026,35.352,0,臺南市柳營區果毅里南湖36之6號,202.12 kW,艾涅爾電力股份有限公司,24SP2115-B026000001~36,4/8/26,2026-01-01~2026-02-28,認可,認可,35.352 MWh,0 MWh
艾涅爾電力股份有限公司,太佑- 中懋2廠,太陽能,2026,37.19,0,臺南市永康區環工路40號,202.02 kW,艾涅爾電力股份有限公司,25SP0016-B026000001~40,4/8/26,2026-01-01~2026-02-28,認可,認可,37.19 MWh,0 MWh
大同智能股份有限公司,台中市屋頂型太陽光電系統-成功國中,太陽能,2026,23.334,0,臺中市大里區至善路157號,201.96 kW,大同智能股份有限公司,24SP0283-B026000002~42,5/20/26,2026-01-01~2026-03-31,認可,認可,23.334 MWh,0 MWh
星星電力股份有限公司,國碩利晁 - 高文瑞,太陽能,2026,66.115,0,臺南市山上區台南市山上區大新段1031-0000地號。,201.81 kW,星星電力股份有限公司,24SP1509-B026000001~77,5/20/26,2026-01-01~2026-03-31,認可,認可,66.115 MWh,0 MWh
艾涅爾電力股份有限公司,優品-吳滿致(一期)PV0183,太陽能,2026,32.114,0,雲林縣東勢鄉四美村北美路6之4號,201.78 kW,艾涅爾電力股份有限公司,25SP0164-B026000001~33,4/8/26,2026-01-01~2026-02-28,認可,認可,32.114 MWh,0 MWh
陽光伏特家電力股份有限公司,陽光熊雲林1廠,太陽能,2026,20.087,0,雲林縣臺西鄉明德段1132-0000地號,201.78 kW,陽光伏特家電力股份有限公司,24SP2479-B026000016~294,4/1/26,2026-01-01~2026-02-28,認可,認可,20.087 MWh,0 MWh
星星電力股份有限公司,傑陽-麥寮-許新高,太陽能,2026,16.878,0,雲林縣麥寮鄉仁德西路一段320巷186之1號,201.69 kW,星星電力股份有限公司,25SP3447-B026000016~32,4/8/26,2026-02-01~2026-02-28,認可,認可,16.878 MWh,0 MWh
寶島陽光電力事業股份有限公司,雋和四能源有限公司 (TW170703),太陽能,2026,53.509,2.694,屏東縣屏東市和生路一段509號,201.19 kW,寶島陽光電力事業股份有限公司,24SP2285-B026000001~64,5/20/26,2026-01-01~2026-03-31,認可,認可,53.509 MWh,2.694 MWh
阿波羅電力股份有限公司,環球大宇宙幸福公園,太陽能,2026,61.085,0,高雄市林園區沿海路二段250號,201.102 kW,阿波羅電力股份有限公司,24SP0521-B026000001~63,5/20/26,2026-01-01~2026-03-31,認可,認可,61.085 MWh,0 MWh
富威電力股份有限公司,旭天-嘉義聯絡處太陽光電發電廠,太陽能,2026,53.293,0,嘉義市東區彌陀路28號,201 kW,富威電力股份有限公司,25SP1414-B026000001~54,5/20/26,2026-01-01~2026-03-31,認可,認可,53.293 MWh,0 MWh
寶富電力股份有限公司,林邊五小福-1-寶財-光林段750號,太陽能,2026,83.58,0,屏東縣林邊鄉光林段750號,200.64 kW,寶富電力股份有限公司,25SP0701-B026000018~108,5/20/26,2026-01-01~2026-03-31,認可,認可,83.58 MWh,0 MWh
星星電力股份有限公司,元京 - 阿蓮134-67,太陽能,2026,36.485,0,高雄市阿蓮區港後路134-67號/港後里崙子頂段1669-0000地號,200.6 kW,星星電力股份有限公司,25SP2314-B026000001~38,4/8/26,2026-01-01~2026-02-28,認可,認可,36.485 MWh,0 MWh
十萬伏特電力股份有限公司,桃園-合晶科技(楊梅廠)案,太陽能,2026,47.477,0,桃園市楊梅區蘋果路1號,200.56 kW,十萬伏特電力股份有限公司,25SP1940-B026000001~50,5/20/26,2026-01-01~2026-03-31,認可,認可,47.477 MWh,0 MWh
艾涅爾電力股份有限公司,萬林-大嘉段PV0410,太陽能,2026,28.126,0,彰化縣和美鎮大嘉段0995-0000地號,200.49 kW,艾涅爾電力股份有限公司,24SP1902-B026000001~29,4/8/26,2026-01-01~2026-02-28,認可,認可,28.126 MWh,0 MWh
天能綠電股份有限公司,豐光09--嘉義林繼輝屋頂型光電案場,太陽能,2026,36.586,22.855,嘉義縣大林鎮中林里12鄰中林74之37號,200.2 kW,天能綠電股份有限公司,25SP0068-B026000001~64,5/20/26,2026-01-01~2026-03-31,認可,認可,36.586 MWh,22.855 MWh
星星電力股份有限公司,茂誠-林茂森(雲林),太陽能,2026,50.954,0,雲林縣莿桐鄉甘西村甘西118號 / 莿桐段1212、1213地號,200.1 kW,星星電力股份有限公司,25SP3253-B026000001~52,5/20/26,2026-01-01~2026-03-31,認可,認可,50.954 MWh,0 MWh
阿波羅電力股份有限公司,泓錠新竹公部門二期案,太陽能,2026,46.244,0,新竹縣新埔鎮文華路39號,200.08 kW,阿波羅電力股份有限公司,25SP1388-B026000001~48,5/20/26,2026-01-01~2026-03-31,認可,認可,46.244 MWh,0 MWh
阿波羅電力股份有限公司,泓錠新竹公部門一期案,太陽能,2026,50.021,0,新竹縣新埔鎮文華路39號,200.08 kW,阿波羅電力股份有限公司,25SP1565-B026000001~51,5/20/26,2026-01-01~2026-03-31,認可,認可,50.021 MWh,0 MWh
阿波羅電力股份有限公司,環球大宇宙茄萣區興達立體停車場,太陽能,2026,63.691,0,高雄市茄萣區民族路51號,199.98 kW,阿波羅電力股份有限公司,24SP0785-B026000001~65,5/20/26,2026-01-01~2026-03-31,認可,認可,63.691 MWh,0 MWh
富威電力股份有限公司,聚眾-杉林雙坑太陽光電發電廠,太陽能,2026,18.879,0,高雄市杉林區雙坑段1235-0000地號,199.98 kW,富威電力股份有限公司,24SP1934-B026000028~51,4/1/26,2026-01-01~2026-02-28,認可,認可,18.879 MWh,0 MWh
大自然能源電業股份有限公司,NP191051C002暘光(黃耀德畜牧場三期),太陽能,2026,24.539,18.714,雲林縣莿桐鄉鄉油車48之29號,199.85 kW,大自然能源電業股份有限公司,25SP0182-B026000001~44,5/20/26,2026-01-01~2026-03-31,認可,認可,24.539 MWh,18.714 MWh
宇軒電業股份有限公司,岱墾1,太陽能,2026,19.271,0,臺南市仁德區中生里中洲76之116號,199.81 kW,宇軒電業股份有限公司,25SP1315-B026000020~39,4/15/26,2026-02-01~2026-02-28,認可,認可,19.271 MWh,0 MWh
滿鑫漁具有限公司,滿鑫漁具,太陽能,2026,0,26.08,高雄市大寮區華西路32號,199.805 kW,滿鑫漁具有限公司,24SP0299-B026000001~27,5/20/26,2026-01-01~2026-03-31,認可,認可,0 MWh,26.08 MWh
星星電力股份有限公司,仁登-高華段108、108-1地號,太陽能,2026,63.75,0,屏東縣鹽埔鄉高華段108、108-1地號,199.8 kW,星星電力股份有限公司,24SP2213-B026000001~64,5/20/26,2026-01-01~2026-03-31,認可,認可,63.75 MWh,0 MWh
星星電力股份有限公司,仁登-徑仔段170、170-1地號,太陽能,2026,65.835,0,屏東縣麟洛鄉徑仔段170、170-1地號,199.8 kW,星星電力股份有限公司,24SP2399-B026000001~68,5/20/26,2026-01-01~2026-03-31,認可,認可,65.835 MWh,0 MWh
陽光伏特家電力股份有限公司,元登屏東37廠,太陽能,2026,63.899,0,屏東縣內埔鄉隘寮段0687-0000、0687-0001地號,199.8 kW,陽光伏特家電力股份有限公司,24SP0372-B026000001~65,5/20/26,2026-01-01~2026-03-31,認可,認可,63.899 MWh,0 MWh
安大科技股份有限公司,安大科技太陽光電系統工程,太陽能,2026,22,10.8,桃園市楊梅區高獅路398號,199.8 kW,安大科技股份有限公司,23SP0180-B026000001~34,5/20/26,2025-12-01~2026-03-31,認可,認可,22 MWh,10.8 MWh
陽光伏特家電力股份有限公司,元登屏東29廠,太陽能,2026,63.716,0,屏東縣高樹鄉屏東縣高樹鄉阿拔泉段0213-0001、0214-0086地號,199.8 kW,陽光伏特家電力股份有限公司,24SP0697-B026000001~66,5/20/26,2026-01-01~2026-03-31,認可,認可,63.716 MWh,0 MWh
天能綠電股份有限公司,益日昇-臺南市官田區建業路47號屋頂型太陽光電案場,太陽能,2026,44.747,0,臺南市官田區二鎮里建業路47號,199.8 kW,天能綠電股份有限公司,24SP0469-B026000001~47,5/20/26,2026-01-01~2026-03-31,認可,認可,44.747 MWh,0 MWh
富威電力股份有限公司,台信-枋山舊庄段627太陽光電發電廠,太陽能,2026,36.467,0,屏東縣枋山鄉舊庄段0627-0000地號,199.68 kW,富威電力股份有限公司,25SP1939-B026000016~63,4/1/26,2026-01-01~2026-02-28,認可,認可,36.467 MWh,0 MWh
阿波羅電力股份有限公司,正順榮璋工廠案,太陽能,2026,63.286,0,高雄市路竹區順安路351巷2號,199.68 kW,阿波羅電力股份有限公司,23SP0370-B026000005~70,5/20/26,2026-01-01~2026-03-31,認可,認可,63.286 MWh,0 MWh
新豪纖維工業股份有限公司,新豪纖維工業股份有限公司,太陽能,2026,0,44.12,雲林縣虎尾鎮北溪里北溪路123號,199.67 kW,新豪纖維工業股份有限公司,23SP0153-B026000001~46,5/20/26,2026-01-01~2026-03-31,認可,認可,0 MWh,44.12 MWh
富威電力股份有限公司,弘立晶-雲林崙背太陽光電發電廠,太陽能,2026,33.589,0,雲林縣崙背鄉阿勸村下店6之3號,199.64 kW,富威電力股份有限公司,25SP2920-B026000014~58,4/1/26,2026-01-01~2026-02-28,認可,認可,33.589 MWh,0 MWh
吉瞬興業股份有限公司,吉瞬興業股份有限公司,太陽能,2026,0,92.104,高雄市岡山區本工三路5號,199.64 kW,吉瞬興業股份有限公司,25SP1240-B026000001~93,5/20/26,2025-08-25~2026-03-31,認可,認可,0 MWh,92.104 MWh
奇鼎科技股份有限公司,奇鼎科技股份有限公司,太陽能,2026,0,35.18,新竹縣湖口鄉鳳工二街86號,199.58 kW,奇鼎科技股份有限公司,24SP0054-B026000001~36,5/20/26,2026-01-01~2026-03-31,認可,認可,0 MWh,35.18 MWh
能元超商股份有限公司,三一綠能(一),太陽能,2026,61.614,0,雲林縣四湖鄉中興路102、102-2號,199.5 kW,能元超商股份有限公司,25SP3130-B026000001~64,5/20/26,2026-01-01~2026-03-31,認可,認可,61.614 MWh,0 MWh
陽光伏特家電力股份有限公司,元登屏東12廠,太陽能,2026,49.728,0,屏東縣佳冬鄉塭豐段0281-0000、0282-0000等地號,199.5 kW,陽光伏特家電力股份有限公司,24SP0743-B026000014~92,5/20/26,2026-01-01~2026-03-31,認可,認可,49.728 MWh,0 MWh
續興股份有限公司,永安維新雞舍,太陽能,2026,38.257,0,高雄市永安區維新路光明十巷66之15號,199.5 kW,續興股份有限公司,24SP0483-B026000002~41,5/20/26,2026-01-01~2026-03-31,認可,認可,38.257 MWh,0 MWh
續興股份有限公司,銓泰動力,太陽能,2026,41.186,0,臺南市仁德區中正路1段656巷50號,199.32 kW,續興股份有限公司,25SP1083-B026000001~43,5/20/26,2026-01-01~2026-03-31,認可,認可,41.186 MWh,0 MWh
十萬伏特電力股份有限公司,屏東農會,太陽能,2026,59.493,0,屏東縣屏東市忠孝路650號,199.32 kW,十萬伏特電力股份有限公司,25SP0197-B026000001~61,5/20/26,2026-01-01~2026-03-31,認可,認可,59.493 MWh,0 MWh
阿波羅電力股份有限公司,泓錠新竹公部門七期案,太陽能,2026,46.616,0,新竹縣新埔鎮文華路39號,199.26 kW,阿波羅電力股份有限公司,25SP1394-B026000001~48,5/20/26,2026-01-01~2026-03-31,認可,認可,46.616 MWh,0 MWh
力成科技股份有限公司,力成科技(3A棟),太陽能,2026,0,46.24,新竹縣湖口鄉新竹工業區大同路26號,199.24 kW,力成科技股份有限公司,23SP0188-B026000001~48,5/20/26,2026-01-01~2026-03-31,認可,認可,0 MWh,46.24 MWh
大自然能源電業股份有限公司,NP091019C15向南-陳丁訓2期,太陽能,2026,37.796,25.109,嘉義縣朴子市崁後里崁後54之29號,199.2 kW,大自然能源電業股份有限公司,24SP1583-B026000001~65,5/20/26,2026-01-01~2026-03-31,認可,認可,37.796 MWh,25.109 MWh
星星電力股份有限公司,仁登-頂信段951、954地號,太陽能,2026,67.829,0,屏東縣崁頂鄉頂信段951、954地號,198.9 kW,星星電力股份有限公司,24SP2408-B026000001~69,5/20/26,2026-01-01~2026-03-31,認可,認可,67.829 MWh,0 MWh
陽光伏特家電力股份有限公司,元登屏東13廠,太陽能,2026,44.51,0,屏東縣長治鄉華錦段0001-0000、0001-0001地號,198.9 kW,陽光伏特家電力股份有限公司,24SP0713-B026000014~87,5/20/26,2026-01-01~2026-03-31,認可,認可,44.51 MWh,0 MWh
星星電力股份有限公司,仁登-新堤段841、841-1地號,太陽能,2026,66.851,0,屏東縣新園鄉新堤段841、841-1地號,198.9 kW,星星電力股份有限公司,24SP2178-B026000001~68,5/20/26,2026-01-01~2026-03-31,認可,認可,66.851 MWh,0 MWh
陽光伏特家電力股份有限公司,元登屏東21廠,太陽能,2026,44.391,0,屏東縣高樹鄉屏東縣高樹鄉蕉場段0952-0000、0953-0000地號,198.9 kW,陽光伏特家電力股份有限公司,24SP0669-B026000014~89,5/20/26,2026-01-01~2026-03-31,認可,認可,44.391 MWh,0 MWh
阿波羅電力股份有限公司,環球大宇宙楠梓高中B棟,太陽能,2026,69.707,0,高雄市楠梓區清豐路19號,198.9 kW,阿波羅電力股份有限公司,24SP0631-B026000001~71,5/20/26,2026-01-01~2026-03-31,認可,認可,69.707 MWh,0 MWh
天能綠電股份有限公司,宜昌家具屋頂型太陽光電案場,太陽能,2026,50.578,0,彰化縣福興鄉秀安一街259巷20號,198.74 kW,天能綠電股份有限公司,25SP3546-B026000001~52,5/20/26,2026-01-01~2026-03-31,認可,認可,50.578 MWh,0 MWh
艾涅爾電力股份有限公司,加州電網-車城鄉興統段886-1,太陽能,2026,43.923,0,屏東縣車城鄉興統段886-1地號,198.71 kW,艾涅爾電力股份有限公司,24SP0058-B026000001~46,4/8/26,2026-01-01~2026-02-28,認可,認可,43.923 MWh,0 MWh
富威電力股份有限公司,惠來光電-穩泰工程太陽光電發電廠,太陽能,2026,31.371,0,彰化縣埔鹽鄉彰水路二段202巷57號,198.55 kW,富威電力股份有限公司,25SP1044-B026000014~54,4/1/26,2026-01-01~2026-02-28,認可,認可,31.371 MWh,0 MWh
鴻晶新科技股份有限公司,鴻和能源股份有限公司(內壢段),太陽能,2026,4.836,7.928,桃園市中壢區內壢段1301-0000地號,198.44 kW,鴻晶新科技股份有限公司,25SP3432-B026000001~14,5/20/26,2026-01-01~2026-01-31,認可,認可,4.836 MWh,7.928 MWh
怡和綠電超商股份有限公司,克林-吳錫融牛舍,太陽能,2026,64.849,0,彰化縣秀水鄉仁義巷建3之39號,198.4 kW,怡和綠電超商股份有限公司,25SP2779-B026000001~65,5/20/26,2026-01-01~2026-03-31,認可,認可,64.849 MWh,0 MWh
怡和綠電超商股份有限公司,建煬-許金讚,太陽能,2026,64.996,0,臺南市學甲區新達里瓦寮2之16號,198.4 kW,怡和綠電超商股份有限公司,25SP1357-B026000001~67,5/20/26,2026-01-01~2026-03-31,認可,認可,64.996 MWh,0 MWh
東鋼風力發電股份有限公司,東鋼風力東苗太陽光電發電廠-9&10號倉,太陽能,2026,38.928,0,苗栗縣西湖鄉二湖村坪頂22號,198.38 kW,東鋼風力發電股份有限公司,24SP0913-B026000001~41,5/20/26,2026-01-01~2026-03-31,認可,認可,38.928 MWh,0 MWh
續興股份有限公司,金泰億,太陽能,2026,61.514,0,臺中市烏日區太明路成豐巷235弄52號,198.275 kW,續興股份有限公司,25SP3657-B026000001~64,5/20/26,2026-01-01~2026-03-31,認可,認可,61.514 MWh,0 MWh
陽光伏特家電力股份有限公司,台南擔仔7號,太陽能,2026,20.293,0,臺南市後壁區下茄苳1之60號,198.24 kW,陽光伏特家電力股份有限公司,24SP1073-B026000001~21,4/1/26,2026-01-01~2026-02-28,認可,認可,20.293 MWh,0 MWh
星星電力股份有限公司,傑能-斗南徐宗啓1、2,太陽能,2026,48.643,0,雲林縣斗南鎮阿丹73之7號,198.24 kW,星星電力股份有限公司,25SP2993-B026000001~53,5/20/26,2026-01-01~2026-03-31,認可,認可,48.643 MWh,0 MWh
南方電力股份有限公司,遠鴻綠能地產太陽光電發電廠,太陽能,2026,60.151,0,臺中市神岡區福民路89號,198.03 kW,南方電力股份有限公司,25SP1341-B026000001~61,5/20/26,2026-01-01~2026-03-31,認可,認可,60.151 MWh,0 MWh
陽光伏特家電力股份有限公司,惠來嘉義1廠,太陽能,2026,60.965,0,嘉義縣新港鄉潭大村大客1之11號,198 kW,陽光伏特家電力股份有限公司、天能綠電股份有限公司,24SP0129-B026000001~62,5/20/26,2026-01-01~2026-03-31,認可,認可,60.965 MWh,0 MWh
星星電力股份有限公司,仁登-佳和段1292、1292-1地號,太陽能,2026,66.87,0,屏東縣萬巒鄉佳和段1292、1292-1地號,198 kW,星星電力股份有限公司,24SP2409-B026000001~69,5/20/26,2026-01-01~2026-03-31,認可,認可,66.87 MWh,0 MWh
陽光伏特家電力股份有限公司,新光彰化3、46廠,太陽能,2026,63.761,0,彰化縣芳苑鄉上城路122號,198 kW,陽光伏特家電力股份有限公司,23SP0421-B026000001~65,5/20/26,2026-01-01~2026-03-31,認可,認可,63.761 MWh,0 MWh
續興股份有限公司,蒼隆工業,太陽能,2026,61.684,0,臺中市神岡區豐洲路1166號,198 kW,續興股份有限公司,25SP2448-B026000001~64,5/20/26,2026-01-01~2026-03-31,認可,認可,61.684 MWh,0 MWh
怡和綠電超商股份有限公司,陳鄭彥-大衛農場(仕絨段24.25),太陽能,2026,49.549,0,屏東縣鹽埔鄉仕絨段0024-0000地號、屏東縣鹽埔鄉仕絨段0025-0000地號,198 kW,怡和綠電超商股份有限公司,25SP4037-B026000001~54,5/20/26,2026-01-01~2026-03-31,認可,認可,49.549 MWh,0 MWh
怡和綠電超商股份有限公司,陳鄭彥-大衛農地(仕絨段86、87地號),太陽能,2026,51.008,0,屏東縣鹽埔鄉仕絨段0086-0000、0087-0000,198 kW,怡和綠電超商股份有限公司,25SP4112-B026000001~57,5/20/26,2026-01-01~2026-03-31,認可,認可,51.008 MWh,0 MWh
中鋼光能股份有限公司,興達海基電氣倉庫,太陽能,2026,59.219,0,高雄市茄萣區東方路1段201號,198 kW,中鋼光能股份有限公司,23SP0167-B026000001~61,5/20/26,2026-01-01~2026-03-31,認可,認可,59.219 MWh,0 MWh
怡和綠電超商股份有限公司,怡和國際能源-體育園區市立網球場案,太陽能,2026,62.872,0,臺南市南區體育路10號,198 kW,怡和綠電超商股份有限公司,25SP3971-B026000002~68,5/20/26,2026-01-01~2026-03-31,認可,認可,62.872 MWh,0 MWh
宏達國際電子股份有限公司,HTC_TPE1_197.925kW太陽能,太陽能,2026,0,41.368,新北市新店區中興路三段88號,197.925 kW,宏達國際電子股份有限公司,24SP1428-B026000001~42,5/20/26,2026-01-01~2026-03-31,認可,認可,0 MWh,41.368 MWh
台灣水泥股份有限公司台中水泥製品廠,台灣水泥股份有限公司台中水泥製品廠大肚分廠,太陽能,2026,0,62.329,臺中市大肚區沙田路二段303號,197.88 kW,台灣水泥股份有限公司台中水泥製品廠,22SP0066-B026000001~64,5/20/26,2026-01-01~2026-03-31,認可,認可,0 MWh,62.329 MWh
阿波羅電力股份有限公司,辰翔紀金元,太陽能,2026,37.433,23.827,彰化縣芳苑鄉芳寮路61巷31號,197.75 kW,阿波羅電力股份有限公司,24SP2053-B026000001~62,5/20/26,2026-01-01~2026-03-31,認可,認可,37.433 MWh,23.827 MWh
聯詠科技股份有限公司竹北分公司,聯詠科技股份有限公司竹北分公司,太陽能,2026,0,45.757,新竹縣竹北市台元二街9號,197.625 kW,聯詠科技股份有限公司竹北分公司,22SP0123-B026000001~47,5/20/26,2026-01-01~2026-03-31,認可,認可,0 MWh,45.757 MWh
天能綠電股份有限公司,新鑫_桃園楊梅_毅達吸管_屋頂型太陽光電案場,太陽能,2026,16.818,0,桃園市楊梅區楊湖路1段425巷169號,197.505 kW,天能綠電股份有限公司,25SP1953-B026000001~17,5/20/26,2026-03-01~2026-03-31,認可,認可,16.818 MWh,0 MWh
南方電力股份有限公司,高雄市仁武區鳳仁路277之1號太陽光電發電廠,太陽能,2026,29.759,0,高雄市仁武區鳳仁路277之1號,197.47 kW,南方電力股份有限公司,24SP1322-B026000001~31,5/20/26,2026-01-01~2026-03-31,認可,認可,29.759 MWh,0 MWh
阿波羅電力股份有限公司,辰翔林宏樓一期,太陽能,2026,32.046,20.672,雲林縣臺西鄉和豐村新興路66號,197.4 kW,阿波羅電力股份有限公司,24SP0534-B026000001~54,5/20/26,2026-01-01~2026-03-31,認可,認可,32.046 MWh,20.672 MWh
怡和綠電超商股份有限公司,戎居-P33,太陽能,2026,53.877,0,彰化縣芳苑鄉芳新路新街段195巷330號,197.2 kW,怡和綠電超商股份有限公司,25SP3568-B026000001~56,5/20/26,2026-01-01~2026-03-31,認可,認可,53.877 MWh,0 MWh
宇軒電業股份有限公司,三姓段983地號,太陽能,2026,20.311,0,雲林縣臺西鄉三姓段983地號,197.2 kW,宇軒電業股份有限公司,25SP2838-B026000020~40,4/15/26,2026-02-01~2026-02-28,認可,認可,20.311 MWh,0 MWh
續興股份有限公司,中4,太陽能,2026,58.806,0,臺中市龍井區沙田路4段260號,197.12 kW,續興股份有限公司,24SP0815-B026000001~61,5/20/26,2026-01-01~2026-03-31,認可,認可,58.806 MWh,0 MWh
天能綠電股份有限公司,雲正投資-台南善化茄北雞舍太陽光電案場,太陽能,2026,15.406,0,臺南市善化區嘉北里茄拔2之17號,197.12 kW,天能綠電股份有限公司,24SP0355-B026000015~32,4/1/26,2026-02-01~2026-02-28,認可,認可,15.406 MWh,0 MWh
阿波羅電力股份有限公司,環球大宇宙鼓山市場,太陽能,2026,69.82,0,高雄市鼓山區延平街87之13號,197.01 kW,阿波羅電力股份有限公司,24SP0522-B026000001~80,5/20/26,2026-01-01~2026-03-31,認可,認可,69.82 MWh,0 MWh
艾涅爾電力股份有限公司,太旭-大園倉庫PV0206,太陽能,2026,25.54,0,桃園市大園區西濱路二段821巷31號,196.8 kW,艾涅爾電力股份有限公司,24SP0110-B026000001~27,4/8/26,2026-01-01~2026-02-28,認可,認可,25.54 MWh,0 MWh
小嵩無氧化學股份有限公司,小嵩無氧化學股份有限公司,太陽能,2026,0,33.347,臺中市霧峰區霧工六路7號,196.69 kW,小嵩無氧化學股份有限公司,25SP3943-B026000001~34,5/20/26,2026-01-23~2026-03-31,認可,認可,0 MWh,33.347 MWh
怡和綠電超商股份有限公司,嘉創-黃文聰,太陽能,2026,20.285,41.323,嘉義縣新港鄉大潭村後底湖8號之100(嘉義縣新港鄉後底湖段底湖小段0314-0000地號),196.68 kW,怡和綠電超商股份有限公司,25SP2897-B026000002~66,5/20/26,2026-01-01~2026-03-31,認可,認可,20.285 MWh,41.323 MWh
中曜股份有限公司,中租 2071 號,太陽能,2026,5.648,0,屏東縣枋寮鄉中山段565地號,196.56 kW,中曜股份有限公司,25SP0689-B026000001~6,5/13/26,2026-01-01~2026-02-28,認可,認可,5.648 MWh,0 MWh
艾涅爾電力股份有限公司,鎧銚-許樹桐PV1827,太陽能,2026,24.316,0,雲林縣東勢鄉安南路116號,196.56 kW,艾涅爾電力股份有限公司,24SP1691-B026000001~25,4/8/26,2026-01-01~2026-02-28,認可,認可,24.316 MWh,0 MWh
晨星電力股份有限公司,(加州儲能)省躬國小,太陽能,2026,65.167,0,臺南市南區灣裡路70號,196.52 kW,晨星電力股份有限公司,25SP2558-B026000001~66,5/20/26,2026-01-01~2026-03-31,認可,認可,65.167 MWh,0 MWh
寶島陽光電力事業股份有限公司,晟鑫能源有限公司(FS2308006),太陽能,2026,55.883,3.693,高雄市大社區旗楠路80巷211號,196.48 kW,寶島陽光電力事業股份有限公司,24SP2242-B026000001~67,5/20/26,2026-01-01~2026-03-31,認可,認可,55.883 MWh,3.693 MWh
富威電力股份有限公司,澄驛-鴨母寮太陽光電發電廠,太陽能,2026,18.927,0,嘉義縣朴子市竹村里鴨母寮103之175號,196.47 kW,富威電力股份有限公司,25SP0983-B026000026~49,4/1/26,2026-01-01~2026-02-28,認可,認可,18.927 MWh,0 MWh
富威電力股份有限公司,澄驛-龜子港太陽光電發電廠,太陽能,2026,18.398,0,嘉義縣朴子市順安里龜子港90號,196.47 kW,富威電力股份有限公司,25SP0963-B026000027~50,4/1/26,2026-01-01~2026-02-28,認可,認可,18.398 MWh,0 MWh
艾涅爾電力股份有限公司,鎧銚-莊通俊PV0263,太陽能,2026,34.617,0,雲林縣水林鄉雲林縣水林鄉水北村文化路117號,196.42 kW,艾涅爾電力股份有限公司,24SP0726-B026000001~36,4/8/26,2026-01-01~2026-02-28,認可,認可,34.617 MWh,0 MWh
怡和綠電超商股份有限公司,漢翔(王董)-傑能褒忠雞舍,太陽能,2026,17.23,0,雲林縣褒忠鄉新湖1之9號,196.23 kW,怡和綠電超商股份有限公司,25SP1513-B026000018~35,4/1/26,2026-02-01~2026-02-28,認可,認可,17.23 MWh,0 MWh
怡和綠電超商股份有限公司,興發-伸港鄉什股路191-57號(王小孩),太陽能,2026,0.197,63.238,彰化縣伸港鄉什股路191之57號,196.2 kW,怡和綠電超商股份有限公司,25SP3536-B026000002~67,5/20/26,2026-01-01~2026-03-31,認可,認可,0.197 MWh,63.238 MWh
艾涅爾電力股份有限公司,承品能源-丞威精密(一期),太陽能,2026,26.915,0,雲林縣褒忠鄉中民村中正路14之8號,196.1 kW,艾涅爾電力股份有限公司,25SP0181-B026000001~28,4/8/26,2026-01-01~2026-02-28,認可,認可,26.915 MWh,0 MWh
續興股份有限公司,台南學甲2,太陽能,2026,66.08,0,臺南市學甲區中洲段0543-0000地號,195.96 kW,續興股份有限公司,24SP1252-B026000001~67,5/20/26,2026-01-01~2026-03-31,認可,認可,66.08 MWh,0 MWh
怡和綠電超商股份有限公司,達莉煬綠能-九份子幼兒園,太陽能,2026,61.301,0,臺南市安南區郡安路6段227號,195.65 kW,怡和綠電超商股份有限公司,25SP3954-B026000002~65,5/20/26,2026-01-01~2026-03-31,認可,認可,61.301 MWh,0 MWh
晨星電力股份有限公司,(暟陽)暟陽-嘉義屋頂,太陽能,2026,56.707,0,嘉義縣六腳鄉三義村6鄰三姓寮89之5號,195.63 kW,晨星電力股份有限公司,25SP1849-B026000001~59,5/20/26,2026-01-01~2026-03-31,認可,認可,56.707 MWh,0 MWh
寶島陽光電力事業股份有限公司,日沛能源有限公司(林鎮),太陽能,2026,50.716,0,彰化縣大城鄉魚寮路56巷18號,195.52 kW,寶島陽光電力事業股份有限公司,24SP2464-B026000001~52,5/20/26,2026-01-01~2026-03-31,認可,認可,50.716 MWh,0 MWh
廣積科技股份有限公司,廣積平鎮廠第一、二期,太陽能,2026,0,23.872,桃園市平鎮區民族路雙連二段118巷10號,195.5 kW,廣積科技股份有限公司,25SP0406-B026000001~25,4/1/26,2026-01-01~2026-02-28,認可,認可,0 MWh,23.872 MWh
天力離岸風電科技股份有限公司,臺中廠(B棟)-195.5kWp太陽光電發電系統,太陽能,2026,0,50.496,臺中市龍井區水里9鄰環港路235號,195.5 kW,天力離岸風電科技股份有限公司,25SP0893-B026000001~52,5/20/26,2026-01-01~2026-03-31,認可,認可,0 MWh,50.496 MWh
能元超商股份有限公司,協原_B,太陽能,2026,55.117,0,高雄市林園區汕尾段二小段2005-6地號,195.5 kW,能元超商股份有限公司,25SP1613-B026000002~60,5/20/26,2026-01-01~2026-03-31,認可,認可,55.117 MWh,0 MWh
阿波羅電力股份有限公司,環球大宇宙仁武里,太陽能,2026,61.313,0,高雄市仁武區仁祥街199號,195.36 kW,阿波羅電力股份有限公司,24SP0556-B026000001~63,5/20/26,2026-01-01~2026-03-31,認可,認可,61.313 MWh,0 MWh
星星電力股份有限公司,仁登-新埔段1227地號,太陽能,2026,62.05,0,屏東縣內埔鄉新埔段1227地號,195.3 kW,星星電力股份有限公司,24SP2365-B026000001~63,5/20/26,2026-01-01~2026-03-31,認可,認可,62.05 MWh,0 MWh
大自然能源電業股份有限公司,NP091019C10向南-何諸政2期,太陽能,2026,33.363,21.81,嘉義縣民雄鄉西昌村竹子脚66之6號,195.3 kW,大自然能源電業股份有限公司,24SP1309-B026000001~56,5/20/26,2026-01-01~2026-03-31,認可,認可,33.363 MWh,21.81 MWh
天能綠電股份有限公司,勝皇-台南工安協會屋頂型太陽光電案場,太陽能,2026,0,16.379,臺南市安南區科技公園大道55號,195.22 kW,天能綠電股份有限公司,25SP4172-B026000001~17,4/22/26,2026-01-01~2026-01-31,認可,認可,0 MWh,16.379 MWh
星星電力股份有限公司,仁登-越溪段834、898地號,太陽能,2026,66.122,0,屏東縣崁頂鄉越溪段834、898地號,195 kW,星星電力股份有限公司,24SP2216-B026000001~68,5/20/26,2026-01-01~2026-03-31,認可,認可,66.122 MWh,0 MWh
怡和綠電超商股份有限公司,晴美能源-羅宥惠,太陽能,2026,42.471,0,桃園市平鎮區南東路86號,195 kW,怡和綠電超商股份有限公司,25SP1679-B026000001~45,5/20/26,2026-01-01~2026-03-31,認可,認可,42.471 MWh,0 MWh
怡和綠電超商股份有限公司,晴美能源-泉盛(原誠鎰),太陽能,2026,54.607,0,彰化縣鹿港鎮環工十六路10號,195 kW,怡和綠電超商股份有限公司,25SP0791-B026000001~56,5/20/26,2026-01-01~2026-03-31,認可,認可,54.607 MWh,0 MWh
三地怪獸電力股份有限公司,嘉義客運屋頂型太陽光電,太陽能,2026,34.025,17.791,嘉義市東區後湖里保康路191號,195 kW,三地怪獸電力股份有限公司,24SP2263-B026000001~53,5/20/26,2026-01-01~2026-03-31,認可,認可,34.025 MWh,17.791 MWh
怡和綠電超商股份有限公司,憶潔工程行-臺南市官田區烏山頭段0207-0010地號,太陽能,2026,61.609,6.591,臺南市官田區烏山頭段0207-0010地號,195 kW,怡和綠電超商股份有限公司,25SP3917-B026000001~76,5/20/26,2026-01-01~2026-03-31,認可,認可,61.609 MWh,6.591 MWh
怡和綠電超商股份有限公司,興發-塗城變電所(標案),太陽能,2026,58.91,0,臺中市太平區工業二十路95號,194.99 kW,怡和綠電超商股份有限公司,25SP1180-B026000001~61,5/20/26,2026-01-01~2026-03-31,認可,認可,58.91 MWh,0 MWh
恆利電能股份有限公司,W-雲林東勢1 (194.775kw),太陽能,2026,45.816,10.888,雲林縣東勢鄉同安路95之12號,194.775 kW,恆利電能股份有限公司,25SP1008-B026000001~66,5/20/26,2026-01-01~2026-03-31,認可,認可,45.816 MWh,10.888 MWh
艾涅爾電力股份有限公司,加州電網-佳冬鄉昌北段998、999,太陽能,2026,35.937,0,屏東縣佳冬鄉昌北段998、999地號,194.68 kW,艾涅爾電力股份有限公司,24SP0046-B026000001~38,4/8/26,2026-01-01~2026-02-28,認可,認可,35.937 MWh,0 MWh
台灣日鑛金屬股份有限公司,日鑛2號,太陽能,2026,0,37.907,桃園市觀音區經建四路45號,194.56 kW,台灣日鑛金屬股份有限公司,24SP1278-B026000001~40,5/20/26,2026-01-01~2026-03-31,認可,認可,0 MWh,37.907 MWh
阿波羅電力股份有限公司,達興畢李寶惜2,太陽能,2026,28.36,21.386,澎湖縣白沙鄉下瓦硐段1093、1095地號,194.48 kW,阿波羅電力股份有限公司,25SP3929-B026000001~51,5/20/26,2026-01-01~2026-03-31,認可,認可,28.36 MWh,21.386 MWh
星星電力股份有限公司,安和營區錶9-車輛中隊辦公室及停車場-B(地面) (21期),太陽能,2026,40.126,0,屏東縣屏東市雲鵬段66地號等6筆(空軍第一後勤指揮部【屏東安和營區-車輛中隊停車棚】),194.425 kW,星星電力股份有限公司,25SP3901-B026000001~41,5/20/26,2026-02-01~2026-03-31,認可,認可,40.126 MWh,0 MWh
星星電力股份有限公司,琉璃光_東山1341,太陽能,2026,6.397,0,臺南市東山區臺南市東山區東山段1341地號,194.4 kW,星星電力股份有限公司,24SP0070-B026000002~13,5/20/26,2026-01-01~2026-03-31,認可,認可,6.397 MWh,0 MWh
大田精密工業股份有限公司,大田精密工業股份有限公司,太陽能,2026,0,56.536,屏東縣內埔鄉建富路8號,194.4 kW,大田精密工業股份有限公司,23SP0229-B026000001~58,5/20/26,2026-01-01~2026-03-31,認可,認可,0 MWh,56.536 MWh
晨星電力股份有限公司,(賽斯)內埔億發,太陽能,2026,0,54.352,屏東縣內埔鄉建民路3號,194.285 kW,晨星電力股份有限公司,25SP4394-B026000001~56,5/20/26,2026-01-01~2026-03-31,認可,認可,0 MWh,54.352 MWh
續興股份有限公司,高雄花旗632,太陽能,2026,11.964,41.348,高雄市旗山區花旗段0632-0000地號,194.25 kW,續興股份有限公司,24SP1120-B026000001~54,5/20/26,2026-01-01~2026-03-31,認可,認可,11.964 MWh,41.348 MWh
艾涅爾電力股份有限公司,澄達-林萬期雞舍(一),太陽能,2026,31.93,0,彰化縣二林鎮竹林路3段91號,193.98 kW,艾涅爾電力股份有限公司,24SP2510-B026000001~33,4/8/26,2026-01-01~2026-02-28,認可,認可,31.93 MWh,0 MWh
天能綠電股份有限公司,雲林廖春風豬舍屋頂型太陽能光電案,太陽能,2026,15.113,0,雲林縣二崙鄉中和路10號,193.8 kW,天能綠電股份有限公司,22SP0092-B026000002~17,3/18/26,2026-01-01~2026-01-31,認可,認可,15.113 MWh,0 MWh
瓦特先生股份有限公司,I-AR21-128大林國小二期,太陽能,2026,14.988,33.095,嘉義縣大林鎮中正路423號,193.8 kW,瓦特先生股份有限公司,24SP0509-B026000001~54,5/20/26,2026-01-01~2026-03-31,認可,認可,14.988 MWh,33.095 MWh
怡和綠電超商股份有限公司,伊萊環保-正大食品機械,太陽能,2026,60.123,0,嘉義縣民雄鄉頂崙村崙子頂1之6號,193.8 kW,怡和綠電超商股份有限公司,25SP2864-B026000001~62,5/20/26,2026-01-01~2026-03-31,認可,認可,60.123 MWh,0 MWh
香印永續股份有限公司,東暘,太陽能,2026,62.938,0,屏東縣內埔鄉復興段924-3地號,193.71 kW,香印永續股份有限公司,25SP2590-B026000001~312,5/20/26,2026-01-01~2026-03-31,認可,認可,62.938 MWh,0 MWh
怡和綠電超商股份有限公司,鑫元陽-舊凱薩克,太陽能,2026,18.859,0,臺南市安南區工明南一路72號,193.6 kW,怡和綠電超商股份有限公司,25SP0922-B026000019~37,4/1/26,2026-02-01~2026-02-28,認可,認可,18.859 MWh,0 MWh
中華航空股份有限公司,中華航空修護工廠,太陽能,2026,0,43.795,桃園市大園區航勤南路15號,193.575 kW,中華航空股份有限公司,24SP1765-B026000001~45,5/20/26,2026-01-01~2026-03-31,認可,認可,0 MWh,43.795 MWh
星星電力股份有限公司,傑陽-嘉義溪口-劉漢斌,太陽能,2026,17.196,0,嘉義縣溪口鄉游東村14鄰牛埔寮6之25號,193.27 kW,星星電力股份有限公司,25SP2380-B026000019~36,4/8/26,2026-02-01~2026-02-28,認可,認可,17.196 MWh,0 MWh
寶島陽光電力事業股份有限公司,晟鑫能源有限公司(TW170659),太陽能,2026,50.448,0,南投縣南投市大庄路29巷3之1號,193.2 kW,寶島陽光電力事業股份有限公司,24SP2605-B026000001~52,5/20/26,2026-01-01~2026-03-31,認可,認可,50.448 MWh,0 MWh
怡和綠電超商股份有限公司,興發-彰竹變電所,太陽能,2026,58.341,0,彰化縣彰化市彰南路4段123號,193.14 kW,怡和綠電超商股份有限公司,25SP3762-B026000001~60,5/20/26,2026-01-01~2026-03-31,認可,認可,58.341 MWh,0 MWh
鴻勁精密股份有限公司,鴻勁精密股份有限公司,太陽能,2026,0,37.305,臺中市大雅區中清路3段758巷17號,192.75 kW,鴻勁精密股份有限公司,24SP1406-B026000001~39,4/22/26,2026-01-01~2026-02-28,認可,認可,0 MWh,37.305 MWh
大同智能股份有限公司,台中市屋頂型太陽光電系統-東勢區成功國小,太陽能,2026,53.961,0,臺中市東勢區東關路五段600號,192.72 kW,大同智能股份有限公司,24SP0488-B026000001~56,5/20/26,2026-01-01~2026-03-31,認可,認可,53.961 MWh,0 MWh
天能綠電股份有限公司,光旭盈11--嘉義旭峰木業屋頂型光電案場,太陽能,2026,37.325,22.895,嘉義縣民雄鄉興中村坔墘5之6號,192.66 kW,天能綠電股份有限公司,25SP0042-B026000001~65,5/20/26,2026-01-01~2026-03-31,認可,認可,37.325 MWh,22.895 MWh
怡和綠電超商股份有限公司,陳鄭彥-大衛牧場,太陽能,2026,55.933,0,屏東縣九如鄉洽興村平和路38號,192.6 kW,怡和綠電超商股份有限公司,25SP4039-B026000001~63,5/20/26,2026-01-01~2026-03-31,認可,認可,55.933 MWh,0 MWh
陽光伏特家電力股份有限公司,旭陽雲林1廠,太陽能,2026,28.632,0,雲林縣崙背鄉民享路80之1、80之2號,192.5 kW,陽光伏特家電力股份有限公司,24SP0339-B026000010~67,5/20/26,2026-01-01~2026-03-31,認可,認可,28.632 MWh,0 MWh
續興股份有限公司,新電高雄1廠,太陽能,2026,0,33.821,高雄市梓官區新興段0077-0000地號,192.465 kW,續興股份有限公司,25SP2955-B026000001~35,4/22/26,2026-01-01~2026-02-28,認可,認可,0 MWh,33.821 MWh
艾涅爾電力股份有限公司,光傑-長笠童裝,太陽能,2026,35.15,0,臺南市歸仁區七甲里中正北路2段501巷60號,192.465 kW,艾涅爾電力股份有限公司,24SP0988-B026000001~36,4/8/26,2026-01-01~2026-02-28,認可,認可,35.15 MWh,0 MWh
艾涅爾電力股份有限公司,太旭-余文彬PV0195,太陽能,2026,35.124,0,苗栗縣後龍鎮新港段埔頂小段1071地號,192.28 kW,艾涅爾電力股份有限公司,24SP0044-B026000001~434,4/8/26,2026-01-01~2026-02-28,認可,認可,35.124 MWh,0 MWh
怡和綠電超商股份有限公司,育渲投資-任陽企業,太陽能,2026,56.386,0,臺中市豐原區朴子街459號,192.145 kW,怡和綠電超商股份有限公司,25SP1721-B026000001~58,5/20/26,2026-01-01~2026-03-31,認可,認可,56.386 MWh,0 MWh
天能綠電股份有限公司,金寶-龔錦亮二期屋頂型太陽光電案場,太陽能,2026,33.224,0,雲林縣水林鄉湖子內路33之21號,192 kW,天能綠電股份有限公司,25SP4199-B026000001~35,4/22/26,2026-01-01~2026-02-28,認可,認可,33.224 MWh,0 MWh
阿波羅電力股份有限公司,辰翔陳美珠,太陽能,2026,26.602,22.811,彰化縣芳苑鄉新復路一段332巷24弄建125號,192 kW,阿波羅電力股份有限公司,24SP2252-B026000001~50,5/20/26,2026-01-01~2026-03-31,認可,認可,26.602 MWh,22.811 MWh
阿波羅電力股份有限公司,辰翔黃清標一期,太陽能,2026,56.847,0,彰化縣二林鎮二城路617巷建331號,192 kW,阿波羅電力股份有限公司,24SP2049-B026000001~58,5/20/26,2026-01-01~2026-03-31,認可,認可,56.847 MWh,0 MWh
中曜股份有限公司,中租 2282 號,太陽能,2026,31.044,0,屏東縣新園鄉仙吉段991地號,192 kW,中曜股份有限公司,24SP1824-B026000001~32,5/13/26,2026-01-01~2026-02-28,認可,認可,31.044 MWh,0 MWh
健源工業股份有限公司,健源工業股份有限公司,太陽能,2026,0,64.272,彰化縣埤頭鄉斗苑東路806號,191.88 kW,健源工業股份有限公司,25SP1978-B026000001~66,5/20/26,2025-09-25~2026-03-31,認可,認可,0 MWh,64.272 MWh
寶島陽光電力事業股份有限公司,昌瑞能源有限公司(陳李春枝),太陽能,2026,63.247,0,臺南市佳里區子龍里子良廟176號之3,191.75 kW,寶島陽光電力事業股份有限公司,24SP0995-B026000001~65,5/20/26,2026-01-01~2026-03-31,認可,認可,63.247 MWh,0 MWh
怡和綠電超商股份有限公司,興發-台中發電廠修配大樓,太陽能,2026,48.09,0,臺中市龍井區龍昌路1號,191.66 kW,怡和綠電超商股份有限公司,25SP1712-B026000001~50,5/20/26,2026-01-01~2026-03-31,認可,認可,48.09 MWh,0 MWh
三地怪獸電力股份有限公司,展昇高雄市美濃區屋頂型太陽光電,太陽能,2026,51.717,1.449,高雄市美濃區高雄市美濃區吉頂23之52號,191.52 kW,三地怪獸電力股份有限公司,25SP3076-B026000001~63,5/20/26,2026-01-01~2026-03-31,認可,認可,51.717 MWh,1.449 MWh
阿波羅電力股份有限公司,廣稷林孟冬二期,太陽能,2026,26.573,17.27,彰化縣芳苑鄉芳漢路王功段建855號,191.4 kW,阿波羅電力股份有限公司,24SP1264-B026000001~45,5/20/26,2026-01-01~2026-03-31,認可,認可,26.573 MWh,17.27 MWh
瓦力電能股份有限公司,雲林縣斗南鎮191.36瓩(T8095),太陽能,2026,28.344,18.046,雲林縣斗南鎮阿丹里崙子192號,191.36 kW,瓦力電能股份有限公司,25SP0906-B026000001~49,5/20/26,2026-01-01~2026-03-31,認可,認可,28.344 MWh,18.046 MWh
星星電力股份有限公司,國碩利高 - 2C阮國盛,太陽能,2026,58.691,0,屏東縣麟洛鄉麟信段0627-0000地號.,191.1 kW,星星電力股份有限公司,24SP2497-B026000114~148,5/20/26,2026-01-01~2026-03-31,認可,認可,58.691 MWh,0 MWh
天能綠電股份有限公司,光旭盈05--南投林富雄屋頂型光電案場,太陽能,2026,53.022,1.252,南投縣水里鄉永豐村堤防路132號,191.1 kW,天能綠電股份有限公司,25SP0029-B026000001~64,5/20/26,2026-01-01~2026-03-31,認可,認可,53.022 MWh,1.252 MWh
續興股份有限公司,山興二期,太陽能,2026,57.17,0,屏東縣長治鄉香楊路187之1號(屏東縣長治鄉進興段1097-0000、1099-0000地號)(山興畜牧場),190.96 kW,續興股份有限公司,25SP0345-B026000001~59,5/20/26,2026-01-01~2026-03-31,認可,認可,57.17 MWh,0 MWh
艾涅爾電力股份有限公司,台一-致勝塑膠PV1460,太陽能,2026,31.702,0,嘉義縣義竹鄉岸腳村角帶圍1之2號,190.8 kW,艾涅爾電力股份有限公司,25SP0346-B026000001~32,4/8/26,2026-01-01~2026-02-28,認可,認可,31.702 MWh,0 MWh
天能綠電股份有限公司,勝隆纖維一期(3)-彰化縣和美鎮屋頂型太陽光電案場,太陽能,2026,37.503,0,彰化縣和美鎮和港路646號,190.785 kW,天能綠電股份有限公司,25SP1427-B026000001~39,4/1/26,2026-01-01~2026-02-28,認可,認可,37.503 MWh,0 MWh
天能綠電股份有限公司,光旭盈12-台南金煜屋頂型光電案場,太陽能,2026,53.588,4.624,臺南市安南區台南市安南區安新一路151號,190.625 kW,天能綠電股份有限公司,24SP1775-B026000001~65,5/20/26,2026-01-01~2026-03-31,認可,認可,53.588 MWh,4.624 MWh
艾涅爾電力股份有限公司,錦軒-南投國小(地面型)PV0200,太陽能,2026,31.941,0,南投縣南投市南投段0476-0007、0477-0001地號,190.4 kW,艾涅爾電力股份有限公司,24SP0194-B026000001~131,5/20/26,2026-01-01~2026-02-28,認可,認可,31.941 MWh,0 MWh
星星電力股份有限公司,元京 - 阿蓮134-65,太陽能,2026,31.6,0,"高雄市阿蓮區港後路134-65號 /港后里崙仔頂段1673-0000地號""",190.4 kW,星星電力股份有限公司,25SP2318-B026000001~33,4/8/26,2026-01-01~2026-02-28,認可,認可,31.6 MWh,0 MWh
續興股份有限公司,新有雲林1廠,太陽能,2026,57.136,0,雲林縣西螺鎮經崙54之11號,190.35 kW,續興股份有限公司,25SP3413-B026000001~59,5/20/26,2026-01-01~2026-03-31,認可,認可,57.136 MWh,0 MWh
怡和綠電超商股份有限公司,育渲投資-如意食務,太陽能,2026,56.825,0,臺中市豐原區朴子街565巷67號,190.24 kW,怡和綠電超商股份有限公司,25SP1834-B026000001~59,5/20/26,2026-01-01~2026-03-31,認可,認可,56.825 MWh,0 MWh
開陽電力股份有限公司,玖基企業股份有限公司-新盛國小教室,太陽能,2026,29.594,0,臺中市東勢區新盛里新盛街342號,190.2 kW,開陽電力股份有限公司,25SP2200-B026000001~30,4/1/26,2026-01-01~2026-02-28,認可,認可,29.594 MWh,0 MWh
開陽電力股份有限公司,開陽能源股份有限公司-南投竹山消防署訓練中心(第5停車場),太陽能,2026,26.792,0,南投縣竹山鎮紫南段1237-0000地號,190.08 kW,開陽電力股份有限公司,25SP0934-B026000001~28,4/1/26,2026-01-01~2026-02-28,認可,認可,26.792 MWh,0 MWh
大自然能源電業股份有限公司,NP081063C004低碳(好金二廠),太陽能,2026,49.897,0,彰化縣埔鹽鄉好金路臨23之28號,189.9 kW,大自然能源電業股份有限公司,25SP0808-B026000001~51,5/20/26,2026-01-01~2026-03-31,認可,認可,49.897 MWh,0 MWh
大自然能源電業股份有限公司,NP121020C003同力-南糖段114,太陽能,2026,39.443,0,屏東縣南州鄉南糖段0114-0000地號,189.8 kW,大自然能源電業股份有限公司,24SP1243-B026000001~40,4/1/26,2026-01-01~2026-02-28,認可,認可,39.443 MWh,0 MWh
阿波羅電力股份有限公司,睿陽高雄桃源建山國小案,太陽能,2026,58.761,0,高雄市桃源區建山里96號,189.75 kW,阿波羅電力股份有限公司,25SP0375-B026000001~70,5/20/26,2026-01-01~2026-03-31,認可,認可,58.761 MWh,0 MWh
中曜股份有限公司,中租 2284號,太陽能,2026,30.531,0,屏東縣新園鄉仙吉段991-2地號,189.6 kW,中曜股份有限公司,24SP1757-B026000001~32,5/13/26,2026-01-01~2026-02-28,認可,認可,30.531 MWh,0 MWh
天能綠電股份有限公司,御鑒科技-高雄大寮大有二街屋頂型光電案場,太陽能,2026,26.107,0,高雄市大寮區大有二街2號,189.44 kW,天能綠電股份有限公司,24SP0421-B026000001~32,5/20/26,2026-01-01~2026-03-31,認可,認可,26.107 MWh,0 MWh
怡和綠電超商股份有限公司,昶泰-屏東縣枋寮鄉東海村精進路37號(2期),太陽能,2026,17.275,0,屏東縣枋寮鄉精進路37號,189.2 kW,怡和綠電超商股份有限公司,25SP2513-B026000018~35,4/1/26,2026-02-01~2026-02-28,認可,認可,17.275 MWh,0 MWh
艾涅爾電力股份有限公司,城八-光華工業PV0484,太陽能,2026,37.058,0,彰化縣鹿港鎮鹿東路2段361巷176號,189.04 kW,艾涅爾電力股份有限公司,25SP0996-B026000001~38,4/8/26,2026-01-01~2026-02-28,認可,認可,37.058 MWh,0 MWh
恆利電能股份有限公司,RKA-伸港1 (189kw),太陽能,2026,34.209,0,彰化縣伸港鄉濱海路51巷17號,189 kW,恆利電能股份有限公司,24SP1858-B026000001~39,4/29/26,2026-01-01~2026-02-28,認可,認可,34.209 MWh,0 MWh
阿波羅電力股份有限公司,辰翔陳文熙,太陽能,2026,30.26,21.901,彰化縣芳苑鄉芳草路建367號,189 kW,阿波羅電力股份有限公司,24SP2048-B026000001~53,5/20/26,2026-01-01~2026-03-31,認可,認可,30.26 MWh,21.901 MWh
怡和綠電超商股份有限公司,欣雄-福智國中,太陽能,2026,17.848,0,雲林縣古坑鄉麻園村平和20號、20-1號,188.86 kW,怡和綠電超商股份有限公司,25SP0765-B026000018~35,4/1/26,2026-02-01~2026-02-28,認可,認可,17.848 MWh,0 MWh
續興股份有限公司,金瀛工業,太陽能,2026,56.812,0,臺南市南區新孝路210號,188.715 kW,續興股份有限公司,24SP0921-B026000001~58,5/20/26,2026-01-01~2026-03-31,認可,認可,56.812 MWh,0 MWh
續興股份有限公司,貿峰,太陽能,2026,41.252,0,宜蘭縣五結鄉三吉一路123巷15弄21號,188.6 kW,續興股份有限公司,25SP3375-B026000001~42,5/20/26,2026-01-01~2026-03-31,認可,認可,41.252 MWh,0 MWh
富威電力股份有限公司,惠來光電-溪州邱愍煌太陽光電發電廠,太陽能,2026,25.385,14.588,彰化縣溪州鄉陸軍路10-4號,188.505 kW,富威電力股份有限公司,25SP1803-B026000003~46,5/20/26,2026-01-01~2026-03-31,認可,認可,25.385 MWh,14.588 MWh
大自然能源電業股份有限公司,NP121041C004(頓物段18-2地號),太陽能,2026,60.998,0,屏東縣竹田鄉頓物段0018-0002地號,188.16 kW,大自然能源電業股份有限公司,24SP1630-B026000001~64,5/20/26,2026-01-01~2026-03-31,認可,認可,60.998 MWh,0 MWh
續興股份有限公司,學甲543,太陽能,2026,22,0,臺南市學甲區中洲段0543-0001、0543-0004地號,188.15 kW,續興股份有限公司,24SP0989-B026000001~23,4/22/26,2026-01-01~2026-02-28,認可,認可,22 MWh,0 MWh
晨星電力股份有限公司,(沅碁)田寮國中二期&三期,太陽能,2026,59.519,0,高雄市田寮區崗安路48號 / 高雄市牛稠埔段0044-0000地號,188.04 kW,晨星電力股份有限公司,25SP2932-B026000001~62,5/20/26,2026-01-01~2026-03-31,認可,認可,59.519 MWh,0 MWh
怡和綠電超商股份有限公司,鑫元陽-得禎一廠,太陽能,2026,18.014,0,臺南市永康區中山北路588、590號,188.02 kW,怡和綠電超商股份有限公司,25SP0921-B026000019~37,4/1/26,2026-02-01~2026-02-28,認可,認可,18.014 MWh,0 MWh
晨星電力股份有限公司,(加州儲能)安佃國小,太陽能,2026,59.225,0,臺南市安南區海佃路4段493號,187.875 kW,晨星電力股份有限公司,25SP2544-B026000001~61,5/20/26,2026-01-01~2026-03-31,認可,認可,59.225 MWh,0 MWh
宇軒電業股份有限公司,新土庫段567地號,太陽能,2026,15.682,0,屏東縣里港鄉新土庫段567地號,187.84 kW,宇軒電業股份有限公司,25SP1950-B026000017~32,4/15/26,2026-02-01~2026-02-28,認可,認可,15.682 MWh,0 MWh
天能綠電股份有限公司,聯合再生35-富台國小桃園市中壢區屋頂型太陽能光電場,太陽能,2026,41.472,0,桃園市中壢區中山東路3段369號,187.68 kW,天能綠電股份有限公司,25SP1467-B026000002~48,5/20/26,2026-01-01~2026-03-31,認可,認可,41.472 MWh,0 MWh
好市多股份有限公司台中分公司,好市多南屯店,太陽能,2026,0,52.192,臺中市南屯區文心南三路289號,187.68 kW,好市多股份有限公司台中分公司,20SP0026-B026000001~54,5/20/26,2026-01-01~2026-03-31,認可,認可,0 MWh,52.192 MWh
好市多股份有限公司北台中分公司,好市多北屯店,太陽能,2026,0,43.337,臺中市北屯區敦富路366號,187.68 kW,好市多股份有限公司北台中分公司,20SP0031-B026000001~44,5/20/26,2026-01-01~2026-03-31,認可,認可,0 MWh,43.337 MWh
台灣化學纖維股份有限公司,台化新港公用廠苛化廠房及MGO倉庫,太陽能,2026,0,48.742,嘉義縣新港鄉中洋村中洋工業區1號,187.65 kW,台灣化學纖維股份有限公司,24SP0564-B026000001~50,5/20/26,2026-01-01~2026-03-31,認可,認可,0 MWh,48.742 MWh
晨星電力股份有限公司,(沅碁)復興國小,太陽能,2026,54.242,0,高雄市前鎮區民權二路331號,187.425 kW,晨星電力股份有限公司,25SP2610-B026000001~56,5/20/26,2026-01-01~2026-03-31,認可,認可,54.242 MWh,0 MWh
新普科技股份有限公司,新普科技二廠,太陽能,2026,0,46.527,新竹縣湖口鄉八德路二段656號,187.34 kW,新普科技股份有限公司,25SP1845-B026000001~49,5/20/26,2026-01-01~2026-03-31,認可,認可,0 MWh,46.527 MWh
怡和綠電超商股份有限公司,晁能-蔡基男,太陽能,2026,60.002,0,屏東縣萬丹鄉香社路215號,187.24 kW,怡和綠電超商股份有限公司,25SP1520-B026000001~61,5/20/26,2026-01-01~2026-03-31,認可,認可,60.002 MWh,0 MWh
富威電力股份有限公司,永大-謝國在太陽光電發電廠,太陽能,2026,28.076,30.565,屏東縣高樹鄉新泰山段0406-0000、0406-0001地號,187.2 kW,富威電力股份有限公司,25SP2373-B026000001~64,5/20/26,2026-01-01~2026-03-31,認可,認可,28.076 MWh,30.565 MWh
晨星電力股份有限公司,(統益)鳳山商工-綜合體育館,太陽能,2026,62.91,0,高雄市鳳山區文衡路51號(綜合體育館),187.2 kW,晨星電力股份有限公司,25SP3081-B026000001~65,5/20/26,2026-01-01~2026-03-31,認可,認可,62.91 MWh,0 MWh
陽光伏特家電力股份有限公司,旭陽台中1廠,太陽能,2026,26.789,0,臺中市西屯區工業區三十五路3號,187.125 kW,陽光伏特家電力股份有限公司,24SP0114-B026000010~65,5/20/26,2026-01-01~2026-03-31,認可,認可,26.789 MWh,0 MWh
晨星電力股份有限公司,(賽斯)志開國小,太陽能,2026,59.586,0,臺南市南區南門路232號,186.96 kW,晨星電力股份有限公司,25SP2600-B026000001~61,5/20/26,2026-01-01~2026-03-31,認可,認可,59.586 MWh,0 MWh
天能綠電股份有限公司,光旭盈01--雲林協明棉織屋頂型光電案場,太陽能,2026,56.197,5.75,雲林縣虎尾鎮中溪里中溪25之20號,186.96 kW,天能綠電股份有限公司,25SP0063-B026000001~72,5/20/26,2026-01-01~2026-03-31,認可,認可,56.197 MWh,5.75 MWh
怡和綠電超商股份有限公司,嘉創-寶緯工業2,太陽能,2026,59.489,0,彰化縣北斗鎮新工三路6號,186.78 kW,怡和綠電超商股份有限公司,25SP3771-B026000002~63,5/20/26,2026-01-01~2026-03-31,認可,認可,59.489 MWh,0 MWh
晨星電力股份有限公司,(統益)陳政鴻,太陽能,2026,58.033,0,嘉義縣新港鄉菜公村8鄰咬仔竹86號,186.78 kW,晨星電力股份有限公司,25SP1850-B026000001~59,5/20/26,2026-01-01~2026-03-31,認可,認可,58.033 MWh,0 MWh
天能綠電股份有限公司,豐光01--屏東陳昭中屋頂型光電案場,太陽能,2026,54.867,1.967,屏東縣九如鄉五權路38之1號,186.75 kW,天能綠電股份有限公司,25SP0033-B026000001~66,5/20/26,2026-01-01~2026-03-31,認可,認可,54.867 MWh,1.967 MWh
艾涅爾電力股份有限公司,旭力-江培全1.2期,太陽能,2026,34.553,0,臺南市後壁區仕安里下長80之36號(後壁區長短樹段5028-0000地號),186.73 kW,艾涅爾電力股份有限公司,24SP1469-B026000001~35,4/8/26,2026-01-01~2026-02-28,認可,認可,34.553 MWh,0 MWh
富威電力股份有限公司,日盛全-白河2-2太陽光電發電廠,太陽能,2026,40.253,9.098,臺南市白河區頂秀祐段0002-0002地號,186.66 kW,富威電力股份有限公司,25SP1633-B026000001~74,5/20/26,2026-01-01~2026-03-31,認可,認可,40.253 MWh,9.098 MWh
晨星電力股份有限公司,(加州儲能)安慶國小,太陽能,2026,0.605,0,臺南市安南區安中路一段703巷80號,186.66 kW,晨星電力股份有限公司,25SP2486-B026000001~3,5/20/26,2026-01-01~2026-03-31,認可,認可,0.605 MWh,0 MWh
晨星電力股份有限公司,(加州儲能)大光國小二期,太陽能,2026,0.567,0,臺南市北區長榮路五段277號,186.32 kW,晨星電力股份有限公司,25SP2619-B026000001~3,5/20/26,2026-01-01~2026-03-31,認可,認可,0.567 MWh,0 MWh
阿波羅電力股份有限公司,睿陽高雄楠梓寶弟工業,太陽能,2026,56.743,0,高雄市楠梓區楠梓加工出口區開發路41號,186.24 kW,阿波羅電力股份有限公司,25SP0363-B026000001~58,5/20/26,2026-01-01~2026-03-31,認可,認可,56.743 MWh,0 MWh
星星電力股份有限公司,雄利 - 新興段420地號,太陽能,2026,49.705,0,屏東縣屏東市新興段0420-0000地號,186.11 kW,星星電力股份有限公司,25SP2276-B026000001~52,5/20/26,2026-01-01~2026-03-31,認可,認可,49.705 MWh,0 MWh
怡和綠電超商股份有限公司,欣雄-台南六甲岩埤162,太陽能,2026,16.226,0,臺南市六甲區岩埤段162地號,186.05 kW,怡和綠電超商股份有限公司,25SP2584-B026000018~34,4/1/26,2026-02-01~2026-02-28,認可,認可,16.226 MWh,0 MWh
續興股份有限公司,溪口民權雞舍,太陽能,2026,56.835,0,嘉義縣溪口鄉民權街172號,186 kW,續興股份有限公司,24SP0811-B026000001~58,5/20/26,2026-01-01~2026-03-31,認可,認可,56.835 MWh,0 MWh
寶島陽光電力事業股份有限公司,日沛能源有限公司(TW170721),太陽能,2026,33.007,18.047,嘉義縣民雄鄉西昌村竹子腳66之6號,185.85 kW,寶島陽光電力事業股份有限公司,24SP2101-B026000001~59,5/20/26,2026-01-01~2026-03-31,認可,認可,33.007 MWh,18.047 MWh
天能綠電股份有限公司,倫達紙器-屋頂型太陽能電廠,太陽能,2026,61.512,0,彰化縣福興鄉番社街26之60號,185.73 kW,天能綠電股份有限公司,25SP3789-B026000001~64,5/20/26,2026-01-01~2026-03-31,認可,認可,61.512 MWh,0 MWh
阿波羅電力股份有限公司,路加葉佳旺二期,太陽能,2026,18.358,21.115,桃園市平鎮區中庸路一段299巷232弄36號,185.6 kW,阿波羅電力股份有限公司,25SP0274-B026000001~43,5/20/26,2026-01-01~2026-03-31,認可,認可,18.358 MWh,21.115 MWh
天能綠電股份有限公司,高雄前金國中屋頂型太陽光電案場,太陽能,2026,10.547,0,高雄市前金區六合二路278號,185.555 kW,天能綠電股份有限公司,24SP0040-B026000001~15,5/20/26,2026-01-01~2026-03-31,認可,認可,10.547 MWh,0 MWh
阿波羅電力股份有限公司,辰翔蔡沛錡,太陽能,2026,56.96,0,雲林縣崙背鄉東明村南昌路167巷30號,185.25 kW,阿波羅電力股份有限公司,24SP0536-B026000001~59,5/20/26,2026-01-01~2026-03-31,認可,認可,56.96 MWh,0 MWh
開陽電力股份有限公司,玖基企業股份有限公司-台電台北市區營業處配電大樓,太陽能,2026,24.538,0,臺北市大安區基隆路四段55巷4號,185.15 kW,開陽電力股份有限公司,25SP1454-B026000001~25,4/1/26,2026-01-01~2026-02-28,認可,認可,24.538 MWh,0 MWh
怡和綠電超商股份有限公司,漢翔(王董)-邱建國,太陽能,2026,17.131,0,彰化縣芳苑鄉路平路建222號,185.07 kW,怡和綠電超商股份有限公司,25SP1713-B026000017~34,4/1/26,2026-02-01~2026-02-28,認可,認可,17.131 MWh,0 MWh
怡和綠電超商股份有限公司,興發-台東榮總勝利院區,太陽能,2026,47.189,0,臺東縣臺東市台東段0003-0204、0003-0554地號,184.92 kW,怡和綠電超商股份有限公司,25SP1300-B026000001~49,5/20/26,2026-01-01~2026-03-31,認可,認可,47.189 MWh,0 MWh
瑞昱半導體股份有限公司,瑞昱半導體股份有限公司三廠發電站停車棟,太陽能,2026,0,46.919,新竹市東區園區二路9之1號,184.86 kW,瑞昱半導體股份有限公司,24SP0822-B026000001~49,5/20/26,2026-01-01~2026-03-31,認可,認可,0 MWh,46.919 MWh
阿波羅電力股份有限公司,辰翔瑞昕嵩陽,太陽能,2026,29.805,21.02,彰化縣鹿港鎮鹿工南三路46號,184.83 kW,阿波羅電力股份有限公司,24SP2249-B026000001~53,5/20/26,2026-01-01~2026-03-31,認可,認可,29.805 MWh,21.02 MWh
阿波羅電力股份有限公司,廣稷陳建上,太陽能,2026,32.472,21.386,彰化縣大城鄉中央路43之6號,184.8 kW,阿波羅電力股份有限公司,24SP1661-B026000001~56,5/20/26,2026-01-01~2026-03-31,認可,認可,32.472 MWh,21.386 MWh
大自然能源電業股份有限公司,NP071031C007彰化鋐洲案場,太陽能,2026,33.628,23.099,彰化縣鹿港鎮環工六路20號,184.8 kW,大自然能源電業股份有限公司,24SP1449-B026000001~59,5/20/26,2026-01-01~2026-03-31,認可,認可,33.628 MWh,23.099 MWh
天能綠電股份有限公司,豐光13-雲林林三郎屋頂型太陽光電案場,太陽能,2026,56.951,0,雲林縣東勢鄉同安路95之25號,184.8 kW,天能綠電股份有限公司,24SP2508-B026000001~66,5/20/26,2026-01-01~2026-03-31,認可,認可,56.951 MWh,0 MWh
寶富電力股份有限公司,林邊五小福-1-寶財-鎮林段37號,太陽能,2026,70.649,0,屏東縣林邊鄉鎮林段37號,184.8 kW,寶富電力股份有限公司,25SP0411-B026000012~92,5/20/26,2026-01-01~2026-03-31,認可,認可,70.649 MWh,0 MWh
瓦力電能股份有限公司,屏東縣林邊鄉184.76瓩(T7373),太陽能,2026,36.447,24.591,屏東縣林邊鄉光林段0810-0000地號,184.76 kW,瓦力電能股份有限公司,25SP0742-B026000001~63,5/20/26,2026-01-01~2026-03-31,認可,認可,36.447 MWh,24.591 MWh
大自然能源電業股份有限公司,NP191019C002(向南-李建德),太陽能,2026,16.413,0,雲林縣元長鄉下寮村湖內2-9號,184.76 kW,大自然能源電業股份有限公司,24SP1807-B026000001~17,3/4/26,2026-01-01~2026-01-31,認可,認可,16.413 MWh,0 MWh
怡和綠電超商股份有限公司,怡和國際能源-文賢國小校長室、停車場、幼兒園,太陽能,2026,49.773,0,臺南市仁德區文賢路1段886號、文賢段1011-0000地號、文賢路1段886號,184.68 kW,怡和綠電超商股份有限公司,25SP2574-B026000001~52,5/20/26,2026-01-01~2026-03-31,認可,認可,49.773 MWh,0 MWh
開陽電力股份有限公司,榮華綠金有限公司-四湖鄉新興段地面型,太陽能,2026,55.849,0,雲林縣四湖鄉新興段0244-0000、0245-0000地號,184.68 kW,開陽電力股份有限公司,25SP0041-B026000001~57,5/20/26,2026-01-01~2026-03-31,認可,認可,55.849 MWh,0 MWh
怡和綠電超商股份有限公司,賽斯-三民區民眾活動中心,太陽能,2026,59.922,0,高雄市三民區大順二路468、470號,184.62 kW,怡和綠電超商股份有限公司,25SP2424-B026000001~62,5/20/26,2026-01-01~2026-03-31,認可,認可,59.922 MWh,0 MWh
晨星電力股份有限公司,(加州儲能)土城國小,太陽能,2026,0.548,0,臺南市安南區城北路195號,184.62 kW,晨星電力股份有限公司,25SP2547-B026000001~3,5/20/26,2026-01-01~2026-03-31,認可,認可,0.548 MWh,0 MWh
星星電力股份有限公司,傑能-褒忠林建郎,太陽能,2026,50.398,0,雲林縣褒忠鄉有才1之41號,184.5 kW,星星電力股份有限公司,25SP3382-B026000001~54,5/20/26,2026-01-01~2026-03-31,認可,認可,50.398 MWh,0 MWh
台灣住友培科股份有限公司,台灣住友培科股份有限公司-新建廠房,太陽能,2026,0,35.538,高雄市大寮區華西路1號,184.36 kW,台灣住友培科股份有限公司,24SP0941-B026000001~36,4/8/26,2026-01-01~2026-02-28,認可,認可,0 MWh,35.538 MWh
大同智能股份有限公司,彰化縣汙染農地太陽光電系統-彰化市彰興段188地號,太陽能,2026,50.123,0,彰化縣彰化市彰興段188地號,184.28 kW,大同智能股份有限公司,24SP0292-B026000001~51,5/20/26,2026-01-01~2026-03-31,認可,認可,50.123 MWh,0 MWh
復盛應用科技股份有限公司,復盛應用科技 G棟,太陽能,2026,0,35.864,桃園市桃園區興中街9號,184.23 kW,復盛應用科技股份有限公司,24SP0532-B026000001~38,5/20/26,2026-01-01~2026-03-31,認可,認可,0 MWh,35.864 MWh
艾涅爾電力股份有限公司,陽欣-信發PV0062,太陽能,2026,31.591,0,彰化縣鹿港鎮彰化縣鹿港鎮環工六路8號,184.21 kW,艾涅爾電力股份有限公司,24SP1998-B026000001~32,4/8/26,2026-01-01~2026-02-28,認可,認可,31.591 MWh,0 MWh
星星電力股份有限公司,仁登-興龍段226地號,太陽能,2026,64.308,0,屏東縣新園鄉興龍段226地號,184.14 kW,星星電力股份有限公司,24SP2155-B026000001~66,5/20/26,2026-01-01~2026-03-31,認可,認可,64.308 MWh,0 MWh
開陽電力股份有限公司,開陽能源-彌陀南安國小,太陽能,2026,36.536,0,高雄市彌陀區樂安路1號,184.07 kW,開陽電力股份有限公司,25SP1323-B026000001~38,4/1/26,2026-01-01~2026-02-28,認可,認可,36.536 MWh,0 MWh
寶島陽光電力事業股份有限公司,玉衡能源股份有限公司(FS2303004),太陽能,2026,60.964,0,屏東縣車城鄉中山路66號,184.03 kW,寶島陽光電力事業股份有限公司,25SP2692-B026000001~62,5/20/26,2026-01-01~2026-03-31,認可,認可,60.964 MWh,0 MWh
天能綠電股份有限公司,全日光-雲林土庫地面型太陽光電案場,太陽能,2026,57.192,0,雲林縣土庫鎮大荖段1831-0014地號,183.62 kW,天能綠電股份有限公司,25SP2878-B026000001~60,5/20/26,2026-01-01~2026-03-31,認可,認可,57.192 MWh,0 MWh
鴻晶新科技股份有限公司,友力企業社即負責人施能銘(一期),太陽能,2026,5.093,10.23,彰化縣線西鄉溝內村溝內路195號,183.61 kW,鴻晶新科技股份有限公司,25SP3426-B026000001~17,5/20/26,2026-01-01~2026-01-31,認可,認可,5.093 MWh,10.23 MWh
晨星電力股份有限公司,(賽斯)高雄中學 第七棟,太陽能,2026,59.661,0,高雄市三民區建國三路50號,183.27 kW,晨星電力股份有限公司,25SP2450-B026000001~61,5/20/26,2026-01-01~2026-03-31,認可,認可,59.661 MWh,0 MWh
大自然能源電業股份有限公司,NP181090C002景旭(仁安三巷9之1號),太陽能,2026,45.475,6.571,高雄市仁武區仁安三巷9之1號,183.15 kW,大自然能源電業股份有限公司,25SP3155-B026000001~60,5/20/26,2026-01-01~2026-03-31,認可,認可,45.475 MWh,6.571 MWh
孟岱眼鏡股份有限公司,孟岱眼鏡股份有限公司,太陽能,2026,0,40.727,臺南市安南區安和路二段318巷27號,183.04 kW,孟岱眼鏡股份有限公司,25SP2669-B026000001~41,5/20/26,2026-01-09~2026-03-31,認可,認可,0 MWh,40.727 MWh
國泰人壽保險股份有限公司,國泰烏日辦公室,太陽能,2026,0,56.532,臺中市烏日區三榮五路33號,183 kW,國泰人壽保險股份有限公司,19SP0024-B026000001~57,5/20/26,2026-01-01~2026-03-31,認可,認可,0 MWh,56.532 MWh
穩懋半導體股份有限公司,穩懋(C廠-FAB棟),太陽能,2026,0,43.862,桃園市龜山區山鶯路200之5號,182.97 kW,穩懋半導體股份有限公司,24SP0180-B026000001~46,5/20/26,2026-01-01~2026-03-31,認可,認可,0 MWh,43.862 MWh
大自然能源電業股份有限公司,NP111082C003(高雄空軍官校),太陽能,2026,41.504,10.149,高雄市岡山區介壽路1、2、3、4、5、6、7、8、9、10、11、12、13、14、15、16號,182.9 kW,大自然能源電業股份有限公司,25SP3320-B026000001~56,5/20/26,2026-01-01~2026-03-31,認可,認可,41.504 MWh,10.149 MWh
天能綠電股份有限公司,豐光13--新營連國雄屋頂型光電案場,太陽能,2026,47.827,4.492,臺南市柳營區義士路1段262巷36弄30號（柳營區大脚腿段0735-0000地號),182.82 kW,天能綠電股份有限公司,25SP0304-B026000001~62,5/20/26,2026-01-01~2026-03-31,認可,認可,47.827 MWh,4.492 MWh
晨星電力股份有限公司,(卓越)安利吉機器廠,太陽能,2026,63.754,0,臺南市西港區營西里後營3之15號,182.78 kW,晨星電力股份有限公司,25SP2954-B026000001~66,5/20/26,2026-01-01~2026-03-31,認可,認可,63.754 MWh,0 MWh
艾涅爾電力股份有限公司,陽光-商尼製輪(一)(二)PV0716,太陽能,2026,29.671,0,臺南市安定區安加里安定258之15號,182.655 kW,艾涅爾電力股份有限公司,25SP0757-B026000001~31,4/8/26,2026-01-01~2026-02-28,認可,認可,29.671 MWh,0 MWh
怡和綠電超商股份有限公司,伊萊環保-張皓丞雞舍,太陽能,2026,15.557,0,屏東縣萬丹鄉大勇路199巷121號,182.6 kW,怡和綠電超商股份有限公司,25SP2585-B026000017~32,4/1/26,2026-02-01~2026-02-28,認可,認可,15.557 MWh,0 MWh
天能綠電股份有限公司,富宇_雙十國中-活動中心,太陽能,2026,15.999,1.483,臺中市北區力行路258號,182.372 kW,天能綠電股份有限公司,25SP3810-B026000001~22,5/20/26,2026-01-01~2026-03-31,認可,認可,15.999 MWh,1.483 MWh
怡和綠電超商股份有限公司,廣大利蛋行-屏東廠一期,太陽能,2026,56.129,0,屏東縣屏東市頭前溪路307、309號,182.25 kW,怡和綠電超商股份有限公司,25SP4113-B026000001~62,5/20/26,2026-01-01~2026-03-31,認可,認可,56.129 MWh,0 MWh
大同智能股份有限公司,彰化汙染農地太陽能建置案第三批-彰化市彰興段13地號,太陽能,2026,65.089,0,彰化縣彰化市彰興段13地號,182.24 kW,大同智能股份有限公司,24SP0269-B026000001~67,5/20/26,2026-01-01~2026-03-31,認可,認可,65.089 MWh,0 MWh
頎邦科技股份有限公司,頎邦展業二廠182.095kW,太陽能,2026,0,28.224,新竹市東區展業一路10號,182.095 kW,頎邦科技股份有限公司,23SP0353-B026000001~30,5/20/26,2026-01-01~2026-03-31,認可,認可,0 MWh,28.224 MWh
天能綠電股份有限公司,郡都-彰化縣二水鄉南通路一段20巷50號（聚泰屋頂型）,太陽能,2026,50.326,0,彰化縣二水鄉南通路一段20巷50號,182 kW,天能綠電股份有限公司,24SP2545-B026000001~52,5/20/26,2026-01-01~2026-03-31,認可,認可,50.326 MWh,0 MWh
陽光伏特家電力股份有限公司,台中太陽餅1號,太陽能,2026,20.944,0,臺中市后里區堤防路76號,181.72 kW,陽光伏特家電力股份有限公司,24SP1313-B026000001~22,4/1/26,2026-01-01~2026-02-28,認可,認可,20.944 MWh,0 MWh
台典機械股份有限公司,台典機械鳳凰廠,太陽能,2026,0,24.444,臺中市大里區鳳凰路86號,181.44 kW,台典機械股份有限公司,24SP0639-B026000001~26,5/20/26,2026-01-01~2026-03-31,認可,認可,0 MWh,24.444 MWh
艾涅爾電力股份有限公司,旭力-邱國昌PV0783,太陽能,2026,35.835,0,臺南市下營區大埤里大埤寮49號之13,181.2 kW,艾涅爾電力股份有限公司,24SP1672-B026000001~36,4/8/26,2026-01-01~2026-02-28,認可,認可,35.835 MWh,0 MWh
台灣碳資產電業股份有限公司,六維南投,太陽能,2026,47.339,0,南投縣南投市成功三路349號,181.17 kW,台灣碳資產電業股份有限公司,24SP0843-B026000001~49,5/20/26,2026-01-01~2026-03-31,認可,認可,47.339 MWh,0 MWh
中鋼機械股份有限公司,新鋼板儲放廠,太陽能,2026,0,52.261,高雄市小港區台機路3號,180.94 kW,中鋼機械股份有限公司,24SP0329-B026000001~54,5/20/26,2026-01-01~2026-03-31,認可,認可,0 MWh,52.261 MWh
南方電力股份有限公司,宏泰國際太陽光電發電廠,太陽能,2026,28.371,0,高雄市小港區東亞路7號,180.54 kW,南方電力股份有限公司,24SP2490-B026000059~143,4/1/26,2026-01-01~2026-02-28,認可,認可,28.371 MWh,0 MWh
阿波羅電力股份有限公司,廣稷昱豪工業,太陽能,2026,46.691,9.805,高雄市岡山區柳橋西路二段110號,180.5 kW,阿波羅電力股份有限公司,24SP0503-B026000001~59,5/20/26,2026-01-01~2026-03-31,認可,認可,46.691 MWh,9.805 MWh
大自然能源電業股份有限公司,NP041024C003(振陽雷射),太陽能,2026,33.566,0,桃園市觀音區建國路5號,180.4 kW,大自然能源電業股份有限公司,25SP1632-B026000001~35,5/20/26,2026-01-01~2026-03-31,認可,認可,33.566 MWh,0 MWh
台灣日東光學股份有限公司,台灣日東光學股份有限公司(工廠棟2案180.18KW),太陽能,2026,0,53.055,臺中市大雅區科雅西路7號,180.18 kW,台灣日東光學股份有限公司,25SP0866-B026000001~55,5/20/26,2026-01-01~2026-03-31,認可,認可,0 MWh,53.055 MWh
南方電力股份有限公司,臺中市新社區東湖街1段99巷30號太陽光電發電廠,太陽能,2026,57.081,0,臺中市新社區東湖街1段99巷30號,180.18 kW,南方電力股份有限公司,24SP1636-B026000002~44,5/20/26,2026-01-01~2026-03-31,認可,認可,57.081 MWh,0 MWh
傑傅能源股份有限公司,大村鄉公有市場太陽能發電設備_大智二街21號,太陽能,2026,31.892,0,彰化縣彰化市大智二街21號,180.18 kW,傑傅能源股份有限公司,24SP2270-B026000001~33,4/29/26,2026-01-01~2026-02-28,認可,認可,31.892 MWh,0 MWh
怡和綠電超商股份有限公司,晴美能源-彰化伸港思伶,太陽能,2026,50.356,0,彰化縣伸港鄉什股路191之25、191之27、191之29號,180 kW,怡和綠電超商股份有限公司,25SP0795-B026000001~51,5/20/26,2026-01-01~2026-03-31,認可,認可,50.356 MWh,0 MWh
葡萄王生技股份有限公司龍潭園區分公司,葡萄王生技股份有限公司龍潭園區分公司,太陽能,2026,0,36.303,桃園市龍潭區龍園一路68號,180 kW,葡萄王生技股份有限公司龍潭園區分公司,22SP0112-B026000001~38,5/20/26,2026-01-01~2026-03-31,認可,認可,0 MWh,36.303 MWh
續興股份有限公司,宜家(斜屋頂),太陽能,2026,56.897,0,彰化縣福興鄉秀安二街162巷臨128號,180 kW,續興股份有限公司,25SP1650-B026000001~58,5/20/26,2026-01-01~2026-03-31,認可,認可,56.897 MWh,0 MWh
阿波羅電力股份有限公司,辰翔李聰明,太陽能,2026,49.243,0,雲林縣大埤鄉怡美路1之9號,179.94 kW,阿波羅電力股份有限公司,24SP2380-B026000001~51,5/20/26,2026-01-01~2026-03-31,認可,認可,49.243 MWh,0 MWh
大自然能源電業股份有限公司,NP041008C005錦軒能源(惠芳),太陽能,2026,24.753,0,"桃園市大園區國際路一段36號,38號,大觀路428號",179.84 kW,大自然能源電業股份有限公司,24SP0771-B026000001~36,5/20/26,2026-01-01~2026-03-31,認可,認可,24.753 MWh,0 MWh
傑傅能源股份有限公司,高雄民族國小二期太陽能發電設備_三民區平等路197號,太陽能,2026,22.933,0,高雄市三民區平等路197號,179.84 kW,傑傅能源股份有限公司,24SP1984-B026000001~24,4/29/26,2026-01-01~2026-02-28,認可,認可,22.933 MWh,0 MWh
天能綠電股份有限公司,富宇_全國端板,太陽能,2026,0,13.814,彰化縣鹿港鎮鹿工南四路31號,179.82 kW,天能綠電股份有限公司,25SP4155-B026000001~14,4/22/26,2026-01-01~2026-01-31,認可,認可,0 MWh,13.814 MWh
艾涅爾電力股份有限公司,賽斯-美濃吉和段17地號(屋頂、地面),太陽能,2026,34.006,0,高雄市美濃區中正路3段378巷30號,179.82 kW,艾涅爾電力股份有限公司,24SP0210-B026000001~35,4/8/26,2026-01-01~2026-02-28,認可,認可,34.006 MWh,0 MWh
天能綠電股份有限公司,台南北門漁電共生_資策會,太陽能,2026,69.611,0,臺南市北門區慈安里三寮灣391之12號,179.8 kW,天能綠電股份有限公司,22SP0054-B026000001~82,5/20/26,2026-01-01~2026-03-31,認可,認可,69.611 MWh,0 MWh
財團法人工業技術研究院,工業技術研究院中興院區77館太陽光電,太陽能,2026,0,21.973,新竹縣竹東鎮中興路四段195號,179.745 kW,財團法人工業技術研究院,24SP0362-B026000001~24,5/20/26,2026-01-01~2026-03-31,認可,認可,0 MWh,21.973 MWh
瓦力電能股份有限公司,雲林縣褒忠鄉99.900瓩(T6308)、雲林縣褒忠鄉79.800瓩(T6309),太陽能,2026,32.452,20.889,雲林縣褒忠鄉馬鳴村鎮安路203之3號,179.7 kW,瓦力電能股份有限公司,25SP1156-B026000001~54,5/20/26,2026-01-01~2026-03-31,認可,認可,32.452 MWh,20.889 MWh
大自然能源電業股份有限公司,NP091064C001阿沙,太陽能,2026,44.11,0,嘉義縣水上鄉柳鄉村柳子林200之10號,179.55 kW,大自然能源電業股份有限公司,25SP0339-B026000001~46,5/20/26,2026-01-01~2026-03-31,認可,認可,44.11 MWh,0 MWh
中鋼光能股份有限公司,中龍熱軋主電氣室,太陽能,2026,45.895,0,臺中市龍井區龍昌路100號,179.52 kW,中鋼光能股份有限公司,23SP0104-B026000001~47,5/20/26,2026-01-01~2026-03-31,認可,認可,45.895 MWh,0 MWh
晨星電力股份有限公司,(特登)長頌特登工廠,太陽能,2026,5.236,29.303,彰化縣埤頭鄉頂庄路79號,179.28 kW,晨星電力股份有限公司,26SP0109-B026000001~40,5/20/26,2026-01-01~2026-02-28,認可,認可,5.236 MWh,29.303 MWh
天能綠電股份有限公司,豐光06-台南黃和田屋頂型太陽光電案場,太陽能,2026,53.93,5.46,臺南市鹽水區台南市鹽水區舊營38之15號(鹽水區番子厝段1075-0000地號),179.275 kW,天能綠電股份有限公司,24SP1621-B026000001~69,5/20/26,2026-01-01~2026-03-31,認可,認可,53.93 MWh,5.46 MWh
艾涅爾電力股份有限公司,亮界-佳幸科技工程股份有限公司,太陽能,2026,21.821,0,宜蘭縣礁溪鄉漳福路16號,179.17 kW,艾涅爾電力股份有限公司,24SP1490-B026000001~23,4/8/26,2026-01-01~2026-02-28,認可,認可,21.821 MWh,0 MWh
續興股份有限公司,黃瓊雲二期,太陽能,2026,50.225,0,屏東縣鹽埔鄉豐年路1之56號,179.17 kW,續興股份有限公司,25SP1078-B026000001~52,5/20/26,2026-01-01~2026-03-31,認可,認可,50.225 MWh,0 MWh
南方電力股份有限公司,神州龜山太陽光電發電廠,太陽能,2026,50.689,0,高雄市美濃區龜山段294、294-1、294-2地號,178.77 kW,南方電力股份有限公司,25SP0018-B026000001~52,5/20/26,2026-01-01~2026-03-31,認可,認可,50.689 MWh,0 MWh
富威電力股份有限公司,惠來光電-二崙1太陽光電發電廠,太陽能,2026,,,雲林縣二崙鄉惠來路67之7號,178.77 kW,富威電力股份有限公司,25SP0379-B026000081~331,5/20/26,2026-01-01~2026-03-31,認可,認可,35.069 MWh,8.925 MWh
寶島陽光電力事業股份有限公司,玉衡能源股份有限公司 (FS2303003),太陽能,2026,,,屏東縣東港鎮中正路二段258號,178.64 kW,寶島陽光電力事業股份有限公司,24SP2243-B026000001~60,5/20/26,2026-01-01~2026-03-31,認可,認可,50.318 MWh,2.754 MWh
開陽電力股份有限公司,玖基企業-台灣自來水股份有限公司第七區管理處馬公第一海水淡化廠5000噸清水池,太陽能,2026,,,澎湖縣馬公市烏崁306號,178.6 kW,開陽電力股份有限公司,25SP3371-B026000001~30,4/1/26,2026-01-01~2026-02-28,認可,認可,23.91 MWh,0 MWh
陽光伏特家電力股份有限公司,惠來雲林18廠,太陽能,2026,,,雲林縣四湖鄉自強路2之35號,178.56 kW,陽光伏特家電力股份有限公司、天能綠電股份有限公司,23SP0424-B026000001~57,5/20/26,2026-01-01~2026-03-31,認可,認可,55.693 MWh,0 MWh
星星電力股份有限公司,琉璃光_東山1344,太陽能,2026,,,臺南市東山區臺南市東山區東山段1344地號,178.56 kW,星星電力股份有限公司,24SP0077-B026000001~12,5/20/26,2026-01-01~2026-03-31,認可,認可,5.969 MWh,0 MWh
開陽電力股份有限公司,玖基企業股份有限公司-苗栗南庄豬舍,太陽能,2026,,,苗栗縣南庄鄉員林村1鄰下員林20之10號,178.425 kW,開陽電力股份有限公司,25SP1572-B026000001~26,4/1/26,2026-01-01~2026-02-28,認可,認可,24.944 MWh,0 MWh
六和機械股份有限公司,中壢區宿舍棟、停車棚,太陽能,2026,,,桃園市中壢區新生路二段334號(桃園市中壢區永清段0714-0000地號),178.2 kW,六和機械股份有限公司,24SP0002-B026000001~31,5/20/26,2026-01-01~2026-03-31,認可,認可,0 MWh,29.409 MWh
星星電力股份有限公司,群益曦力吳堃碩(台南),太陽能,2026,,,臺南市將軍區將軍里將榮112之5號,178.18 kW,星星電力股份有限公司,25SP3214-B026000001~63,5/20/26,2026-01-01~2026-03-31,認可,認可,61.292 MWh,0 MWh
威欣利實業股份有限公司,威欣利實業股份有限公司,太陽能,2026,,,新北市林口區工二區工四路26號,178.16 kW,威欣利實業股份有限公司,22SP0077-B026000001~8,4/1/26,2026-01-01~2026-02-28,認可,認可,0 MWh,6.8 MWh
十萬伏特電力股份有限公司,彰化-彥豪(二期)案,太陽能,2026,,,彰化縣秀水鄉民主街126巷12號,178 kW,十萬伏特電力股份有限公司,25SP2830-B026000001~43,5/20/26,2026-01-01~2026-03-31,認可,認可,39.676 MWh,0 MWh
天能綠電股份有限公司,城市發展-屏東縣林邊鄉富田段114地號地面型太陽光電案場,太陽能,2026,63.399,0,屏東縣林邊鄉富田段114地號,177.94 kW,天能綠電股份有限公司,24SP0405-B026000001~66,5/20/26,2026-01-01~2026-03-31,認可,認可,63.399 MWh,0 MWh
陽光伏特家電力股份有限公司,坤展彰化1廠,太陽能,2026,43.835,0,彰化縣花壇鄉中山路2段516號,177.9 kW,陽光伏特家電力股份有限公司,24SP2531-B026000001~45,5/20/26,2026-01-01~2026-03-31,認可,認可,43.835 MWh,0 MWh
怡和綠電超商股份有限公司,鑫元陽-協志塑膠大灣廠,太陽能,2026,17.259,0,臺南市仁德區土庫路350號,177.6 kW,怡和綠電超商股份有限公司,25SP0929-B026000018~35,4/1/26,2026-02-01~2026-02-28,認可,認可,17.259 MWh,0 MWh
阿波羅電力股份有限公司,環球大宇宙茄萣區興達港市場,太陽能,2026,58,0,高雄市茄萣區民族路53號,177.54 kW,阿波羅電力股份有限公司,24SP0786-B026000001~59,5/20/26,2026-01-01~2026-03-31,認可,認可,58 MWh,0 MWh
奇鼎科技股份有限公司,尚閎科技股份有限公司,太陽能,2026,0,43.193,新竹縣湖口鄉鳳工路8號、8號二樓,177.53 kW,奇鼎科技股份有限公司,24SP0056-B026000001~45,5/20/26,2026-01-01~2026-03-31,認可,認可,0 MWh,43.193 MWh
艾涅爾電力股份有限公司,育渲-雲林崙背豬舍,太陽能,2026,30.926,0,雲林縣崙背鄉西榮村民智路6之1號,177.53 kW,艾涅爾電力股份有限公司,24SP2417-B026000001~32,4/8/26,2026-01-01~2026-02-28,認可,認可,30.926 MWh,0 MWh
怡和綠電超商股份有限公司,怡和綠能-萬巒佳和1199、1200,太陽能,2026,14.326,0,屏東縣萬巒鄉佳和段1199、1200地號,177.51 kW,怡和綠電超商股份有限公司,25SP2404-B026000016~30,4/1/26,2026-02-01~2026-02-28,認可,認可,14.326 MWh,0 MWh
怡和綠電超商股份有限公司,加州能源-許錦李,太陽能,2026,51.493,0,彰化縣田尾鄉中正路2段239號,176.88 kW,怡和綠電超商股份有限公司,25SP2520-B026000001~53,5/20/26,2026-01-01~2026-03-31,認可,認可,51.493 MWh,0 MWh
艾涅爾電力股份有限公司,太佑-大光國小(屏東)PV0119,太陽能,2026,32.605,0,屏東縣恆春鎮大光路8號之6,176.8 kW,艾涅爾電力股份有限公司,24SP0027-B026000001~33,4/8/26,2026-01-01~2026-02-28,認可,認可,32.605 MWh,0 MWh
宇軒電業股份有限公司,玉港段691地號,太陽能,2026,18.476,0,臺南市北門區玉港段691地號,176.8 kW,宇軒電業股份有限公司,25SP1334-B026000020~38,4/15/26,2026-02-01~2026-02-28,認可,認可,18.476 MWh,0 MWh
怡和綠電超商股份有限公司,鑫元陽-新吉城邦,太陽能,2026,16.551,0,臺南市安定區安新一路508號,176.8 kW,怡和綠電超商股份有限公司,25SP0923-B026000018~34,4/1/26,2026-02-01~2026-02-28,認可,認可,16.551 MWh,0 MWh
星星電力股份有限公司,錸恩帕斯-中科鋼鐵,太陽能,2026,48.5,0,臺中市大里區仁美路159巷16號,176.4 kW,星星電力股份有限公司,25SP1570-B026000001~50,5/20/26,2026-01-01~2026-03-31,認可,認可,48.5 MWh,0 MWh
陽光伏特家電力股份有限公司,台南擔仔5號,太陽能,2026,23.993,0,臺南市仁德區開發四路6號,176.4 kW,陽光伏特家電力股份有限公司,24SP1284-B026000001~25,4/1/26,2026-01-01~2026-02-28,認可,認可,23.993 MWh,0 MWh
星星電力股份有限公司,琉璃光_白河永安,太陽能,2026,5.933,0,臺南市白河區臺南市白河區永安段1453-2地號,176.4 kW,星星電力股份有限公司,24SP0071-B026000001~12,5/20/26,2026-01-01~2026-03-31,認可,認可,5.933 MWh,0 MWh
寶島陽光電力事業股份有限公司,日沛能源有限公司 (TW160029),太陽能,2026,53.215,0,嘉義縣鹿草鄉重寮村中寮13號之40,176.4 kW,寶島陽光電力事業股份有限公司,24SP1289-B026000001~55,5/20/26,2026-01-01~2026-03-31,認可,認可,53.215 MWh,0 MWh
富威電力股份有限公司,富崴1-7-光耀太陽光電發電廠,太陽能,2026,23.074,0,臺中市后里區后科南路22號,176.32 kW,富威電力股份有限公司,25SP3912-B026000014~53,4/1/26,2026-01-01~2026-02-28,認可,認可,23.074 MWh,0 MWh
瑞昱半導體股份有限公司,瑞昱半導體股份有限公司二廠發電站,太陽能,2026,0,44.921,新竹市東區園區二路9號,176.17 kW,瑞昱半導體股份有限公司,23SP0263-B026000001~47,5/20/26,2026-01-01~2026-03-31,認可,認可,0 MWh,44.921 MWh
晨星電力股份有限公司,(立豐)三景-2,太陽能,2026,47.944,0,彰化縣線西鄉線平路1號,176.12 kW,晨星電力股份有限公司,25SP2331-B026000001~50,5/20/26,2026-01-01~2026-03-31,認可,認可,47.944 MWh,0 MWh
廣積科技股份有限公司,廣積科技股份有限公司桃園平鎮廠第五期,太陽能,2026,0,8.912,桃園市平鎮區民族路雙連二段118巷12號,176.085 kW,廣積科技股份有限公司,25SP0969-B026000001~9,3/11/26,2026-01-01~2026-01-31,認可,認可,0 MWh,8.912 MWh
瑞昱半導體股份有限公司,瑞昱半導體股份有限公司-竹科一廠(活力館),太陽能,2026,0,39.324,新竹縣寶山鄉創新二路2號,176 kW,瑞昱半導體股份有限公司,23SP0270-B026000001~41,5/20/26,2026-01-01~2026-03-31,認可,認可,0 MWh,39.324 MWh
聯發科技,聯發科技股份有限公司C棟,太陽能,2026,0,41.59,新竹市東區篤行一路8號,175.89 kW,聯發科技,25SP0733-B026000001~43,5/20/26,2026-01-01~2026-03-31,認可,認可,0 MWh,41.59 MWh
陽光伏特家電力股份有限公司,匯群台南4廠,太陽能,2026,32.788,0,臺南市六甲區岩埤段0130-0000、0128-0000、0129-0000地號,175.89 kW,陽光伏特家電力股份有限公司,25SP0326-B026000001~34,5/20/26,2026-01-01~2026-03-31,認可,認可,32.788 MWh,0 MWh
興勤電子工業股份有限公司楠梓分公司,興勤電子工業股份有限公司楠梓分公司,太陽能,2026,0,66.809,高雄市楠梓區新建南路6號,175.875 kW,興勤電子工業股份有限公司楠梓分公司,25SP2201-B026000001~69,5/20/26,2025-11-26~2026-03-31,認可,認可,0 MWh,66.809 MWh
晨星電力股份有限公司,(特登)昆田,太陽能,2026,53.795,0,臺中市大甲區經國路1332巷16號,175.77 kW,晨星電力股份有限公司,25SP1234-B026000001~55,5/20/26,2026-01-01~2026-03-31,認可,認可,53.795 MWh,0 MWh
陽光伏特家電力股份有限公司,日晶嘉義3廠,太陽能,2026,34.297,0,嘉義縣義竹鄉義工二路7號之5,175.77 kW,陽光伏特家電力股份有限公司,24SP0104-B026000021~121,5/20/26,2026-01-01~2026-03-31,認可,認可,34.297 MWh,0 MWh
續興股份有限公司,溪口游東豬舍,太陽能,2026,47.227,0,嘉義縣溪口鄉游東村米粉宮88之12號,175.68 kW,續興股份有限公司,24SP0755-B026000001~49,5/20/26,2026-01-01~2026-03-31,認可,認可,47.227 MWh,0 MWh
大自然能源電業股份有限公司,NP101072C003汪春隆,太陽能,2026,34.264,23.217,臺南市七股區竹橋裡竹港73號,175.56 kW,大自然能源電業股份有限公司,25SP1255-B026000001~59,5/20/26,2026-01-01~2026-03-31,認可,認可,34.264 MWh,23.217 MWh
艾涅爾電力股份有限公司,永和水電-陳淑瑩豬舍PV0155,太陽能,2026,29.934,0,雲林縣莿桐鄉振興路78之9號,175.56 kW,艾涅爾電力股份有限公司,24SP0529-B026000001~490,4/8/26,2026-01-01~2026-02-28,認可,認可,29.934 MWh,0 MWh
寶富電力股份有限公司,智捷能源股份有限公司-150之1號,太陽能,2026,14.505,0,桃園市大溪區康莊路5段150之1號,175.56 kW,寶富電力股份有限公司,25SP0539-B026000018~38,5/20/26,2026-02-01~2026-03-31,認可,認可,14.505 MWh,0 MWh
艾涅爾電力股份有限公司,三邑-文誠工業PV0032,太陽能,2026,32.98,0,臺中市大里區大里路459號,175.48 kW,艾涅爾電力股份有限公司,24SP0447-B026000001~34,4/8/26,2026-01-01~2026-02-28,認可,認可,32.98 MWh,0 MWh
艾涅爾電力股份有限公司,陽光-廣生企業PV0580,太陽能,2026,33.915,0,高雄市路竹區華光路2巷28號,175.48 kW,艾涅爾電力股份有限公司,25SP0704-B026000001~36,4/8/26,2026-01-01~2026-02-28,認可,認可,33.915 MWh,0 MWh
天能綠電股份有限公司,昱光-玉井地面型太陽能電廠,太陽能,2026,32.905,21.727,臺南市玉井區玉成段0108-0000地號,175.46 kW,天能綠電股份有限公司,25SP0294-B026000001~56,5/20/26,2026-01-01~2026-03-31,認可,認可,32.905 MWh,21.727 MWh
艾涅爾電力股份有限公司,太旭-阿耐思特岩田漢弓PV0202,太陽能,2026,33.399,0,彰化縣大村鄉中山路3段119、121號,175.435 kW,艾涅爾電力股份有限公司,25SP0359-B026000001~35,4/8/26,2026-01-01~2026-02-28,認可,認可,33.399 MWh,0 MWh
晨星電力股份有限公司,(卓越)隆山電器,太陽能,2026,27.192,0,新北市瑞芳區頂坪路13號,175.38 kW,晨星電力股份有限公司,25SP2213-B026000001~29,5/20/26,2026-01-01~2026-03-31,認可,認可,27.192 MWh,0 MWh
怡和綠電超商股份有限公司,嘉創-佳洪,太陽能,2026,44.922,0,屏東縣屏東市經建路15號,175.23 kW,怡和綠電超商股份有限公司,25SP4024-B026000001~49,5/20/26,2026-01-01~2026-03-31,認可,認可,44.922 MWh,0 MWh
阿波羅電力股份有限公司,辰翔蔡碧義,太陽能,2026,47.465,0,彰化縣大城鄉中山路69之52號,175.2 kW,阿波羅電力股份有限公司,24SP1539-B026000001~49,5/20/26,2026-01-01~2026-03-31,認可,認可,47.465 MWh,0 MWh
十萬伏特電力股份有限公司,台中-欣榮資產案,太陽能,2026,27.775,0,臺中市南區忠明南路1118之1號、1118之2號,175.14 kW,十萬伏特電力股份有限公司,25SP4078-B026000001~30,4/22/26,2026-01-01~2026-02-28,認可,認可,27.775 MWh,0 MWh
南方電力股份有限公司,田寮連永昌畜牧場太陽光電發電廠,太陽能,2026,48.997,0,高雄市田寮區秀峯12之6號,174.64 kW,南方電力股份有限公司,24SP0919-B026000001~51,5/20/26,2026-01-01~2026-03-31,認可,認可,48.997 MWh,0 MWh
怡和綠電超商股份有限公司,晶久-林佩娟,太陽能,2026,48.153,0,彰化縣和美鎮嘉佃路605之11、605之12、605之17號,174.525 kW,怡和綠電超商股份有限公司,25SP2400-B026000001~49,5/20/26,2026-01-01~2026-03-31,認可,認可,48.153 MWh,0 MWh
帛江科技股份有限公司,帛江新順廠,太陽能,2026,0,56.092,臺南市安南區開安一街8巷18號,174.4 kW,帛江科技股份有限公司,25SP1238-B026000001~58,5/20/26,2026-01-01~2026-03-31,認可,認可,0 MWh,56.092 MWh
阿波羅電力股份有限公司,環球大宇宙小港區平和路路外停車場,太陽能,2026,49.632,0,高雄市小港區港和段四小段0843-0000地號,174.24 kW,阿波羅電力股份有限公司,24SP2511-B026000001~51,5/20/26,2026-01-01~2026-03-31,認可,認可,49.632 MWh,0 MWh
大同智能股份有限公司,彰化縣汙染農地太陽光電系統-振興段973地號,太陽能,2026,18.615,0,彰化縣鹿港鎮振興段973地號,174.24 kW,大同智能股份有限公司,23SP0143-B026000001~19,5/20/26,2026-03-01~2026-03-31,認可,認可,18.615 MWh,0 MWh
南方電力股份有限公司,旭瀅陳二游太陽光電發電廠,太陽能,2026,57.976,0,彰化縣鹿港鎮南勢巷建26之30號,174.24 kW,南方電力股份有限公司,25SP0374-B026000001~59,5/20/26,2026-01-01~2026-03-31,認可,認可,57.976 MWh,0 MWh
南方電力股份有限公司,永順鳳山太陽光電發電廠,太陽能,2026,55.271,0,高雄市鳳山區明頂段88地號,173.745 kW,南方電力股份有限公司,25SP3039-B026000001~57,5/20/26,2026-01-01~2026-03-31,認可,認可,55.271 MWh,0 MWh
手信坊股份有限公司,手信坊新廠一期,太陽能,2026,0,33.375,桃園市龍潭區民豐一街99號,173.7 kW,手信坊股份有限公司,25SP1630-B026000001~35,5/20/26,2026-01-01~2026-03-31,認可,認可,0 MWh,33.375 MWh
星星電力股份有限公司,傑能-元長李瑋龍,太陽能,2026,50.403,0,雲林縣元長鄉中山路9之160,173.7 kW,星星電力股份有限公司,25SP2212-B026000001~54,5/20/26,2026-01-01~2026-03-31,認可,認可,50.403 MWh,0 MWh
天能綠電股份有限公司,光旭盈21--新營原鐿二廠屋頂型光電案場,太陽能,2026,49.923,5.496,臺南市柳營區八翁里仁愛路407號（特登工廠：原鑰鐵材行二廠）,173.66 kW,天能綠電股份有限公司,25SP0391-B026000001~68,5/20/26,2026-01-01~2026-03-31,認可,認可,49.923 MWh,5.496 MWh
艾涅爾電力股份有限公司,花生廠PV0301,太陽能,2026,32.671,0,雲林縣莿桐鄉莿桐北路一段16、18號,173.6 kW,艾涅爾電力股份有限公司,23SP0380-B026000001~490,4/8/26,2026-01-01~2026-02-28,認可,認可,32.671 MWh,0 MWh
大自然能源電業股份有限公司,NP091032C003光合作用-洪偉哲2期,太陽能,2026,30.781,20.609,嘉義縣朴子市崁後83之53號,173.55 kW,大自然能源電業股份有限公司,24SP1584-B026000001~53,5/20/26,2026-01-01~2026-03-31,認可,認可,30.781 MWh,20.609 MWh
寶島陽光電力事業股份有限公司,豐照能源股份有限公司(FS2204005),太陽能,2026,41.324,0,桃園市八德區興豐路577、579、581號,173.28 kW,寶島陽光電力事業股份有限公司,24SP0994-B026000001~43,5/20/26,2026-01-01~2026-03-31,認可,認可,41.324 MWh,0 MWh
阿波羅電力股份有限公司,晶帝高雄小港173.24kW,太陽能,2026,0,54.493,高雄市小港區東亞路3號,173.24 kW,阿波羅電力股份有限公司,25SP4258-B026000001~56,5/20/26,2026-01-01~2026-03-31,認可,認可,0 MWh,54.493 MWh
大自然能源電業股份有限公司,NP091032C002光合作用-李憲仁,太陽能,2026,32.091,22.227,嘉義縣朴子市崁後里5鄰崁後262號,173.225 kW,大自然能源電業股份有限公司,24SP1598-B026000001~56,5/20/26,2026-01-01~2026-03-31,認可,認可,32.091 MWh,22.227 MWh
晨星電力股份有限公司,(聯輝)聯輝2期,太陽能,2026,4.79,48.54,彰化縣大村鄉錫安路臨39號,173.02 kW,晨星電力股份有限公司,25SP4387-B026000001~61,5/20/26,2026-01-01~2026-03-31,認可,認可,4.79 MWh,48.54 MWh
富威電力股份有限公司,日盛全-麻三市場太陽光電發電廠,太陽能,2026,37.839,8.628,臺南市麻豆區忠孝路6號,172.935 kW,富威電力股份有限公司,25SP1133-B026000001~71,5/20/26,2026-01-01~2026-03-31,認可,認可,37.839 MWh,8.628 MWh
宇軒電業股份有限公司,頂秀祐段454地號,太陽能,2026,34.797,21.985,臺南市白河區頂秀祐段454地號,172.8 kW,宇軒電業股份有限公司,25SP2020-B026000001~58,5/20/26,2026-01-01~2026-03-31,認可,認可,34.797 MWh,21.985 MWh
天能綠電股份有限公司,龐誼綠能-屏東萬巒吾老莊屏東縣太陽光電案場,太陽能,2026,53.412,0,屏東縣萬巒鄉萬和村中正路2之7號,172.8 kW,天能綠電股份有限公司,25SP1187-B026000001~55,5/20/26,2026-01-01~2026-03-31,認可,認可,53.412 MWh,0 MWh
瓦特先生股份有限公司,I-AR21-127 布袋國小,太陽能,2026,13.831,29.415,嘉義縣布袋鎮新厝里新厝仔65號,172.72 kW,瓦特先生股份有限公司,24SP0492-B026000001~50,5/20/26,2026-01-01~2026-03-31,認可,認可,13.831 MWh,29.415 MWh
怡和綠電超商股份有限公司,盛暘-謝秉均,太陽能,2026,56.975,0,彰化縣芳苑鄉小西路732巷126號,172.53 kW,怡和綠電超商股份有限公司,25SP3590-B026000001~58,5/20/26,2026-01-01~2026-03-31,認可,認可,56.975 MWh,0 MWh
大同智能股份有限公司,台中市屋頂型太陽光電系統-大德國中(擴充),太陽能,2026,26.77,0,臺中市北屯區雷中街2-23號,172.5 kW,大同智能股份有限公司,24SP0575-B026000003~40,4/1/26,2026-01-01~2026-02-28,認可,認可,26.77 MWh,0 MWh
富威電力股份有限公司,雄獅能源-陞寶太陽光電發電廠,太陽能,2026,7.055,11.393,彰化縣彰化市永芳路685號,172.35 kW,富威電力股份有限公司,25SP4100-B026000080~113,5/20/26,2026-03-01~2026-03-31,認可,認可,7.055 MWh,11.393 MWh
力成科技股份有限公司,力成科技(3C棟),太陽能,2026,0,28.204,新竹縣湖口鄉大同路10號,172.05 kW,力成科技股份有限公司,23SC0001-B026000001~29,4/1/26,2026-01-01~2026-02-28,認可,認可,0 MWh,28.204 MWh
阿波羅電力股份有限公司,達興洪秋桂2,太陽能,2026,18.772,14.153,澎湖縣湖西鄉紅羅段0028-0000地號,171.36 kW,阿波羅電力股份有限公司,25SP3927-B026000001~35,5/20/26,2026-01-01~2026-03-31,認可,認可,18.772 MWh,14.153 MWh
晨星電力股份有限公司,(聯發)祥煌企業,太陽能,2026,53.331,0,彰化縣埤頭鄉豐崙路802巷209號,171.2 kW,晨星電力股份有限公司,25SP3680-B026000001~55,5/20/26,2026-01-01~2026-03-31,認可,認可,53.331 MWh,0 MWh
續興股份有限公司,南光化學,太陽能,2026,45.721,0,臺南市新化區中山路1001號,171.1 kW,續興股份有限公司,25SP2311-B026000001~48,5/20/26,2026-01-01~2026-03-31,認可,認可,45.721 MWh,0 MWh
阿波羅電力股份有限公司,辰翔黃振耀,太陽能,2026,52.711,0,彰化縣和美鎮和健路180巷50弄建3號,171 kW,阿波羅電力股份有限公司,24SP2217-B026000001~53,5/20/26,2026-01-01~2026-03-31,認可,認可,52.711 MWh,0 MWh
晨星電力股份有限公司,(佳亮)義竹 林琼玲,太陽能,2026,54.94,0,嘉義縣義竹鄉新庄36之2號(本縣義竹鄉新庄段新庄小段0553-0000地號),171 kW,晨星電力股份有限公司,25SP1840-B026000001~57,5/20/26,2026-01-01~2026-03-31,認可,認可,54.94 MWh,0 MWh
星星電力股份有限公司,仁登-新福段746地號,太陽能,2026,56.631,0,屏東縣萬丹鄉新福段746地號,170.81 kW,星星電力股份有限公司,24SP2177-B026000001~57,5/20/26,2026-01-01~2026-03-31,認可,認可,56.631 MWh,0 MWh
天能綠電股份有限公司,聯合再生33-大崙國中桃園市中壢區屋頂型太陽能光電場,太陽能,2026,33.857,0,桃園市中壢區月眉路一段50號,170.68 kW,天能綠電股份有限公司,25SP1468-B026000002~42,5/20/26,2026-01-01~2026-03-31,認可,認可,33.857 MWh,0 MWh
阿波羅電力股份有限公司,辰翔林俊宏,太陽能,2026,51.797,0,彰化縣大城鄉大安路24之8號,170.64 kW,阿波羅電力股份有限公司,24SP2381-B026000001~54,5/20/26,2026-01-01~2026-03-31,認可,認可,51.797 MWh,0 MWh
日勝化工股份有限公司,南投縣南投市成功三路333-1.333-2號,太陽能,2026,0,47.236,南投縣南投市成功三路333-1.333-2號,170.56 kW,日勝化工股份有限公司,25SP0303-B026000001~48,5/20/26,2026-01-01~2026-03-31,認可,認可,0 MWh,47.236 MWh
天能綠電股份有限公司,元豐_邑得廠二期屋頂型太陽光電案場,太陽能,2026,51.751,0,彰化縣永靖鄉自強路150巷36號,170.56 kW,天能綠電股份有限公司,25SP4373-B026000001~53,5/20/26,2026-01-01~2026-03-31,認可,認可,51.751 MWh,0 MWh
大同智能股份有限公司,台中市屋頂型太陽光電系統-居仁國中(二期),太陽能,2026,24.133,18.39,臺中市西區自由路一段97號,170.28 kW,大同智能股份有限公司,24SP0664-B026000003~59,5/20/26,2026-01-01~2026-03-31,認可,認可,24.133 MWh,18.39 MWh
依田股份有限公司,依田股份有限公司,太陽能,2026,0,32.68,宜蘭縣蘇澳鎮頂安路7號,170.24 kW,依田股份有限公司,24SP1411-B026000001~34,5/20/26,2026-01-01~2026-03-31,認可,認可,0 MWh,32.68 MWh
客家委員會客家文化發展中心,六堆客家文化園區多媒體館,太陽能,2026,0,48.416,屏東縣內埔鄉屏東縣內埔鄉建興村信義路588號,170.19 kW,客家委員會客家文化發展中心,25SP1020-B026000001~51,5/20/26,2026-01-01~2026-03-31,認可,認可,0 MWh,48.416 MWh
台萬工業股份有限公司,台萬工業股份有限公司,太陽能,2026,0,46.352,臺中市大甲區重義三路26巷38號,170.045 kW,台萬工業股份有限公司,22SP0060-B026000001~48,5/20/26,2026-01-01~2026-03-31,認可,認可,0 MWh,46.352 MWh
晨星電力股份有限公司,(加州儲能)安平國中二期,太陽能,2026,54.962,0,臺南市安平區慶平路687號,170 kW,晨星電力股份有限公司,25SP2560-B026000001~56,5/20/26,2026-01-01~2026-03-31,認可,認可,54.962 MWh,0 MWh
富威電力股份有限公司,惠來光電-二崙2太陽光電發電廠,太陽能,2026,34.454,10.418,雲林縣二崙鄉惠來路67-3號,169.92 kW,富威電力股份有限公司,25SP0506-B026000081~331,5/20/26,2026-01-01~2026-03-31,認可,認可,34.454 MWh,10.418 MWh
禾伸堂企業股份有限公司,禾伸堂太陽光電案-龍潭3廠,太陽能,2026,0,39.561,桃園市龍潭區工五路90巷61、61之1號,169.875 kW,禾伸堂企業股份有限公司,24SP0353-B026000001~42,5/20/26,2026-01-01~2026-03-31,認可,認可,0 MWh,39.561 MWh
艾涅爾電力股份有限公司,承品綠能-八三科技,太陽能,2026,32.872,0,彰化縣埔鹽鄉埔菜路67號,169.83 kW,艾涅爾電力股份有限公司,25SP0190-B026000001~33,4/8/26,2026-01-01~2026-02-28,認可,認可,32.872 MWh,0 MWh
天能綠電股份有限公司,聯合再生32-林森國小桃園市中壢區屋頂型太陽能光電場,太陽能,2026,36.25,0,桃園市中壢區林森路95號,169.66 kW,天能綠電股份有限公司,25SP1342-B026000002~43,5/20/26,2026-01-01~2026-03-31,認可,認可,36.25 MWh,0 MWh
天能綠電股份有限公司,光旭盈02--台中江興二期屋頂型光電案場,太陽能,2026,39.029,0,臺中市西屯區協和南巷3之1號,169.65 kW,天能綠電股份有限公司,25SP0697-B026000001~45,5/20/26,2026-01-01~2026-03-31,認可,認可,39.029 MWh,0 MWh
大自然能源電業股份有限公司,NP081029C002彰化芳苑,太陽能,2026,35.447,22.094,彰化縣芳苑鄉芳寮段169地號,169.62 kW,大自然能源電業股份有限公司,24SP1482-B026000001~60,5/20/26,2026-01-01~2026-03-31,認可,認可,35.447 MWh,22.094 MWh
瓦力電能股份有限公司,屏東縣麟洛鄉169.57瓩(T7435),太陽能,2026,23.403,18.031,屏東縣麟洛鄉麟信段0485-0001地號,169.57 kW,瓦力電能股份有限公司,25SP0678-B026000001~43,5/20/26,2026-01-01~2026-03-31,認可,認可,23.403 MWh,18.031 MWh
開陽電力股份有限公司,聯發電網股份有限公司-大社國中,太陽能,2026,52.114,0,高雄市大社區翠屏路100號,169.2 kW,開陽電力股份有限公司,25SP0011-B026000001~54,5/20/26,2026-01-01~2026-03-31,認可,認可,52.114 MWh,0 MWh
星星電力股份有限公司,群益曦力劉和杉(雲林),太陽能,2026,43.987,0,雲林縣二崙鄉湳仔村1鄰湳子路1-10號,169.2 kW,星星電力股份有限公司,25SP3720-B026000001~45,5/20/26,2026-01-01~2026-03-31,認可,認可,43.987 MWh,0 MWh
阿波羅電力股份有限公司,辰翔張錦聘,太陽能,2026,45.564,0,彰化縣田尾鄉鳳田路建291號,168.96 kW,阿波羅電力股份有限公司,24SP1254-B026000001~47,5/20/26,2026-01-01~2026-03-31,認可,認可,45.564 MWh,0 MWh
富威電力股份有限公司,聚眾-昌侑2太陽光電發電廠,太陽能,2026,17.511,0,臺中市神岡區溪洲路210號,168.95 kW,富威電力股份有限公司,25SP1732-B026000024~47,4/1/26,2026-01-01~2026-02-28,認可,認可,17.511 MWh,0 MWh
協順鐵線廠股份有限公司,協順鐵線廠股份有限公司AB棟,太陽能,2026,0,31.273,臺南市歸仁區保大路三段55巷12號,168.805 kW,協順鐵線廠股份有限公司,25SP2032-B026000001~32,5/20/26,2026-01-01~2026-03-31,認可,認可,0 MWh,31.273 MWh
續興股份有限公司,久瑞螺絲,太陽能,2026,55.753,0,高雄市岡山區嘉興路37之23號,168.63 kW,續興股份有限公司,25SP0051-B026000001~57,5/20/26,2026-01-01~2026-03-31,認可,認可,55.753 MWh,0 MWh
晨星電力股份有限公司,(加州儲能)延平國中,太陽能,2026,55.17,0,臺南市北區台南市北區公園路750號,168.375 kW,晨星電力股份有限公司,25SP2485-B026000001~56,5/20/26,2026-01-01~2026-03-31,認可,認可,55.17 MWh,0 MWh
中鋼光能股份有限公司,中鋼輕型軋輥課,太陽能,2026,45.585,0,高雄市小港區中鋼路1號,168.36 kW,中鋼光能股份有限公司,22SP0147-B026000001~47,5/20/26,2026-01-01~2026-03-31,認可,認可,45.585 MWh,0 MWh
阿波羅電力股份有限公司,達興許淑媛,太陽能,2026,25.339,18.486,澎湖縣湖西鄉成功南段0885-0000地號,168.3 kW,阿波羅電力股份有限公司,25SP3477-B026000001~45,5/20/26,2026-01-01~2026-03-31,認可,認可,25.339 MWh,18.486 MWh
南山人壽保險股份有限公司,新市園區A棟,太陽能,2026,0,55.555,臺南市新市區國際路17號、17號三樓之1、17號三樓之2、17號四樓之1、17號四樓之2、17號五樓之1、17號五樓之2、17之1號。,168.21 kW,南山人壽保險股份有限公司,24SP0787-B026000001~56,5/20/26,2026-01-01~2026-03-31,認可,認可,0 MWh,55.555 MWh
陽光伏特家電力股份有限公司,元登屏東20廠,太陽能,2026,35.841,0,屏東縣高樹鄉新田子段0183-0000、0193-0000地號,168 kW,陽光伏特家電力股份有限公司,24SP0710-B026000014~79,5/20/26,2026-01-01~2026-03-31,認可,認可,35.841 MWh,0 MWh
天能綠電股份有限公司,蕭進德屋頂型太陽光電案場,太陽能,2026,40.881,0,南投縣草屯鎮草溪路144之9號,167.96 kW,天能綠電股份有限公司,25SP3831-B026000001~43,5/20/26,2026-01-01~2026-03-31,認可,認可,40.881 MWh,0 MWh
艾涅爾電力股份有限公司,泓滎-天德道場PV0017,太陽能,2026,17.185,0,宜蘭縣冬山鄉武淵路349號,167.94 kW,艾涅爾電力股份有限公司,25SP1231-B026000001~18,4/8/26,2026-01-01~2026-02-28,認可,認可,17.185 MWh,0 MWh
怡和綠電超商股份有限公司,嘉創-萊益工業 2(三廠),太陽能,2026,58.761,0,臺南市仁德區區忠義一街45 之1號,167.67 kW,怡和綠電超商股份有限公司,25SP2641-B026000001~60,5/20/26,2026-01-01~2026-03-31,認可,認可,58.761 MWh,0 MWh
開陽電力股份有限公司,開陽能源-臺東區農業改良場,太陽能,2026,26.782,0,臺東縣臺東市中華路一段675號,167.48 kW,開陽電力股份有限公司,25SP2736-B026000001~27,4/1/26,2026-01-01~2026-02-28,認可,認可,26.782 MWh,0 MWh
陽光伏特家電力股份有限公司,彰化大佛9號,太陽能,2026,16.121,0,彰化縣鹿港鎮鹿工南四路21號,167.4 kW,陽光伏特家電力股份有限公司,24SP2251-B026000001~17,4/1/26,2026-01-01~2026-02-28,認可,認可,16.121 MWh,0 MWh
續興股份有限公司,永浤工程,太陽能,2026,52.402,0,屏東縣新園鄉田洋村巖仔路1之69號,167.28 kW,續興股份有限公司,25SP2623-B026000001~54,5/20/26,2026-01-01~2026-03-31,認可,認可,52.402 MWh,0 MWh
亞洲水泥股份有限公司,亞泥花蓮廠第二機組,太陽能,2026,0,32.258,花蓮縣新城鄉新興路188、190、192、196、198、200、202、206、208,167.28 kW,亞洲水泥股份有限公司,24SP1441-B026000001~33,5/20/26,2026-01-01~2026-03-31,認可,認可,0 MWh,32.258 MWh
大同智能股份有限公司,彰化汙染農地太陽能建置案第三批-彰化市彰興段106地號,太陽能,2026,61.924,0,彰化縣彰化市彰興段106地號,167.28 kW,大同智能股份有限公司,24SP0245-B026000001~63,5/20/26,2026-01-01~2026-03-31,認可,認可,61.924 MWh,0 MWh
瓦特先生股份有限公司,I-AR21-001三和國小,太陽能,2026,41.962,0,嘉義縣大林鎮嘉義縣大林鎮中興路二段937號,167.28 kW,瓦特先生股份有限公司,24SP0468-B026000001~43,5/20/26,2026-01-01~2026-03-31,認可,認可,41.962 MWh,0 MWh
艾涅爾電力股份有限公司,日安-彰化駿益PV0733,太陽能,2026,30.873,0,彰化縣福興鄉同安巷38之11號,167.2 kW,艾涅爾電力股份有限公司,25SP0451-B026000001~32,4/8/26,2026-01-01~2026-02-28,認可,認可,30.873 MWh,0 MWh
台達電子工業股份有限公司,台達電子工業股份有限公司 桃園研發中心,太陽能,2026,0,39.677,桃園市桃園區興隆路18號,167.09 kW,台達電子工業股份有限公司,20SP0005-B026000001~42,5/20/26,2026-01-01~2026-03-31,認可,認可,0 MWh,39.677 MWh
怡和綠電超商股份有限公司,怡和國際能源-體育園區市立桌球館案,太陽能,2026,46.685,0,臺南市北區東豐路458號,166.98 kW,怡和綠電超商股份有限公司,25SP3972-B026000002~51,5/20/26,2026-01-01~2026-03-31,認可,認可,46.685 MWh,0 MWh
陽光伏特家電力股份有限公司,聚眾彰化1廠,太陽能,2026,50.571,0,彰化縣花壇鄉中山路1段40巷53號,166.86 kW,陽光伏特家電力股份有限公司、天能綠電股份有限公司,24SP0337-B026000001~52,5/20/26,2026-01-01~2026-03-31,認可,認可,50.571 MWh,0 MWh
大自然能源電業股份有限公司,NP201034C011學甲-信義段898,太陽能,2026,33.377,0,臺南市學甲區信義段0898-0000地號,166.725 kW,大自然能源電業股份有限公司,24SP1396-B026000001~35,4/1/26,2026-01-01~2026-02-28,認可,認可,33.377 MWh,0 MWh
怡和綠電超商股份有限公司,嘉創-翔順興業,太陽能,2026,33.379,15.747,高雄市大寮區立德路327號,166.32 kW,怡和綠電超商股份有限公司,25SP2480-B026000001~56,5/20/26,2026-01-01~2026-03-31,認可,認可,33.379 MWh,15.747 MWh
怡和綠電超商股份有限公司,嘉創-福榮造景,太陽能,2026,48.928,0,南投縣草屯鎮平峰路531巷2號【使用執照字號:(104)投府建管(使)字第00027號】,166.32 kW,怡和綠電超商股份有限公司,25SP3761-B026000001~55,5/20/26,2026-01-01~2026-03-31,認可,認可,48.928 MWh,0 MWh
晨星電力股份有限公司,(晉丞)彰化宏亭,太陽能,2026,51.427,0,彰化縣伸港鄉溪底路198號,166.32 kW,晨星電力股份有限公司,25SP3709-B026000001~58,5/20/26,2026-01-01~2026-03-31,認可,認可,51.427 MWh,0 MWh
艾涅爾電力股份有限公司,碾米廠PV0486,太陽能,2026,29.111,0,雲林縣莿桐鄉興洞村振興5之1號,166.25 kW,艾涅爾電力股份有限公司,23SP0387-B026000001~490,4/8/26,2026-01-01~2026-02-28,認可,認可,29.111 MWh,0 MWh
怡和綠電超商股份有限公司,自然光綠能,太陽能,2026,40.408,0,彰化縣秀水鄉彰鹿路72巷52號,165.6 kW,怡和綠電超商股份有限公司,25SP3559-B026000002~44,5/20/26,2026-01-01~2026-03-31,認可,認可,40.408 MWh,0 MWh
穩正企業股份有限公司,穩正企業股份有限公司,太陽能,2026,0,38.148,臺南市永康區民東路5號,165.6 kW,穩正企業股份有限公司,25SP0465-B026000001~39,5/20/26,2026-01-01~2026-03-31,認可,認可,0 MWh,38.148 MWh
開陽電力股份有限公司,玖基企業股份有限公司-台電台北市區營業處業務大樓,太陽能,2026,20.437,0,臺北市大安區基隆路四段75號,165.55 kW,開陽電力股份有限公司,25SP1455-B026000001~21,4/1/26,2026-01-01~2026-02-28,認可,認可,20.437 MWh,0 MWh
怡和綠電超商股份有限公司,輝煌綠能-裕益黃振榮,太陽能,2026,49.372,0,嘉義市東區保忠一街130號,165.375 kW,怡和綠電超商股份有限公司,25SP1700-B026000001~52,5/20/26,2026-01-01~2026-03-31,認可,認可,49.372 MWh,0 MWh
大自然能源電業股份有限公司,NP081063C002低碳(安泰本廠),太陽能,2026,42.67,0,彰化縣埔鹽鄉員鹿路1段133之3號,165.375 kW,大自然能源電業股份有限公司,25SP0714-B026000001~44,5/20/26,2026-01-01~2026-03-31,認可,認可,42.67 MWh,0 MWh
大自然能源電業股份有限公司,NP121034C001新園-新生段,太陽能,2026,31.951,0,屏東縣新園鄉新生段0507-0000地號,165.1 kW,大自然能源電業股份有限公司,24SP1459-B026000001~33,4/1/26,2026-01-01~2026-02-28,認可,認可,31.951 MWh,0 MWh
天能綠電股份有限公司,凱銳-台南大億金茂屋頂型太陽光電案場,太陽能,2026,0,23.075,臺南市南區新樂路39號,165.02 kW,天能綠電股份有限公司,24SP0824-B026000001~24,5/20/26,2026-03-01~2026-03-31,認可,認可,0 MWh,23.075 MWh
阿波羅電力股份有限公司,環球大宇宙旗津市場,太陽能,2026,52.573,0,高雄市旗津區中港街10號,165 kW,阿波羅電力股份有限公司,24SP0523-B026000001~62,5/20/26,2026-01-01~2026-03-31,認可,認可,52.573 MWh,0 MWh
台灣住友培科股份有限公司,台灣住友培科股份有限公司-既有廠房,太陽能,2026,0,36.348,高雄市大寮區華西路1號,165 kW,台灣住友培科股份有限公司,24SP0200-B026000001~37,4/8/26,2026-01-01~2026-02-28,認可,認可,0 MWh,36.348 MWh
亞東石化股份有限公司,亞東石化第三案,太陽能,2026,0,1.105,桃園市觀音區工業七路2號,164.85 kW,亞東石化股份有限公司,24SP0121-B026000001~2,4/15/26,2026-01-01~2026-02-28,認可,認可,0 MWh,1.105 MWh
南方電力股份有限公司,高雄市美濃區美濃段3408-0002、3413-0000地號太陽光電發電廠,太陽能,2026,59.261,0,高雄市美濃區美濃段3408-0002、3413-0000地號,164.82 kW,南方電力股份有限公司,24SP1095-B026000001~60,5/20/26,2026-01-01~2026-03-31,認可,認可,59.261 MWh,0 MWh
天能綠電股份有限公司,光旭盈04--新營永祥傢俱屋頂型光電案場,太陽能,2026,48.289,5.224,臺南市柳營區柳營549之51號,164.58 kW,天能綠電股份有限公司,25SP0390-B026000001~66,5/20/26,2026-01-01~2026-03-31,認可,認可,48.289 MWh,5.224 MWh
續興股份有限公司,柯文森(旭益汽車),太陽能,2026,49.051,0,臺中市梧棲區中華路2段280號,164.43 kW,續興股份有限公司,25SP3306-B026000001~51,5/20/26,2026-01-01~2026-03-31,認可,認可,49.051 MWh,0 MWh
富威電力股份有限公司,日盛全-永利牧場太陽光電發電廠,太陽能,2026,21.45,2.645,臺南市柳營區八老爺93-9號,164.4 kW,富威電力股份有限公司,25SP1139-B026000009~49,5/20/26,2026-01-01~2026-03-31,認可,認可,21.45 MWh,2.645 MWh
寶島陽光電力事業股份有限公司,日沛能源有限公司 (TW160541),太陽能,2026,44.21,0,雲林縣林內鄉重興村重興18之10號,164.16 kW,寶島陽光電力事業股份有限公司,24SP2565-B026000001~45,5/20/26,2026-01-01~2026-03-31,認可,認可,44.21 MWh,0 MWh
艾涅爾電力股份有限公司,旭力-陳明尹PV1555,太陽能,2026,33.836,0,臺南市下營區甲中里中庄子46之13號,164.02 kW,艾涅爾電力股份有限公司,24SP2141-B026000001~35,4/8/26,2026-01-01~2026-02-28,認可,認可,33.836 MWh,0 MWh
怡和綠電超商股份有限公司,聯發-嶸成興,太陽能,2026,43.771,0,屏東縣萬丹鄉大學路643號,163.6 kW,怡和綠電超商股份有限公司,25SP1868-B026000001~46,5/20/26,2026-01-01~2026-03-31,認可,認可,43.771 MWh,0 MWh
艾涅爾電力股份有限公司,賽斯-仁愛之家禮堂(敬老所),太陽能,2026,30.296,0,高雄市大寮區民順街1號,163.5 kW,艾涅爾電力股份有限公司,24SP0222-B026000001~32,4/8/26,2026-01-01~2026-02-28,認可,認可,30.296 MWh,0 MWh
天能綠電股份有限公司,光旭盈20--嘉義金股企業屋頂型光電案場,太陽能,2026,30.067,19.229,嘉義縣大林鎮三角里下林頭7-1號,163.4 kW,天能綠電股份有限公司,25SP0059-B026000001~57,5/20/26,2026-01-01~2026-03-31,認可,認可,30.067 MWh,19.229 MWh
艾涅爾電力股份有限公司,優品-歐萬成鴨舍(二)PV0335,太陽能,2026,29.758,0,雲林縣口湖鄉林投段0215-0000、0215-0001地號,163.4 kW,艾涅爾電力股份有限公司,24SP0409-B026000001~490,4/8/26,2026-01-01~2026-02-28,認可,認可,29.758 MWh,0 MWh
怡和綠電超商股份有限公司,嘉創-保勝興業,太陽能,2026,44.918,0,彰化縣鹿港鎮經建九路8號(彰化縣鹿港鎮崙海段0010-0052地號),163.2 kW,怡和綠電超商股份有限公司,25SP3534-B026000002~48,5/20/26,2026-01-01~2026-03-31,認可,認可,44.918 MWh,0 MWh
陽光伏特家電力股份有限公司,健能南投1廠,太陽能,2026,45.573,0,南投縣國姓鄉北山坑段0007-0055、0007-0057、0007-0095地號,162.5 kW,陽光伏特家電力股份有限公司、天能綠電股份有限公司,24SP0343-B026000001~48,5/20/26,2026-01-01~2026-03-31,認可,認可,45.573 MWh,0 MWh
大同智能股份有限公司,台中市屋頂型太陽光電系統-居仁國中(三期),太陽能,2026,47.635,0,臺中市西區自由路一段97號,162.36 kW,大同智能股份有限公司,24SP0694-B026000001~49,5/20/26,2026-01-01~2026-03-31,認可,認可,47.635 MWh,0 MWh
天能綠電股份有限公司,豐赫-廣維二期162.36KW屋頂型太陽光電案場,太陽能,2026,54.49,0,屏東縣萬丹鄉屏東縣萬丹鄉廣維路181巷81號（屏東縣萬丹鄉社安段905地號）,162.36 kW,天能綠電股份有限公司,25SP0245-B026000001~57,5/20/26,2026-01-01~2026-03-31,認可,認可,54.49 MWh,0 MWh
怡和綠電超商股份有限公司,興發-十甲變電所(標案),太陽能,2026,51.362,0,臺中市東區東英十街187號,162.06 kW,怡和綠電超商股份有限公司,25SP1176-B026000001~53,5/20/26,2026-01-01~2026-03-31,認可,認可,51.362 MWh,0 MWh
大自然能源電業股份有限公司,NP181055C010福展(史都特),太陽能,2026,28.255,20.158,高雄市大寮區莒光三街14號,162 kW,大自然能源電業股份有限公司,25SP0403-B026000001~50,5/20/26,2026-01-01~2026-03-31,認可,認可,28.255 MWh,20.158 MWh
怡和綠電超商股份有限公司,輝煌綠能-睿伸(屋頂),太陽能,2026,35.157,0,桃園市觀音區快速路9段2276巷21號,162 kW,怡和綠電超商股份有限公司,25SP1704-B026000001~37,5/20/26,2026-01-01~2026-03-31,認可,認可,35.157 MWh,0 MWh
大自然能源電業股份有限公司,NP091055C002(海灣),太陽能,2026,25.805,17.317,嘉義縣民雄鄉成功五街6號,162 kW,大自然能源電業股份有限公司,25SP0417-B026000001~45,5/20/26,2026-01-01~2026-03-31,認可,認可,25.805 MWh,17.317 MWh
艾涅爾電力股份有限公司,太翔-匠豐精密PV0024,太陽能,2026,30.053,0,臺中市大雅區民生路3段180巷12號,162 kW,艾涅爾電力股份有限公司,24SP0003-B026000001~31,4/8/26,2026-01-01~2026-02-28,認可,認可,30.053 MWh,0 MWh
晨星電力股份有限公司,(寶陽)久美特(三廠),太陽能,2026,46.98,0,高雄市岡山區本工路7號,162 kW,晨星電力股份有限公司,25SP2490-B026000001~48,5/20/26,2026-01-01~2026-03-31,認可,認可,46.98 MWh,0 MWh
富威電力股份有限公司,旭天-桃園分會太陽光電發電廠,太陽能,2026,33.107,0,桃園市桃園區大業路一段307、309、311號,161.88 kW,富威電力股份有限公司,25SP1937-B026000001~35,5/20/26,2026-01-01~2026-03-31,認可,認可,33.107 MWh,0 MWh
天能綠電股份有限公司,聯合再生16-瑞原國中桃園市楊梅區屋頂型太陽能光電場,太陽能,2026,36.254,0,桃園市楊梅區民豐路69號,161.84 kW,天能綠電股份有限公司,25SP0597-B026000002~42,5/20/26,2026-01-01~2026-03-31,認可,認可,36.254 MWh,0 MWh
星星電力股份有限公司,傑能-褒忠曾崑農,太陽能,2026,42.606,0,雲林縣褒忠鄉新湖村新湖117之15號,161.7 kW,星星電力股份有限公司,25SP3388-B026000001~46,5/20/26,2026-01-01~2026-03-31,認可,認可,42.606 MWh,0 MWh
晨星電力股份有限公司,崑晉鋼鐵,太陽能,2026,54.342,0,屏東縣枋寮鄉新龍村1鄰中山路354號(屏東縣枋寮鄉中山段244地號),161.7 kW,晨星電力股份有限公司,25SP1029-B026000001~56,5/20/26,2026-01-01~2026-03-31,認可,認可,54.342 MWh,0 MWh
十萬伏特電力股份有限公司,桃園-平鎮羽球館案,太陽能,2026,21.398,0,桃園市平鎮區長安路339巷168弄50號,161.28 kW,十萬伏特電力股份有限公司,25SP1784-B026000001~24,4/1/26,2026-01-01~2026-02-28,認可,認可,21.398 MWh,0 MWh
鴻晶新科技股份有限公司,鴻丞科技股份有限公司,太陽能,2026,47.303,0,高雄市小港區光和路99號,161.28 kW,鴻晶新科技股份有限公司,25SP0381-B026000001~49,5/20/26,2026-01-01~2026-03-31,認可,認可,47.303 MWh,0 MWh
陽光伏特家電力股份有限公司,新光彰化1廠,太陽能,2026,30.95,0,彰化縣芳苑鄉東平路330巷101號,161.2 kW,陽光伏特家電力股份有限公司,23SP0425-B026000001~32,5/20/26,2026-02-01~2026-03-31,認可,認可,30.95 MWh,0 MWh
香印永續股份有限公司,褒忠曾文慶,太陽能,2026,24.603,0,雲林縣褒忠鄉埔姜村太湖路110號,161.2 kW,香印永續股份有限公司,25SP3435-B026000002~207,4/15/26,2026-01-01~2026-02-28,認可,認可,24.603 MWh,0 MWh
南寶樹脂化學工廠股份有限公司,南寶樹脂-一廠綜合一倉-161.16kWp,太陽能,2026,0,46.144,臺南市西港區中山路521號,161.16 kW,南寶樹脂化學工廠股份有限公司,24SP0783-B026000001~47,4/8/26,2025-12-01~2026-02-28,認可,認可,0 MWh,46.144 MWh
怡和綠電超商股份有限公司,博碩-郭偉馨,太陽能,2026,38.206,11.328,屏東縣萬丹鄉南北路二段113號(屏東縣萬丹鄉崙頂段2334地號),161.1 kW,怡和綠電超商股份有限公司,25SP4026-B026000001~54,5/20/26,2026-01-01~2026-03-31,認可,認可,38.206 MWh,11.328 MWh
晨星電力股份有限公司,(吳鄭月蟬)嘉義縣朴子市牛挑灣3之32號,太陽能,2026,29.01,16.766,嘉義縣朴子市牛挑灣3之32號,161.04 kW,晨星電力股份有限公司,25SP4165-B026000001~54,5/20/26,2026-01-01~2026-03-31,認可,認可,29.01 MWh,16.766 MWh
寶島陽光電力事業股份有限公司,玉衡能源股份有限公司(福安市場),太陽能,2026,47.596,0,臺中市西屯區中工三路199號,161.04 kW,寶島陽光電力事業股份有限公司,24SP2443-B026000001~51,5/20/26,2026-01-01~2026-03-31,認可,認可,47.596 MWh,0 MWh
阿波羅電力股份有限公司,辰翔鄭枝清,太陽能,2026,25.956,16.814,雲林縣斗南鎮四維路5之3號,161.04 kW,阿波羅電力股份有限公司,24SP0537-B026000001~44,5/20/26,2026-01-01~2026-03-31,認可,認可,25.956 MWh,16.814 MWh
安集科技股份有限公司,安集二廠,太陽能,2026,0,59.66,臺南市安南區鹿耳二路306號,160.8 kW,安集科技股份有限公司,25SP0696-B026000001~61,5/20/26,2026-01-01~2026-03-31,認可,認可,0 MWh,59.66 MWh
怡和綠電超商股份有限公司,鑫元陽-新吉三一八食品,太陽能,2026,15.979,0,臺南市安南區安新六路100號,160.58 kW,怡和綠電超商股份有限公司,25SP0928-B026000016~31,4/1/26,2026-02-01~2026-02-28,認可,認可,15.979 MWh,0 MWh
續興股份有限公司,冠羿企業,太陽能,2026,19.829,0,高雄市湖內區中華街74巷58號,160.48 kW,續興股份有限公司,25SP3305-B026000001~22,5/20/26,2026-01-01~2026-03-31,認可,認可,19.829 MWh,0 MWh
晨星電力股份有限公司,(沅碁)龍華國小三期,太陽能,2026,50.363,0,高雄市鼓山區大順一路858號(高雄市鼓山區龍華國民小學),160.36 kW,晨星電力股份有限公司,25SP2462-B026000001~51,5/20/26,2026-01-01~2026-03-31,認可,認可,50.363 MWh,0 MWh
晃誼科技股份有限公司,晃誼科技-1,太陽能,2026,0,43.848,臺南市善化區六分里東勢宅8之11號,160.31 kW,晃誼科技股份有限公司,23SP0190-B026000001~45,5/20/26,2026-01-01~2026-03-31,認可,認可,0 MWh,43.848 MWh
天能綠電股份有限公司,凱銳-彰化禾鋒二期屋頂型太陽光電案場,太陽能,2026,0,20.293,彰化縣鹿港鎮彰化縣鹿港鎮工業西七路1之40號,160.3 kW,天能綠電股份有限公司,24SP2084-B026000001~21,5/20/26,2026-03-01~2026-03-31,認可,認可,0 MWh,20.293 MWh
艾涅爾電力股份有限公司,承品能源-祥敦,太陽能,2026,31.181,0,彰化縣和美鎮新中路370之51號,160.23 kW,艾涅爾電力股份有限公司,24SP1068-B026000001~32,4/8/26,2026-01-01~2026-02-28,認可,認可,31.181 MWh,0 MWh
寶島陽光電力事業股份有限公司,昕瑞能源有限公司(國軍副供站-清泉崗),太陽能,2026,54.429,0,臺中市大雅區月祥路303之3號,160.2 kW,寶島陽光電力事業股份有限公司,24SP1388-B026000001~60,5/20/26,2026-01-01~2026-03-31,認可,認可,54.429 MWh,0 MWh
開陽電力股份有限公司,玖基企業-南投縣草屯鎮國立臺灣工藝研究發展中心,太陽能,2026,25.317,0,南投縣草屯鎮中正路573、574號,160.2 kW,開陽電力股份有限公司,25SP3299-B026000001~26,4/1/26,2026-01-01~2026-02-28,認可,認可,25.317 MWh,0 MWh
天能綠電股份有限公司,豐光07--嘉義蔡進富屋頂型光電案場,太陽能,2026,31.066,20.907,嘉義縣布袋鎮新塭514之15號,160.16 kW,天能綠電股份有限公司,25SP0022-B026000001~60,5/20/26,2026-01-01~2026-03-31,認可,認可,31.066 MWh,20.907 MWh
大自然能源電業股份有限公司,NP111061C005 橋德鋼鐵二廠,太陽能,2026,45.228,12.221,高雄市橋頭區興樹路201號,159.96 kW,大自然能源電業股份有限公司,25SP3149-B026000001~62,5/20/26,2026-01-01~2026-03-31,認可,認可,45.228 MWh,12.221 MWh
艾涅爾電力股份有限公司,加州儲能-魏旭仁雞舍,太陽能,2026,30.11,0,嘉義縣義竹鄉上溪洲34-2號,159.8 kW,艾涅爾電力股份有限公司,24SP0287-B026000001~31,4/8/26,2026-01-01~2026-02-28,認可,認可,30.11 MWh,0 MWh
大自然能源電業股份有限公司,NP181020C002同力(慶富),太陽能,2026,27.626,19.414,高雄市仁武區仁心路308之15號(高雄市仁武區仁龍段0936-0000、0937-0000地號),159.75 kW,大自然能源電業股份有限公司,24SP1292-B026000001~49,5/20/26,2026-01-01~2026-03-31,認可,認可,27.626 MWh,19.414 MWh
晨星電力股份有限公司,(沅碁)溝坪(景義)國小一二期,太陽能,2026,46.762,0,高雄市內門區萊坑8號,159.68 kW,晨星電力股份有限公司,25SP2942-B026000001~49,5/20/26,2026-01-01~2026-03-31,認可,認可,46.762 MWh,0 MWh
天能綠電股份有限公司,嘉義縣義竹鄉東後寮段雞舍二期屋頂型太陽光電案場,太陽能,2026,51.012,0,嘉義縣義竹鄉東光村東後寮16號之7,159.64 kW,天能綠電股份有限公司,23SP0225-B026000001~53,5/20/26,2026-01-01~2026-03-31,認可,認可,51.012 MWh,0 MWh
南科管理局污水處理廠,南科管理局污水處理廠,太陽能,2026,0,2.85,臺南市善化區環西路二段10號,159.62 kW,南科管理局污水處理廠,18SP0018-B026000001~4,5/20/26,2026-01-01~2026-03-31,認可,認可,0 MWh,2.85 MWh
天能綠電股份有限公司,光旭盈19--台南佳南實業屋頂型光電案場,太陽能,2026,44.877,6.509,臺南市新化區唪口里唪口163之50號,159.6 kW,天能綠電股份有限公司,25SP0146-B026000001~58,5/20/26,2026-01-01~2026-03-31,認可,認可,44.877 MWh,6.509 MWh
晨星電力股份有限公司,(沅碁)潮寮國中一二期,太陽能,2026,50.165,1.578,高雄市大寮區潮寮路51之9號,159.595 kW,晨星電力股份有限公司,25SP3095-B026000001~61,5/20/26,2026-01-01~2026-03-31,認可,認可,50.165 MWh,1.578 MWh
續興股份有限公司,中呈實業,太陽能,2026,17.965,0,桃園市楊梅區獅一路14號,159.46 kW,續興股份有限公司,25SP2358-B026000001~20,5/20/26,2026-01-01~2026-03-31,認可,認可,17.965 MWh,0 MWh
阿波羅電力股份有限公司,環球大宇宙路竹區老人活動中心,太陽能,2026,49.09,0,高雄市路竹區國昌路117號,159.39 kW,阿波羅電力股份有限公司,24SP1090-B026000001~50,5/20/26,2026-01-01~2026-03-31,認可,認可,49.09 MWh,0 MWh
怡和綠電超商股份有限公司,欣雄-高都建國LEXUS,太陽能,2026,10.825,0,高雄市鳳山區建國路三段386號,159.39 kW,怡和綠電超商股份有限公司,25SP2420-B026000014~24,4/1/26,2026-02-01~2026-02-28,認可,認可,10.825 MWh,0 MWh
阿波羅電力股份有限公司,環球大宇宙杉林區大愛園區B區路外停車場,太陽能,2026,46.34,0,高雄市杉林區月眉段一小段2123-0002、2123-0010、2123-0029地號,159.39 kW,阿波羅電力股份有限公司,24SP2524-B026000001~48,5/20/26,2026-01-01~2026-03-31,認可,認可,46.34 MWh,0 MWh
艾涅爾電力股份有限公司,亮界-康承材料股份有限公司,太陽能,2026,15.689,0,宜蘭縣蘇澳鎮德興五路5號,159.39 kW,艾涅爾電力股份有限公司,24SP1103-B026000001~16,4/8/26,2026-01-01~2026-02-28,認可,認可,15.689 MWh,0 MWh
台灣化學纖維股份有限公司,台化新港公用廠保養工廠及苛化廠房,太陽能,2026,0,38.407,嘉義縣新港鄉中洋村中洋工業區1號,159.3 kW,台灣化學纖維股份有限公司,24SP0562-B026000001~39,5/20/26,2026-01-01~2026-03-31,認可,認可,0 MWh,38.407 MWh
統一企業股份有限公司,屋頂型太陽光電發電系統-統一企業楊梅廠,太陽能,2026,0,36.486,桃園市楊梅區民富路一段301號,159.25 kW,統一企業股份有限公司,25SP0412-B026000001~38,5/20/26,2026-01-01~2026-03-31,認可,認可,0 MWh,36.486 MWh
瓦特先生股份有限公司,一德金屬TW190995,太陽能,2026,19.234,8.068,臺南市永康區王行里16鄰金專二路56號,159.12 kW,瓦特先生股份有限公司,22SP0107-B026000001~33,5/20/26,2026-01-01~2026-03-31,認可,認可,19.234 MWh,8.068 MWh
雄崎股份有限公司,雄崎股份有限公司,太陽能,2026,0,11.136,桃園市中壢區文林街66號,159 kW,雄崎股份有限公司,24SP0300-B026000001~12,4/29/26,2026-01-01~2026-02-28,認可,認可,0 MWh,11.136 MWh
燿華電子股份有限公司,燿華電子-A棟,太陽能,2026,0,31.134,宜蘭縣蘇澳鎮頂平路36號,158.92 kW,燿華電子股份有限公司,25SP3888-B026000001~32,5/20/26,2026-01-02~2026-03-31,認可,認可,0 MWh,31.134 MWh
怡和綠電超商股份有限公司,怡和國際能源-佳益工業有限公司,太陽能,2026,53.929,0,高雄市仁武區鳳仁路105號,158.865 kW,怡和綠電超商股份有限公司,25SP2569-B026000001~55,5/20/26,2026-01-01~2026-03-31,認可,認可,53.929 MWh,0 MWh
金盛元興業股份有限公司,金盛元興業中工廠,太陽能,2026,0,32.388,臺中市南屯區台中市南屯區工業區二十路六號,158.84 kW,金盛元興業股份有限公司,24SP0423-B026000001~35,5/20/26,2026-01-01~2026-03-31,認可,認可,0 MWh,32.388 MWh
臺中市政府,臺中市政府臺灣大道市政大樓,太陽能,2026,0,47.239,臺中市西屯區臺灣大道3段99號,158.8 kW,臺中市政府,20SP0028-B026000001~48,5/20/26,2026-01-01~2026-03-31,認可,認可,0 MWh,47.239 MWh
艾涅爾電力股份有限公司,成遠-富合興業,太陽能,2026,15.278,0,桃園市觀音區樹林里樹林子193之10號,158.76 kW,艾涅爾電力股份有限公司,24SP0723-B026000001~17,4/8/26,2026-01-01~2026-02-28,認可,認可,15.278 MWh,0 MWh
台汽電綠能股份有限公司,旭忠能源正新橡膠4,太陽能,2026,40.041,0,雲林縣斗六市科加段85-16、85-17、85-18地號,158.72 kW,台汽電綠能股份有限公司,24SP0778-B026000001~37,5/20/26,2026-01-01~2026-03-31,認可,認可,40.041 MWh,0 MWh
怡和綠電超商股份有限公司,穎建-穎建158.625,太陽能,2026,31.699,12.372,雲林縣褒忠鄉新湖81之6號,158.625 kW,怡和綠電超商股份有限公司,25SP2754-B026000001~51,5/20/26,2026-01-01~2026-03-31,認可,認可,31.699 MWh,12.372 MWh
艾涅爾電力股份有限公司,陽欣-富昱PV0556,太陽能,2026,29.935,0,彰化縣溪湖鎮忠溪路178巷28號,158.625 kW,艾涅爾電力股份有限公司,24SP0699-B026000001~31,4/8/26,2026-01-01~2026-02-28,認可,認可,29.935 MWh,0 MWh
艾涅爾電力股份有限公司,鎧銚-丞汯PV0984,太陽能,2026,23.772,0,彰化縣鹿港鎮環工二路26號,158.6 kW,艾涅爾電力股份有限公司,24SP0266-B026000001~25,5/20/26,2026-01-01~2026-02-28,認可,認可,23.772 MWh,0 MWh
中鋼光能股份有限公司,中龍煉鐵大樓,太陽能,2026,24.445,0,臺中市龍井區龍昌路100號,158.44 kW,中鋼光能股份有限公司,23SP0103-B026000001~26,5/20/26,2026-01-01~2026-03-31,認可,認可,24.445 MWh,0 MWh
續興股份有限公司,嘉義番路菇寮,太陽能,2026,46.235,0,嘉義縣番路鄉下坑村菜公店3之6號,158.4 kW,續興股份有限公司,24SP1030-B026000001~47,5/20/26,2026-01-01~2026-03-31,認可,認可,46.235 MWh,0 MWh
晨星電力股份有限公司,(統益)臺南市政府工務局球場(安平區),太陽能,2026,47.089,8.19,臺南市安平區古堡段0264-0000、1423-0000地號,158.34 kW,晨星電力股份有限公司,25SP4051-B026000001~66,5/20/26,2026-01-01~2026-03-31,認可,認可,47.089 MWh,8.19 MWh
阿波羅電力股份有限公司,泓錠新竹公部門三期案,太陽能,2026,38.363,0,新竹縣新埔鎮文華路39號,158.26 kW,阿波羅電力股份有限公司,25SP1395-B026000001~41,5/20/26,2026-01-01~2026-03-31,認可,認可,38.363 MWh,0 MWh
晨星電力股份有限公司,(統益)小港工程處,太陽能,2026,51.403,0,高雄市小港區大業北路7號(高雄市小港區二苓段一小段1127-0000、1127-0001地號),158.1 kW,晨星電力股份有限公司,25SP3100-B026000001~52,5/20/26,2026-01-01~2026-03-31,認可,認可,51.403 MWh,0 MWh
寶島陽光電力事業股份有限公司,雋和四能源有限公司 (TW160531),太陽能,2026,46.052,0,雲林縣大埤鄉嘉興村田寮40號,158.08 kW,寶島陽光電力事業股份有限公司,24SP2626-B026000001~47,5/20/26,2026-01-01~2026-03-31,認可,認可,46.052 MWh,0 MWh
怡和綠電超商股份有限公司,怡和國際能源-新創環保二期,太陽能,2026,48.808,0,臺南市柳營區環園西路2段30號,157.85 kW,怡和綠電超商股份有限公司,25SP2685-B026000001~50,5/20/26,2026-01-01~2026-03-31,認可,認可,48.808 MWh,0 MWh
琳得科先進科技股份有限公司高雄加工區分公司,琳得科先進科技股份有限公司高雄加工區分公司,太陽能,2026,0,44.65,高雄市前鎮區中六路6號,157.825 kW,琳得科先進科技股份有限公司高雄加工區分公司,23SP0118-B026000001~46,5/20/26,2026-01-01~2026-03-31,認可,認可,0 MWh,44.65 MWh
天能綠電股份有限公司,高雄市明義國中屋頂型太陽光電案場,太陽能,2026,8.46,0,高雄市前鎮區明鳳七街5號,157.825 kW,天能綠電股份有限公司,24SP0086-B026000001~12,5/20/26,2026-01-01~2026-03-31,認可,認可,8.46 MWh,0 MWh
晨星電力股份有限公司,(加州儲能)安平國中一期,太陽能,2026,53.298,0,臺南市安平區臺南市安平區慶平路687號,157.76 kW,晨星電力股份有限公司,25SP2484-B026000001~55,5/20/26,2026-01-01~2026-03-31,認可,認可,53.298 MWh,0 MWh
客家委員會客家文化發展中心銅鑼園區,客家委員會客家文化發展中心銅鑼園區,太陽能,2026,0,24.955,苗栗縣銅鑼鄉九湖村銅科南路6號,157.6 kW,客家委員會客家文化發展中心銅鑼園區,18SP0017-B026000001~27,5/20/26,2026-01-01~2026-03-31,認可,認可,0 MWh,24.955 MWh
寶島陽光電力事業股份有限公司,玉衡能源股份有限公司(台南看守所二看守所停車棚),太陽能,2026,45.364,0,臺南市歸仁區武東里明德新村 2 號,157.5 kW,寶島陽光電力事業股份有限公司,24SP1102-B026000001~47,5/20/26,2026-01-01~2026-03-31,認可,認可,45.364 MWh,0 MWh
艾涅爾電力股份有限公司,鉅瀚綠能-萬欽畜牧場PV0025,太陽能,2026,27.771,0,臺南市六甲區水林里水漆林路二段281巷139號,157.5 kW,艾涅爾電力股份有限公司,25SP0123-B026000001~29,4/8/26,2026-01-01~2026-02-28,認可,認可,27.771 MWh,0 MWh
艾涅爾電力股份有限公司,黃長泰PV0631,太陽能,2026,27.522,0,雲林縣東勢鄉東勢西路392巷67號,157.5 kW,艾涅爾電力股份有限公司,23SP0446-B026000001~490,4/8/26,2026-01-01~2026-02-28,認可,認可,27.522 MWh,0 MWh
艾涅爾電力股份有限公司,台一-吳滿致(二期)PV0212,太陽能,2026,25.863,0,雲林縣東勢鄉四美村北美路6之4號,157.48 kW,艾涅爾電力股份有限公司,25SP0167-B026000001~27,4/8/26,2026-01-01~2026-02-28,認可,認可,25.863 MWh,0 MWh
禾丰電力股份有限公司,匯豐-台東,太陽能,2026,15.905,0,臺東縣臺東市大仁路6號,157.44 kW,禾丰電力股份有限公司,24SP1033-B026000001~18,5/20/26,2026-01-01~2026-03-31,認可,認可,15.905 MWh,0 MWh
艾涅爾電力股份有限公司,城八-寸真企業社PV0315,太陽能,2026,29.293,0,高雄市岡山區嘉華路80巷88號,157.25 kW,艾涅爾電力股份有限公司,25SP0293-B026000001~30,4/8/26,2026-01-01~2026-02-28,認可,認可,29.293 MWh,0 MWh
寶島陽光電力事業股份有限公司,玉衡能源股份有限公司(中興附農),太陽能,2026,50.516,0,臺中市東區臺中路283號,157.2 kW,寶島陽光電力事業股份有限公司,24SP0856-B026000001~57,5/20/26,2026-01-01~2026-03-31,認可,認可,50.516 MWh,0 MWh
天能綠電股份有限公司,中聯峰_和登豐-屏東縣屏東市屋頂型太陽光電案場,太陽能,2026,8.252,0,屏東縣屏東市大溪路335巷15號,157.08 kW,天能綠電股份有限公司,24SP1629-B026000001~10,4/22/26,2026-01-01~2026-02-28,認可,認可,8.252 MWh,0 MWh
怡和綠電超商股份有限公司,賽斯-援中國小,太陽能,2026,47.053,0,高雄市楠梓區大學二十六街1150號,157.025 kW,怡和綠電超商股份有限公司,25SP1676-B026000001~49,5/20/26,2026-01-01~2026-03-31,認可,認可,47.053 MWh,0 MWh
續興股份有限公司,蔡書通一二期,太陽能,2026,43.329,0,雲林縣林內鄉和平路72號,156.975 kW,續興股份有限公司,25SP3480-B026000001~44,5/20/26,2026-01-01~2026-03-31,認可,認可,43.329 MWh,0 MWh
怡和綠電超商股份有限公司,晁能-永聖企業社,太陽能,2026,47.681,0,高雄市阿蓮區中山路521巷97號,156.88 kW,怡和綠電超商股份有限公司,25SP1690-B026000001~49,5/20/26,2026-01-01~2026-03-31,認可,認可,47.681 MWh,0 MWh
陽光伏特家電力股份有限公司,新光彰化44、45廠,太陽能,2026,47.796,0,彰化縣芳苑鄉新厝路建33號,156.75 kW,陽光伏特家電力股份有限公司,23SP0310-B026000001~49,5/20/26,2026-01-01~2026-03-31,認可,認可,47.796 MWh,0 MWh
陽光伏特家電力股份有限公司,澄彥嘉義1廠,太陽能,2026,28.665,0,嘉義市東區公園街163號、165號、167號3樓1、167號3樓2、167號5樓1、167號5樓2、169號、171號、173號3樓1、173號3樓2、173號5樓1、173號5樓2、175號、177號、179號3樓1、179號3樓2、179號5樓1、179號5樓2及181號,156.735 kW,陽光伏特家電力股份有限公司,25SP0552-B026000001~30,5/20/26,2026-01-01~2026-03-31,認可,認可,28.665 MWh,0 MWh
興僑工業有限公司,興僑工業有限公司,太陽能,2026,0,34.291,桃園市桃園區大林里大仁路50巷38號1樓,156.6 kW,興僑工業有限公司,24SP1991-B026000001~36,5/20/26,2026-01-01~2026-03-31,認可,認可,0 MWh,34.291 MWh
續興股份有限公司,紅崴科技,太陽能,2026,56.384,0,臺南市安南區工業一路23號,156.52 kW,續興股份有限公司,24SP1012-B026000001~59,5/20/26,2026-01-01~2026-03-31,認可,認可,56.384 MWh,0 MWh
瓦力電能股份有限公司,桃園市新屋區156.465瓩,太陽能,2026,33.87,0,桃園市新屋區新榮路583號,156.465 kW,瓦力電能股份有限公司,23SP0043-B026000002~44,5/20/26,2026-01-01~2026-03-31,認可,認可,33.87 MWh,0 MWh
開陽電力股份有限公司,玖基企業股份有限公司-台電台北南區營業處中和服務處,太陽能,2026,18.225,0,新北市中和區和平街33號,156.45 kW,開陽電力股份有限公司,25SP1448-B026000001~19,4/1/26,2026-01-01~2026-02-28,認可,認可,18.225 MWh,0 MWh
大自然能源電業股份有限公司,NP181054C012瓦度(老人照顧中心),太陽能,2026,38.579,0,高雄市大樹區姑山路19-1、19-2號,156.4 kW,大自然能源電業股份有限公司,25SP0469-B026000001~40,5/20/26,2026-01-01~2026-03-31,認可,認可,38.579 MWh,0 MWh
大自然能源電業股份有限公司,NP101077C001永康全聯,太陽能,2026,42.591,5.999,臺南市永康區永大一路208、210號、永春街45巷23號,156.195 kW,大自然能源電業股份有限公司,25SP3332-B026000001~52,5/20/26,2026-01-01~2026-03-31,認可,認可,42.591 MWh,5.999 MWh
艾涅爾電力股份有限公司,優品-吳士榤PV0497,太陽能,2026,28.439,0,嘉義縣水上鄉大堀村江竹仔腳3之39號,156.16 kW,艾涅爾電力股份有限公司,25SP1549-B026000001~30,4/8/26,2026-01-01~2026-02-28,認可,認可,28.439 MWh,0 MWh
富威電力股份有限公司,貝均-捷希生技太陽光電發電廠,太陽能,2026,20.497,0,屏東縣長治鄉德和村6鄰農園路17號,156.06 kW,富威電力股份有限公司,25SP1933-B026000012~42,4/1/26,2026-01-01~2026-02-28,認可,認可,20.497 MWh,0 MWh
艾涅爾電力股份有限公司,太佑-創新企業社,太陽能,2026,29.369,0,彰化縣埔鹽鄉義和段0587-0000地號,156.06 kW,艾涅爾電力股份有限公司,24SP2462-B026000001~31,4/8/26,2026-01-01~2026-02-28,認可,認可,29.369 MWh,0 MWh
南方電力股份有限公司,甲仙國中太陽光電發電廠,太陽能,2026,52.828,0,高雄市甲仙區東安里文化南路6號,156.055 kW,南方電力股份有限公司,24SP0917-B026000001~54,5/20/26,2026-01-01~2026-03-31,認可,認可,52.828 MWh,0 MWh
宇軒電業股份有限公司,頂秀祐段323地號,太陽能,2026,30.86,20.294,臺南市白河區頂秀祐段323地號,156 kW,宇軒電業股份有限公司,25SP2029-B026000001~53,5/20/26,2026-01-01~2026-03-31,認可,認可,30.86 MWh,20.294 MWh
晨星電力股份有限公司,(沅碁)中洲國小一二期,太陽能,2026,49.139,3.281,高雄市旗津區旗津二路275號,156 kW,晨星電力股份有限公司,25SP3093-B026000001~62,5/20/26,2026-01-01~2026-03-31,認可,認可,49.139 MWh,3.281 MWh
怡和綠電超商股份有限公司,嘉創-李元豪1,太陽能,2026,44.393,0,雲林縣二崙鄉中山路365號、369號、369-1號,155.76 kW,怡和綠電超商股份有限公司,25SP2505-B026000002~48,5/20/26,2026-01-01~2026-03-31,認可,認可,44.393 MWh,0 MWh
大自然能源電業股份有限公司,NP201045C001(木春實業社),太陽能,2026,32.733,21.967,臺南市學甲區下溪洲1之16號,155.76 kW,大自然能源電業股份有限公司,24SP1329-B026000001~55,5/20/26,2026-01-01~2026-03-31,認可,認可,32.733 MWh,21.967 MWh
星星電力股份有限公司,群益捷泰柯文隆(台南),太陽能,2026,53.563,0,臺南市下營區大埤里6鄰大埤寮49之11號,155.76 kW,星星電力股份有限公司,25SP3330-B026000001~61,5/20/26,2026-01-01~2026-03-31,認可,認可,53.563 MWh,0 MWh
續興股份有限公司,金罡實業,太陽能,2026,52.18,0,彰化縣福興鄉東勢巷7之46號,155.75 kW,續興股份有限公司,25SP3007-B026000001~54,5/20/26,2026-01-01~2026-03-31,認可,認可,52.18 MWh,0 MWh
亞洲水泥股份有限公司,亞泥新竹廠第五機組,太陽能,2026,0,25.605,新竹縣橫山鄉中豐路二段109號、橫華段679、680、681地號,155.39 kW,亞洲水泥股份有限公司,24SP2253-B026000001~26,5/20/26,2026-01-01~2026-03-31,認可,認可,0 MWh,25.605 MWh
東鋼風力發電股份有限公司,東鋼風力東高太陽能發電廠(第一階段) - K3,太陽能,2026,44.47,0,高雄市新興區嘉興街8號,155.325 kW,東鋼風力發電股份有限公司,24SP0312-B026000001~47,5/20/26,2026-01-01~2026-03-31,認可,認可,44.47 MWh,0 MWh
晨星電力股份有限公司,(沅碁)立人高中四期,太陽能,2026,55.716,0,臺中市大里區中興路2段380號(財團法人臺中市私立立人高級中學),155.3 kW,晨星電力股份有限公司,25SP1779-B026000001~57,5/20/26,2026-01-01~2026-03-31,認可,認可,55.716 MWh,0 MWh
大自然能源電業股份有限公司,NP081063C007低碳(遠東(二),太陽能,2026,35.293,0,彰化縣線西鄉線工南三街3號,155.17 kW,大自然能源電業股份有限公司,25SP0657-B026000001~37,5/20/26,2026-01-01~2026-03-31,認可,認可,35.293 MWh,0 MWh
天能綠電股份有限公司,凱銳-彰化富王汽車(花壇)屋頂型太陽光電案場,太陽能,2026,0,20.13,彰化縣花壇鄉中山路一段12之1號、12巷39號,155.135 kW,天能綠電股份有限公司,24SP1907-B026000001~21,5/20/26,2026-03-01~2026-03-31,認可,認可,0 MWh,20.13 MWh
星星電力股份有限公司,傑陽-嘉義大林-黃耀德,太陽能,2026,12.68,0,嘉義縣大林鎮三和里林子頭30之7號,155.04 kW,星星電力股份有限公司,25SP2362-B026000014~26,4/8/26,2026-02-01~2026-02-28,認可,認可,12.68 MWh,0 MWh
怡和綠電超商股份有限公司,新明(科風)-高大綜合大樓(標案),太陽能,2026,38.042,0,高雄市楠梓區高雄大學路700號(綜合大樓),154.875 kW,怡和綠電超商股份有限公司,25SP2615-B026000001~174,5/20/26,2026-01-01~2026-03-31,認可,認可,38.042 MWh,0 MWh
富威電力股份有限公司,日晶-陳聰明太陽光電發電廠,太陽能,2026,14.497,0,嘉義縣水上鄉大崙村大崙122之32號,154.8 kW,富威電力股份有限公司,24SP2031-B026000023~43,4/1/26,2026-01-01~2026-02-28,認可,認可,14.497 MWh,0 MWh
星星電力股份有限公司,安和營區錶10-勤務中隊-B(地面) (19期),太陽能,2026,26.205,0,屏東縣屏東市雲鵬段0127-0000地號(空軍第一後勤指揮部勤務中隊停車場),154.77 kW,星星電力股份有限公司,25SP2389-B026000001~88,5/20/26,2026-02-01~2026-03-31,認可,認可,26.205 MWh,0 MWh
瓦特先生股份有限公司,I-AR21-040民雄國中,太陽能,2026,29.962,0,嘉義縣民雄鄉西安村西安路147號,154.7 kW,瓦特先生股份有限公司,24SP1002-B026000001~31,5/20/26,2026-01-01~2026-03-31,認可,認可,29.962 MWh,0 MWh
廣積科技股份有限公司,廣積平鎮廠第三期,太陽能,2026,0,14.346,桃園市平鎮區民族路雙連二段118巷12號,154.7 kW,廣積科技股份有限公司,25SP0410-B026000001~15,4/15/26,2026-01-01~2026-02-28,認可,認可,0 MWh,14.346 MWh
富威電力股份有限公司,權聖太陽光電廠,太陽能,2026,32.629,10.018,臺南市安南區工環路1號,154.635 kW,富威電力股份有限公司,20SP0008-B026000004~99,5/20/26,2026-01-01~2026-03-31,認可,認可,32.629 MWh,10.018 MWh
富威電力股份有限公司,日盛全-小康市場太陽光電發電廠,太陽能,2026,42.354,0,臺南市中西區文賢路197號,154.56 kW,富威電力股份有限公司,25SP1144-B026000004~86,5/20/26,2026-01-01~2026-03-31,認可,認可,42.354 MWh,0 MWh
開陽電力股份有限公司,開陽能源-國稅局臺東分局,太陽能,2026,25.134,0,臺東縣臺東市中山路1號,154.445 kW,開陽電力股份有限公司,25SP0862-B026000001~26,4/1/26,2026-01-01~2026-02-28,認可,認可,25.134 MWh,0 MWh
怡和綠電超商股份有限公司,漢翔(王董)-陳志明,太陽能,2026,14.899,0,嘉義縣溪口鄉妙崙村上崙14之3號,154.44 kW,怡和綠電超商股份有限公司,25SP1512-B026000016~30,4/1/26,2026-02-01~2026-02-28,認可,認可,14.899 MWh,0 MWh
育成電力股份有限公司,瑞光/達盟二期,太陽能,2026,49.564,0,彰化縣芳苑鄉漢寶村文昌路233號,154.44 kW,富威電力股份有限公司、育成電力股份有限公司,25SP3346-B026000001~53,5/20/26,2026-01-01~2026-03-31,認可,認可,49.564 MWh,0 MWh
星星電力股份有限公司,錸恩帕斯-展旺生命,太陽能,2026,44.839,0,臺南市新市區南科六路1號,154.38 kW,星星電力股份有限公司,25SP3022-B026000001~46,5/20/26,2026-01-01~2026-03-31,認可,認可,44.839 MWh,0 MWh
天能綠電股份有限公司,凱銳-雲林縣廖清舜屋型太陽光電案場,太陽能,2026,0,19.487,雲林縣西螺鎮埤頭里藍厝1之21號,154.285 kW,天能綠電股份有限公司,24SP2345-B026000001~20,5/20/26,2026-03-01~2026-03-31,認可,認可,0 MWh,19.487 MWh
寶島陽光電力事業股份有限公司,日沛能源有限公司(TW170628),太陽能,2026,31.684,0,嘉義縣水上鄉南鄉村牛稠埔127之1號,154.28 kW,寶島陽光電力事業股份有限公司,24SP2189-B026000001~33,5/20/26,2026-01-01~2026-03-31,認可,認可,31.684 MWh,0 MWh
餘慶堂興業股份有限公司,餘慶堂興業股份有限公司-研磨廠,太陽能,2026,0,34.933,臺中市龍井區南堤路8號(台中市龍井區福麗段890-10地號),153.75 kW,餘慶堂興業股份有限公司,25SP0348-B026000001~36,5/20/26,2026-01-01~2026-03-31,認可,認可,0 MWh,34.933 MWh
天能綠電股份有限公司,美麗島-順發屋頂型太陽光電案場,太陽能,2026,50.946,0,高雄市彌陀區樂安路100之66號,153.75 kW,天能綠電股份有限公司,24SP1678-B026000001~54,5/20/26,2026-01-01~2026-03-31,認可,認可,50.946 MWh,0 MWh
艾涅爾電力股份有限公司,宜彤-溪州鄉舊眉段,太陽能,2026,26.38,0,彰化縣溪州鄉移民路217巷建150號,153.75 kW,艾涅爾電力股份有限公司,24SP2507-B026000001~27,4/8/26,2026-01-01~2026-02-28,認可,認可,26.38 MWh,0 MWh
十萬伏特電力股份有限公司,光宇應用材料案,太陽能,2026,29.067,0,臺南市柳營區環園西路2段40號,153.65 kW,十萬伏特電力股份有限公司,25SP2828-B026000001~31,4/1/26,2026-01-01~2026-02-28,認可,認可,29.067 MWh,0 MWh
陽光伏特家電力股份有限公司,智光南投1廠,太陽能,2026,10.271,0,南投縣竹山鎮成功街66號,153.6 kW,陽光伏特家電力股份有限公司,24SP2467-B026000001~11,5/20/26,2026-01-01~2026-03-31,認可,認可,10.271 MWh,0 MWh
艾涅爾電力股份有限公司,佑銓-墩南合作農場,太陽能,2026,30.312,0,臺中市外埔區水頭一路351號,153.55 kW,艾涅爾電力股份有限公司,24SP2525-B026000001~31,4/8/26,2026-01-01~2026-02-28,認可,認可,30.312 MWh,0 MWh
昇達科技股份有限公司,昇達科技,太陽能,2026,0,136.55,基隆市七堵區工建路1號,153.51 kW,昇達科技股份有限公司,25SP0573-B026000001~137,5/20/26,2025-05-02~2026-03-31,認可,認可,0 MWh,136.55 MWh
大同智能股份有限公司,台中市屋頂型太陽光電系統-清水幼兒園高西分部(擴充),太陽能,2026,47.326,0,臺中市清水區高美路750號,153.12 kW,大同智能股份有限公司,24SP0889-B026000001~49,5/20/26,2026-01-01~2026-03-31,認可,認可,47.326 MWh,0 MWh
星星電力股份有限公司,群益曦力黃清常(台南),太陽能,2026,51.526,0,臺南市下營區紅毛厝115之9號(下營區十六甲段2386-0000、2386-0001、2387-0000地號),152.7 kW,星星電力股份有限公司,25SP3030-B026000001~53,5/20/26,2026-01-01~2026-03-31,認可,認可,51.526 MWh,0 MWh
艾涅爾電力股份有限公司,耀鋩-喬俊PV0039,太陽能,2026,30.771,0,彰化縣大村鄉源聖段0123-0000地號,152.52 kW,艾涅爾電力股份有限公司,24SP1294-B026000001~31,4/8/26,2026-01-01~2026-02-28,認可,認可,30.771 MWh,0 MWh
阿波羅電力股份有限公司,辰翔瑞昕本廠,太陽能,2026,35.18,7.373,彰化縣鹿港鎮鹿工南三路48號,152.5 kW,阿波羅電力股份有限公司,24SP2258-B026000001~46,5/20/26,2026-01-01~2026-03-31,認可,認可,35.18 MWh,7.373 MWh
阿波羅電力股份有限公司,銘峻宅子港152.5kW,太陽能,2026,30.805,20.434,臺南市學甲區宅子港段0166-0037地號,152.5 kW,阿波羅電力股份有限公司,25SP1813-B026000001~53,5/20/26,2026-01-01~2026-03-31,認可,認可,30.805 MWh,20.434 MWh
天能綠電股份有限公司,光旭盈07--南投鄭鴻文屋頂型光電案場,太陽能,2026,40.798,0,南投縣水里鄉永興村林朋巷191號,152.46 kW,天能綠電股份有限公司,25SP0027-B026000001~48,5/20/26,2026-01-01~2026-03-31,認可,認可,40.798 MWh,0 MWh
怡和綠電超商股份有限公司,嘉創-林之泉飲用水,太陽能,2026,42.667,0,彰化縣線西鄉線工南三街8號,152.32 kW,怡和綠電超商股份有限公司,25SP3535-B026000002~47,5/20/26,2026-01-01~2026-03-31,認可,認可,42.667 MWh,0 MWh
聯華電子股份有限公司12A1,12A1(LM宿舍轉供-1),太陽能,2026,0,52.041,臺南市善化區龍目井路426、428、430號,152.25 kW,聯華電子股份有限公司12A1,25SP3470-B026000001~54,5/20/26,2026-01-01~2026-03-31,認可,認可,0 MWh,52.041 MWh
天能綠電股份有限公司,歐得能源工程-新屋定翔屋頂型太陽光電案場,太陽能,2026,34.641,0,桃園市新屋區東興路2段1438號,151.97 kW,天能綠電股份有限公司,24SP0325-B026000001~37,5/20/26,2026-01-01~2026-03-31,認可,認可,34.641 MWh,0 MWh
星星電力股份有限公司,銘光_斗六黃陳津梨,太陽能,2026,43.863,0,雲林縣斗六市雲林縣斗六市嘉東里成功路768之15號,151.8 kW,星星電力股份有限公司,24SP1687-B026000001~54,5/20/26,2026-01-01~2026-03-31,認可,認可,43.863 MWh,0 MWh
星星電力股份有限公司,國碩利晁 - 江文陽,太陽能,2026,51.851,0,臺南市麻豆區安業段0519-0001地號。,151.8 kW,星星電力股份有限公司,24SP1623-B026000001~64,5/20/26,2026-01-01~2026-03-31,認可,認可,51.851 MWh,0 MWh
晨星電力股份有限公司,(沅碁)三民國小一二期,太陽能,2026,50.237,3.078,高雄市三民區建國三路216號,151.74 kW,晨星電力股份有限公司,25SP2929-B026000001~63,5/20/26,2026-01-01~2026-03-31,認可,認可,50.237 MWh,3.078 MWh
開陽電力股份有限公司,開陽能源-國立臺東大學附設實驗國民小學(泳池),太陽能,2026,22.535,0,臺東縣臺東市正氣路311巷5號,151.68 kW,開陽電力股份有限公司,25SP0915-B026000001~23,4/1/26,2026-01-01~2026-02-28,認可,認可,22.535 MWh,0 MWh
怡和綠電超商股份有限公司,漢翔(王董)-廖炎模,太陽能,2026,15.208,0,雲林縣二崙鄉田尾村犁份5之3號,151.59 kW,怡和綠電超商股份有限公司,25SP1286-B026000016~31,4/1/26,2026-02-01~2026-02-28,認可,認可,15.208 MWh,0 MWh
三地怪獸電力股份有限公司,台南府城客運屋頂型太陽光電,太陽能,2026,37.472,6.789,臺南市永康區正南一街1號,151.51 kW,三地怪獸電力股份有限公司,24SP0209-B026000002~52,5/20/26,2026-01-01~2026-03-31,認可,認可,37.472 MWh,6.789 MWh
天能綠電股份有限公司,嘉義義竹埤子頭段地面型太陽光電案場,太陽能,2026,47.91,0,嘉義縣義竹鄉埤子頭段埤前小段0830-0000地號,151.29 kW,天能綠電股份有限公司,24SP0387-B026000001~49,5/20/26,2026-01-01~2026-03-31,認可,認可,47.91 MWh,0 MWh
開陽電力股份有限公司,玖基企業股份有限公司-中興大學室內游泳池,太陽能,2026,24.915,0,臺中市南區國光路250號,151.2 kW,開陽電力股份有限公司,25SP1763-B026000001~26,4/1/26,2026-01-01~2026-02-28,認可,認可,24.915 MWh,0 MWh
森茂科技股份有限公司,森茂科技,太陽能,2026,0,24.56,桃園市中壢區北園路31號,151.125 kW,森茂科技股份有限公司,24SP0225-B026000001~26,5/20/26,2026-01-01~2026-03-31,認可,認可,0 MWh,24.56 MWh
星星電力股份有限公司,群益捷泰康金柱(台南),太陽能,2026,49.974,0,臺南市柳營區太康里太康162之3號,151.04 kW,星星電力股份有限公司,25SP3252-B026000001~57,5/20/26,2026-01-01~2026-03-31,認可,認可,49.974 MWh,0 MWh
晨星電力股份有限公司,(茂庭)壽齡國小球場,太陽能,2026,48.101,2.726,高雄市彌陀區安港段296地號,150.88 kW,晨星電力股份有限公司,25SP3321-B026000001~59,5/20/26,2026-01-01~2026-03-31,認可,認可,48.101 MWh,2.726 MWh
天能綠電股份有限公司,光旭盈09--鳳山朝中宮地面型光電案場,太陽能,2026,43.604,1.255,高雄市大寮區中庄北段0918-0000地號,150.875 kW,天能綠電股份有限公司,25SP0105-B026000001~54,5/20/26,2026-01-01~2026-03-31,認可,認可,43.604 MWh,1.255 MWh
大自然能源電業股份有限公司,NP191019C007(向南-廖振甫),太陽能,2026,13.163,0,雲林縣崙背鄉枋南39之7號、新庄39之9號,150.6 kW,大自然能源電業股份有限公司,24SP1809-B026000001~14,3/4/26,2026-01-01~2026-01-31,認可,認可,13.163 MWh,0 MWh
艾涅爾電力股份有限公司,聚陽-益昌PV0014,太陽能,2026,27.233,0,高雄市路竹區民權路165巷15號,150.535 kW,艾涅爾電力股份有限公司,25SP0139-B026000001~28,4/8/26,2026-01-01~2026-02-28,認可,認可,27.233 MWh,0 MWh
台灣東洋先端科技股份有限公司,108113PV0201 台南廠三期,太陽能,2026,0,35.567,臺南市安南區工業三路50號,150.5 kW,台灣東洋先端科技股份有限公司,25SP0263-B026000001~36,4/1/26,2026-01-01~2026-02-28,認可,認可,0 MWh,35.567 MWh
怡和綠電超商股份有限公司,嘉創-陳建助,太陽能,2026,15.047,33.788,嘉義縣六腳鄉竹子脚157之15號,150.48 kW,怡和綠電超商股份有限公司,25SP2890-B026000002~52,5/20/26,2026-01-01~2026-03-31,認可,認可,15.047 MWh,33.788 MWh
續興股份有限公司,鈺仁鋁業,太陽能,2026,45.641,0,高雄市大寮區莒光三街12號,150.48 kW,續興股份有限公司,25SP3154-B026000001~47,5/20/26,2026-01-01~2026-03-31,認可,認可,45.641 MWh,0 MWh
怡和綠電超商股份有限公司,璟揚企業(屋頂型),太陽能,2026,46.349,0,彰化縣永靖鄉竹西巷建35號,150.48 kW,怡和綠電超商股份有限公司,25SP3769-B026000002~50,5/20/26,2026-01-01~2026-03-31,認可,認可,46.349 MWh,0 MWh
南方電力股份有限公司,泓錠-青年國中汽車停車場太陽光電發電廠,太陽能,2026,44.877,0,高雄市鳳山區新庄子段139-1、141地號(汽車停車場),150.48 kW,南方電力股份有限公司,25SP0268-B026000001~46,5/20/26,2026-01-01~2026-03-31,認可,認可,44.877 MWh,0 MWh
香印永續股份有限公司,舊振南,太陽能,2026,45.87,0,高雄市前鎮區新生路248之47號,150.28 kW,香印永續股份有限公司,25SP3437-B026000001~639,5/20/26,2026-01-01~2026-03-31,認可,認可,45.87 MWh,0 MWh
寶島陽光電力事業股份有限公司,雋和四能源有限公司(陳健中),太陽能,2026,41.443,0,臺南市柳營區義士路一段111號,150.22 kW,寶島陽光電力事業股份有限公司,24SP2526-B026000001~43,5/20/26,2026-01-01~2026-03-31,認可,認可,41.443 MWh,0 MWh
續興股份有限公司,養老院同安,太陽能,2026,41.817,0,臺南市安南區同安路17巷18號,150.15 kW,續興股份有限公司,25SP2706-B026000001~43,5/20/26,2026-01-01~2026-03-31,認可,認可,41.817 MWh,0 MWh
天能綠電股份有限公司,光旭盈17--南投益馨屋頂型光電案場,太陽能,2026,39.33,1.041,南投縣竹山鎮沉潭巷13之3號,150.1 kW,天能綠電股份有限公司,25SP0031-B026000001~50,5/20/26,2026-01-01~2026-03-31,認可,認可,39.33 MWh,1.041 MWh
明基材料股份有限公司,明基材料股份有限公司建東廠(BMC),太陽能,2026,0,17.892,桃園市龜山區建國東路29號,150 kW,明基材料股份有限公司,23SP0251-B026000001~19,4/1/26,2026-01-01~2026-02-28,認可,認可,0 MWh,17.892 MWh
天能綠電股份有限公司,凱銳-嘉義縣合麒屋頂型太陽光電發電案場,太陽能,2026,0,19.315,嘉義縣太保市北港路二段661巷20號,150 kW,天能綠電股份有限公司,24SP2349-B026000001~20,5/20/26,2026-03-01~2026-03-31,認可,認可,0 MWh,19.315 MWh
艾涅爾電力股份有限公司,承品能源-坤益,太陽能,2026,28.819,0,彰化縣埔鹽鄉鄉光明路2段187之6號,150 kW,艾涅爾電力股份有限公司,24SP1150-B026000002~43,4/8/26,2026-01-01~2026-02-28,認可,認可,28.819 MWh,0 MWh
禾丰電力股份有限公司,喬馨-仁愛樓,太陽能,2026,23.423,0,桃園市中壢區萬能路1號,149.825 kW,禾丰電力股份有限公司,24SP1575-B026000001~25,5/20/26,2026-01-01~2026-03-31,認可,認可,23.423 MWh,0 MWh
天能綠電股份有限公司,凱銳-彰化廖振聰屋頂型太陽光電案場,太陽能,2026,0,18.86,彰化縣秀水鄉正興路131巷21號,149.8 kW,天能綠電股份有限公司,24SP2082-B026000001~19,5/20/26,2026-03-01~2026-03-31,認可,認可,0 MWh,18.86 MWh
怡和綠電超商股份有限公司,欣雄-竹後國小,太陽能,2026,13.941,0,高雄市仁武區竹楠路250號,149.8 kW,怡和綠電超商股份有限公司,25SP2434-B026000015~28,4/1/26,2026-02-01~2026-02-28,認可,認可,13.941 MWh,0 MWh
陽光伏特家電力股份有限公司,新光彰化31廠,太陽能,2026,42.791,0,彰化縣大城鄉青埔巷300號,149.73 kW,陽光伏特家電力股份有限公司,23SP0437-B026000001~44,5/20/26,2026-01-01~2026-03-31,認可,認可,42.791 MWh,0 MWh
怡和綠電超商股份有限公司,洊笙科技-高雄市大樹區竹寮路81-6.81-7.81-8.81-9號-1+2(屋頂型),太陽能,2026,16.964,9.112,高雄市大樹區竹寮路81之6、81之7、81之8、81之9,149.73 kW,怡和綠電超商股份有限公司,25SP2409-B026000001~33,5/20/26,2026-01-01~2026-03-31,認可,認可,16.964 MWh,9.112 MWh
怡和綠電超商股份有限公司,育渲投資-竹圍子511號,太陽能,2026,31.314,18.823,雲林縣虎尾鎮竹圍子段0511-0000地號,149.65 kW,怡和綠電超商股份有限公司,25SP1788-B026000001~57,5/20/26,2026-01-01~2026-03-31,認可,認可,31.314 MWh,18.823 MWh
天能綠電股份有限公司,聯合再生18-大坡國中桃園市新屋區屋頂型太陽能光電場,太陽能,2026,34.592,0,桃園市新屋區民有二路2段100號,149.6 kW,天能綠電股份有限公司,25SP0596-B026000002~42,5/20/26,2026-01-01~2026-03-31,認可,認可,34.592 MWh,0 MWh
怡和綠電超商股份有限公司,晴美能源-顏石吉,太陽能,2026,48.413,0,臺南市安南區安中路4段320巷15弄394號,149.5 kW,怡和綠電超商股份有限公司,25SP1473-B026000001~50,5/20/26,2026-01-01~2026-03-31,認可,認可,48.413 MWh,0 MWh
怡和綠電超商股份有限公司,嘉創-進佶,太陽能,2026,43.198,0,臺中市龍井區工業路173巷50之1號,149.49 kW,怡和綠電超商股份有限公司,25SP3915-B026000002~47,5/20/26,2026-01-01~2026-03-31,認可,認可,43.198 MWh,0 MWh
晨星電力股份有限公司,(佳亮)許福全-1,太陽能,2026,43.279,0,臺南市六甲區中正路146巷26號、146巷26之2號(六甲區七甲段0297-0000地號),149.26 kW,晨星電力股份有限公司,25SP4236-B026000001~45,5/20/26,2026-01-01~2026-03-31,認可,認可,43.279 MWh,0 MWh
大自然能源電業股份有限公司,NP091019C13向南-張文章,太陽能,2026,28.912,20.435,嘉義縣布袋鎮貴舍里貴舍108之10號,149.11 kW,大自然能源電業股份有限公司,24SP1275-B026000001~51,5/20/26,2026-01-01~2026-03-31,認可,認可,28.912 MWh,20.435 MWh
怡和綠電超商股份有限公司,漢翔(王董)-蘇其祥第一、二期,太陽能,2026,0,12.716,雲林縣褒忠鄉太湖路120號,149.11 kW,怡和綠電超商股份有限公司,25SP1273-B026000013~25,4/1/26,2026-02-01~2026-02-28,認可,認可,0 MWh,12.716 MWh
晨星電力股份有限公司,(沅碁)桃源國中一二期,太陽能,2026,35.29,0,高雄市桃源區南橫公路三段201號,148.96 kW,晨星電力股份有限公司,25SP3190-B026000001~47,5/20/26,2026-01-01~2026-03-31,認可,認可,35.29 MWh,0 MWh
南方電力股份有限公司,通滿晶-花海段800-2,太陽能,2026,37.207,0,屏東縣滿州鄉花海段800-2地號,148.92 kW,南方電力股份有限公司,25SP0716-B026000001~39,5/20/26,2026-01-01~2026-03-31,認可,認可,37.207 MWh,0 MWh
富威電力股份有限公司,旭天-安平聯絡處太陽光電發電廠,太陽能,2026,45.4,0,臺南市安平區國平路211號,148.875 kW,富威電力股份有限公司,25SP1914-B026000001~48,5/20/26,2026-01-01~2026-03-31,認可,認可,45.4 MWh,0 MWh
陽光伏特家電力股份有限公司,健能雲林1廠,太陽能,2026,29.555,0,雲林縣元長鄉東庄段0140-0001地號,148.85 kW,陽光伏特家電力股份有限公司,24SP0279-B026000001~31,5/20/26,2026-01-01~2026-03-31,認可,認可,29.555 MWh,0 MWh
晨星電力股份有限公司,(陽光)海洋-地面一期,太陽能,2026,44.612,2.05,高雄市茄萣區興達段30、31-1、32地號,148.83 kW,晨星電力股份有限公司,26SP0085-B026000001~56,5/20/26,2026-01-01~2026-03-31,認可,認可,44.612 MWh,2.05 MWh
瓦力電能股份有限公司,屏東縣佳冬鄉148.8瓩(T7378),太陽能,2026,29.891,19.872,屏東縣佳冬鄉塭仔段177地號,148.8 kW,瓦力電能股份有限公司,25SP1161-B026000001~51,5/20/26,2026-01-01~2026-03-31,認可,認可,29.891 MWh,19.872 MWh
中鋼光能股份有限公司,中聯資著磁料場,太陽能,2026,15.617,0,高雄市小港區利昌街1號,148.8 kW,中鋼光能股份有限公司,23SP0041-B026000001~17,5/20/26,2026-01-01~2026-03-31,認可,認可,15.617 MWh,0 MWh
怡和綠電超商股份有限公司,大昇-高雄橋頭(上馨),太陽能,2026,26.165,19.636,高雄市橋頭區橋新二路97號(後壁田段0086-0000地號),148.8 kW,怡和綠電超商股份有限公司,25SP2430-B026000001~47,5/20/26,2026-01-01~2026-03-31,認可,認可,26.165 MWh,19.636 MWh
天能綠電股份有限公司,豐光_蔡龍喜屋頂型太陽光電案場,太陽能,2026,0,13.747,屏東縣萬丹鄉新社路569巷之26號,148.72 kW,天能綠電股份有限公司,25SP3061-B026000001~14,4/22/26,2026-01-01~2026-01-31,認可,認可,0 MWh,13.747 MWh
大自然能源電業股份有限公司,NP081063C005低碳(鑫鹿(三),太陽能,2026,31.776,0,彰化縣鹿港鎮環工一路6號,148.68 kW,大自然能源電業股份有限公司,25SP0715-B026000001~33,5/20/26,2026-01-01~2026-03-31,認可,認可,31.776 MWh,0 MWh
六和機械股份有限公司,中壢區SW-D棟,太陽能,2026,0,34.055,桃園市中壢區新生路二段334號,148.5 kW,六和機械股份有限公司,23SP0260-B026000001~35,5/20/26,2026-01-01~2026-03-31,認可,認可,0 MWh,34.055 MWh
寶島陽光電力事業股份有限公司,昌瑞能源有限公司(FS2007007),太陽能,2026,45.144,0,高雄市小港區大業北路19號,148.48 kW,寶島陽光電力事業股份有限公司,24SP2218-B026000001~46,5/20/26,2026-01-01~2026-03-31,認可,認可,45.144 MWh,0 MWh
康展電力股份有限公司,元加興業_公館路178號,太陽能,2026,47.67,0,彰化縣埤頭鄉彰化縣埤頭鄉公館路178號,148.4 kW,康展電力股份有限公司,25SP3208-B026000001~48,5/20/26,2026-01-01~2026-03-31,認可,認可,47.67 MWh,0 MWh
艾涅爾電力股份有限公司,台一-林宗學PV0073,太陽能,2026,27.035,0,雲林縣臺西鄉富琦村三合100之18號,148.23 kW,艾涅爾電力股份有限公司,25SP0349-B026000001~28,4/8/26,2026-01-01~2026-02-28,認可,認可,27.035 MWh,0 MWh
星星電力股份有限公司,安和營區錶6-和平樓 (14期),太陽能,2026,26.326,0,屏東縣屏東市勝利路333號(空軍第一後勤指揮部-和平樓),148.225 kW,星星電力股份有限公司,25SP2161-B026000001~88,5/20/26,2026-02-01~2026-03-31,認可,認可,26.326 MWh,0 MWh
南茂科技股份有限公司,南茂科技103,太陽能,2026,0,36.105,新竹縣竹北市泰和里中和街112號,148.18 kW,南茂科技股份有限公司,25SP0802-B026000001~38,5/20/26,2026-01-01~2026-03-31,認可,認可,0 MWh,36.105 MWh
艾涅爾電力股份有限公司,昶晃-昶晃工業PV0108,太陽能,2026,26.113,0,彰化縣鹿港鎮環工二路58號,147.98 kW,艾涅爾電力股份有限公司,25SP1208-B026000001~27,4/8/26,2026-01-01~2026-02-28,認可,認可,26.113 MWh,0 MWh
財團法人工業技術研究院-中創園區,財團法人工業技術研究院-中創園區,太陽能,2026,0,54.858,南投縣南投市文獻路2號,147.96 kW,財團法人工業技術研究院-中創園區,17SP0008-B026000001~34,5/20/26,2026-01-01~2026-03-31,認可,認可,0 MWh,54.858 MWh
台灣碳資產電業股份有限公司,猴子園,太陽能,2026,40.022,0,雲林縣斗六市斗工二路16號,147.84 kW,台灣碳資產電業股份有限公司,24SP0510-B026000001~43,5/20/26,2026-01-01~2026-03-31,認可,認可,40.022 MWh,0 MWh
富威電力股份有限公司,鉦陽-榮國太陽光電發電廠,太陽能,2026,20.636,23.026,屏東縣萬丹鄉磚寮村忠心路318巷35號,147.84 kW,富威電力股份有限公司,24SP1823-B026000002~51,5/20/26,2026-01-01~2026-03-31,認可,認可,20.636 MWh,23.026 MWh
大同智能股份有限公司,台中市屋頂型太陽光電系統-德化國小(擴充),太陽能,2026,18.549,0,臺中市大甲區和平路290號,147.75 kW,大同智能股份有限公司,24SP0772-B026000005~37,4/1/26,2026-01-01~2026-02-28,認可,認可,18.549 MWh,0 MWh
大自然能源電業股份有限公司,NP111090C003力飛(新庄路1之4號),太陽能,2026,39.945,8.395,高雄市彌陀區新庄路1之4號,147.56 kW,大自然能源電業股份有限公司,25SP3538-B026000001~52,5/20/26,2026-01-01~2026-03-31,認可,認可,39.945 MWh,8.395 MWh
十萬伏特電力股份有限公司,東勢殯儀館,太陽能,2026,25.887,0,臺中市東勢區勢林街62之7號,147.44 kW,十萬伏特電力股份有限公司,25SP3841-B026000001~27,4/1/26,2026-01-01~2026-02-28,認可,認可,25.887 MWh,0 MWh
陽光伏特家電力股份有限公司,優笠發台中3廠,太陽能,2026,13.624,0,臺中市西屯區工業區五路15號,147.225 kW,陽光伏特家電力股份有限公司,24SP1713-B026000001~16,4/1/26,2026-01-01~2026-02-28,認可,認可,13.624 MWh,0 MWh
艾涅爾電力股份有限公司,昱順機械-大甲昱順PV0424,太陽能,2026,25.392,0,臺中市大甲區東西六路1段45號,147.19 kW,艾涅爾電力股份有限公司,25SP0655-B026000001~27,4/8/26,2026-01-01~2026-02-28,認可,認可,25.392 MWh,0 MWh
東鋼風力發電股份有限公司,東鋼風力東苗太陽光電發電廠-行政大樓,太陽能,2026,35.251,0,苗栗縣西湖鄉二湖村坪頂22號,147.15 kW,東鋼風力發電股份有限公司,24SP0912-B026000001~37,5/20/26,2026-01-01~2026-03-31,認可,認可,35.251 MWh,0 MWh
寶島陽光電力事業股份有限公司,晟鑫能源有限公司(TW150511),太陽能,2026,35.172,4.556,臺南市新市區大社里大社924之3號,147.125 kW,寶島陽光電力事業股份有限公司,24SP2187-B026000001~45,5/20/26,2026-01-01~2026-03-31,認可,認可,35.172 MWh,4.556 MWh
艾涅爾電力股份有限公司,豪司登-凱渥,太陽能,2026,22.875,0,臺南市東區裕農路867、867之1~3、867之5~13、867之15~17、869、869之1~3、869之5~9號、裕永一街66號,147.125 kW,艾涅爾電力股份有限公司,24SP1669-B026000001~25,4/8/26,2026-01-01~2026-02-28,認可,認可,22.875 MWh,0 MWh
開陽電力股份有限公司,開陽能源股份有限公司-南投竹山消防署訓練中心(T11操作監控塔),太陽能,2026,24.094,0,南投縣竹山鎮大公街100號,146.94 kW,開陽電力股份有限公司,25SP0933-B026000001~25,4/1/26,2026-01-01~2026-02-28,認可,認可,24.094 MWh,0 MWh
梧濟工業股份有限公司,梧濟工業股份有限公司二期,太陽能,2026,23,15.05,臺中市南屯區工業區二十路4號,146.78 kW,梧濟工業股份有限公司,25SP1064-B026000001~40,5/20/26,2026-01-01~2026-03-31,認可,認可,23 MWh,15.05 MWh
大自然能源電業股份有限公司,NP121042C002(頓物段18-6地號),太陽能,2026,47.227,0,屏東縣竹田鄉頓物段18-6地號,146.575 kW,大自然能源電業股份有限公司,24SP1642-B026000001~51,5/20/26,2026-01-01~2026-03-31,認可,認可,47.227 MWh,0 MWh
阿波羅電力股份有限公司,達興林連福,太陽能,2026,16,12.655,澎湖縣湖西鄉紅羅段0252-0000地號,146.54 kW,阿波羅電力股份有限公司,25SP3242-B026000001~30,5/20/26,2026-01-01~2026-03-31,認可,認可,16 MWh,12.655 MWh
開陽電力股份有限公司,玖基企業股份有限公司-新盛國小游泳池、廚房,太陽能,2026,20.708,0,臺中市東勢區新盛里新盛街342號,146.4 kW,開陽電力股份有限公司,25SP2199-B026000001~22,4/1/26,2026-01-01~2026-02-28,認可,認可,20.708 MWh,0 MWh
續興股份有限公司,木再生(古道),太陽能,2026,45.755,0,,,,,,,,,,
大自然能源電業股份有限公司,NP191025C002光耀(黃耀德二期),太陽能,2026,16.305,12.622,,,,,,,,,,
瓦特先生股份有限公司,高雄家樂實業TW190996,太陽能,2026,48.247,0,高雄市彌陀區文安路1巷1之1號(塩港段230地號),146.2 kW,瓦特先生股份有限公司,22SP0164-B026000001~49,5/20/26,2026-01-01~2026-03-31,認可,認可,48.247 MWh,0 MWh
台灣百和工業股份有限公司,台灣百和工業Q棟 145.92KW,太陽能,2026,0,10.082,彰化縣和美鎮西平路5號,145.92 kW,台灣百和工業股份有限公司,24SP0103-B026000001~12,5/20/26,2026-01-01~2026-03-31,認可,認可,0 MWh,10.082 MWh
天能綠電股份有限公司,凱銳-桃園市友成屋頂型太陽光電案場,太陽能,2026,0,13.517,桃園市楊梅區高鐵南路10段599巷118號,145.875 kW,天能綠電股份有限公司,24SP0794-B026000001~14,5/20/26,2026-03-01~2026-03-31,認可,認可,0 MWh,13.517 MWh
艾涅爾電力股份有限公司,伊展-姚集PV0392,太陽能,2026,28.226,0,彰化縣和美鎮北川路建148號,145.8 kW,艾涅爾電力股份有限公司,25SP0994-B026000001~29,4/8/26,2026-01-01~2026-02-28,認可,認可,28.226 MWh,0 MWh
昶瑞機電股份有限公司,昶瑞機電股份有限公司-A,太陽能,2026,0,12.03,臺中市龍井區台西南路272號,145.8 kW,昶瑞機電股份有限公司,23SP0013-B026000001~14,4/29/26,2026-01-01~2026-02-28,認可,認可,0 MWh,12.03 MWh
開陽電力股份有限公司,玖基企業股份有限公司-台電台北南區營業處辦公大樓,太陽能,2026,17.71,0,新北市板橋區新北市板橋區四川路一段287號,145.6 kW,開陽電力股份有限公司,25SP1451-B026000001~19,4/1/26,2026-01-01~2026-02-28,認可,認可,17.71 MWh,0 MWh
艾涅爾電力股份有限公司,普曌-隆泰,太陽能,2026,26.501,0,彰化縣線西鄉中興段1234-0000地號,145.55 kW,艾涅爾電力股份有限公司,24SP1869-B026000001~27,4/8/26,2026-01-01~2026-02-28,認可,認可,26.501 MWh,0 MWh
阿波羅電力股份有限公司,辰信陳明讚三期,太陽能,2026,42.305,0,彰化縣芳苑鄉芳新路新街段361巷203號,145.5 kW,阿波羅電力股份有限公司,24SP2315-B026000001~44,5/20/26,2026-01-01~2026-03-31,認可,認可,42.305 MWh,0 MWh
富威電力股份有限公司,惠來光電-林內陳榮俊太陽光電發電廠,太陽能,2026,29.824,7.676,雲林縣林內鄉烏塗村瑞和35號,145.5 kW,富威電力股份有限公司,25SP0152-B026000081~326,5/20/26,2026-01-01~2026-03-31,認可,認可,29.824 MWh,7.676 MWh
瓦力電能股份有限公司,雲林縣斗六市145.2瓩(T8096),太陽能,2026,23.382,14.755,雲林縣斗六市科工十二路1號,145.2 kW,瓦力電能股份有限公司,25SP1159-B026000001~39,5/20/26,2026-01-01~2026-03-31,認可,認可,23.382 MWh,14.755 MWh
艾涅爾電力股份有限公司,宥錩-苗栗三灣地面型PV0223,太陽能,2026,20.656,0,苗栗縣三灣鄉灣銅段212地號,144.9 kW,艾涅爾電力股份有限公司,25SP1322-B026000001~22,4/8/26,2026-01-01~2026-02-28,認可,認可,20.656 MWh,0 MWh
艾涅爾電力股份有限公司,宥錩-苗栗三灣地面型PV0222,太陽能,2026,21.683,0,苗栗縣三灣鄉灣銅段212-1地號,144.9 kW,艾涅爾電力股份有限公司,25SP1321-B026000001~25,4/8/26,2026-01-01~2026-02-28,認可,認可,21.683 MWh,0 MWh
大自然能源電業股份有限公司,NP191019C005(向南-吳偉誠),太陽能,2026,13.872,0,雲林縣水林鄉蘇秦路28之1號,144.77 kW,大自然能源電業股份有限公司,24SP1808-B026000001~14,3/4/26,2026-01-01~2026-01-31,認可,認可,13.872 MWh,0 MWh
台灣神隆股份有現公司,台灣神隆股份有限公司,太陽能,2026,0,44.058,臺南市善化區南科八路一號,144.54 kW,台灣神隆股份有現公司,22SP0036-B026000001~46,5/20/26,2026-01-01~2026-03-31,認可,認可,0 MWh,44.058 MWh
晶元光電股份有限公司,晶元光電南科3廠,太陽能,2026,0,36.466,臺南市善化區南科八路11號,144.515 kW,晶元光電股份有限公司,25SP0461-B026000001~38,5/20/26,2026-01-01~2026-03-31,認可,認可,0 MWh,36.466 MWh
寶富電力股份有限公司,智捷能源股份有限公司-觀玉段84地號,太陽能,2026,13.037,0,桃園市觀音區觀玉段84地號,144.02 kW,寶富電力股份有限公司,25SP0874-B026000017~36,5/20/26,2026-02-01~2026-03-31,認可,認可,13.037 MWh,0 MWh
富威電力股份有限公司,惠來光電-台西太陽光電發電廠,太陽能,2026,31.986,8.39,雲林縣臺西鄉富琦村三和19-30號,144 kW,富威電力股份有限公司,25SP0300-B026000081~328,5/20/26,2026-01-01~2026-03-31,認可,認可,31.986 MWh,8.39 MWh
天能綠電股份有限公司,凱銳-台南愛生製藥屋頂型太陽光電案場,太陽能,2026,0,18.281,臺南市永康區經華路2之1號,143.99 kW,天能綠電股份有限公司,24SP0823-B026000001~19,5/20/26,2026-03-01~2026-03-31,認可,認可,0 MWh,18.281 MWh
艾涅爾電力股份有限公司,太佑-中懋1廠,太陽能,2026,25.411,0,臺南市永康區經華路6號,143.93 kW,艾涅爾電力股份有限公司,25SP0015-B026000001~28,4/8/26,2026-01-01~2026-02-28,認可,認可,25.411 MWh,0 MWh
阿波羅電力股份有限公司,環球大宇宙旗山區旗山市場,太陽能,2026,44.544,0,高雄市旗山區平和街12號,143.88 kW,阿波羅電力股份有限公司,24SP2513-B026000001~46,5/20/26,2026-01-01~2026-03-31,認可,認可,44.544 MWh,0 MWh
怡和綠電超商股份有限公司,欣雄-高雄市公有學校第七標案 -前鎮高中,太陽能,2026,13.843,0,高雄市前鎮區鎮中路132號(前鎮高中),143.5 kW,怡和綠電超商股份有限公司,25SP2444-B026000015~28,4/1/26,2026-02-01~2026-02-28,認可,認可,13.843 MWh,0 MWh
興旺能源股份有限公司,A 晶成 螺距研磨0002,太陽能,2026,42.457,0,臺中市豐原區三豐路2段396巷22弄175號,143.5 kW,興旺能源股份有限公司,25SP1760-B026000001~44,5/20/26,2026-01-01~2026-03-31,認可,認可,42.457 MWh,0 MWh
晨星電力股份有限公司,(亞沃)妙春,太陽能,2026,42.226,0,臺中市南屯區工業區24路4號,143.045 kW,晨星電力股份有限公司,25SP2716-B026000001~44,5/20/26,2026-01-01~2026-03-31,認可,認可,42.226 MWh,0 MWh
天能綠電股份有限公司,豐光12--屏東楊朝年屋頂型光電案場,太陽能,2026,41.358,2.136,屏東縣萬丹鄉田厝村1鄰寶田路215巷56號,142.88 kW,天能綠電股份有限公司,25SP0001-B026000001~52,5/20/26,2026-01-01~2026-03-31,認可,認可,41.358 MWh,2.136 MWh
艾涅爾電力股份有限公司,育渲-苗栗縣苗栗市聯大段2107地號,太陽能,2026,23.274,0,苗栗縣苗栗市聯大段2107地號,142.82 kW,艾涅爾電力股份有限公司,24SP1216-B026000008~32,4/8/26,2026-01-01~2026-02-28,認可,認可,23.274 MWh,0 MWh
怡和綠電超商股份有限公司,賽斯-張景雲-柳營畜舍2期,太陽能,2026,36.316,0,臺南市柳營區麻埔50號,142.8 kW,怡和綠電超商股份有限公司,25SO0002-B026000001~39,5/20/26,2026-01-01~2026-03-31,認可,認可,36.316 MWh,0 MWh
艾涅爾電力股份有限公司,萬林-線東PV0683,太陽能,2026,25.24,0,彰化縣彰化市線東段0042-0000地號,142.68 kW,艾涅爾電力股份有限公司,24SP0647-B026000001~28,5/20/26,2026-01-01~2026-02-28,認可,認可,25.24 MWh,0 MWh
大同智能股份有限公司,台中市屋頂型太陽光電系統-大仁國小,太陽能,2026,35.774,0,臺中市西屯區重慶路200號,142.56 kW,大同智能股份有限公司,24SP0306-B026000003~56,5/20/26,2026-01-01~2026-03-31,認可,認可,35.774 MWh,0 MWh
怡和綠電超商股份有限公司,怡和國際能源-體育園區市立體育之心停車場,太陽能,2026,29.803,2.554,臺南市南區公英段1137-0000、137-0001、137-0002、137-0003地號,142.56 kW,怡和綠電超商股份有限公司,25SP4018-B026000002~37,5/20/26,2026-01-01~2026-03-31,認可,認可,29.803 MWh,2.554 MWh
宇軒電業股份有限公司,海埤段296地號,太陽能,2026,0,39.302,臺南市麻豆區海埤段296地號,142.2 kW,宇軒電業股份有限公司,25SP3779-B026000001~41,5/20/26,2026-01-01~2026-03-31,認可,認可,0 MWh,39.302 MWh
開陽電力股份有限公司,玖基企業股份有限公司-台電台北北區營業處配電大樓,太陽能,2026,17.371,0,臺北市北投區台北市北投區立德路1號,142.1 kW,開陽電力股份有限公司,25SP1447-B026000001~19,4/1/26,2026-01-01~2026-02-28,認可,認可,17.371 MWh,0 MWh
怡和綠電超商股份有限公司,弦華科技-高雄市岡山區本工六路23號-1+2期,太陽能,2026,23.077,12.156,高雄市岡山區本工六路23號,142.08 kW,怡和綠電超商股份有限公司,25SP2456-B026000001~41,5/20/26,2026-01-01~2026-03-31,認可,認可,23.077 MWh,12.156 MWh
續興股份有限公司,竹山製糖,太陽能,2026,27.392,0,南投縣竹山鎮集山路3段1673之9、1673之10號,141.98 kW,續興股份有限公司,24SP0459-B026000001~29,5/20/26,2026-01-01~2026-03-31,認可,認可,27.392 MWh,0 MWh
國立臺北大學(三峽校區),國立臺北大學-宿舍哨,太陽能,2026,0,23.952,新北市三峽區大學路151號,141.96 kW,國立臺北大學(三峽校區),25SP0563-B026000001~24,3/4/26,2025-11-01~2026-01-31,認可,認可,0 MWh,23.952 MWh
陽光伏特家電力股份有限公司,磐石高雄1廠,太陽能,2026,36.262,0,高雄市林園區王公廟段1703-0000、1703-0001地號,141.96 kW,陽光伏特家電力股份有限公司,24SP1097-B026000001~97,5/20/26,2026-01-01~2026-03-31,認可,認可,36.262 MWh,0 MWh
阿波羅電力股份有限公司,環球大宇宙路竹區路竹市場,太陽能,2026,43.619,0,高雄市路竹區民強街1號,141.9 kW,阿波羅電力股份有限公司,24SP1091-B026000001~46,5/20/26,2026-01-01~2026-03-31,認可,認可,43.619 MWh,0 MWh
富威電力股份有限公司,日盛全-德鴻牧場太陽光電發電廠,太陽能,2026,24.175,5.507,臺南市柳營區八老爺93之20號,141.9 kW,富威電力股份有限公司,25SP1143-B026000001~53,5/20/26,2026-01-01~2026-03-31,認可,認可,24.175 MWh,5.507 MWh
台灣晶技股份有限公司,平鎮廠一期,太陽能,2026,0,27.597,桃園市平鎮區工業六路4號,141.75 kW,台灣晶技股份有限公司,23SP0078-B026000001~28,5/20/26,2026-01-01~2026-03-31,認可,認可,0 MWh,27.597 MWh
續興股份有限公司,宜家(圓屋頂),太陽能,2026,45.33,0,彰化縣福興鄉秀安二街162巷127號,141.75 kW,續興股份有限公司,25SP1651-B026000001~48,5/20/26,2026-01-01~2026-03-31,認可,認可,45.33 MWh,0 MWh
理全企業股份有限公司,理全企業股份有限公司屋頂型太陽光電系統(12號),太陽能,2026,0,24.77,臺中市南屯區工業區三十二路12號,141.68 kW,理全企業股份有限公司,25SP3291-B026000001~26,5/20/26,2025-12-15~2026-03-31,認可,認可,0 MWh,24.77 MWh
麥箖企業股份有限公司,麥箖企業股份有限公司,太陽能,2026,0,30.44,彰化縣鹿港鎮環工二路16號,141.51 kW,麥箖企業股份有限公司,23SP0135-B026000001~31,4/1/26,2026-01-01~2026-02-28,認可,認可,0 MWh,30.44 MWh
台灣中油股份有限公司,綠能所嘉義生科組大樓,太陽能,2026,0,43.612,嘉義市西區博愛路二段521號,141.36 kW,台灣中油股份有限公司,24SP0284-B026000001~45,5/20/26,2026-01-01~2026-03-31,認可,認可,0 MWh,43.612 MWh
天能綠電股份有限公司,聯合再生23-平興國小桃園市平鎮區屋頂型太陽能光電場,太陽能,2026,31.975,0,桃園市平鎮區廣泰路168號,141.24 kW,天能綠電股份有限公司,25SP1486-B026000002~41,5/20/26,2026-01-01~2026-03-31,認可,認可,31.975 MWh,0 MWh
續興股份有限公司,旭信電力科達特登廠,太陽能,2026,28.387,0,彰化縣埔鹽鄉好金路三巷58-12號,140.98 kW,續興股份有限公司,24SP0875-B026000001~29,4/1/26,2026-01-01~2026-02-28,認可,認可,28.387 MWh,0 MWh
阿波羅電力股份有限公司,禾盈台純電動車,太陽能,2026,0,40.086,高雄市楠梓區加工出口區經三路21號,140.94 kW,阿波羅電力股份有限公司,25SP4262-B026000001~42,5/20/26,2026-01-01~2026-03-31,認可,認可,0 MWh,40.086 MWh
阿波羅電力股份有限公司,睿陽台中大里廣隆廠房一二期案,太陽能,2026,38.213,0,臺中市大里區大峰路138號、138之1號、140號、140之1號,140.91 kW,阿波羅電力股份有限公司,25SP0249-B026000001~46,5/20/26,2026-01-01~2026-03-31,認可,認可,38.213 MWh,0 MWh
怡和綠電超商股份有限公司,御瑟能源-台南南區連合,太陽能,2026,41.201,0,臺南市南區新孝路216號,140.91 kW,怡和綠電超商股份有限公司,25SP3919-B026000002~46,5/20/26,2026-01-01~2026-03-31,認可,認可,41.201 MWh,0 MWh
開陽電力股份有限公司,玖基企業股份有限公司-中興大學動物科學系館,太陽能,2026,27.107,0,臺中市南區國光路250號,140.7 kW,開陽電力股份有限公司,25SP1896-B026000001~28,4/1/26,2026-01-01~2026-02-28,認可,認可,27.107 MWh,0 MWh
艾鉅有限公司,艾鉅-碼頭頂樓太陽光電案廠,太陽能,2026,0,42.466,南投縣草屯鎮富頂路一段442號,140.625 kW,艾鉅有限公司,24SP0391-B026000001~44,5/20/26,2026-01-01~2026-03-31,認可,認可,0 MWh,42.466 MWh
續興股份有限公司,駿有精機,太陽能,2026,44.253,0,彰化縣鹿港鎮鹿草路5段286巷26弄59號,140.6 kW,續興股份有限公司,25SP3013-B026000001~46,5/20/26,2026-01-01~2026-03-31,認可,認可,44.253 MWh,0 MWh
天能綠電股份有限公司,凱銳-彰化縣伸福益屋頂型太陽光電案場,太陽能,2026,0,17.9,,,,,,,,,,
,,,,,,臺中市西屯區工業區三十二路16號,140.3 kW,理全企業股份有限公司,25SP3292-B026000001~32,5/20/26,2025-12-15~2026-03-31,認可,認可,0 MWh,31.06 MWh
兆豐國際商業銀行股份有限公司,兆豐銀行衡陽大樓太陽光電發電系統建置工程,太陽能,2026,0,31.623,,,,,,,,,,
續興股份有限公司,雲林水林紀雅文雞舍1期,太陽能,2026,42.521,0,雲林縣水林鄉後埔13之28號,140.12 kW,續興股份有限公司,24SP1378-B026000001~44,5/20/26,2026-01-01~2026-03-31,認可,認可,42.521 MWh,0 MWh
恆利電能股份有限公司,W-花蓮1 (139.84kw),太陽能,2026,27.067,0,花蓮縣花蓮市永安街77號,139.84 kW,恆利電能股份有限公司,25SP3280-B026000001~36,5/20/26,2026-01-01~2026-03-31,認可,認可,27.067 MWh,0 MWh
財團法人工業技術研究院,工業技術研究院中興院區79館太陽光電,太陽能,2026,0,29.537,新竹縣竹東鎮中興路四段195號,139.725 kW,財團法人工業技術研究院,24SP0365-B026000001~31,5/20/26,2026-01-01~2026-03-31,認可,認可,0 MWh,29.537 MWh
艾涅爾電力股份有限公司,鎧銚-榮泰鑫PV0985,太陽能,2026,20.866,0,彰化縣鹿港鎮環工二路22號,139.69 kW,艾涅爾電力股份有限公司,24SP0265-B026000001~22,5/20/26,2026-01-01~2026-02-28,認可,認可,20.866 MWh,0 MWh
晨星電力股份有限公司,(卓越)林豐生,太陽能,2026,43.991,0,臺南市下營區公園路169號,139.59 kW,晨星電力股份有限公司,25SP1072-B026000001~45,5/20/26,2026-01-01~2026-03-31,認可,認可,43.991 MWh,0 MWh
東鋼風力發電股份有限公司,東鋼風力東糖太陽光電發電廠,太陽能,2026,42.167,0,屏東縣佳冬鄉建國路38-1,139.52 kW,東鋼風力發電股份有限公司,24SP0364-B026000001~45,5/20/26,2026-01-01~2026-03-31,認可,認可,42.167 MWh,0 MWh
星星電力股份有限公司,雄利 - 新興段480地號,太陽能,2026,38.125,0,屏東縣屏東市新興段0480-0000地號,139.5 kW,星星電力股份有限公司,25SP2785-B026000001~40,5/20/26,2026-01-01~2026-03-31,認可,認可,38.125 MWh,0 MWh
聯發科技,聯發科技股份有限公司D棟,太陽能,2026,0,34.149,新竹市東區力行三路11號,139.4 kW,聯發科技,25SP0734-B026000001~36,5/20/26,2026-01-01~2026-03-31,認可,認可,0 MWh,34.149 MWh
艾涅爾電力股份有限公司,晴揚能源-介達,太陽能,2026,17.419,0,彰化縣鹿港鎮環工十二路6號,139.32 kW,艾涅爾電力股份有限公司,25SP0533-B026000001~18,4/8/26,2026-01-01~2026-02-28,認可,認可,17.419 MWh,0 MWh
怡和綠電超商股份有限公司,達莉煬綠能-連洲興業,太陽能,2026,19.85,9.198,桃園市觀音區中山區1段1171巷16弄21號、21之1號,138.975 kW,怡和綠電超商股份有限公司,25SP2900-B026000002~33,5/20/26,2026-01-01~2026-03-31,認可,認可,19.85 MWh,9.198 MWh
怡和綠電超商股份有限公司,和田能源-奇鈦科技停車棚,太陽能,2026,35.115,0,彰化縣線西鄉線興段0014-0000地號,138.7 kW,怡和綠電超商股份有限公司,25SP3563-B026000002~39,5/20/26,2026-01-01~2026-03-31,認可,認可,35.115 MWh,0 MWh
阿波羅電力股份有限公司,禾盈林泰,太陽能,2026,0,34.743,高雄市湖內區大湖段2475-0000地號,138.38 kW,阿波羅電力股份有限公司,25SP4257-B026000001~36,5/20/26,2026-01-01~2026-03-31,認可,認可,0 MWh,34.743 MWh
桃園市政府,桃園沙崙案-設備操作室、桃園沙崙案-污水處理廠,太陽能,2026,0,29.262,桃園市大園區沙崙里7鄰沙園五路38號,138.25 kW,桃園市政府,23SP0039-B026000001~32,5/20/26,2026-01-01~2026-03-31,認可,認可,0 MWh,29.262 MWh
富威電力股份有限公司,健能-二崙荷包嶼太陽光電發電廠,太陽能,2026,28.813,6.466,雲林縣二崙鄉荷苞嶼段0146-0001、0147-0000、0148-0000、0149-0000地號,138.24 kW,富威電力股份有限公司,25SP0986-B026000001~58,5/20/26,2026-01-01~2026-03-31,認可,認可,28.813 MWh,6.466 MWh
鴻晶新科技股份有限公司,乙峰貿易有限公司,太陽能,2026,3.79,7.229,高雄市橋頭區中崎路400號,138.06 kW,鴻晶新科技股份有限公司,26SP0103-B026000001~13,5/20/26,2026-01-01~2026-01-31,認可,認可,3.79 MWh,7.229 MWh
達興材料股份有限公司,達興材料中港廠區廠房B棟屋頂137.78kWp 太陽光電發電系統,太陽能,2026,0,41.644,臺中市梧棲區建八路2號,137.78 kW,達興材料股份有限公司,24SP1176-B026000001~43,5/20/26,2026-01-01~2026-03-31,認可,認可,0 MWh,41.644 MWh
艾涅爾電力股份有限公司,碩燿-僑光鐵工廠股份有限公司,太陽能,2026,24.697,0,臺中市南屯區精科七路2號,137.625 kW,艾涅爾電力股份有限公司,24SP2339-B026000001~26,4/8/26,2026-01-01~2026-02-28,認可,認可,24.697 MWh,0 MWh
晨星電力股份有限公司,(沅碁)前金國小四期,太陽能,2026,43.167,0,高雄市前金區大同二路61號,137.56 kW,晨星電力股份有限公司,25SP2592-B026000001~45,5/20/26,2026-01-01~2026-03-31,認可,認可,43.167 MWh,0 MWh
阿波羅電力股份有限公司,昱發高揚電機有限公司,太陽能,2026,0,44.726,高雄市大寮區上寮路146之70號,137.35 kW,阿波羅電力股份有限公司,25SP4259-B026000001~46,5/20/26,2026-01-01~2026-03-31,認可,認可,0 MWh,44.726 MWh
台灣中油股份有限公司,中油探採研究所,太陽能,2026,0,30.191,苗栗縣苗栗市文聖里18鄰文發路達園1號,137.31 kW,台灣中油股份有限公司,23SP0279-B026000001~31,5/20/26,2026-01-01~2026-03-31,認可,認可,0 MWh,30.191 MWh
天能綠電股份有限公司,林淑毅地面型太陽光電案場,太陽能,2026,49.586,0,雲林縣臺西鄉旭安段846地號,137.28 kW,天能綠電股份有限公司,22SP0138-B026000001~51,5/20/26,2026-01-01~2026-03-31,認可,認可,49.586 MWh,0 MWh
富威電力股份有限公司,春昇-大霞段1769太陽光電發電廠,太陽能,2026,30.01,7.913,彰化縣和美鎮大霞段1769地號,137.27 kW,富威電力股份有限公司,25SP3120-B026000081~327,5/20/26,2026-01-01~2026-03-31,認可,認可,30.01 MWh,7.913 MWh
陽光伏特家電力股份有限公司,賽斯高雄3廠,太陽能,2026,18.697,0,高雄市小港區漢民路352號,137.25 kW,陽光伏特家電力股份有限公司,24SP2206-B026000016~291,4/1/26,2026-01-01~2026-02-28,認可,認可,18.697 MWh,0 MWh
天能綠電股份有限公司,美麗島-正和味屋頂型太陽光電案場,太陽能,2026,40.199,0,高雄市彌陀區中正南路28號,137.25 kW,天能綠電股份有限公司,24SP1624-B026000001~44,5/20/26,2026-01-01~2026-03-31,認可,認可,40.199 MWh,0 MWh
續興股份有限公司,西港納骨塔,太陽能,2026,44.059,0,臺南市西港區劉厝段1902-0000地號,137.02 kW,續興股份有限公司,24SP1512-B026000001~46,5/20/26,2026-01-01~2026-03-31,認可,認可,44.059 MWh,0 MWh
續興股份有限公司,潮州TOYOTA,太陽能,2026,0,38.174,屏東縣潮州鎮介壽路164號,136.675 kW,續興股份有限公司,25SP2568-B026000001~40,5/20/26,2026-01-01~2026-03-31,認可,認可,0 MWh,38.174 MWh
怡和綠電超商股份有限公司,大武山-大武山新埤(菇包房),太陽能,2026,38.414,0,屏東縣新埤鄉平山路68之6號,136.62 kW,怡和綠電超商股份有限公司,25SP1515-B026000001~39,5/20/26,2026-01-01~2026-03-31,認可,認可,38.414 MWh,0 MWh
大自然能源電業股份有限公司,NP121047C002(神農段-0405-0001地號),太陽能,2026,26.928,16.897,屏東縣竹田鄉神農段0405-0001地號,136.5 kW,大自然能源電業股份有限公司,25SP0002-B026000001~45,5/20/26,2026-01-01~2026-03-31,認可,認可,26.928 MWh,16.897 MWh
十萬伏特電力股份有限公司,三夏精機二廠案,太陽能,2026,25.188,0,臺中市南屯區精科七路12號,136.5 kW,十萬伏特電力股份有限公司,25SP4047-B026000001~26,4/22/26,2026-01-01~2026-02-28,認可,認可,25.188 MWh,0 MWh
天能綠電股份有限公司,彰化和美鎮大霞段1787地號地面型光電案場,太陽能,2026,14.42,0,彰化縣和美鎮大霞段1787地號,136.485 kW,天能綠電股份有限公司,24SO0006-B026000015~29,4/1/26,2026-02-01~2026-02-28,認可,認可,14.42 MWh,0 MWh
天能綠電股份有限公司,光旭盈18--台南捷剛企業屋頂型光電案場,太陽能,2026,38.125,5.587,臺南市歸仁區保吉路73巷31號,136.42 kW,天能綠電股份有限公司,25SP0122-B026000001~51,5/20/26,2026-01-01~2026-03-31,認可,認可,38.125 MWh,5.587 MWh
大自然能源電業股份有限公司,NP201072C002吳清泉,太陽能,2026,21.733,16.895,臺南市白河區庄內里庄內1之28號(白河區長安段0379-0000地號),136.4 kW,大自然能源電業股份有限公司,25SP1262-B026000001~40,5/20/26,2026-01-01~2026-03-31,認可,認可,21.733 MWh,16.895 MWh
晨星電力股份有限公司,(大衛)富聯智(原彬騰),太陽能,2026,7.783,36.808,高雄市岡山區本工五路62號,136.4 kW,晨星電力股份有限公司,26SP0135-B026000001~54,5/20/26,2026-01-01~2026-03-31,認可,認可,7.783 MWh,36.808 MWh
阿波羅電力股份有限公司,達興李文乾,太陽能,2026,22.051,15.58,澎湖縣湖西鄉成功北段0840-0000地號,136.34 kW,阿波羅電力股份有限公司,25SP3928-B026000001~39,5/20/26,2026-01-01~2026-03-31,認可,認可,22.051 MWh,15.58 MWh
天能綠電股份有限公司,盛裕木器屋頂型太陽光電案場,太陽能,2026,33.364,0,彰化縣福興鄉新生路28之28號,136.32 kW,天能綠電股份有限公司,25SP3814-B026000001~36,5/20/26,2026-01-01~2026-03-31,認可,認可,33.364 MWh,0 MWh
星星電力股份有限公司,茂誠-宏捷科技(台南),太陽能,2026,42.021,0,臺南市新市區大利一路6號 /新科段0038地號,136.29 kW,星星電力股份有限公司,25SP2534-B026000001~44,5/20/26,2026-01-01~2026-03-31,認可,認可,42.021 MWh,0 MWh
大自然能源電業股份有限公司,NP181054C013瓦度(湧力),太陽能,2026,23.821,16.092,高雄市大寮區華西路35號,136 kW,大自然能源電業股份有限公司,25SP0121-B026000001~42,5/20/26,2026-01-01~2026-03-31,認可,認可,23.821 MWh,16.092 MWh
錸恩帕斯科技股份有限公司,錸恩帕斯科技股份有限公司,太陽能,2026,0,28.163,臺南市永康區永科環路50號,135.7 kW,錸恩帕斯科技股份有限公司,24SP0672-B026000001~30,5/20/26,2026-01-01~2026-03-31,認可,認可,0 MWh,28.163 MWh
怡和綠電超商股份有限公司,興發-大城變電所,太陽能,2026,38.094,0,彰化縣大城鄉南平路876號,135.42 kW,怡和綠電超商股份有限公司,25SP3577-B026000001~39,5/20/26,2026-01-01~2026-03-31,認可,認可,38.094 MWh,0 MWh
大自然能源電業股份有限公司,NP121041C001(忠義路7號),太陽能,2026,23.936,0,屏東縣竹田鄉忠義路7號,135.36 kW,大自然能源電業股份有限公司,24SP1356-B026000001~27,5/20/26,2026-01-01~2026-03-31,認可,認可,23.936 MWh,0 MWh
南方電力股份有限公司,旭瀅上崙太陽光電發電廠,太陽能,2026,40.557,0,嘉義縣溪口鄉妙崙村上崙5號之6,135.28 kW,南方電力股份有限公司,25SP2781-B026000001~41,5/20/26,2026-01-01~2026-03-31,認可,認可,40.557 MWh,0 MWh
晨星電力股份有限公司,(沅碁)福山國小四期,太陽能,2026,45.044,0,高雄市左營區重愛路99號,135.05 kW,晨星電力股份有限公司,25SP2605-B026000001~47,5/20/26,2026-01-01~2026-03-31,認可,認可,45.044 MWh,0 MWh
星星電力股份有限公司,茂嘉 - 五甲教養院,太陽能,2026,29.537,0,臺南市歸仁區凱旋路2段275號、277號,135.04 kW,星星電力股份有限公司,25SP3350-B026000002~38,5/20/26,2026-02-01~2026-03-31,認可,認可,29.537 MWh,0 MWh
天能綠電股份有限公司,御鑒科技-高雄大寮利民街屋頂型光電案場,太陽能,2026,35.332,0,高雄市大寮區利民街30號,135.04 kW,天能綠電股份有限公司,24SP0378-B026000001~40,5/20/26,2026-01-01~2026-03-31,認可,認可,35.332 MWh,0 MWh
三司達企業股份有限公司,三司達企業股份有限公司台中電廠,太陽能,2026,0,19.272,臺中市西屯區工業區三十七路39-1號,135.02 kW,三司達企業股份有限公司,25SP3489-B026000001~20,4/15/26,2025-12-15~2026-02-28,認可,認可,0 MWh,19.272 MWh
艾涅爾電力股份有限公司,百鴻-種鴨場PV0446,太陽能,2026,24.156,0,雲林縣口湖鄉埔北村沙崙7之19號,135 kW,艾涅爾電力股份有限公司,25SP0455-B026000001~26,4/8/26,2026-01-01~2026-02-28,認可,認可,24.156 MWh,0 MWh
阿波羅電力股份有限公司,環球大宇宙路竹區路竹停四路外停車場,太陽能,2026,39.321,0,高雄市路竹區保安段0016-0001地號,134.97 kW,阿波羅電力股份有限公司,24SP1137-B026000001~41,5/20/26,2026-01-01~2026-03-31,認可,認可,39.321 MWh,0 MWh
怡和綠電超商股份有限公司,嘉創-義竹地面型,太陽能,2026,14.522,28.727,嘉義縣義竹鄉牛稠底段新富小段0104-0000、0104-0001地號,134.85 kW,怡和綠電超商股份有限公司,25SP2899-B026000002~47,5/20/26,2026-01-01~2026-03-31,認可,認可,14.522 MWh,28.727 MWh
艾涅爾電力股份有限公司,日安-台中增大PV0346,太陽能,2026,24.13,0,臺中市大里區大里路481巷2弄60號,134.68 kW,艾涅爾電力股份有限公司,25SP0512-B026000001~25,4/8/26,2026-01-01~2026-02-28,認可,認可,24.13 MWh,0 MWh
艾涅爾電力股份有限公司,晴棠寬-新大路,太陽能,2026,21.422,0,高雄市前鎮區新大路3號,134.365 kW,艾涅爾電力股份有限公司,24SP2139-B026000001~23,4/8/26,2026-01-01~2026-02-28,認可,認可,21.422 MWh,0 MWh
禾丰電力股份有限公司,喬馨-雲林廠房,太陽能,2026,39.431,0,雲林縣西螺鎮福田里社口117之3號,134.3 kW,禾丰電力股份有限公司,24SP2090-B026000001~42,5/20/26,2026-01-01~2026-03-31,認可,認可,39.431 MWh,0 MWh
世唯企業有限公司,世唯公司斗六案場,太陽能,2026,0,19.048,雲林縣斗六市斗工十六路43號,134.1 kW,世唯企業有限公司,25SP0531-B026000001~20,5/20/26,2026-01-01~2026-03-31,認可,認可,0 MWh,19.048 MWh
富威電力股份有限公司,昰天璽-雲林雞舍太陽光電發電廠,太陽能,2026,22.944,0,雲林縣二崙鄉永定村田頭95號,134.1 kW,富威電力股份有限公司,25SP0526-B026000023~56,4/1/26,2026-01-01~2026-02-28,認可,認可,22.944 MWh,0 MWh
禾丰電力股份有限公司,台南蘭都觀光工廠,太陽能,2026,14.32,0,臺南市六甲區台南市六甲區和平街185之7、185之8號,133.92 kW,禾丰電力股份有限公司,24SP1595-B026000006~26,5/20/26,2026-01-01~2026-03-31,認可,認可,14.32 MWh,0 MWh
禾丰電力股份有限公司,豐樂-彰化牛棚2,太陽能,2026,20.812,0,彰化縣福興鄉新生路73之38號,133.8 kW,禾丰電力股份有限公司,24SP2407-B026000001~22,5/20/26,2026-01-01~2026-03-31,認可,認可,20.812 MWh,0 MWh
國立臺北大學(三峽校區),國立臺北大學-汙水哨,太陽能,2026,0,15.531,新北市三峽區新北市三峽區大學路151號,133.77 kW,國立臺北大學(三峽校區),25SP0508-B026000001~16,3/4/26,2025-11-01~2026-01-31,認可,認可,0 MWh,15.531 MWh
友達光電股份有限公司,友達光電股份有限公司后里廠,太陽能,2026,0,9.366,臺中市后里區廣福村9鄰馬場路300號,133.76 kW,友達光電股份有限公司,17SP0012-B026000001~12,5/20/26,2026-01-01~2026-03-31,認可,認可,0 MWh,9.366 MWh
欣銓科技股份有限公司,欣銓科技股份有限公司開源廠,太陽能,2026,0,35.23,新竹縣湖口鄉文化路24號,133.5 kW,欣銓科技股份有限公司,24SP1993-B026000001~37,5/20/26,2026-01-01~2026-03-31,認可,認可,0 MWh,35.23 MWh
陽光伏特家電力股份有限公司,瑞光彰化1廠,太陽能,2026,43.655,0,彰化縣秀水鄉民意街364巷75號,133.2 kW,陽光伏特家電力股份有限公司,24SP2310-B026000001~45,5/20/26,2026-01-01~2026-03-31,認可,認可,43.655 MWh,0 MWh
中強光電股份有限公司南科二廠,中強光電股份有限公司南科二廠,太陽能,2026,0,12.912,臺南市新市區環西路一段6號,132.44 kW,中強光電股份有限公司南科二廠,23SP0158-B026000001~13,4/1/26,2026-01-01~2026-01-31,認可,認可,0 MWh,12.912 MWh
富威電力股份有限公司,聚眾-霧峰紀又銘太陽光電發電廠,太陽能,2026,14.093,0,臺中市霧峰區萬斗六段0002-0031、0002-0032、0002-0033、0002-0034、0002-0035地號,132.3 kW,富威電力股份有限公司,25SP1730-B026000011~41,4/1/26,2026-01-01~2026-02-28,認可,認可,14.093 MWh,0 MWh
晨星電力股份有限公司,(創源)民雄農會乾燥中心,太陽能,2026,40.145,0,嘉義縣民雄鄉山中村19鄰牛斗山209之60號,132.26 kW,晨星電力股份有限公司,25SP2214-B026000001~42,5/20/26,2026-01-01~2026-03-31,認可,認可,40.145 MWh,0 MWh
艾涅爾電力股份有限公司,旭力-賴財乾PV0152,太陽能,2026,24.615,0,臺南市官田區拔子里拔子林45之22號,132.16 kW,艾涅爾電力股份有限公司,24SP1857-B026000001~25,4/8/26,2026-01-01~2026-02-28,認可,認可,24.615 MWh,0 MWh
怡和綠電超商股份有限公司,晁能-下營農會,太陽能,2026,40.921,0,臺南市下營區工業街2巷17號,132 kW,怡和綠電超商股份有限公司,25SP1340-B026000001~42,5/20/26,2026-01-01~2026-03-31,認可,認可,40.921 MWh,0 MWh
艾涅爾電力股份有限公司,國晉-大埤二期,太陽能,2026,23.036,0,雲林縣大埤鄉西鎮81之15號,131.92 kW,艾涅爾電力股份有限公司,24SP0708-B026000001~24,4/8/26,2026-01-01~2026-02-28,認可,認可,23.036 MWh,0 MWh
寶島陽光電力事業股份有限公司,玉衡能源股份有限公司(FS2303005),太陽能,2026,44.888,0,屏東縣車城鄉中山路66號,131.67 kW,寶島陽光電力事業股份有限公司,25SP2694-B026000001~46,5/20/26,2026-01-01~2026-03-31,認可,認可,44.888 MWh,0 MWh
續興股份有限公司,聯米埤頭興工路,太陽能,2026,37.147,0,彰化縣埤頭鄉興工路61號,131.67 kW,續興股份有限公司,25SP2818-B026000001~38,5/20/26,2026-01-01~2026-03-31,認可,認可,37.147 MWh,0 MWh
大自然能源電業股份有限公司,NP121041C005(頓物段10-4地號),太陽能,2026,42.8,0,屏東縣竹田鄉頓物段10-4地號,131.625 kW,大自然能源電業股份有限公司,24SP1533-B026000001~45,5/20/26,2026-01-01~2026-03-31,認可,認可,42.8 MWh,0 MWh
怡和綠電超商股份有限公司,欣雄-高雄市公有學校第七標案 -信義國小,太陽能,2026,11.644,0,高雄市新興區中正三路32號 (高雄市新興區信義國民小學),131.6 kW,怡和綠電超商股份有限公司,25SP2421-B026000013~24,4/1/26,2026-02-01~2026-02-28,認可,認可,11.644 MWh,0 MWh
天能綠電股份有限公司,震豐_南投新赤水地面型,太陽能,2026,42.076,0,南投縣名間鄉新赤水段0907-0000地號,131.25 kW,天能綠電股份有限公司,25SP3498-B026000001~46,5/20/26,2026-01-01~2026-03-31,認可,認可,42.076 MWh,0 MWh
艾涅爾電力股份有限公司,劉邦儀PV0186,太陽能,2026,23.919,0,雲林縣四湖鄉廣溝段0181-0000地號,131.2 kW,艾涅爾電力股份有限公司,23SP0402-B026000001~490,4/8/26,2026-01-01~2026-02-28,認可,認可,23.919 MWh,0 MWh
怡和綠電超商股份有限公司,嘉創-成果科技,太陽能,2026,40.705,0,嘉義縣太保市南埤路48號,130.68 kW,怡和綠電超商股份有限公司,25SP3729-B026000002~44,5/20/26,2026-01-01~2026-03-31,認可,認可,40.705 MWh,0 MWh
怡和綠電超商股份有限公司,鑫元陽-翰億實業,太陽能,2026,13.749,0,臺南市安定區海寮里海寮5之45號,130.5 kW,怡和綠電超商股份有限公司,25SP0950-B026000014~27,4/1/26,2026-02-01~2026-02-28,認可,認可,13.749 MWh,0 MWh
龍盛精密股份有限公司,太陽光電發電設備,太陽能,2026,0,42.536,高雄市前鎮區新強路32號,130.24 kW,龍盛精密股份有限公司,25SP3889-B026000001~43,5/20/26,2025-11-20~2026-03-31,認可,認可,0 MWh,42.536 MWh
開陽電力股份有限公司,玖基企業股份有限公司-中興大學看台,太陽能,2026,22.95,0,臺中市南區國光路250號,130.2 kW,開陽電力股份有限公司,25SP1610-B026000001~24,4/1/26,2026-01-01~2026-02-28,認可,認可,22.95 MWh,0 MWh
中華電信股份有限公司網路技術分公司行動中區營運處,梅亭街536號屋頂,太陽能,2026,0,43.006,臺中市北區梅亭街536號,130.18 kW,中華電信股份有限公司網路技術分公司行動中區營運處,25SP0680-B026000001~44,5/20/26,2026-01-01~2026-03-31,認可,認可,0 MWh,43.006 MWh
天能綠電股份有限公司,光旭盈08--台南來金行屋頂型光電案場,太陽能,2026,36.483,4.205,臺南市善化區六分里溪底寮20之2號,129.96 kW,天能綠電股份有限公司,25SP0043-B026000001~49,5/20/26,2026-01-01~2026-03-31,認可,認可,36.483 MWh,4.205 MWh
天能綠電股份有限公司,宏威環球-南投中寮1號屋頂型太陽光電案場,太陽能,2026,30.926,0,南投縣中寮鄉南投縣中寮鄉龍南路258之20號,129.93 kW,天能綠電股份有限公司,24SP1312-B026000001~34,5/20/26,2026-01-01~2026-03-31,認可,認可,30.926 MWh,0 MWh
開陽電力股份有限公司,玖基企業股份有限公司-台電台北市區營業處檢修大樓,太陽能,2026,16.29,0,臺北市大安區基隆路四段75號,129.85 kW,開陽電力股份有限公司,25SP1449-B026000001~17,4/1/26,2026-01-01~2026-02-28,認可,認可,16.29 MWh,0 MWh
開陽電力股份有限公司,開陽能源-臺中梧棲運研所試驗大樓及研究大樓,太陽能,2026,23.015,0,臺中市梧棲區中橫十路2號、中二路一段692號,129.8 kW,開陽電力股份有限公司,25SP2361-B026000001~24,4/1/26,2026-01-01~2026-02-28,認可,認可,23.015 MWh,0 MWh
晨星電力股份有限公司,(沅碁)金山國小一二期,太陽能,2026,35.656,2.238,高雄市燕巢區金山里番田路29號,129.78 kW,晨星電力股份有限公司,25SP3238-B026000001~48,5/20/26,2026-01-01~2026-03-31,認可,認可,35.656 MWh,2.238 MWh
智原科技股份有限公司,智原科技股份有限公司,太陽能,2026,0,31.811,新竹市東區力行三路5號,129.74 kW,智原科技股份有限公司,23SP0004-B026000001~34,5/20/26,2026-01-01~2026-03-31,認可,認可,0 MWh,31.811 MWh
大自然能源電業股份有限公司,NP181006C001承達實業(承達),太陽能,2026,36.804,4.337,高雄市大寮區田單五街18號,129.6 kW,大自然能源電業股份有限公司,24SP1224-B026000001~49,5/20/26,2026-01-01~2026-03-31,認可,認可,36.804 MWh,4.337 MWh
惟善有限公司,惟善有限公司-三期,太陽能,2026,0,81.355,桃園市中壢區民族路6段576巷88之1號,129.6 kW,惟善有限公司,25SP0486-B026000001~82,3/4/26,2025-05-07~2026-01-31,認可,認可,0 MWh,81.355 MWh
惟善有限公司,惟善有限公司-四期,太陽能,2026,0,55.114,桃園市中壢區民族路6段576巷88之1號,129.6 kW,惟善有限公司,25SP0405-B026000001~56,3/4/26,2025-05-09~2026-01-31,認可,認可,0 MWh,55.114 MWh
艾涅爾電力股份有限公司,昇太-阡隆PV0219,太陽能,2026,17.989,0,桃園市龍潭區梅龍路585號,129.36 kW,艾涅爾電力股份有限公司,24SP0341-B026000001~19,4/8/26,2026-01-01~2026-02-28,認可,認可,17.989 MWh,0 MWh
星星電力股份有限公司,傑陽-台西-陳秋梅,太陽能,2026,12.571,0,雲林縣臺西鄉保安林14之23號,129.36 kW,星星電力股份有限公司,25SP2228-B026000014~26,4/8/26,2026-02-01~2026-02-28,認可,認可,12.571 MWh,0 MWh
南方電力股份有限公司,屏東縣鹽埔鄉民治路175號太陽光電發電廠,太陽能,2026,30.38,0,屏東縣鹽埔鄉民治路175號,129.32 kW,南方電力股份有限公司,24SP1431-B026000001~33,5/20/26,2026-01-01~2026-03-31,認可,認可,30.38 MWh,0 MWh
阿波羅電力股份有限公司,辰信陳宗宜四期,太陽能,2026,41.326,0,彰化縣芳苑鄉芳新路新街段387巷建211號,129 kW,阿波羅電力股份有限公司,24SP2320-B026000001~42,5/20/26,2026-01-01~2026-03-31,認可,認可,41.326 MWh,0 MWh
南方電力股份有限公司,泓錠-青年國中腳踏車棚太陽光電發電廠,太陽能,2026,41.571,0,高雄市鳳山區新庄子段139-1、141地號,128.82 kW,南方電力股份有限公司,25SP0140-B026000001~43,5/20/26,2026-01-01~2026-03-31,認可,認可,41.571 MWh,0 MWh
怡和綠電超商股份有限公司,興發-德盛溪排水(標案),太陽能,2026,31.738,0,桃園市楊梅區四湖段0278-0000地號,128.76 kW,怡和綠電超商股份有限公司,25SP0781-B026000001~33,5/20/26,2026-01-01~2026-03-31,認可,認可,31.738 MWh,0 MWh
祐鋒實業股份有限公司,祐鋒新廠,太陽能,2026,0,18.44,彰化縣芳苑鄉後寮村工區四路7號,128.74 kW,祐鋒實業股份有限公司,24SP0601-B026000001~19,4/1/26,2026-01-01~2026-02-28,認可,認可,0 MWh,18.44 MWh
晨星電力股份有限公司,(沅碁)正興國小一二期,太陽能,2026,43.757,2.841,高雄市三民區大豐二路20號,128.52 kW,晨星電力股份有限公司,25SP2941-B026000001~56,5/20/26,2026-01-01~2026-03-31,認可,認可,43.757 MWh,2.841 MWh
大自然能源電業股份有限公司,NP201072C005(陳佑全),太陽能,2026,25.876,16.67,臺南市下營區健康路200巷85弄2號(下營區茅港尾段5307-0001地號),128.33 kW,大自然能源電業股份有限公司,25SP1263-B026000001~44,5/20/26,2026-01-01~2026-03-31,認可,認可,25.876 MWh,16.67 MWh
天能綠電股份有限公司,京杰-大溪康莊養護中心太陽光電案場,太陽能,2026,10.024,0,桃園市大溪區內柵路2段156巷45號,128.25 kW,天能綠電股份有限公司,24SP1450-B026000001~11,4/22/26,2026-01-01~2026-01-31,認可,認可,10.024 MWh,0 MWh
續興股份有限公司,正瀛鋼鐵,太陽能,2026,39.239,0,屏東縣新園鄉田洋村22鄰巖仔路1之68號,128.03 kW,續興股份有限公司,25SP2580-B026000001~40,5/20/26,2026-01-01~2026-03-31,認可,認可,39.239 MWh,0 MWh
富威電力股份有限公司,永大-陳振裕太陽光電發電廠,太陽能,2026,34.991,0,臺東縣臺東市臨海路二段410號,127.8 kW,富威電力股份有限公司,25SP1545-B026000003~54,5/20/26,2026-01-01~2026-03-31,認可,認可,34.991 MWh,0 MWh
大同智能股份有限公司,沅碁光電_大同國小,太陽能,2026,44.965,0,高雄市新興區大同一路231號,127.735 kW,大同智能股份有限公司、晨星電力股份有限公司,24SP1914-B026000001~47,5/20/26,2026-01-01~2026-03-31,認可,認可,44.965 MWh,0 MWh
大同智能股份有限公司,沅碁光電_三民家商(六期),太陽能,2026,38.579,0,高雄市左營區裕誠路1102號,127.68 kW,大同智能股份有限公司、晨星電力股份有限公司,24SP1743-B026000001~40,5/20/26,2026-01-01~2026-03-31,認可,認可,38.579 MWh,0 MWh
宇軒電業股份有限公司,尚德段2211地號,太陽能,2026,24.495,0,雲林縣臺西鄉尚德段2211地號,127.6 kW,宇軒電業股份有限公司,25SP2845-B026000001~26,4/15/26,2026-01-01~2026-02-28,認可,認可,24.495 MWh,0 MWh
艾涅爾電力股份有限公司,陽欣-昇展PV0611,太陽能,2026,19.111,0,彰化縣鹿港鎮環工二路68號,127.125 kW,艾涅爾電力股份有限公司,24SP0373-B026000001~20,4/8/26,2026-01-01~2026-02-28,認可,認可,19.111 MWh,0 MWh
臺灣菸酒股份有限公司,臺灣菸酒股份有限公司（善化啤酒廠第4期併外線）,太陽能,2026,0,46.881,臺南市善化區成功路2號,127.1 kW,臺灣菸酒股份有限公司,24SP0739-B026000001~49,5/20/26,2025-12-01~2026-03-31,認可,認可,0 MWh,46.881 MWh
艾涅爾電力股份有限公司,賽斯-鳳山國中車棚(地面型),太陽能,2026,22.895,0,高雄市鳳山區高雄市鳳山區竹子腳段0187-0001地號,126.75 kW,艾涅爾電力股份有限公司,24SP0184-B026000001~24,4/8/26,2026-01-01~2026-02-28,認可,認可,22.895 MWh,0 MWh
開陽電力股份有限公司,玖基企業股份有限公司-台電台北西區營業處檢修大樓,太陽能,2026,17.095,0,新北市新莊區新北市新莊區化成路135號,126.7 kW,開陽電力股份有限公司,25SP1450-B026000001~18,4/1/26,2026-01-01~2026-02-28,認可,認可,17.095 MWh,0 MWh
晨星電力股份有限公司,(銓泰)楊莉莉88號,太陽能,2026,41.065,0,彰化縣花壇鄉中山路一段40巷88號,126.54 kW,晨星電力股份有限公司,25SP1248-B026000001~42,5/20/26,2026-01-01~2026-03-31,認可,認可,41.065 MWh,0 MWh
天能綠電股份有限公司,聯合再生38-興國國小桃園市中壢區屋頂型太陽能光電場,太陽能,2026,28.641,0,桃園市中壢區元化路2段62號,126.48 kW,天能綠電股份有限公司,25SP1470-B026000002~36,5/20/26,2026-01-01~2026-03-31,認可,認可,28.641 MWh,0 MWh
天能綠電股份有限公司,龐誼綠能-高雄前鎮瑞寶高雄市太陽光電案場,太陽能,2026,41.253,0,高雄市前鎮區豐漁三路27巷5號,126.4 kW,天能綠電股份有限公司,25SP0559-B026000001~43,5/20/26,2026-01-01~2026-03-31,認可,認可,41.253 MWh,0 MWh
寶島陽光電力事業股份有限公司,玉衡能源股份有限公司(FS2303007),太陽能,2026,39.555,0,屏東縣車城鄉新車城段322、329、337地號,126.28 kW,寶島陽光電力事業股份有限公司,25SP2693-B026000001~41,5/20/26,2026-01-01~2026-03-31,認可,認可,39.555 MWh,0 MWh
晨星電力股份有限公司,(賽斯)新穎塑膠,太陽能,2026,41.556,0,高雄市湖內區湖中路687巷16號,126.28 kW,晨星電力股份有限公司,25SP2718-B026000001~43,5/20/26,2026-01-01~2026-03-31,認可,認可,41.556 MWh,0 MWh
旺宏電子股份有限公司,旺宏電子股份有限公司活動中心,太陽能,2026,0,32.272,新竹市東區力行路16-2號,126.06 kW,旺宏電子股份有限公司,23SP0174-B026000001~34,5/20/26,2026-01-01~2026-03-31,認可,認可,0 MWh,32.272 MWh
大自然能源電業股份有限公司,NP091055C007福展(品宗化工),太陽能,2026,21.898,11.393,嘉義縣民雄鄉成功街45之1號,126.06 kW,大自然能源電業股份有限公司,25SP0547-B026000001~35,5/20/26,2026-01-01~2026-03-31,認可,認可,21.898 MWh,11.393 MWh
艾涅爾電力股份有限公司,百鴻-孵化場PV0441,太陽能,2026,22.482,0,雲林縣口湖鄉埔北村沙崙7之19號,126 kW,艾涅爾電力股份有限公司,25SP0429-B026000001~25,4/8/26,2026-01-01~2026-02-28,認可,認可,22.482 MWh,0 MWh
天能綠電股份有限公司,立達開發-台中百辰機械A區屋頂型太陽光電案場,太陽能,2026,38.167,0,臺中市外埔區二崁路568巷22號,126 kW,天能綠電股份有限公司,24SP0264-B026000001~43,5/20/26,2026-01-01~2026-03-31,認可,認可,38.167 MWh,0 MWh
宇軒電業股份有限公司,頂秀祐段322地號,太陽能,2026,25.343,16.386,臺南市白河區頂秀祐段322地號,126 kW,宇軒電業股份有限公司,25SP2007-B026000001~43,5/20/26,2026-01-01~2026-03-31,認可,認可,25.343 MWh,16.386 MWh
晨星電力股份有限公司,(銓泰)隆美,太陽能,2026,43.962,0,臺南市安南區科技一路1號,126 kW,晨星電力股份有限公司,25SP1002-B026000001~45,5/20/26,2026-01-01~2026-03-31,認可,認可,43.962 MWh,0 MWh
客家委員會客家文化發展中心六堆園區,客家委員會客家文化發展中心六堆園區,太陽能,2026,0,16.71,屏東縣內埔鄉建興村信義路588號,125.632 kW,客家委員會客家文化發展中心六堆園區,17SP0011-B026000001~19,5/20/26,2026-01-01~2026-03-31,認可,認可,0 MWh,16.71 MWh
艾涅爾電力股份有限公司,日安紙業-陳苡君包裝廠,太陽能,2026,22.399,0,南投縣南投市南鄉段855、856地號,125.56 kW,艾涅爾電力股份有限公司,24SP1228-B026000001~24,4/8/26,2026-01-01~2026-02-28,認可,認可,22.399 MWh,0 MWh
怡和綠電超商股份有限公司,興發-三股國小風雨球場,太陽能,2026,41.855,0,臺南市七股區三吉段0038-0000、0039-0000、0040-0000、0041-0000、0042-0000、0043-0000、0044-0000地號,125.44 kW,怡和綠電超商股份有限公司,25SP3956-B026000001~47,5/20/26,2026-01-01~2026-03-31,認可,認可,41.855 MWh,0 MWh
國泰人壽保險股份有限公司,國泰人壽保險股份有限公司,太陽能,2026,0,28.08,桃園市中壢區青埔里5鄰青埔路二段111號,125.4 kW,國泰人壽保險股份有限公司,22SP0012-B026000001~29,5/20/26,2026-01-01~2026-03-31,認可,認可,0 MWh,28.08 MWh
大自然能源電業股份有限公司,NP101055C004(南榮科大),太陽能,2026,21.944,14.929,臺南市鹽水區朝琴路178號,125.4 kW,大自然能源電業股份有限公司,25SP0087-B026000001~38,5/20/26,2026-01-01~2026-03-31,認可,認可,21.944 MWh,14.929 MWh
台灣積體電路製造股份有限公司F15P1(C1作業廠房),F15P1(C1作業廠房),太陽能,2026,0,24.093,臺中市大雅區科雅六路1號,125.29 kW,台灣積體電路製造股份有限公司F15P1(C1作業廠房),18SP0023-B026000001~25,5/20/26,2026-01-01~2026-03-31,認可,認可,0 MWh,24.093 MWh
財團法人明志科技大學,明志科技大學 (創新樓),太陽能,2026,0,29.1,新北市泰山區工專路84號,125.02 kW,財團法人明志科技大學,21SP0019-B026000001~31,5/20/26,2026-01-01~2026-03-31,認可,認可,0 MWh,29.1 MWh
富威電力股份有限公司,衆崴-正崴太陽光電發電廠,太陽能,2026,29.587,0,新北市土城區中央路四段49號6樓,124.95 kW,富威電力股份有限公司,25SP0301-B026000001~31,5/20/26,2026-01-01~2026-03-31,認可,認可,29.587 MWh,0 MWh
禾丰電力股份有限公司,喬馨-忠孝樓,太陽能,2026,19.575,0,桃園市中壢區萬能路1號,124.93 kW,禾丰電力股份有限公司,24SP1549-B026000001~20,5/20/26,2026-01-01~2026-03-31,認可,認可,19.575 MWh,0 MWh
續興股份有限公司,天享,太陽能,2026,0,31.009,桃園市中壢區大圳路1段292號,124.8 kW,續興股份有限公司,25SP2557-B026000001~32,5/20/26,2026-01-01~2026-03-31,認可,認可,0 MWh,31.009 MWh
寶島陽光電力事業股份有限公司,昕瑞能源有限公司(TW180857),太陽能,2026,37.87,1.838,屏東縣屏東市勝利路332號,124.8 kW,寶島陽光電力事業股份有限公司,24SP2492-B026000001~46,5/20/26,2026-01-01~2026-03-31,認可,認可,37.87 MWh,1.838 MWh
天能綠電股份有限公司,郡都-彰化縣二水鄉新鼻子頭段927地號（聚泰地面型）,太陽能,2026,33.922,0,彰化縣二水鄉新鼻子頭段927地號,124.8 kW,天能綠電股份有限公司,24SP2489-B026000001~35,5/20/26,2026-01-01~2026-03-31,認可,認可,33.922 MWh,0 MWh
晨星電力股份有限公司,(亞沃)加工區-科技(標二),太陽能,2026,43.116,0,高雄市前鎮區東三街7號(高雄市前鎮區興邦段0259-0018地號),124.74 kW,晨星電力股份有限公司,25SP3315-B026000001~44,5/20/26,2026-01-01~2026-03-31,認可,認可,43.116 MWh,0 MWh
瓦特先生股份有限公司,I-AR21-107 南興國小,太陽能,2026,5.198,0,嘉義縣義竹鄉新店村77號,124.44 kW,瓦特先生股份有限公司,24SP1671-B026000002~10,5/20/26,2026-01-01~2026-03-31,認可,認可,5.198 MWh,0 MWh
瓦特先生股份有限公司,I-AR21-002大林國小,太陽能,2026,8.42,18.989,嘉義縣大林鎮中正路423號,124.44 kW,瓦特先生股份有限公司,24SP0491-B026000001~33,5/20/26,2026-01-01~2026-03-31,認可,認可,8.42 MWh,18.989 MWh
星星電力股份有限公司,銘光_路竹蔡寶山,太陽能,2026,37.734,0,高雄市路竹區高雄市路竹區大德路277巷233弄11號,124.41 kW,星星電力股份有限公司,24SP0981-B026000001~50,5/20/26,2026-01-01~2026-03-31,認可,認可,37.734 MWh,0 MWh
怡和綠電超商股份有限公司,賽斯新能源-雄中-第四棟+圖書館+弘毅樓三期,太陽能,2026,37.63,0,高雄市三民區建國三路50號,124.1 kW,怡和綠電超商股份有限公司,25SP1277-B026000001~39,5/20/26,2026-01-01~2026-03-31,認可,認可,37.63 MWh,0 MWh
怡和綠電超商股份有限公司,克林-宥勝金屬,太陽能,2026,17.201,0,嘉義縣民雄鄉成功二街27號,124 kW,怡和綠電超商股份有限公司,25SP1275-B026000001~18,5/20/26,2026-01-01~2026-03-31,認可,認可,17.201 MWh,0 MWh
怡和綠電超商股份有限公司,嘉創-富綠信息植物基因,太陽能,2026,29.381,3.217,苗栗縣銅鑼鄉中平村中隆一路13號,123.93 kW,怡和綠電超商股份有限公司,25SP3989-B026000001~42,5/20/26,2026-01-01~2026-03-31,認可,認可,29.381 MWh,3.217 MWh
開陽電力股份有限公司,玖基企業股份有限公司-中興大學圓廳,太陽能,2026,25.194,0,臺中市南區國光路250號,123.9 kW,開陽電力股份有限公司,25SP1894-B026000001~26,4/1/26,2026-01-01~2026-02-28,認可,認可,25.194 MWh,0 MWh
英特盛科技股份有限公司,宿舍123.88KW,太陽能,2026,0,35.286,臺中市后里區后科南路二號,123.88 kW,英特盛科技股份有限公司,24SP0023-B026000001~36,5/20/26,2026-01-01~2026-03-31,認可,認可,0 MWh,35.286 MWh
晨星電力股份有限公司,(立豐)祥盟,太陽能,2026,34.778,0,彰化縣線西鄉宏濱段19地號,123.76 kW,晨星電力股份有限公司,25SP2329-B026000001~36,5/20/26,2026-01-01~2026-03-31,認可,認可,34.778 MWh,0 MWh
國晟工業股份有限公司,國晟工業股份有限公司三期,太陽能,2026,0,19.26,桃園市蘆竹區海湖北路309巷151號,123 kW,國晟工業股份有限公司,24SP0616-B026000001~20,5/20/26,2026-01-01~2026-03-31,認可,認可,0 MWh,19.26 MWh
晨星電力股份有限公司,(統益)英翔三期,太陽能,2026,44.458,0,臺南市柳營區環園東路2段11號,122.85 kW,晨星電力股份有限公司,25SP1068-B026000001~45,5/20/26,2026-01-01~2026-03-31,認可,認可,44.458 MWh,0 MWh
富威電力股份有限公司,旭天-清水聯絡處太陽光電發電廠,太陽能,2026,33.629,0,臺中市清水區五權路267之2號,122.76 kW,富威電力股份有限公司,25SP3110-B026000001~36,5/20/26,2026-01-01~2026-03-31,認可,認可,33.629 MWh,0 MWh
怡和綠電超商股份有限公司,興發-義仁國小,太陽能,2026,35.664,0,嘉義縣竹崎鄉山子門段0119-0000地號(義仁國小),122.74 kW,怡和綠電超商股份有限公司,25SP1702-B026000001~37,5/20/26,2026-01-01~2026-03-31,認可,認可,35.664 MWh,0 MWh
續興股份有限公司,南亞_學生宿舍,太陽能,2026,23.318,0,桃園市中壢區中山東路3段414號,122.47 kW,續興股份有限公司,25SP3378-B026000001~25,5/20/26,2026-01-01~2026-03-31,認可,認可,23.318 MWh,0 MWh
李長榮化學工業股份有限公司(大社廠),李長榮化學工業股份有限公司(大社廠)-品管,太陽能,2026,0,40.188,高雄市大社區經建路2號,122.4 kW,李長榮化學工業股份有限公司(大社廠),23SP0162-B026000001~41,5/20/26,2026-01-01~2026-03-31,認可,認可,0 MWh,40.188 MWh
宇軒電業股份有限公司,頂秀祐段457地號,太陽能,2026,24.968,14.99,臺南市白河區頂秀祐段457地號,122.4 kW,宇軒電業股份有限公司,25SP2028-B026000001~41,5/20/26,2026-01-01~2026-03-31,認可,認可,24.968 MWh,14.99 MWh
怡和綠電超商股份有限公司,晶久-耀晟食品行,太陽能,2026,38.618,0,高雄市大寮區上寮路225之37號,122.31 kW,怡和綠電超商股份有限公司,25SP1674-B026000001~40,5/20/26,2026-01-01~2026-03-31,認可,認可,38.618 MWh,0 MWh
星星電力股份有限公司,匯僑-匯僑台南停車場(福國段),太陽能,2026,35.09,0,臺南市安南區福國段0730-0000地號,122.275 kW,星星電力股份有限公司,25SP3419-B026000001~36,5/20/26,2026-01-01~2026-03-31,認可,認可,35.09 MWh,0 MWh
天能綠電股份有限公司,郡都-臺中市梧棲區向上路9段321巷28號(祐強),太陽能,2026,33.586,0,臺中市梧棲區向上路9段321巷28號,122.14 kW,天能綠電股份有限公司,24SP2085-B026000001~35,5/20/26,2026-01-01~2026-03-31,認可,認可,33.586 MWh,0 MWh
艾涅爾電力股份有限公司,亮界-銓益精機廠,太陽能,2026,21.293,0,臺中市神岡區福庄街39號,121.98 kW,艾涅爾電力股份有限公司,24SP2427-B026000003~34,4/8/26,2026-01-01~2026-02-28,認可,認可,21.293 MWh,0 MWh
艾涅爾電力股份有限公司,承品能源-台農德業路,太陽能,2026,23.022,0,雲林縣斗南鎮德業路36號、36之1號,121.875 kW,艾涅爾電力股份有限公司,24SP2059-B026000001~24,4/8/26,2026-01-01~2026-02-28,認可,認可,23.022 MWh,0 MWh
大自然能源電業股份有限公司,NP191018C006叡朋(虎尾林敏圓),太陽能,2026,7.803,0,雲林縣虎尾鎮平和里平 和 42 之 9 號,121.77 kW,大自然能源電業股份有限公司,24SP1682-B026000001~8,3/4/26,2026-01-01~2026-01-31,認可,認可,7.803 MWh,0 MWh
續興股份有限公司,嘉義民雄鴨舍,太陽能,2026,29.553,0,嘉義縣民雄鄉鎮北村土庫子50之3號,121.59 kW,續興股份有限公司,24SP1195-B026000001~32,5/20/26,2026-01-01~2026-03-31,認可,認可,29.553 MWh,0 MWh
陽光伏特家電力股份有限公司,嘉義阿里1號,太陽能,2026,13.863,0,嘉義縣大林鎮林子前8之5號,120.9 kW,陽光伏特家電力股份有限公司,24SP1301-B026000001~14,4/1/26,2026-01-01~2026-02-28,認可,認可,13.863 MWh,0 MWh
富威電力股份有限公司,聚眾-四湖安慶太陽光電發電廠,太陽能,2026,10.062,0,雲林縣四湖鄉安慶段0743-0000地號,120.78 kW,富威電力股份有限公司,24SP2236-B026000022~39,4/1/26,2026-01-01~2026-02-28,認可,認可,10.062 MWh,0 MWh
晨星電力股份有限公司,(亞沃)金城國中-地面,太陽能,2026,39.31,0,臺南市安平區新南段0046-0000地號,120.78 kW,晨星電力股份有限公司,25SP1773-B026000001~41,5/20/26,2026-01-01~2026-03-31,認可,認可,39.31 MWh,0 MWh
衛生福利部嘉南療養院,衛生福利部嘉南療養院2期,太陽能,2026,0,36.702,臺南市仁德區裕忠路539號,120.6 kW,衛生福利部嘉南療養院,24SP0385-B026000001~38,5/20/26,2026-01-01~2026-03-31,認可,認可,0 MWh,36.702 MWh
南方電力股份有限公司,臺南市學甲區大灣70號之50太陽光電發電廠,太陽能,2026,40.109,0,臺南市學甲區大灣70號之50,120.36 kW,南方電力股份有限公司,24SP1302-B026000001~42,5/20/26,2026-01-01~2026-03-31,認可,認可,40.109 MWh,0 MWh
阿波羅電力股份有限公司,達興洪保安2,太陽能,2026,18.195,14.133,澎湖縣湖西鄉紅羅段0206-0000地號,120.36 kW,阿波羅電力股份有限公司,25SP3201-B026000001~34,5/20/26,2026-01-01~2026-03-31,認可,認可,18.195 MWh,14.133 MWh
艾涅爾電力股份有限公司,日安-斗六和峻PV0273,太陽能,2026,18.918,0,雲林縣斗六市斗工二路66號,120.32 kW,艾涅爾電力股份有限公司,25SP0611-B026000001~20,4/8/26,2026-01-01~2026-02-28,認可,認可,18.918 MWh,0 MWh
南寶樹脂化學工廠股份有限公司,南寶樹酯研發樓暨行政大樓-120.25KW,太陽能,2026,0,39.03,臺南市西港區中山路519號,120.25 kW,南寶樹脂化學工廠股份有限公司,23SP0261-B026000001~40,5/20/26,2026-01-01~2026-03-31,認可,認可,0 MWh,39.03 MWh
陽光伏特家電力股份有限公司,鴻灝電澎湖5廠,太陽能,2026,7.714,0,澎湖縣馬公市興仁南段0061-0000地號、0062-0000地號、0063-0000地號、0064-0000地號、0217-0000地號、0218-0000地號,120.13 kW,陽光伏特家電力股份有限公司,25SP2901-B026000001~10,5/20/26,2026-01-01~2026-03-31,認可,認可,7.714 MWh,0 MWh
怡和綠電超商股份有限公司,晁能-陳振忠,太陽能,2026,37.285,0,臺南市鹽水區坔頭港200之85號,120 kW,怡和綠電超商股份有限公司,25SP1483-B026000001~38,5/20/26,2026-01-01~2026-03-31,認可,認可,37.285 MWh,0 MWh
大龍棧餐飲事業股份有限公司,大龍棧餐飲事業股份有限公司,太陽能,2026,0,19.4,臺中市神岡區溪頭路169號,119.72 kW,大龍棧餐飲事業股份有限公司,25SP0867-B026000001~20,5/20/26,2026-01-01~2026-03-31,認可,認可,0 MWh,19.4 MWh
天能綠電股份有限公司,光旭盈-大成園屋頂型太陽光電案場,太陽能,2026,34.294,4.177,屏東縣竹田鄉美崙村美崙1之20號,119.72 kW,天能綠電股份有限公司,25SP3058-B026000001~45,5/20/26,2026-01-01~2026-03-31,認可,認可,34.294 MWh,4.177 MWh
達理精控股份有限公司,達理精控2廠太陽光電,太陽能,2026,0,26.976,臺中市清水區五權南路96號,119.625 kW,達理精控股份有限公司,24SP0441-B026000001~28,5/20/26,2026-01-01~2026-03-31,認可,認可,0 MWh,26.976 MWh
怡和綠電超商股份有限公司,賽斯-原民會風雨球場,太陽能,2026,35.765,0,高雄市左營區海功東路55號,119.25 kW,怡和綠電超商股份有限公司,25SP1688-B026000001~37,5/20/26,2026-01-01~2026-03-31,認可,認可,35.765 MWh,0 MWh
晨星電力股份有限公司,(永豐)允登特登二,太陽能,2026,36.631,0,彰化縣鹿港鎮廖厝巷129之47號,119.25 kW,晨星電力股份有限公司,25SP3399-B026000001~39,5/20/26,2026-01-01~2026-03-31,認可,認可,36.631 MWh,0 MWh
財團法人中華民國佛教慈濟慈善事業基金會,慈濟大樹案A-太陽能光電興建工程(建置容量119.140Kwp),太陽能,2026,0,35.885,高雄市大樹區高雄市大樹區高雄市大樹區中正一路385號1-3樓,119.14 kW,財團法人中華民國佛教慈濟慈善事業基金會,25SP0728-B026000001~38,5/20/26,2026-01-01~2026-03-31,認可,認可,0 MWh,35.885 MWh
天能綠電股份有限公司,聯合再生19-東明國小桃園市新屋區屋頂型太陽能光電場,太陽能,2026,26.479,0,桃園市新屋區中山西路1段474號,119 kW,天能綠電股份有限公司,25SP0598-B026000003~32,5/20/26,2026-01-01~2026-03-31,認可,認可,26.479 MWh,0 MWh
怡和綠電超商股份有限公司,育渲投資-頂旺企業社,太陽能,2026,38.074,0,臺中市后里區重劃西路500巷18號,118.9 kW,怡和綠電超商股份有限公司,25SP1711-B026000001~40,5/20/26,2026-01-01~2026-03-31,認可,認可,38.074 MWh,0 MWh
天能綠電股份有限公司,尤壬克_佳泰商行特登工廠屋頂型太陽能電廠,太陽能,2026,40.38,0,彰化縣鹿港鎮竹圍巷106號,118.8 kW,天能綠電股份有限公司,25SP2881-B026000001~44,5/20/26,2026-01-01~2026-03-31,認可,認可,40.38 MWh,0 MWh
六和機械股份有限公司,六和機械股份有限公司 新屋廠,太陽能,2026,0,24.02,桃園市新屋區中山東路1段428號,118.8 kW,六和機械股份有限公司,21SP0027-B026000001~25,5/20/26,2026-01-01~2026-03-31,認可,認可,0 MWh,24.02 MWh
晨星電力股份有限公司,(卓越)李仁傑,太陽能,2026,38.709,0,雲林縣元長鄉合和村三房55之10號,118.8 kW,晨星電力股份有限公司,25SP2925-B026000001~41,5/20/26,2026-01-01~2026-03-31,認可,認可,38.709 MWh,0 MWh
晨星電力股份有限公司,(加州儲能)安南區-南區稅務局,太陽能,2026,39.613,0,臺南市安南區安中路三段139號,118.8 kW,晨星電力股份有限公司,25SP2554-B026000001~41,5/20/26,2026-01-01~2026-03-31,認可,認可,39.613 MWh,0 MWh
開陽電力股份有限公司,玖基企業股份有限公司-台電台北南區營業處木柵服務處,太陽能,2026,13.759,0,臺北市文山區辛亥路七段38號,118.65 kW,開陽電力股份有限公司,25SP1453-B026000001~15,4/1/26,2026-01-01~2026-02-28,認可,認可,13.759 MWh,0 MWh
晨星電力股份有限公司,(聯發)彌陀鈺發機械,太陽能,2026,39.844,0,高雄市彌陀區新庄路1之100號,118.3 kW,晨星電力股份有限公司,25SP2721-B026000001~41,5/20/26,2026-01-01~2026-03-31,認可,認可,39.844 MWh,0 MWh
開陽電力股份有限公司,聯發電網股份有限公司-維新國小,太陽能,2026,37.251,0,高雄市永安區維新路光明九巷69之10號,117.9 kW,開陽電力股份有限公司,25SP0014-B026000001~39,5/20/26,2026-01-01~2026-03-31,認可,認可,37.251 MWh,0 MWh
駿毅科技工業股份有限公司,駿毅(二廠),太陽能,2026,0,21.989,臺中市神岡區厚生路55之1號,117.8 kW,駿毅科技工業股份有限公司,23SP0198-B026000001~23,5/20/26,2026-01-01~2026-03-31,認可,認可,0 MWh,21.989 MWh
惟善有限公司,惟善有限公司-二期,太陽能,2026,0,49.245,桃園市中壢區民族路6段576巷88之1號,117.72 kW,惟善有限公司,25SP0487-B026000001~50,3/18/26,2025-05-07~2026-01-31,認可,認可,0 MWh,49.245 MWh
阿波羅電力股份有限公司,辰翔洪文昌四期,太陽能,2026,34.589,0,彰化縣二林鎮新生路569巷47弄建18號(彰化縣二林鎮偉糖段0747-0000、0748-0000地號),117.66 kW,阿波羅電力股份有限公司,24SP2240-B026000001~36,5/20/26,2026-01-01~2026-03-31,認可,認可,34.589 MWh,0 MWh
全漢企業股份有限公司,全漢三廠,太陽能,2026,0,21.616,桃園市桃園區興隆路6號,117.48 kW,全漢企業股份有限公司,23SP0211-B026000001~23,5/20/26,2026-01-01~2026-03-31,認可,認可,0 MWh,21.616 MWh
續興股份有限公司,長榮牧場,太陽能,2026,35.582,0,屏東縣九如鄉東都街169之1號(豬舍1及倉儲設施【乙倉儲】、管理室及倉儲設施【丙倉儲】部分屋頂；第2期共2期),116.92 kW,續興股份有限公司,25SP0342-B026000001~37,5/20/26,2026-01-01~2026-03-31,認可,認可,35.582 MWh,0 MWh
陽光伏特家電力股份有限公司,麗橙台南4廠,太陽能,2026,37.079,0,臺南市柳營區旭山段1402-0000地號,116.58 kW,陽光伏特家電力股份有限公司,25SP0297-B026000001~38,5/20/26,2026-01-01~2026-03-31,認可,認可,37.079 MWh,0 MWh
寶島陽光電力事業股份有限公司,玉衡能源股份有限公司(春社市場),太陽能,2026,40.138,0,臺中市南屯區忠勇路23之12號,116.49 kW,寶島陽光電力事業股份有限公司,24SP1245-B026000001~44,5/20/26,2026-01-01~2026-03-31,認可,認可,40.138 MWh,0 MWh
晨星電力股份有限公司,(統益)鳳山商工-活動中心及展藝樓,太陽能,2026,39.89,0,高雄市鳳山區文衡路51號(活動中心及展藝樓),116.1 kW,晨星電力股份有限公司,25SP3092-B026000001~41,5/20/26,2026-01-01~2026-03-31,認可,認可,39.89 MWh,0 MWh
晨星電力股份有限公司,(加州儲能)市立南區鹽埕圖書館,太陽能,2026,35.669,0,臺南市南區新和東路51號,115.94 kW,晨星電力股份有限公司,25SP2548-B026000001~38,5/20/26,2026-01-01~2026-03-31,認可,認可,35.669 MWh,0 MWh
大自然能源電業股份有限公司,NP191019C004(向南-吳朝祥),太陽能,2026,9.581,0,雲林縣土庫鎮崙內里崙內115之22號,115.94 kW,大自然能源電業股份有限公司,24SP1665-B026000001~10,3/4/26,2026-01-01~2026-01-31,認可,認可,9.581 MWh,0 MWh
阿波羅電力股份有限公司,達興黃裕荃,太陽能,2026,18.174,13.451,澎湖縣西嶼鄉池東段3481號,115.6 kW,阿波羅電力股份有限公司,25SP3192-B026000001~33,5/20/26,2026-01-01~2026-03-31,認可,認可,18.174 MWh,13.451 MWh
怡和綠電超商股份有限公司,金力享-線西案,太陽能,2026,37.726,0,彰化縣線西鄉頂犁路37之1號,115.57 kW,怡和綠電超商股份有限公司,25SP3561-B026000002~41,5/20/26,2026-01-01~2026-03-31,認可,認可,37.726 MWh,0 MWh
十萬伏特電力股份有限公司,台中-外埔納骨塔標案,太陽能,2026,21.139,0,臺中市外埔區三環路800號、甲后路505之1號,115.5 kW,十萬伏特電力股份有限公司,25SP4109-B026000001~23,4/22/26,2026-01-01~2026-02-28,認可,認可,21.139 MWh,0 MWh
天能綠電股份有限公司,洪世民-彰化縣彰化市莿桐段地面型太陽光電案場,太陽能,2026,22.665,0,彰化縣彰化市莿桐段160、160-1地號,115.5 kW,天能綠電股份有限公司,24SP1987-B026000005~28,4/1/26,2026-01-01~2026-02-28,認可,認可,22.665 MWh,0 MWh
天能綠電股份有限公司,豐光06--屏東陳榮沛屋頂型光電案場,太陽能,2026,30.262,0,屏東縣鹽埔鄉三民路6之10號,115.34 kW,天能綠電股份有限公司,25SP0035-B026000001~37,5/20/26,2026-01-01~2026-03-31,認可,認可,30.262 MWh,0 MWh
怡和綠電超商股份有限公司,旭揚綠能-弘達發,太陽能,2026,22.048,0,桃園市蘆竹區大有街9巷7號,115.2 kW,怡和綠電超商股份有限公司,25SP1577-B026000001~24,5/20/26,2026-01-01~2026-03-31,認可,認可,22.048 MWh,0 MWh
晨星電力股份有限公司,(聯發)名宏油壓,太陽能,2026,36.602,0,彰化縣田尾鄉新民路218號,115.2 kW,晨星電力股份有限公司,25SP3662-B026000001~38,5/20/26,2026-01-01~2026-03-31,認可,認可,36.602 MWh,0 MWh
大同智能股份有限公司,沅碁光電_東門國小-屋頂型一期,太陽能,2026,37.848,0,高雄市美濃區民族路36巷2號,114.76 kW,大同智能股份有限公司、晨星電力股份有限公司,24SP1929-B026000001~40,5/20/26,2026-01-01~2026-03-31,認可,認可,37.848 MWh,0 MWh
陽光伏特家電力股份有限公司,台南擔仔8號,太陽能,2026,13.102,0,臺南市西港區中山路492號,114.755 kW,陽光伏特家電力股份有限公司,24SP1234-B026000001~14,4/1/26,2026-01-01~2026-02-28,認可,認可,13.102 MWh,0 MWh
續興股份有限公司,加集,太陽能,2026,38.562,0,彰化縣埔鹽鄉大新路2巷84之15號,114.75 kW,續興股份有限公司,25SP1648-B026000001~41,5/20/26,2026-01-01~2026-03-31,認可,認可,38.562 MWh,0 MWh
艾涅爾電力股份有限公司,賽斯-仁愛之家-慈愛養護中心,太陽能,2026,21.789,0,高雄市大寮區民順街3號,114.75 kW,艾涅爾電力股份有限公司,24SP0182-B026000001~22,4/8/26,2026-01-01~2026-02-28,認可,認可,21.789 MWh,0 MWh
星星電力股份有限公司,匯旭 - 崗山活動中心屋頂及停車場,太陽能,2026,8.188,0,高雄市阿蓮區埤尾路275號(崗山社區活動中心); 崗山營段2070-0002地號(崗山社區活動中心停車場),114.605 kW,星星電力股份有限公司,25SP1808-B026000010~18,4/8/26,2026-02-01~2026-02-28,認可,認可,8.188 MWh,0 MWh
怡和綠電超商股份有限公司,興發-伸港鄉什股路191-71、73號(王老闆),太陽能,2026,0.115,37.54,彰化縣伸港鄉什股路191之71、73號,114.45 kW,怡和綠電超商股份有限公司,25SP3553-B026000002~41,5/20/26,2026-01-01~2026-03-31,認可,認可,0.115 MWh,37.54 MWh
彩麗實業股份有限公司,彩麗實業股份有限公司(一期高壓),太陽能,2026,0,23.669,臺中市梧棲區草湳里永興路二段378巷36號,114.4 kW,彩麗實業股份有限公司,24SP1938-B026000001~25,5/20/26,2026-01-01~2026-03-31,認可,認可,0 MWh,23.669 MWh
台達電子工業股份有限公司,台達電子工業股份有限公司(桃五廠一期),太陽能,2026,0,29.4,桃園市龜山區山鶯路268號,114.4 kW,台達電子工業股份有限公司,22SP0032-B026000001~31,5/20/26,2026-01-01~2026-03-31,認可,認可,0 MWh,29.4 MWh
惟善有限公司,惟善有限公司-一期,太陽能,2026,0,100.789,桃園市中壢區民族路6段576巷88之1號,113.94 kW,惟善有限公司,25SP0530-B026000001~101,3/18/26,2025-05-07~2026-01-31,認可,認可,0 MWh,100.789 MWh
艾涅爾電力股份有限公司,育渲-台中禾菘,太陽能,2026,22.196,0,臺中市神岡區昌平路5段135巷56號,113.9 kW,艾涅爾電力股份有限公司,24SP0702-B026000001~23,4/8/26,2026-01-01~2026-02-28,認可,認可,22.196 MWh,0 MWh
怡和綠電超商股份有限公司,嘉創-上賀鋼業,太陽能,2026,20.163,0,宜蘭縣冬山鄉香中路442號,113.85 kW,怡和綠電超商股份有限公司,25SP3511-B026000002~23,5/20/26,2026-01-01~2026-03-31,認可,認可,20.163 MWh,0 MWh
星星電力股份有限公司,匯旭 - 阿蓮區公所屋頂(一二三期),太陽能,2026,11.397,0,高雄市阿蓮區民生路94號,113.75 kW,星星電力股份有限公司,25SP1807-B026000012~23,4/8/26,2026-02-01~2026-02-28,認可,認可,11.397 MWh,0 MWh
禾伸堂企業股份有限公司,禾伸堂太陽光電案-龍潭5廠,太陽能,2026,0,27.065,桃園市龍潭區工五路90巷56號,113.625 kW,禾伸堂企業股份有限公司,24SP0082-B026000001~28,5/20/26,2026-01-01~2026-03-31,認可,認可,0 MWh,27.065 MWh
宇軒電業股份有限公司,土庫段117-80地號,太陽能,2026,10.204,0,屏東縣里港鄉土庫段117-80地號,113.46 kW,宇軒電業股份有限公司,25SP2004-B026000012~22,4/15/26,2026-02-01~2026-02-28,認可,認可,10.204 MWh,0 MWh
大自然能源電業股份有限公司,NP071055C002(臺中市龍井農會三期),太陽能,2026,21.797,14.574,臺中市龍井區龍門路40號,113.4 kW,大自然能源電業股份有限公司,25SP0687-B026000001~38,5/20/26,2026-01-01~2026-03-31,認可,認可,21.797 MWh,14.574 MWh
晨星電力股份有限公司,(統益)大灣高中-恆毅樓,太陽能,2026,37.251,5.374,臺南市永康區文賢街68巷1號,113.28 kW,晨星電力股份有限公司,25SP4068-B026000001~52,5/20/26,2026-01-01~2026-03-31,認可,認可,37.251 MWh,5.374 MWh
艾克爾國際科技股份有限公司,艾克爾T5 113.24kwp,太陽能,2026,0,15.367,新竹縣湖口鄉光復北路39號,113.24 kW,艾克爾國際科技股份有限公司,23SP0389-B026000001~16,4/15/26,2026-01-01~2026-02-28,認可,認可,0 MWh,15.367 MWh
晨星電力股份有限公司,(好品味)四海路,太陽能,2026,2.981,31.088,彰化縣北斗鎮四海路2段67號,113.16 kW,晨星電力股份有限公司,25SP4292-B026000002~40,5/20/26,2026-01-01~2026-03-31,認可,認可,2.981 MWh,31.088 MWh
臺北市政府產業發展局,臺北市政府產業發展局新生公園夢想館,太陽能,2026,0,24.384,臺北市中山區濱江街12號(夢想館),113.02 kW,臺北市政府產業發展局,17SP0002-B026000001~26,5/20/26,2026-01-01~2026-03-31,認可,認可,0 MWh,24.384 MWh
晨星電力股份有限公司,(銓泰)台灣成膜,太陽能,2026,32.62,0,臺南市安南區科工段0313-0000地號,112.85 kW,晨星電力股份有限公司,25SP1001-B026000001~35,5/20/26,2026-01-01~2026-03-31,認可,認可,32.62 MWh,0 MWh
富威電力股份有限公司,健能-四湖三崙太陽光電發電廠,太陽能,2026,10.48,0,雲林縣四湖鄉三崙段1022-0000、1023-0000地號,112.45 kW,富威電力股份有限公司,24SP2233-B026000021~40,4/1/26,2026-01-01~2026-02-28,認可,認可,10.48 MWh,0 MWh
陽光伏特家電力股份有限公司,優笠發台中2廠,太陽能,2026,10.975,0,臺中市西屯區工業區十路5號,112.24 kW,陽光伏特家電力股份有限公司,24SP1534-B026000001~12,4/1/26,2026-01-01~2026-02-28,認可,認可,10.975 MWh,0 MWh
星星電力股份有限公司,茂群 - 林潤錠(長治鄉279地號),太陽能,2026,33.575,0,屏東縣長治鄉昌榮段 0279-0000地號,112.2 kW,星星電力股份有限公司,25SP2359-B026000001~35,5/20/26,2026-01-01~2026-03-31,認可,認可,33.575 MWh,0 MWh
星星電力股份有限公司,茂群 - 林潤錠(長治鄉278地號),太陽能,2026,34.64,0,屏東縣長治鄉昌榮段 0278-0000地號,112.2 kW,星星電力股份有限公司,25SP2387-B026000001~36,5/20/26,2026-01-01~2026-03-31,認可,認可,34.64 MWh,0 MWh
星星電力股份有限公司,茂群 - 林潤錠(長治鄉281地號),太陽能,2026,30.085,0,屏東縣長治鄉昌榮段 0281-0000地號,112.2 kW,星星電力股份有限公司,25SP2230-B026000001~32,5/20/26,2026-01-01~2026-03-31,認可,認可,30.085 MWh,0 MWh
星星電力股份有限公司,茂群 - 林潤錠(長治鄉276地號),太陽能,2026,32.412,0,屏東縣長治鄉昌榮段 0276-0000地號,112.2 kW,星星電力股份有限公司,25SP2385-B026000001~33,5/20/26,2026-01-01~2026-03-31,認可,認可,32.412 MWh,0 MWh
星星電力股份有限公司,傑陽-褒忠-許朝凱3,太陽能,2026,8.676,0,雲林縣褒忠鄉馬鳴村1鄰鎮安路260號,112.2 kW,星星電力股份有限公司,25SP3448-B026000009~17,4/8/26,2026-02-01~2026-02-28,認可,認可,8.676 MWh,0 MWh
星星電力股份有限公司,茂群 - 林潤錠(長治鄉277地號),太陽能,2026,34.107,0,屏東縣長治鄉昌榮段 0277-0000地號,112.2 kW,星星電力股份有限公司,25SP2388-B026000001~36,5/20/26,2026-01-01~2026-03-31,認可,認可,34.107 MWh,0 MWh
星星電力股份有限公司,安和營區錶8-軍電大樓-A(屋頂) (16期),太陽能,2026,23.523,0,屏東縣屏東市勝利路333號(空軍第一後勤指揮部【屏東安和營區-軍電大樓】),111.65 kW,星星電力股份有限公司,25SP2384-B026000002~34,5/20/26,2026-02-01~2026-03-31,認可,認可,23.523 MWh,0 MWh
力麗企業股份有限公司,力麗企業股份有限公司,太陽能,2026,0,32.28,彰化縣芳苑鄉芳苑工業區工區八路3號,111.6 kW,力麗企業股份有限公司,20SP0029-B026000001~34,5/20/26,2026-01-01~2026-03-31,認可,認可,0 MWh,32.28 MWh
艾涅爾電力股份有限公司,太佑-線西鄉農會二期PV0641,太陽能,2026,19.003,0,彰化縣線西鄉德興路1號,111.52 kW,艾涅爾電力股份有限公司,24SP0127-B026000001~20,4/8/26,2026-01-01~2026-02-28,認可,認可,19.003 MWh,0 MWh
開陽電力股份有限公司,玖基企業股份有限公司-台電基隆區營業處業務大樓副樓,太陽能,2026,9.739,0,基隆市仁愛區仁一路301號,111.3 kW,開陽電力股份有限公司,25SP2989-B026000001~11,4/1/26,2026-01-01~2026-02-28,認可,認可,9.739 MWh,0 MWh
天能綠電股份有限公司,聯合再生41-楊梅國小秀才分校桃園市楊梅區屋頂型太陽能光電場,太陽能,2026,26.704,0,桃園市楊梅區秀才路919號,111.18 kW,天能綠電股份有限公司,25SP0865-B026000003~33,5/20/26,2026-01-01~2026-03-31,認可,認可,26.704 MWh,0 MWh
晨星電力股份有限公司,尹友股份有限公司,太陽能,2026,32.161,0,高雄市大寮區華東路58號,111.15 kW,晨星電力股份有限公司,25SP2217-B026000001~33,5/20/26,2026-01-01~2026-03-31,認可,認可,32.161 MWh,0 MWh
晨星電力股份有限公司,(沅碁)立人高中二期,太陽能,2026,38.541,0,臺中市大里區中興路2段380號(財團法人臺中市私立立人高級中學),111.09 kW,晨星電力股份有限公司,25SP1777-B026000001~40,5/20/26,2026-01-01~2026-03-31,認可,認可,38.541 MWh,0 MWh
星星電力股份有限公司,茂群 - 林潤錠(長治鄉280地號),太陽能,2026,29.501,0,屏東縣長治鄉昌榮段 0280-0000地號,111 kW,星星電力股份有限公司,25SP3931-B026000001~31,5/20/26,2026-01-01~2026-03-31,認可,認可,29.501 MWh,0 MWh
天能綠電股份有限公司,惠昇_翁崑林二期屋頂型太陽光電案場,太陽能,2026,30.341,0,南投縣埔里鎮東潤路8之8號,109.82 kW,天能綠電股份有限公司,25SP3501-B026000001~32,5/20/26,2026-01-01~2026-03-31,認可,認可,30.341 MWh,0 MWh
開陽電力股份有限公司,玖基企業股份有限公司-台電苗栗區營業處公館二次變電所,太陽能,2026,15.698,0,苗栗縣竹南鎮公舘里6鄰公舘仔6號,109.55 kW,開陽電力股份有限公司,25SP1574-B026000001~17,4/1/26,2026-01-01~2026-02-28,認可,認可,15.698 MWh,0 MWh
艾涅爾電力股份有限公司,太佑-線西鄉農會一期PV0642,太陽能,2026,18.082,0,彰化縣線西鄉德興路1號,109.48 kW,艾涅爾電力股份有限公司,24SP0126-B026000001~19,4/8/26,2026-01-01~2026-02-28,認可,認可,18.082 MWh,0 MWh
大自然能源電業股份有限公司,NP121020C005同力大仁125地號,太陽能,2026,20.302,0,屏東縣鹽埔鄉大仁段0125-0000地號,109.2 kW,大自然能源電業股份有限公司,24SP1330-B026000001~22,4/1/26,2026-01-01~2026-02-28,認可,認可,20.302 MWh,0 MWh
瑞昱半導體股份有限公司,瑞昱半導體股份有限公司三廠發電站辦公棟,太陽能,2026,0,24.62,新竹市東區園區二路9之1號,109.02 kW,瑞昱半導體股份有限公司,24SP0859-B026000001~26,5/20/26,2026-01-01~2026-03-31,認可,認可,0 MWh,24.62 MWh
大自然能源電業股份有限公司,NP121047C004(賴家段555地號),太陽能,2026,19.391,13.296,屏東縣佳冬鄉賴家段555地號,108.875 kW,大自然能源電業股份有限公司,25SP0032-B026000001~34,5/20/26,2026-01-01~2026-03-31,認可,認可,19.391 MWh,13.296 MWh
東聯化學股份有限公司,OUCC-半導體太陽能發電廠,太陽能,2026,0,34.648,高雄市林園區工業三路3號,108.78 kW,東聯化學股份有限公司,24SP1722-B026000001~36,5/20/26,2026-01-01~2026-03-31,認可,認可,0 MWh,34.648 MWh
同欣電子工業股份有限公司,同欣電子(龍潭廠),太陽能,2026,0,23.576,桃園市龍潭區龍園五路21號,108.68 kW,同欣電子工業股份有限公司,24SP0109-B026000001~25,5/20/26,2026-01-01~2026-03-31,認可,認可,0 MWh,23.576 MWh
長春石油化學股份有限公司苗栗廠,五號電廠,太陽能,2026,0,9.042,苗栗縣苗栗市福星246號,108.24 kW,長春石油化學股份有限公司苗栗廠,24SP0839-B026000001~10,5/20/26,2026-01-01~2026-03-31,認可,認可,0 MWh,9.042 MWh
艾涅爾電力股份有限公司,百鴻-黃必成,太陽能,2026,20.193,0,雲林縣水林鄉正義南街5之9號,108.225 kW,艾涅爾電力股份有限公司,24SP2318-B026000001~21,4/8/26,2026-01-01~2026-02-28,認可,認可,20.193 MWh,0 MWh
晨星電力股份有限公司,(立豐)昶易,太陽能,2026,29.927,0,彰化縣鹿港鎮環工一路1號,107.58 kW,晨星電力股份有限公司,25SP2328-B026000001~32,5/20/26,2026-01-01~2026-03-31,認可,認可,29.927 MWh,0 MWh
瓦特先生股份有限公司,I-IP21-001新化廣停五停車場,太陽能,2026,30.671,0,臺南市新市區新義段1233地號,107.44 kW,瓦特先生股份有限公司,24SP0547-B026000001~32,5/20/26,2026-01-01~2026-03-31,認可,認可,30.671 MWh,0 MWh
晨星電力股份有限公司,(賽斯)新興國小,太陽能,2026,35.528,0,臺南市南區新興路22號,107.01 kW,晨星電力股份有限公司,25SP2537-B026000001~37,5/20/26,2026-01-01~2026-03-31,認可,認可,35.528 MWh,0 MWh
續興股份有限公司,利拿機械,太陽能,2026,29.754,0,臺南市永康區蔦松三街81巷2號,106.865 kW,續興股份有限公司,24SP1009-B026000001~31,5/20/26,2026-01-01~2026-03-31,認可,認可,29.754 MWh,0 MWh
艾涅爾電力股份有限公司,新晶-九明PV0376,太陽能,2026,19.188,0,屏東縣九如鄉九明段0593-0000地號,106.785 kW,艾涅爾電力股份有限公司,24SP0116-B026000001~20,4/8/26,2026-01-01~2026-02-28,認可,認可,19.188 MWh,0 MWh
艾涅爾電力股份有限公司,坎暘-源興PV0586,太陽能,2026,19.571,0,屏東縣高樹鄉源興段0674-0000地號,106.75 kW,艾涅爾電力股份有限公司,24SP0984-B026000001~21,4/8/26,2026-01-01~2026-02-28,認可,認可,19.571 MWh,0 MWh
台灣碳資產電業股份有限公司,奇磐大里廠,太陽能,2026,26.278,0,臺中市大里區仁化工十六路77號,106.645 kW,台灣碳資產電業股份有限公司,24SP0318-B026000001~28,5/20/26,2026-01-01~2026-03-31,認可,認可,26.278 MWh,0 MWh
誠新綠能股份有限公司,誠新屏東萬巒703-1電廠,太陽能,2026,0,0.278,屏東縣萬巒鄉萬和段703-1地號,106.64 kW,誠新綠能股份有限公司,24SP0518-B026000001~2,4/8/26,2026-01-01~2026-02-28,認可,認可,0 MWh,0.278 MWh
台達電子工業股份有限公司,台達電子工業股份有限公司(台南分公司),太陽能,2026,0,58.07,臺南市善化區環東路二段39號,106.2 kW,台達電子工業股份有限公司,20SP0009-B026000001~59,5/20/26,2026-01-01~2026-03-31,認可,認可,0 MWh,58.07 MWh
復盛應用科技股份有限公司,復盛應用科技 C棟,太陽能,2026,0,18.964,桃園市桃園區興中街9號,105.915 kW,復盛應用科技股份有限公司,24SP0583-B026000001~20,5/20/26,2026-01-01~2026-03-31,認可,認可,0 MWh,18.964 MWh
中鋼光能股份有限公司,中鋼第二線材水場脫水機房,太陽能,2026,32.361,0,高雄市小港區中鋼路1號及嘉興街2號,105.84 kW,中鋼光能股份有限公司,22SP0145-B026000001~35,5/20/26,2026-01-01~2026-03-31,認可,認可,32.361 MWh,0 MWh
天能綠電股份有限公司,聯合再生24-東安國中桃園市平鎮區屋頂型太陽能光電場,太陽能,2026,25.167,0,桃園市平鎮區平東路168號,105.6 kW,天能綠電股份有限公司,25SP1476-B026000003~31,5/20/26,2026-01-01~2026-03-31,認可,認可,25.167 MWh,0 MWh
天能綠電股份有限公司,聯合再生25-南勢國小桃園市平鎮區屋頂型太陽能光電場,太陽能,2026,23.456,0,桃園市平鎮區中豐路南勢2段223號,105.6 kW,天能綠電股份有限公司,25SP1487-B026000003~31,5/20/26,2026-01-01~2026-03-31,認可,認可,23.456 MWh,0 MWh
六和機械股份有限公司,中壢區財務棟,太陽能,2026,0,17.568,桃園市中壢區新生路二段334號,105.6 kW,六和機械股份有限公司,23SP0258-B026000001~18,5/20/26,2026-01-01~2026-03-31,認可,認可,0 MWh,17.568 MWh
晨星電力股份有限公司,(陽光)元翎第一宿舍,太陽能,2026,34.186,0,雲林縣虎尾鎮科虎三路22號,105.4 kW,晨星電力股份有限公司,25SP2172-B026000001~35,5/20/26,2026-01-01~2026-03-31,認可,認可,34.186 MWh,0 MWh
宇軒電業股份有限公司,尚德段2196地號,太陽能,2026,10.114,0,雲林縣臺西鄉尚德段2196地號,104.4 kW,宇軒電業股份有限公司,25SP2840-B026000010~20,4/15/26,2026-02-01~2026-02-28,認可,認可,10.114 MWh,0 MWh
晨星電力股份有限公司,(統益)枋寮高中(屋頂),太陽能,2026,34.692,0,屏東縣枋寮鄉新龍村義民路3號(屏東縣立枋寮高級中學),104.28 kW,晨星電力股份有限公司,25SP1066-B026000001~36,5/20/26,2026-01-01~2026-03-31,認可,認可,34.692 MWh,0 MWh
天能綠電股份有限公司,聯合再生21-凌雲國中桃園市龍潭區屋頂型太陽能光電場,太陽能,2026,24.658,0,桃園市龍潭區中豐路上林段418號,104.28 kW,天能綠電股份有限公司,25SP2699-B026000003~31,5/20/26,2026-01-01~2026-03-31,認可,認可,24.658 MWh,0 MWh
星星電力股份有限公司,匯僑-匯僑台南停車場(總安段),太陽能,2026,25.102,0,臺南市安南區總安段1090-0000地號,104.185 kW,星星電力股份有限公司,25SP3410-B026000001~27,5/20/26,2026-01-01~2026-03-31,認可,認可,25.102 MWh,0 MWh
李長榮化學工業股份有限公司(大社廠),李長榮化學工業股份有限公司(大社廠)-餐廳,太陽能,2026,0,32.144,高雄市大社區經建路2號,103.36 kW,李長榮化學工業股份有限公司(大社廠),23SP0170-B026000001~34,5/20/26,2026-01-01~2026-03-31,認可,認可,0 MWh,32.144 MWh
桓宇鋼鐵有限公司,桓宇自用103.32K,太陽能,2026,0,8.232,彰化縣和美鎮東原路241巷68號,103.32 kW,桓宇鋼鐵有限公司,24SP1941-B026000001~9,4/1/26,2026-01-01~2026-02-28,認可,認可,0 MWh,8.232 MWh
天能綠電股份有限公司,富宇_草屯國小-車棚,太陽能,2026,24.546,2.439,南投縣草屯鎮玉峰段942地號(不包含特別管制區範圍(南投縣草屯鎮草屯國民小學)-車棚、風雨廊道,103.23 kW,天能綠電股份有限公司,25SP3995-B026000001~34,5/20/26,2026-01-01~2026-03-31,認可,認可,24.546 MWh,2.439 MWh
上銀科技股份有限公司,大北勢員工宿舍,太陽能,2026,0,26.948,雲林縣斗六市科福三街87號,103.18 kW,上銀科技股份有限公司,24SP1189-B026000001~29,5/20/26,2026-01-01~2026-03-31,認可,認可,0 MWh,26.948 MWh
怡和綠電超商股份有限公司,建豐-茄苳腳段665,太陽能,2026,34.575,0,屏東縣里港鄉茄苳腳段665地號,102.7 kW,怡和綠電超商股份有限公司,25SP1418-B026000001~36,5/20/26,2026-01-01~2026-03-31,認可,認可,34.575 MWh,0 MWh
晨星電力股份有限公司,(沅碁)民權國小三期,太陽能,2026,29.478,1.428,高雄市前鎮區沱江街200號,102.365 kW,晨星電力股份有限公司,25SP2935-B026000002~40,5/20/26,2026-01-01~2026-03-31,認可,認可,29.478 MWh,1.428 MWh
瓦特先生股份有限公司,I-AR21-106光榮國小,太陽能,2026,10.896,0,嘉義縣義竹鄉東光村64號,102.34 kW,瓦特先生股份有限公司,24SP0549-B026000001~12,5/20/26,2026-01-01~2026-03-31,認可,認可,10.896 MWh,0 MWh
大同智能股份有限公司,台中市屋頂型太陽光電系統-新平國小,太陽能,2026,30.534,0,臺中市太平區樹孝路336巷9號,102.3 kW,大同智能股份有限公司,24SP0305-B026000001~32,5/20/26,2026-01-01~2026-03-31,認可,認可,30.534 MWh,0 MWh
天能綠電股份有限公司,勝隆纖維一期(1)-彰化縣和美鎮屋頂型太陽光電案場,太陽能,2026,20.844,0,彰化縣和美鎮北園路91號,102.12 kW,天能綠電股份有限公司,25SP0557-B026000002~23,4/1/26,2026-01-01~2026-02-28,認可,認可,20.844 MWh,0 MWh
晨星電力股份有限公司,(統益)屏東高工(游池屋頂),太陽能,2026,30.732,0,屏東縣屏東市建國路25號(國立屏東高級工業職業學校【室內游泳池屋頂】),101.92 kW,晨星電力股份有限公司,25SP1071-B026000001~33,5/20/26,2026-01-01~2026-03-31,認可,認可,30.732 MWh,0 MWh
晨星電力股份有限公司,(加州儲能)成功國中二期,太陽能,2026,29.871,0,臺南市北區和緯路一段二號,101.85 kW,晨星電力股份有限公司,25SP2588-B026000001~32,5/20/26,2026-01-01~2026-03-31,認可,認可,29.871 MWh,0 MWh
大將作工業股份有限公司,大將作工業股份有限公司,太陽能,2026,0,13.188,彰化縣鹿港鎮工業東四路12之1號,101.64 kW,大將作工業股份有限公司,25SP0648-B026000001~15,5/20/26,2026-01-01~2026-03-31,認可,認可,0 MWh,13.188 MWh
天能綠電股份有限公司,昱泰能源-中華二期屋頂型太陽能電廠,太陽能,2026,29.168,0,臺中市北區漢口路三段2號,101.4 kW,天能綠電股份有限公司,25SP0310-B026000001~31,5/20/26,2026-01-01~2026-03-31,認可,認可,29.168 MWh,0 MWh
天能綠電股份有限公司,聯合再生28-頭洲國小桃園市新屋區屋頂型太陽能光電場,太陽能,2026,22.451,0,桃園市新屋區校前路72號,101.32 kW,天能綠電股份有限公司,25SP0543-B026000003~29,5/20/26,2026-01-01~2026-03-31,認可,認可,22.451 MWh,0 MWh
晨星電力股份有限公司,仁興-2期,太陽能,2026,34.175,0,彰化縣鹿港鎮頭崙巷26之1號(彰化縣鹿港鎮鹿犁段234、235、236地號),100.86 kW,晨星電力股份有限公司,25SP4008-B026000001~35,5/20/26,2026-01-01~2026-03-31,認可,認可,34.175 MWh,0 MWh
衛生福利部嘉南療養院,衛生福利部嘉南療養院1期,太陽能,2026,0,32.896,臺南市仁德區裕忠路539號,100.8 kW,衛生福利部嘉南療養院,18SP0001-B026000001~34,5/20/26,2026-01-01~2026-03-31,認可,認可,0 MWh,32.896 MWh
華興工業股份有限公司,華興工業股份有限公司(中州廠),太陽能,2026,0,9.29,臺南市學甲區中洲里中洲15之20號,100.035 kW,華興工業股份有限公司,25SP1425-B026000001~10,3/4/26,2026-01-01~2026-01-31,認可,認可,0 MWh,9.29 MWh
續興股份有限公司,泰鶴生醫,太陽能,2026,28.745,0,嘉義縣大林鎮大美里大埔美園區七路8號,99.99 kW,續興股份有限公司,25SP3302-B026000001~30,5/20/26,2026-01-01~2026-03-31,認可,認可,28.745 MWh,0 MWh
阿波羅電力股份有限公司,環球大宇宙彌陀公所,太陽能,2026,29.458,0,高雄市彌陀區中華路4號,99.99 kW,阿波羅電力股份有限公司,24SP0591-B026000001~31,5/20/26,2026-01-01~2026-03-31,認可,認可,29.458 MWh,0 MWh
晨星電力股份有限公司,(一二三)德富奈米,太陽能,2026,27.907,0,臺中市梧棲區向上路九段321巷26號,99.99 kW,晨星電力股份有限公司,25SP1247-B026000001~29,5/20/26,2026-01-01~2026-03-31,認可,認可,27.907 MWh,0 MWh
星星電力股份有限公司,綠耀-寶鐿,太陽能,2026,31.1,0,臺南市安南區佃東里新吉三路68號,99.99 kW,星星電力股份有限公司,26SP0002-B026000001~32,5/20/26,2026-01-01~2026-03-31,認可,認可,31.1 MWh,0 MWh
阿波羅電力股份有限公司,睿陽桃園 龜山 金益大樓 二期,太陽能,2026,13.643,8.904,桃園市龜山區民生北路1段166巷9號、11號,99.99 kW,阿波羅電力股份有限公司,25SP0722-B026000001~24,5/20/26,2026-01-01~2026-03-31,認可,認可,13.643 MWh,8.904 MWh
怡和綠電超商股份有限公司,漢翔(王董)-丁信銓,太陽能,2026,8.572,0,雲林縣臺西鄉光華村光華97號,99.99 kW,怡和綠電超商股份有限公司,25SP1284-B026000010~18,4/1/26,2026-02-01~2026-02-28,認可,認可,8.572 MWh,0 MWh
續興股份有限公司,大翔油漆,太陽能,2026,25.219,0,臺南市佳里區萊芊寮12之20號,99.99 kW,續興股份有限公司,25SP0248-B026000001~27,5/20/26,2026-01-01~2026-03-31,認可,認可,25.219 MWh,0 MWh
大自然能源電業股份有限公司,NP101054C010瓦度(公學路全聯),太陽能,2026,18.798,13.126,臺南市安南區公學路四段29、31號,99.99 kW,大自然能源電業股份有限公司,25SP0250-B026000001~33,5/20/26,2026-01-01~2026-03-31,認可,認可,18.798 MWh,13.126 MWh
天能綠電股份有限公司,豐光12-屏東徐俊傑屋頂型太陽光電案場,太陽能,2026,29.94,0,屏東縣內埔鄉屏東縣內埔鄉新田路803號,99.99 kW,天能綠電股份有限公司,24SP1994-B026000001~37,5/20/26,2026-01-01~2026-03-31,認可,認可,29.94 MWh,0 MWh
艾涅爾電力股份有限公司,城八能源-來儀企業社PV0443,太陽能,2026,18.86,0,高雄市岡山區大莊路57號,99.99 kW,艾涅爾電力股份有限公司,25SP0201-B026000001~20,4/8/26,2026-01-01~2026-02-28,認可,認可,18.86 MWh,0 MWh
艾涅爾電力股份有限公司,賽斯-六龜新發段712地號建地,太陽能,2026,16.663,0,高雄市六龜區新發段0172-0000地號,99.99 kW,艾涅爾電力股份有限公司,24SP0293-B026000001~18,4/8/26,2026-01-01~2026-02-28,認可,認可,16.663 MWh,0 MWh
艾涅爾電力股份有限公司,賽斯-美濃龍肚段28-1地號建地,太陽能,2026,18.087,0,高雄市美濃區龍肚段二小段0028-0001地號,99.99 kW,艾涅爾電力股份有限公司,24SP0181-B026000001~19,4/8/26,2026-01-01~2026-02-28,認可,認可,18.087 MWh,0 MWh
大自然能源電業股份有限公司,NP171008C002錦軒能源(鳳鳴國中),太陽能,2026,21.087,0,南投縣南投市八卦路896號,99.99 kW,大自然能源電業股份有限公司,24SP1331-B026000001~31,5/20/26,2026-01-01~2026-03-31,認可,認可,21.087 MWh,0 MWh
寶島陽光電力事業股份有限公司,玉衡能源股份有限公司 (FS2103002),太陽能,2026,31.691,0,臺中市南屯區向心南路811號,99.99 kW,寶島陽光電力事業股份有限公司,25SP0501-B026000001~37,5/20/26,2026-01-01~2026-03-31,認可,認可,31.691 MWh,0 MWh
續興股份有限公司,安喬模具,太陽能,2026,32.195,0,高雄市岡山區大埔二街69巷8之1號,99.99 kW,續興股份有限公司,25SP0330-B026000001~35,5/20/26,2026-01-01~2026-03-31,認可,認可,32.195 MWh,0 MWh
寶島陽光電力事業股份有限公司,玉衡能源股份有限公司 (FS2104001),太陽能,2026,33.385,0,臺中市南屯區懷德街70號,99.99 kW,寶島陽光電力事業股份有限公司,25SP0497-B026000001~39,5/20/26,2026-01-01~2026-03-31,認可,認可,33.385 MWh,0 MWh
怡和綠電超商股份有限公司,京進-祥和,太陽能,2026,15.977,12.002,嘉義縣東石鄉洲仔村洲仔188號,99.99 kW,怡和綠電超商股份有限公司,25SP1696-B026000001~30,5/20/26,2026-01-01~2026-03-31,認可,認可,15.977 MWh,12.002 MWh
晨星電力股份有限公司,(佳金)久情企業有限公司,太陽能,2026,27.914,0,高雄市鳳山區輜汽北一路15之1號,99.96 kW,晨星電力股份有限公司,25SP3085-B026000001~29,5/20/26,2026-01-01~2026-03-31,認可,認可,27.914 MWh,0 MWh
晨星電力股份有限公司,(銓泰)富眾汽車,太陽能,2026,32.282,0,彰化縣大村鄉中山路三段59號,99.96 kW,晨星電力股份有限公司,25SP1250-B026000001~34,5/20/26,2026-01-01~2026-03-31,認可,認可,32.282 MWh,0 MWh
天能綠電股份有限公司,鼎全工程-忠孝國小一期屋頂型太陽光案場,太陽能,2026,7.315,10.015,高雄市鳳山區新富路630號,99.96 kW,天能綠電股份有限公司,25SP2875-B026000001~19,5/20/26,2026-01-01~2026-03-31,認可,認可,7.315 MWh,10.015 MWh
怡和綠電超商股份有限公司,賽斯-湖內民眾活動中心,太陽能,2026,31.618,0,高雄市湖內區中正路二段79號,99.96 kW,怡和綠電超商股份有限公司,25SP1113-B026000001~34,5/20/26,2026-01-01~2026-03-31,認可,認可,31.618 MWh,0 MWh
晨星電力股份有限公司,(永豐)林振源一期,太陽能,2026,34.146,0,彰化縣秀水鄉彰水路二段620巷32、32-1、32-2、32-3、32-5、32-6號,99.96 kW,晨星電力股份有限公司,25SP3313-B026000001~36,5/20/26,2026-01-01~2026-03-31,認可,認可,34.146 MWh,0 MWh
天能綠電股份有限公司,勝皇科技_06屏東仙吉國小屋頂型太陽光電案場,太陽能,2026,25.705,0,屏東縣新園鄉仙吉村仙吉路91號（屏東縣新園鄉仙吉國民小學）,99.96 kW,天能綠電股份有限公司,25SP3854-B026000001~27,5/20/26,2026-01-01~2026-03-31,認可,認可,25.705 MWh,0 MWh
陽光伏特家電力股份有限公司,光鼎綠電1號,太陽能,2026,27.446,0,嘉義市東區保忠一街55號,99.96 kW,陽光伏特家電力股份有限公司,23SP0219-B026000250~379,5/20/26,2026-01-01~2026-03-31,認可,認可,27.446 MWh,0 MWh
天能綠電股份有限公司,禾淯鼓山-高雄市鼓山區屋頂型太陽光電案場,太陽能,2026,29.34,0,高雄市鼓山區華榮路345號、慶豐街108巷13號,99.96 kW,天能綠電股份有限公司,25SP0827-B026000001~33,5/20/26,2026-01-01~2026-03-31,認可,認可,29.34 MWh,0 MWh
星星電力股份有限公司,元京 - 田寮10-6,太陽能,2026,8.807,0,臺北市士林區高雄市田寮區西德路山腳巷10-6號,99.96 kW,星星電力股份有限公司,25SP2319-B026000010~18,4/8/26,2026-02-01~2026-02-28,認可,認可,8.807 MWh,0 MWh
續興股份有限公司,合順二廠,太陽能,2026,33.586,0,高雄市岡山區嘉興里嘉華路50-1號,99.96 kW,續興股份有限公司,25SP0096-B026000001~35,5/20/26,2026-01-01~2026-03-31,認可,認可,33.586 MWh,0 MWh
星星電力股份有限公司,聯成_吉彰耐隆第一期,太陽能,2026,15.344,0,臺中市龍井區茄投路一段1巷31號,99.96 kW,星星電力股份有限公司,24SP1750-B026000001~16,4/8/26,2026-01-01~2026-02-28,認可,認可,15.344 MWh,0 MWh
陽光伏特家電力股份有限公司,恆曜台中2廠,太陽能,2026,27.35,0,臺中市和平區東關路1段松鶴三巷10號,99.96 kW,陽光伏特家電力股份有限公司,25SP0416-B026000001~29,5/20/26,2026-01-01~2026-03-31,認可,認可,27.35 MWh,0 MWh
陽光伏特家電力股份有限公司,聯奇台南12廠,太陽能,2026,13.482,0,臺南市新市區活水路11號,99.96 kW,陽光伏特家電力股份有限公司,25SP0080-B026000006~29,5/20/26,2026-01-01~2026-03-31,認可,認可,13.482 MWh,0 MWh
十萬伏特電力股份有限公司,宏昇機械,太陽能,2026,18.904,0,臺中市大雅區雅潭路三段401巷2號,99.96 kW,十萬伏特電力股份有限公司,25SP3472-B026000001~20,4/1/26,2026-01-01~2026-02-28,認可,認可,18.904 MWh,0 MWh
富威電力股份有限公司,旭天-大寮聯絡處太陽光電發電廠,太陽能,2026,28.032,0,高雄市大寮區三隆路299號,99.94 kW,富威電力股份有限公司,25SP2377-B026000001~30,5/20/26,2026-01-01~2026-03-31,認可,認可,28.032 MWh,0 MWh
武漢科技股份有限公司,武漢科技股份有限公司,太陽能,2026,0,20.913,彰化縣和美鎮東谷路126號,99.94 kW,武漢科技股份有限公司,25SP2778-B026000001~21,4/15/26,2025-11-13~2026-02-28,認可,認可,0 MWh,20.913 MWh
天能綠電股份有限公司,光旭盈18-高雄信昌制網屋頂型太陽光電案場,太陽能,2026,30.648,0,高雄市鳥松區高雄市鳥松區美山路19巷19弄22號,99.94 kW,天能綠電股份有限公司,24SP1921-B026000001~37,5/20/26,2026-01-01~2026-03-31,認可,認可,30.648 MWh,0 MWh
天能綠電股份有限公司,光旭盈16-台南歲紘二廠屋頂型光電案場,太陽能,2026,27.673,4.248,臺南市歸仁區台南市歸仁區西埔一街660巷200號,99.94 kW,天能綠電股份有限公司,24SP2140-B026000001~37,5/20/26,2026-01-01~2026-03-31,認可,認可,27.673 MWh,4.248 MWh
台灣東洋先端科技股份有限公司,108112PV0464台南廠,太陽能,2026,0,19.064,臺南市安南區工業三路50號,99.94 kW,台灣東洋先端科技股份有限公司,24SP1244-B026000001~20,4/1/26,2026-01-01~2026-02-28,認可,認可,0 MWh,19.064 MWh
大自然能源電業股份有限公司,NP071055C001(臺中市龍井農會市場),太陽能,2026,16.574,11.105,臺中市龍井區臺中市龍井區龍門路48之16號、48之17號、48之18號、48之19號、48之20號、舊車路1之148號、1之149號、1之150號、1之151號、1之152號、1之153號、1之155號、1之156號,99.94 kW,大自然能源電業股份有限公司,25SP0570-B026000001~30,5/20/26,2026-01-01~2026-03-31,認可,認可,16.574 MWh,11.105 MWh
怡和綠電超商股份有限公司,弦華科技-高雄市大寮區華西路32-2號-1+2期(屋頂型),太陽能,2026,19.244,8.67,高雄市大寮區華西路32之2號,99.94 kW,怡和綠電超商股份有限公司,25SP2581-B026000001~33,5/20/26,2026-01-01~2026-03-31,認可,認可,19.244 MWh,8.67 MWh
星星電力股份有限公司,傑能-彰化王明樹,太陽能,2026,29.59,0,彰化縣芳苑鄉新復路二段建245號,99.905 kW,星星電力股份有限公司,25SP2305-B026000001~35,5/20/26,2026-01-01~2026-03-31,認可,認可,29.59 MWh,0 MWh
陽光伏特家電力股份有限公司,元登屏東8廠,太陽能,2026,22.031,0,屏東縣長治鄉番仔寮段1052地號,99.9 kW,陽光伏特家電力股份有限公司,24SP0711-B026000014~69,5/20/26,2026-01-01~2026-03-31,認可,認可,22.031 MWh,0 MWh
續興股份有限公司,楊宗榮廠房,太陽能,2026,31.155,0,南投縣草屯鎮中正路1149號,99.9 kW,續興股份有限公司,25SP2969-B026000001~33,5/20/26,2026-01-01~2026-03-31,認可,認可,31.155 MWh,0 MWh
晨星電力股份有限公司,(誠陽)學園農業設施,太陽能,2026,32.466,1.755,屏東縣枋寮鄉人和村建興路53巷50號,99.9 kW,晨星電力股份有限公司,25SP4058-B026000001~44,5/20/26,2026-01-01~2026-03-31,認可,認可,32.466 MWh,1.755 MWh
開陽電力股份有限公司,玖基企業股份有限公司-石城國小,太陽能,2026,19.627,0,臺中市東勢區石城街182巷26號,99.9 kW,開陽電力股份有限公司,25SP2146-B026000001~21,4/1/26,2026-01-01~2026-02-28,認可,認可,19.627 MWh,0 MWh
開陽電力股份有限公司,玖基企業股份有限公司-農業部農業藥物試驗所(教育訓練中心),太陽能,2026,16.977,0,臺中市霧峰區光明路11號,99.9 kW,開陽電力股份有限公司,25SP1616-B026000001~18,4/1/26,2026-01-01~2026-02-28,認可,認可,16.977 MWh,0 MWh
怡和綠電超商股份有限公司,尹燕霓-長治鄉榮華段1137-1地號,太陽能,2026,31.108,0,屏東縣長治鄉榮華段1137-1地號,99.9 kW,怡和綠電超商股份有限公司,25SP3960-B026000001~37,5/20/26,2026-01-01~2026-03-31,認可,認可,31.108 MWh,0 MWh
怡和綠電超商股份有限公司,孫恩源-內埔鄉圳頭段346地號,太陽能,2026,29.631,0,屏東縣內埔鄉圳頭段0346-0000地號,99.9 kW,怡和綠電超商股份有限公司,25SP3973-B026000001~36,5/20/26,2026-01-01~2026-03-31,認可,認可,29.631 MWh,0 MWh
怡和綠電超商股份有限公司,孫茂榮-內埔鄉圳頭段346-2地號,太陽能,2026,30.418,0,屏東縣內埔鄉圳頭段346-2地號,99.9 kW,怡和綠電超商股份有限公司,25SP3959-B026000001~37,5/20/26,2026-01-01~2026-03-31,認可,認可,30.418 MWh,0 MWh
富威電力股份有限公司,日晶-六腳崙陽太陽光電發電廠,太陽能,2026,13.341,0,嘉義縣六腳鄉崙陽村崙子103之45號,99.9 kW,富威電力股份有限公司,24SP2075-B026000011~40,4/1/26,2026-01-01~2026-02-28,認可,認可,13.341 MWh,0 MWh
怡和綠電超商股份有限公司,鑫興-金鼎冷氣,太陽能,2026,10.11,0,臺南市安定區中沙里沙崙26之1號,99.9 kW,怡和綠電超商股份有限公司,25SP1199-B026000011~21,4/1/26,2026-02-01~2026-02-28,認可,認可,10.11 MWh,0 MWh
怡和綠電超商股份有限公司,怡和綠能-協鈦科技,太陽能,2026,8.371,0,臺南市永康區蔦松三街147巷51號,99.9 kW,怡和綠電超商股份有限公司,25SP2564-B026000009~17,4/1/26,2026-02-01~2026-02-28,認可,認可,8.371 MWh,0 MWh
富威電力股份有限公司,聚眾-屏東啟智教養院太陽光電發電廠,太陽能,2026,13.476,14.564,屏東縣屏東市廣東路802巷70之1號,99.9 kW,富威電力股份有限公司,25SP1638-B026000002~37,5/20/26,2026-01-01~2026-03-31,認可,認可,13.476 MWh,14.564 MWh
怡和綠電超商股份有限公司,大昇-高雄內門_徐鳳珠,太陽能,2026,28.081,0,高雄市內門區三平里橫山5之5號,99.9 kW,怡和綠電超商股份有限公司,25SP2449-B026000001~30,5/20/26,2026-01-01~2026-03-31,認可,認可,28.081 MWh,0 MWh
怡和綠電超商股份有限公司,清晨光科技-內埔鄉圳頭段281地號,太陽能,2026,9.373,0,屏東縣內埔鄉圳頭段281地號,99.9 kW,怡和綠電超商股份有限公司,25SP2634-B026000010~19,4/1/26,2026-02-01~2026-02-28,認可,認可,9.373 MWh,0 MWh
怡和綠電超商股份有限公司,紅升-內埔竹圍段617地面型,太陽能,2026,25.831,0,屏東縣內埔鄉新北勢段1174-4地號(重測後:內埔鄉竹圍段0617-0000地號),99.9 kW,怡和綠電超商股份有限公司,25SP1519-B026000001~28,5/20/26,2026-01-01~2026-03-31,認可,認可,25.831 MWh,0 MWh
怡和綠電超商股份有限公司,清晨光科技-內埔鄉圳頭段281-2地號,太陽能,2026,9.731,0,屏東縣內埔鄉圳頭段0281-0002地號,99.9 kW,怡和綠電超商股份有限公司,25SP2633-B026000011~20,4/1/26,2026-02-01~2026-02-28,認可,認可,9.731 MWh,0 MWh
艾涅爾電力股份有限公司,日安-雲林傑承PV0082,太陽能,2026,17.576,0,雲林縣虎尾鎮頂溪里崁腳29之5號,99.9 kW,艾涅爾電力股份有限公司,25SP0612-B026000001~19,4/8/26,2026-01-01~2026-02-28,認可,認可,17.576 MWh,0 MWh
阿波羅電力股份有限公司,辰翔洪文昌二期,太陽能,2026,28.834,0,彰化縣二林鎮新生路569巷47弄建18號(彰化縣二林鎮偉糖段0747-0000、0748-0000地號),99.9 kW,阿波羅電力股份有限公司,24SP2209-B026000001~31,5/20/26,2026-01-01~2026-03-31,認可,認可,28.834 MWh,0 MWh
阿波羅電力股份有限公司,辰翔洪文昌三期,太陽能,2026,29.822,0,彰化縣二林鎮新生路569巷47弄建18號(彰化縣二林鎮偉糖段0747-0000、0748-0000地號),99.9 kW,阿波羅電力股份有限公司,24SP2239-B026000001~31,5/20/26,2026-01-01~2026-03-31,認可,認可,29.822 MWh,0 MWh
艾涅爾電力股份有限公司,晴棠寬-七賢新興大樓,太陽能,2026,18.55,0,高雄市新興區七賢一路480號,99.9 kW,艾涅爾電力股份有限公司,24SP2273-B026000001~20,4/8/26,2026-01-01~2026-02-28,認可,認可,18.55 MWh,0 MWh
天能綠電股份有限公司,宏威環球-屏東萬丹2號屋頂型太陽光電案場,太陽能,2026,27.555,0,屏東縣萬丹鄉屏東縣萬丹鄉和平西路436巷89號,99.9 kW,天能綠電股份有限公司,24SP1401-B026000001~32,5/20/26,2026-01-01~2026-03-31,認可,認可,27.555 MWh,0 MWh
星星電力股份有限公司,群益曦力劉李春美一期(雲林),太陽能,2026,25.533,0,雲林縣二崙鄉湳子路30之18號,99.9 kW,星星電力股份有限公司,25SP3719-B026000001~29,5/20/26,2026-01-01~2026-03-31,認可,認可,25.533 MWh,0 MWh
艾涅爾電力股份有限公司,城八能源-龍澤企業PV0393,太陽能,2026,16.726,0,彰化縣線西鄉中央路3段2巷92號,99.9 kW,艾涅爾電力股份有限公司,25SP0633-B026000001~18,4/8/26,2026-01-01~2026-02-28,認可,認可,16.726 MWh,0 MWh
艾涅爾電力股份有限公司,承呈科技-南州陳石案PV0380,太陽能,2026,14.962,0,屏東縣南州鄉壽元段1781-0000地號,99.9 kW,艾涅爾電力股份有限公司,24SP0949-B026000001~16,4/8/26,2026-01-01~2026-02-28,認可,認可,14.962 MWh,0 MWh
艾涅爾電力股份有限公司,承呈科技-南州陳石案PV0381,太陽能,2026,14.221,0,屏東縣南州鄉壽元段1782-0000地號,99.9 kW,艾涅爾電力股份有限公司,24SP1048-B026000001~74,5/20/26,2026-01-01~2026-02-28,認可,認可,14.221 MWh,0 MWh
艾涅爾電力股份有限公司,日安-彰化酷頂PV0451,太陽能,2026,18.377,0,彰化縣和美鎮太平路483、485號,99.9 kW,艾涅爾電力股份有限公司,25SP0745-B026000001~19,4/8/26,2026-01-01~2026-02-28,認可,認可,18.377 MWh,0 MWh
大自然能源電業股份有限公司,NP121055C006福展(獅子鄉857-18地號),太陽能,2026,17.067,11.417,屏東縣獅子鄉丹路段857-18地號,99.9 kW,大自然能源電業股份有限公司,25SP0107-B026000001~30,5/20/26,2026-01-01~2026-03-31,認可,認可,17.067 MWh,11.417 MWh
寶島陽光電力事業股份有限公司,日沛能源有限公司(TW170619),太陽能,2026,12.926,0,屏東縣鹽埔鄉洛寧路76之28號,99.9 kW,寶島陽光電力事業股份有限公司,24SP2152-B026000002~23,5/20/26,2026-01-01~2026-03-31,認可,認可,12.926 MWh,0 MWh
寶島陽光電力事業股份有限公司,豐照能源股份有限公司 (FS2010001),太陽能,2026,26.542,0,屏東縣南州鄉壽元段967地號,99.9 kW,寶島陽光電力事業股份有限公司,24SP2112-B026000001~34,5/20/26,2026-01-01~2026-03-31,認可,認可,26.542 MWh,0 MWh
陽光伏特家電力股份有限公司,元登屏東40廠,太陽能,2026,32.159,0,屏東縣里港鄉瀰力肚段1078-0002地號,99.9 kW,陽光伏特家電力股份有限公司,24SP0367-B026000001~33,5/20/26,2026-01-01~2026-03-31,認可,認可,32.159 MWh,0 MWh
阿波羅電力股份有限公司,辰翔洪文昌一期,太陽能,2026,30.415,0,彰化縣二林鎮新生路569巷47弄建18號(彰化縣二林鎮偉糖段0747-0000、0748-0000地號),99.9 kW,阿波羅電力股份有限公司,24SP2210-B026000001~31,5/20/26,2026-01-01~2026-03-31,認可,認可,30.415 MWh,0 MWh
續興股份有限公司,長治協華536,太陽能,2026,20.487,0,屏東縣長治鄉協華段0536-0000地號,99.9 kW,續興股份有限公司,24SP0996-B026000003~24,5/20/26,2026-01-01~2026-03-31,認可,認可,20.487 MWh,0 MWh
大自然能源電業股份有限公司,NP101070C002(矽原),太陽能,2026,26.011,3.687,臺南市永康區鹽行里中正三街486巷50號,99.9 kW,大自然能源電業股份有限公司,25SP1267-B026000001~33,5/20/26,2026-01-01~2026-03-31,認可,認可,26.011 MWh,3.687 MWh
大自然能源電業股份有限公司,NP121056C001龍光(獅子鄉865地號),太陽能,2026,15.175,10.13,屏東縣獅子鄉丹路段865地號,99.9 kW,大自然能源電業股份有限公司,25SP0108-B026000001~27,5/20/26,2026-01-01~2026-03-31,認可,認可,15.175 MWh,10.13 MWh
陽光伏特家電力股份有限公司,元登屏東34廠,太陽能,2026,30.361,0,屏東縣南州鄉萬華段218-1地號,99.9 kW,陽光伏特家電力股份有限公司,24SP0634-B026000001~32,5/20/26,2026-01-01~2026-03-31,認可,認可,30.361 MWh,0 MWh
陽光伏特家電力股份有限公司,元登屏東36廠,太陽能,2026,29.479,0,屏東縣萬巒鄉赤新段0305-0000地號,99.9 kW,陽光伏特家電力股份有限公司,24SP0836-B026000001~32,5/20/26,2026-01-01~2026-03-31,認可,認可,29.479 MWh,0 MWh
陽光伏特家電力股份有限公司,元登屏東48廠,太陽能,2026,31.753,0,屏東縣鹽埔鄉屏東縣鹽埔鄉仕絨段222地號,99.9 kW,陽光伏特家電力股份有限公司,24SP1370-B026000001~34,5/20/26,2026-01-01~2026-03-31,認可,認可,31.753 MWh,0 MWh
陽光伏特家電力股份有限公司,元登屏東32廠,太陽能,2026,33.544,0,屏東縣潮州鎮崙東段0404-0001地號,99.9 kW,陽光伏特家電力股份有限公司,24SP0605-B026000001~35,5/20/26,2026-01-01~2026-03-31,認可,認可,33.544 MWh,0 MWh
國家科學及技術委員會南部科學園區管理局,廣停四停車場,太陽能,2026,0,39,臺南市新市區新科段48地號,99.9 kW,國家科學及技術委員會南部科學園區管理局,23SP0132-B026000001~39,5/20/26,2025-12-01~2026-03-31,認可,認可,0 MWh,39 MWh
天能綠電股份有限公司,高雄市誼峻實業屋頂型太陽光電案場,太陽能,2026,8.928,0,高雄市路竹區順安路309號,99.9 kW,天能綠電股份有限公司,24SP0117-B026000001~10,3/4/26,2026-01-01~2026-01-31,認可,認可,8.928 MWh,0 MWh
陽光伏特家電力股份有限公司,元登屏東46廠,太陽能,2026,30.769,0,屏東縣內埔鄉犁頭鏢段1087-0000地號,99.9 kW,陽光伏特家電力股份有限公司,24SP0359-B026000001~32,5/20/26,2026-01-01~2026-03-31,認可,認可,30.769 MWh,0 MWh
陽光伏特家電力股份有限公司,元登屏東30廠,太陽能,2026,29.394,0,屏東縣萬巒鄉屏東縣萬巒鄉赤新段696地號,99.9 kW,陽光伏特家電力股份有限公司,24SP0848-B026000001~31,5/20/26,2026-01-01~2026-03-31,認可,認可,29.394 MWh,0 MWh
陽光伏特家電力股份有限公司,元登屏東35廠,太陽能,2026,31.319,0,屏東縣長治鄉興華段0650-0000地號,99.9 kW,陽光伏特家電力股份有限公司,24SP0633-B026000001~33,5/20/26,2026-01-01~2026-03-31,認可,認可,31.319 MWh,0 MWh
艾涅爾電力股份有限公司,新晶-犂頭鏢PV0372,太陽能,2026,5.305,0,屏東縣內埔鄉犁頭鏢段1115-0002地號,99.9 kW,艾涅爾電力股份有限公司,24SP0101-B026000006~11,4/8/26,2026-02-01~2026-02-28,認可,認可,5.305 MWh,0 MWh
艾涅爾電力股份有限公司,新思路-七里PV0267,太陽能,2026,10.371,0,屏東縣枋山鄉七里段0345-0000地號,99.9 kW,艾涅爾電力股份有限公司,24SP0059-B026000011~21,4/8/26,2026-02-01~2026-02-28,認可,認可,10.371 MWh,0 MWh
艾涅爾電力股份有限公司,新晶-七里PV0272,太陽能,2026,17.81,0,屏東縣枋山鄉七里段0348-0000地號,99.9 kW,艾涅爾電力股份有限公司,24SP0039-B026000001~19,4/8/26,2026-01-01~2026-02-28,認可,認可,17.81 MWh,0 MWh
艾涅爾電力股份有限公司,新思路-丹林PV0550,太陽能,2026,13.08,0,屏東縣來義鄉丹林段1564-0003地號,99.9 kW,艾涅爾電力股份有限公司,24SP0090-B026000001~14,4/8/26,2026-01-01~2026-02-28,認可,認可,13.08 MWh,0 MWh
艾涅爾電力股份有限公司,新晶-丹林PV0567,太陽能,2026,15.689,0,屏東縣來義鄉丹林段1574-0003地號,99.9 kW,艾涅爾電力股份有限公司,24SP0088-B026000001~17,4/8/26,2026-01-01~2026-02-28,認可,認可,15.689 MWh,0 MWh
怡和綠電超商股份有限公司,弦華科技-高雄市大寮區農場路191號-1+2期(屋頂型),太陽能,2026,20.436,10.024,高雄市大寮區農場路191號,99.9 kW,怡和綠電超商股份有限公司,25SP2397-B026000001~36,5/20/26,2026-01-01~2026-03-31,認可,認可,20.436 MWh,10.024 MWh
阿波羅電力股份有限公司,銘峻戴福隆場99.9kW,太陽能,2026,23.007,14.589,臺南市下營區大吉里大屯寮45之15號 (下營區大屯寮段0769-0023、0769-0024地號),99.9 kW,阿波羅電力股份有限公司,25SP1822-B026000001~39,5/20/26,2026-01-01~2026-03-31,認可,認可,23.007 MWh,14.589 MWh
續興股份有限公司,義典科技,太陽能,2026,10.324,0,臺南市佳里區六安里130號,99.855 kW,續興股份有限公司,25SP1090-B026000002~12,4/1/26,2026-01-01~2026-02-28,認可,認可,10.324 MWh,0 MWh
陽光伏特家電力股份有限公司,文鴻彰化6廠,太陽能,2026,32.838,0,彰化縣鹿港鎮振興段1048-0000地號,99.84 kW,陽光伏特家電力股份有限公司,24SP2472-B026000012~92,5/20/26,2026-01-01~2026-03-31,認可,認可,32.838 MWh,0 MWh
富威電力股份有限公司,拓旭-枋山舊庄段627-1太陽光電發電廠,太陽能,2026,18.148,0,屏東縣枋山鄉舊庄段0627-0001地號,99.84 kW,富威電力股份有限公司,25SP1926-B026000012~41,4/1/26,2026-01-01~2026-02-28,認可,認可,18.148 MWh,0 MWh
陽光伏特家電力股份有限公司,智光南投2廠,太陽能,2026,6.972,0,南投縣竹山鎮延平二路6號、延平一路19號,99.84 kW,陽光伏特家電力股份有限公司,24SP2493-B026000001~8,5/20/26,2026-01-01~2026-03-31,認可,認可,6.972 MWh,0 MWh
怡和綠電超商股份有限公司,伊萊環保-富荃工業 21號,太陽能,2026,28.816,0,臺中市太平區工業十六路21號,99.84 kW,怡和綠電超商股份有限公司,25SP1367-B026000001~31,5/20/26,2026-01-01~2026-03-31,認可,認可,28.816 MWh,0 MWh
艾涅爾電力股份有限公司,育渲-苗栗苑裡西海段1316地號,太陽能,2026,17.588,0,苗栗縣苑裡鎮西海段1316-0000地號,99.84 kW,艾涅爾電力股份有限公司,24SP1215-B026000001~19,4/8/26,2026-01-01~2026-02-28,認可,認可,17.588 MWh,0 MWh
阿波羅電力股份有限公司,辰翔成綸新廠,太陽能,2026,29.929,0,臺南市永康區中正路350巷71號,99.84 kW,阿波羅電力股份有限公司,24SP0761-B026000001~31,5/20/26,2026-01-01~2026-03-31,認可,認可,29.929 MWh,0 MWh
大自然能源電業股份有限公司,NP121034C007大仁段126地號,太陽能,2026,17.282,0,屏東縣鹽埔鄉大仁段0126-0000地號,99.84 kW,大自然能源電業股份有限公司,24SP1518-B026000001~19,4/1/26,2026-01-01~2026-02-28,認可,認可,17.282 MWh,0 MWh
續興股份有限公司,七股鹿舍,太陽能,2026,35.13,0,臺南市七股區義合里義合15號之5,99.84 kW,續興股份有限公司,24SP0968-B026000001~36,5/20/26,2026-01-01~2026-03-31,認可,認可,35.13 MWh,0 MWh
大同智能股份有限公司,雅博國際_外埔農會,太陽能,2026,18.087,0,臺中市外埔區甲后路三段968號,99.84 kW,大同智能股份有限公司,25SP2769-B026000023~57,5/20/26,2026-01-01~2026-03-31,認可,認可,18.087 MWh,0 MWh
天能綠電股份有限公司,裕電_高雄前鎮譽昌機械廠房_屋頂型太陽光電案場,太陽能,2026,13.371,0,高雄市前鎮區新強路25號,99.83 kW,天能綠電股份有限公司,25SP2798-B026000001~14,5/20/26,2026-03-01~2026-03-31,認可,認可,13.371 MWh,0 MWh
怡和綠電超商股份有限公司,無限真實-彰化北斗中山路,太陽能,2026,27.217,0,彰化縣北斗鎮大松段1-82、1-83地號,99.83 kW,怡和綠電超商股份有限公司,25SP3585-B026000001~28,5/20/26,2026-01-01~2026-03-31,認可,認可,27.217 MWh,0 MWh
晨星電力股份有限公司,(晉丞)泰德軾,太陽能,2026,3.204,17.823,彰化縣田中鎮興酪路1段94號,99.822 kW,晨星電力股份有限公司,26SP0110-B026000004~29,5/20/26,2026-01-01~2026-03-31,認可,認可,3.204 MWh,17.823 MWh
艾涅爾電力股份有限公司,新思路-宣化PV0469,太陽能,2026,20.663,0,屏東縣恆春鎮宣化段0076-0003地號,99.82 kW,艾涅爾電力股份有限公司,24SP0038-B026000001~22,4/8/26,2026-01-01~2026-02-28,認可,認可,20.663 MWh,0 MWh
怡和綠電超商股份有限公司,漢翔(王董)-張樹林,太陽能,2026,17.871,0,彰化縣二林鎮原竹路20號,99.82 kW,怡和綠電超商股份有限公司,25SP1716-B026000001~19,4/1/26,2026-01-01~2026-02-28,認可,認可,17.871 MWh,0 MWh
晨星電力股份有限公司,(紳易)里港鄉新土庫-2,太陽能,2026,33.986,1.112,屏東縣里港鄉新土庫段1036-0000地號,99.82 kW,晨星電力股份有限公司,25SP4056-B026000001~46,5/20/26,2026-01-01~2026-03-31,認可,認可,33.986 MWh,1.112 MWh
晨星電力股份有限公司,(紳易)里港鄉新土庫-3,太陽能,2026,31.936,1.274,屏東縣里港鄉新土庫段1036-0001地號,99.82 kW,晨星電力股份有限公司,25SP4055-B026000001~44,5/20/26,2026-01-01~2026-03-31,認可,認可,31.936 MWh,1.274 MWh
晨星電力股份有限公司,(統益)大發工業區,太陽能,2026,31.72,0,高雄市大寮區華中路1號,99.82 kW,晨星電力股份有限公司,25SP3514-B026000001~43,5/20/26,2026-01-01~2026-03-31,認可,認可,31.72 MWh,0 MWh
陽光伏特家電力股份有限公司,南埔屏東1廠,太陽能,2026,28.921,0,屏東縣長治鄉番子寮段1101-0000地號,99.82 kW,陽光伏特家電力股份有限公司,25SP0320-B026000001~32,5/20/26,2026-01-01~2026-03-31,認可,認可,28.921 MWh,0 MWh
星星電力股份有限公司,國碩利高 - 2C楊文國,太陽能,2026,20.904,0,屏東縣內埔鄉早角段465-1地號。,99.82 kW,星星電力股份有限公司,24SP2496-B026000001~147,5/20/26,2026-01-01~2026-03-31,認可,認可,20.904 MWh,0 MWh
富威電力股份有限公司,台信-潮州蓬萊段44太陽光電發電廠,太陽能,2026,14.207,0,屏東縣潮州鎮蓬萊段44地號,99.82 kW,富威電力股份有限公司,25SP1929-B026000011~37,4/1/26,2026-01-01~2026-02-28,認可,認可,14.207 MWh,0 MWh
富威電力股份有限公司,威玉-董尚德太陽光電發電廠,太陽能,2026,13.482,14.989,屏東縣內埔鄉犁頭鏢段0950-0001地號,99.82 kW,富威電力股份有限公司,25SP1637-B026000002~37,5/20/26,2026-01-01~2026-03-31,認可,認可,13.482 MWh,14.989 MWh
怡和綠電超商股份有限公司,興發-屏東縣萬巒鄉公所老人文康活動中心,太陽能,2026,27.951,0,屏東縣萬巒鄉民生路28之12號,99.82 kW,怡和綠電超商股份有限公司,25SP1302-B026000001~30,5/20/26,2026-01-01~2026-03-31,認可,認可,27.951 MWh,0 MWh
大自然能源電業股份有限公司,NP101072C008 (蘇伯千),太陽能,2026,19.76,12.973,臺南市佳里區海澄里番子寮122之3號(佳里區新安段0529-0000地號),99.82 kW,大自然能源電業股份有限公司,25SP1264-B026000001~34,5/20/26,2026-01-01~2026-03-31,認可,認可,19.76 MWh,12.973 MWh
天能綠電股份有限公司,御鑒科技-屏東獅子鄉新路段208地面型光電案場(白鴻章一期),太陽能,2026,33.624,0,屏東縣獅子鄉新路段0208-0000地號,99.82 kW,天能綠電股份有限公司,24SP0395-B026000001~39,5/20/26,2026-01-01~2026-03-31,認可,認可,33.624 MWh,0 MWh
天能綠電股份有限公司,昱光-元益屋頂型太陽能電廠,太陽能,2026,15.356,10.346,臺南市永康區中山北路264巷28號,99.82 kW,天能綠電股份有限公司,25SP0289-B026000001~27,5/20/26,2026-01-01~2026-03-31,認可,認可,15.356 MWh,10.346 MWh
陽光伏特家電力股份有限公司,台中太陽餅17號,太陽能,2026,12.64,0,臺中市大肚區文昌二街140巷7弄11、13號,99.82 kW,陽光伏特家電力股份有限公司,24SP1281-B026000001~14,4/1/26,2026-01-01~2026-02-28,認可,認可,12.64 MWh,0 MWh
陽光伏特家電力股份有限公司,台南擔仔57號,太陽能,2026,12.606,0,臺南市仁德區太子路697號,99.82 kW,陽光伏特家電力股份有限公司,24SP1498-B026000001~14,4/1/26,2026-01-01~2026-02-28,認可,認可,12.606 MWh,0 MWh
天能綠電股份有限公司,宏威環球-高雄路竹2號屋頂型太陽光電案場,太陽能,2026,27.458,0,高雄市路竹區高雄市路竹區環球路623巷6、6之1、6之2、6之3號,99.82 kW,天能綠電股份有限公司,24SP1609-B026000001~30,5/20/26,2026-01-01~2026-03-31,認可,認可,27.458 MWh,0 MWh
陽光伏特家電力股份有限公司,凱銳能源台中1廠,太陽能,2026,25.639,0,臺中市大甲區幼七路2號,99.82 kW,陽光伏特家電力股份有限公司,24SP2118-B026000001~26,5/20/26,2026-01-01~2026-03-31,認可,認可,25.639 MWh,0 MWh
恆利電能股份有限公司,CYA-九如1 (99.82kw),太陽能,2026,23.455,0,屏東縣九如鄉大坵段0913-0000地號,99.82 kW,恆利電能股份有限公司,25SP0049-B026000001~32,5/20/26,2026-01-01~2026-03-31,認可,認可,23.455 MWh,0 MWh
天能綠電股份有限公司,御鑒科技-屏東獅子鄉丹路段857-16地面型光電案場(戴桐花),太陽能,2026,27.277,0,屏東縣獅子鄉丹路段857-16地號,99.82 kW,天能綠電股份有限公司,24SP0356-B026000001~32,5/20/26,2026-01-01~2026-03-31,認可,認可,27.277 MWh,0 MWh
南方電力股份有限公司,後庄國小太陽光電發電廠,太陽能,2026,32.274,0,屏東縣九如鄉中正路2號,99.82 kW,南方電力股份有限公司,24SP0174-B026000001~34,5/20/26,2026-01-01~2026-03-31,認可,認可,32.274 MWh,0 MWh
天能綠電股份有限公司,御鑒科技-屏東獅子鄉新路段208-1地面型光電案場(白鴻章二期),太陽能,2026,31.686,0,屏東縣獅子鄉新路段0208-0001地號,99.82 kW,天能綠電股份有限公司,24SP0379-B026000001~37,5/20/26,2026-01-01~2026-03-31,認可,認可,31.686 MWh,0 MWh
天能綠電股份有限公司,御鑒科技-屏東獅子鄉新路段207地面型光電案場(盧恆山),太陽能,2026,32.55,0,屏東縣獅子鄉新路段0207-0000地號,99.82 kW,天能綠電股份有限公司,24SP0380-B026000001~35,5/20/26,2026-01-01~2026-03-31,認可,認可,32.55 MWh,0 MWh
富威電力股份有限公司,永慶綠能-頂孝729太陽光電發電廠,太陽能,2026,15.583,0,屏東縣崁頂鄉頂孝段729地號,99.82 kW,富威電力股份有限公司,25SP1917-B026000011~39,4/1/26,2026-01-01~2026-02-28,認可,認可,15.583 MWh,0 MWh
晨星電力股份有限公司,(銓泰)華盛貿易,太陽能,2026,33.517,0,臺南市學甲區興業路150號(學甲區業段0051-0000地號),99.82 kW,晨星電力股份有限公司,25SP1000-B026000001~35,5/20/26,2026-01-01~2026-03-31,認可,認可,33.517 MWh,0 MWh
怡和綠電超商股份有限公司,克林-黃枝清(南州萬華段566),太陽能,2026,34.556,0,屏東縣南州鄉萬華段0566-0000地號,99.775 kW,怡和綠電超商股份有限公司,25SP1601-B026000001~36,5/20/26,2026-01-01~2026-03-31,認可,認可,34.556 MWh,0 MWh
怡和綠電超商股份有限公司,晶久綠能-大坵段774地號,太陽能,2026,34.823,0,屏東縣九如鄉大坵段0774-0000地號,99.775 kW,怡和綠電超商股份有限公司,25SP1271-B026000001~36,5/20/26,2026-01-01~2026-03-31,認可,認可,34.823 MWh,0 MWh
怡和綠電超商股份有限公司,晶久綠能-大坵段823地號,太陽能,2026,34.81,0,屏東縣九如鄉大坵段0823-0000地號,99.775 kW,怡和綠電超商股份有限公司,25SP1325-B026000001~36,5/20/26,2026-01-01~2026-03-31,認可,認可,34.81 MWh,0 MWh
怡和綠電超商股份有限公司,晁能-農場段248地號,太陽能,2026,31.822,0,屏東縣內埔鄉農場段248地號,99.775 kW,怡和綠電超商股份有限公司,25SP1272-B026000001~33,5/20/26,2026-01-01~2026-03-31,認可,認可,31.822 MWh,0 MWh
怡和綠電超商股份有限公司,晴美能源-農場段248-2,太陽能,2026,9.789,0,屏東縣內埔鄉農場段0248-0002地號,99.775 kW,怡和綠電超商股份有限公司,25SP1477-B026000011~20,4/1/26,2026-02-01~2026-02-28,認可,認可,9.789 MWh,0 MWh
大自然能源電業股份有限公司,NP201054C007瓦度(新營詠益),太陽能,2026,17.2,11.324,臺南市新營區新芳街2號,99.775 kW,大自然能源電業股份有限公司,25SP0192-B026000001~30,5/20/26,2026-01-01~2026-03-31,認可,認可,17.2 MWh,11.324 MWh
怡和綠電超商股份有限公司,建煬-地面型-大仁段646,太陽能,2026,32.921,0,屏東縣鹽埔鄉大仁段646地號,99.775 kW,怡和綠電超商股份有限公司,25SP1604-B026000001~35,5/20/26,2026-01-01~2026-03-31,認可,認可,32.921 MWh,0 MWh
怡和綠電超商股份有限公司,克林-農場段247地號,太陽能,2026,31.206,0,屏東縣內埔鄉農場段0247-0000地號,99.775 kW,怡和綠電超商股份有限公司,25SP1479-B026000001~32,5/20/26,2026-01-01~2026-03-31,認可,認可,31.206 MWh,0 MWh
阿波羅電力股份有限公司,睿陽六龜荖濃國小案,太陽能,2026,28.281,0,高雄市六龜區南橫路72號,99.775 kW,阿波羅電力股份有限公司,25SP0364-B026000001~36,5/20/26,2026-01-01~2026-03-31,認可,認可,28.281 MWh,0 MWh
大自然能源電業股份有限公司,NP081008C006錦軒能源(蔡誌忠),太陽能,2026,16.857,12.723,彰化縣大城鄉中山路250巷建320號,99.775 kW,大自然能源電業股份有限公司,24SP0830-B026000001~31,5/20/26,2026-01-01~2026-03-31,認可,認可,16.857 MWh,12.723 MWh
怡和綠電超商股份有限公司,建煬-地面型-農場248-1,太陽能,2026,32.027,0,屏東縣內埔鄉農場段248-1地號,99.775 kW,怡和綠電超商股份有限公司,25SP1478-B026000001~34,5/20/26,2026-01-01~2026-03-31,認可,認可,32.027 MWh,0 MWh
艾涅爾電力股份有限公司,鎧銚-洪傳發PV0018,太陽能,2026,14.885,0,屏東縣鹽埔鄉興愛段0656-0000地號,99.76 kW,艾涅爾電力股份有限公司,25SP1210-B026000001~16,4/8/26,2026-01-01~2026-02-28,認可,認可,14.885 MWh,0 MWh
艾涅爾電力股份有限公司,鎧銚-唐玉風PV0021,太陽能,2026,15.541,0,屏東縣長治鄉番子寮段1430-0000地號,99.76 kW,艾涅爾電力股份有限公司,25SP1211-B026000001~16,4/8/26,2026-01-01~2026-02-28,認可,認可,15.541 MWh,0 MWh
富威電力股份有限公司,泓銘-泓銘工業太陽光電發電廠,太陽能,2026,14.651,0,臺中市神岡區大豐路四段532號,99.76 kW,富威電力股份有限公司,25SP3999-B026000011~39,4/1/26,2026-01-01~2026-02-28,認可,認可,14.651 MWh,0 MWh
富威電力股份有限公司,磐軒-台光企業太陽光電發電廠,太陽能,2026,12.834,5.849,雲林縣虎尾鎮頂溪里頂竹圍37號,99.76 kW,富威電力股份有限公司,25SP3127-B026000081~213,5/20/26,2026-02-01~2026-03-31,認可,認可,12.834 MWh,5.849 MWh
艾涅爾電力股份有限公司,鎧銚-羅寬惠PV0179,太陽能,2026,12.224,0,屏東縣鹽埔鄉仕絨段0305-0000地號,99.76 kW,艾涅爾電力股份有限公司,25SP1212-B026000001~13,4/8/26,2026-01-01~2026-02-28,認可,認可,12.224 MWh,0 MWh
開陽電力股份有限公司,宗陽能源-屏東縣高樹鄉南華段地面型A,太陽能,2026,17.972,0,屏東縣高樹鄉南華段0842-0000地號,99.76 kW,開陽電力股份有限公司,25SP0784-B026000001~19,4/1/26,2026-01-01~2026-02-28,認可,認可,17.972 MWh,0 MWh
開陽電力股份有限公司,宗陽能源-屏東縣高樹鄉加蚋埔段地面型A,太陽能,2026,14.376,0,屏東縣高樹鄉加蚋埔段0488-0002地號,99.76 kW,開陽電力股份有限公司,25SP0777-B026000001~15,4/1/26,2026-01-01~2026-02-28,認可,認可,14.376 MWh,0 MWh
開陽電力股份有限公司,宗陽能源-屏東縣高樹鄉泰山段地面型A,太陽能,2026,16.534,0,屏東縣高樹鄉泰山段1547-0000地號,99.76 kW,開陽電力股份有限公司,25SP0805-B026000001~17,4/1/26,2026-01-01~2026-02-28,認可,認可,16.534 MWh,0 MWh
開陽電力股份有限公司,宗陽能源-屏東縣高樹鄉南華段地面型B,太陽能,2026,17.737,0,屏東縣高樹鄉南華段0841-0000地號,99.76 kW,開陽電力股份有限公司,25SP0803-B026000001~19,4/1/26,2026-01-01~2026-02-28,認可,認可,17.737 MWh,0 MWh
開陽電力股份有限公司,宗陽能源-屏東縣高樹鄉加蚋埔段地面型B,太陽能,2026,17.436,0,屏東縣高樹鄉加蚋埔段0655-0000地號,99.76 kW,開陽電力股份有限公司,25SP0764-B026000001~19,4/1/26,2026-01-01~2026-02-28,認可,認可,17.436 MWh,0 MWh
開陽電力股份有限公司,宗陽能源-屏東縣高樹鄉泰山段地面型B,太陽能,2026,14.715,0,屏東縣高樹鄉泰山段1550-0000地號,99.76 kW,開陽電力股份有限公司,25SP0829-B026000001~15,4/1/26,2026-01-01~2026-02-28,認可,認可,14.715 MWh,0 MWh
艾涅爾電力股份有限公司,澄達-吳河相菇寮(二)PV0245,太陽能,2026,19.888,0,南投縣中寮鄉龍南路303之3號,99.76 kW,艾涅爾電力股份有限公司,25SP0746-B026000001~21,4/8/26,2026-01-01~2026-02-28,認可,認可,19.888 MWh,0 MWh
南方電力股份有限公司,洋亨新埤太陽光電發電場,太陽能,2026,6.285,0,屏東縣新埤鄉萬隆段1195-0000地號,99.75 kW,南方電力股份有限公司,25SP2885-B026000001~10,5/20/26,2026-02-01~2026-03-31,認可,認可,6.285 MWh,0 MWh
天能綠電股份有限公司,立達開發-台中百辰機械B區屋頂型太陽光電案場,太陽能,2026,26.192,0,臺中市外埔區二崁路568巷11、13、15、17號,99.75 kW,天能綠電股份有限公司,24SP0303-B026000001~31,5/20/26,2026-01-01~2026-03-31,認可,認可,26.192 MWh,0 MWh
富威電力股份有限公司,鉦陽-偉宏太陽光電發電廠,太陽能,2026,12.621,0,高雄市燕巢區中安路345之1號,99.75 kW,富威電力股份有限公司,25SP1535-B026000011~39,4/1/26,2026-01-01~2026-02-28,認可,認可,12.621 MWh,0 MWh
怡和綠電超商股份有限公司,賽斯-狀台企業社,太陽能,2026,28.185,0,屏東縣內埔鄉建民路2號,99.75 kW,怡和綠電超商股份有限公司,25SP1867-B026000001~30,5/20/26,2026-01-01~2026-03-31,認可,認可,28.185 MWh,0 MWh
星星電力股份有限公司,聯成_良飛工業第一期,太陽能,2026,17.972,0,彰化縣員林市彰南路一段27號,99.75 kW,星星電力股份有限公司,24SP2615-B026000001~19,4/8/26,2026-01-01~2026-02-28,認可,認可,17.972 MWh,0 MWh
阿波羅電力股份有限公司,辰信陳宗宜三期,太陽能,2026,32.594,0,彰化縣芳苑鄉芳新路新街段387巷建211號,99.75 kW,阿波羅電力股份有限公司,24SP2313-B026000001~35,5/20/26,2026-01-01~2026-03-31,認可,認可,32.594 MWh,0 MWh
阿波羅電力股份有限公司,辰信陳明讚二期,太陽能,2026,30.376,0,彰化縣芳苑鄉芳新路新街段361巷203號,99.75 kW,阿波羅電力股份有限公司,24SP2316-B026000001~32,5/20/26,2026-01-01~2026-03-31,認可,認可,30.376 MWh,0 MWh
阿波羅電力股份有限公司,辰信陳明讚一期,太陽能,2026,30.565,0,彰化縣芳苑鄉芳新路新街段361巷203號,99.75 kW,阿波羅電力股份有限公司,24SP2317-B026000001~32,5/20/26,2026-01-01~2026-03-31,認可,認可,30.565 MWh,0 MWh
艾涅爾電力股份有限公司,承品能源-謙益67-1號,太陽能,2026,19.709,0,彰化縣埔鹽鄉彰水路1段365巷67號之1,99.75 kW,艾涅爾電力股份有限公司,24SP1067-B026000001~21,4/8/26,2026-01-01~2026-02-28,認可,認可,19.709 MWh,0 MWh
陽光伏特家電力股份有限公司,暘至彰化1廠,太陽能,2026,26.106,0,彰化縣溪湖鎮興安路107巷26、30號,99.75 kW,陽光伏特家電力股份有限公司,24SP2579-B026000250~379,5/20/26,2026-01-01~2026-03-31,認可,認可,26.106 MWh,0 MWh
阿波羅電力股份有限公司,辰信陳宗宜一期,太陽能,2026,32.539,0,彰化縣芳苑鄉芳新路新街段387巷建211號、彰化縣芳苑鄉芳義段0545-0000地號,99.75 kW,阿波羅電力股份有限公司,24SP2319-B026000001~35,5/20/26,2026-01-01~2026-03-31,認可,認可,32.539 MWh,0 MWh
阿波羅電力股份有限公司,辰信陳宗宜二期,太陽能,2026,32.622,0,彰化縣芳苑鄉芳新路新街段387巷建211號,99.75 kW,阿波羅電力股份有限公司,24SP2314-B026000001~35,5/20/26,2026-01-01~2026-03-31,認可,認可,32.622 MWh,0 MWh
天能綠電股份有限公司,光旭盈15-彰化淨心屋頂型光電案場,太陽能,2026,18.335,12.904,彰化縣芳苑鄉彰化縣芳苑鄉漢崙路77巷24、26號,99.75 kW,天能綠電股份有限公司,24SP2569-B026000001~35,5/20/26,2026-01-01~2026-03-31,認可,認可,18.335 MWh,12.904 MWh
陽光伏特家電力股份有限公司,旭陽台中3廠,太陽能,2026,13.437,0,臺中市西屯區工業區三十五路9號,99.75 kW,陽光伏特家電力股份有限公司,24SP1848-B026000011~56,5/20/26,2026-01-01~2026-03-31,認可,認可,13.437 MWh,0 MWh
艾涅爾電力股份有限公司,兆益能源-二信游泳池1期PV0707,太陽能,2026,18.686,0,臺中市南區柳川西路1段45號,99.75 kW,艾涅爾電力股份有限公司,25SP1224-B026000001~20,4/8/26,2026-01-01~2026-02-28,認可,認可,18.686 MWh,0 MWh
晨星電力股份有限公司,(永豐)允登特登一,太陽能,2026,33.811,0,彰化縣鹿港鎮廖厝巷129之47號,99.75 kW,晨星電力股份有限公司,25SP3314-B026000001~35,5/20/26,2026-01-01~2026-03-31,認可,認可,33.811 MWh,0 MWh
陽光伏特家電力股份有限公司,旭陽台中2廠,太陽能,2026,12.519,0,臺中市梧棲區向上路9段322巷19、21號,99.735 kW,陽光伏特家電力股份有限公司,24SP1866-B026000006~55,5/20/26,2026-01-01~2026-03-31,認可,認可,12.519 MWh,0 MWh
天能綠電股份有限公司,旭奕光電-屏東內埔隘寮324-19地面型太陽光電案場,太陽能,2026,29.036,0,屏東縣內埔鄉新隘寮段0814-0000地號,99.735 kW,天能綠電股份有限公司,24SP1205-B026000001~31,5/20/26,2026-01-01~2026-03-31,認可,認可,29.036 MWh,0 MWh
開陽電力股份有限公司,前進綠能-吉霖塑膠,太陽能,2026,16.671,0,高雄市大社區中正路393號,99.735 kW,開陽電力股份有限公司,25SP1456-B026000001~18,4/1/26,2026-01-01~2026-02-28,認可,認可,16.671 MWh,0 MWh
艾涅爾電力股份有限公司,聚陽-楓港東段719,太陽能,2026,21.028,0,屏東縣枋山鄉楓港東段719地號,99.735 kW,艾涅爾電力股份有限公司,24SP1956-B026000001~22,4/8/26,2026-01-01~2026-02-28,認可,認可,21.028 MWh,0 MWh
天能綠電股份有限公司,旭奕光電-屏東內埔隘寮649-4地面型太陽光電案場,太陽能,2026,29.977,0,屏東縣內埔鄉新隘寮段0826-0000地號,99.735 kW,天能綠電股份有限公司,24SP1206-B026000001~31,5/20/26,2026-01-01~2026-03-31,認可,認可,29.977 MWh,0 MWh
天能綠電股份有限公司,閎均光電-屏東內埔隘寮384-4地面型太陽光電案場,太陽能,2026,28.597,0,屏東縣內埔鄉新隘寮段0912-0000地號,99.735 kW,天能綠電股份有限公司,24SP1635-B026000001~31,5/20/26,2026-01-01~2026-03-31,認可,認可,28.597 MWh,0 MWh
天能綠電股份有限公司,閎均光電-屏東內埔隘寮324-18地面型太陽光電案場,太陽能,2026,26.565,0,屏東縣內埔鄉新隘寮段0813-0000地號,99.735 kW,天能綠電股份有限公司,24SP0977-B026000001~28,5/20/26,2026-01-01~2026-03-31,認可,認可,26.565 MWh,0 MWh
天能綠電股份有限公司,宏威環球-屏東九如一號屋頂型太陽光電案場,太陽能,2026,30.479,0,屏東縣九如鄉屏東縣九如鄉三民路288 號（屏東縣九如鄉耆老段695、696 地號）,99.735 kW,天能綠電股份有限公司,24SP1247-B026000001~33,5/20/26,2026-01-01~2026-03-31,認可,認可,30.479 MWh,0 MWh
天能綠電股份有限公司,旭奕光電-屏東內埔隘寮384-19地面型太陽光電案場,太陽能,2026,28.712,0,屏東縣內埔鄉新隘寮段0911-0000地號,99.735 kW,天能綠電股份有限公司,24SP1403-B026000001~31,5/20/26,2026-01-01~2026-03-31,認可,認可,28.712 MWh,0 MWh
天能綠電股份有限公司,風昇光電-屏東內埔隘寮324-8地面型太陽光電案場,太陽能,2026,27.485,0,屏東縣內埔鄉屏東縣內埔鄉新隘寮段0812-0000地號,99.735 kW,天能綠電股份有限公司,24SP1225-B026000001~28,5/20/26,2026-01-01~2026-03-31,認可,認可,27.485 MWh,0 MWh
天能綠電股份有限公司,風昇光電-屏東內埔隘寮649-6地面型太陽光電案場,太陽能,2026,28.359,0,屏東縣內埔鄉新隘寮段0827-0000地號,99.735 kW,天能綠電股份有限公司,24SP1226-B026000001~30,5/20/26,2026-01-01~2026-03-31,認可,認可,28.359 MWh,0 MWh
天能綠電股份有限公司,風昇光電-屏東內埔隘寮384-20地面型太陽光電案場,太陽能,2026,28.222,0,屏東縣內埔鄉新隘寮段-0904-0000地號,99.735 kW,天能綠電股份有限公司,24SP1402-B026000001~30,5/20/26,2026-01-01~2026-03-31,認可,認可,28.222 MWh,0 MWh
天能綠電股份有限公司,梁慶道-屏東長治昌榮927地面型太陽光電案場,太陽能,2026,27.902,0,屏東縣長治鄉昌榮段0927-0000地號,99.735 kW,天能綠電股份有限公司,24SP0961-B026000001~30,5/20/26,2026-01-01~2026-03-31,認可,認可,27.902 MWh,0 MWh
艾涅爾電力股份有限公司,承品能源-博飛特,太陽能,2026,19.456,0,彰化縣彰化市彰鹿路4巷6號,99.735 kW,艾涅爾電力股份有限公司,24SP1552-B026000001~21,4/8/26,2026-01-01~2026-02-28,認可,認可,19.456 MWh,0 MWh
天能綠電股份有限公司,豐赫-廣維一期99.72KW屋頂型太陽光電案場,太陽能,2026,30.349,0,屏東縣萬丹鄉屏東縣萬丹鄉廣維路181巷81號,99.72 kW,天能綠電股份有限公司,25SP0296-B026000001~33,5/20/26,2026-01-01~2026-03-31,認可,認可,30.349 MWh,0 MWh
阿波羅電力股份有限公司,辰信李進參一期,太陽能,2026,17.461,11.956,雲林縣二崙鄉後壁路7之1號,99.715 kW,阿波羅電力股份有限公司,25SP3169-B026000001~31,5/20/26,2026-01-01~2026-03-31,認可,認可,17.461 MWh,11.956 MWh
續興股份有限公司,笙展,太陽能,2026,31.261,0,高雄市岡山區大埔一街39巷20號,99.715 kW,續興股份有限公司,25SP0085-B026000001~33,5/20/26,2026-01-01~2026-03-31,認可,認可,31.261 MWh,0 MWh
東豐纖維企業股份有限公司,東豐纖維企業股份有限公司 路竹織染廠,太陽能,2026,0,36.71,高雄市路竹區中山路1457號,99.71 kW,東豐纖維企業股份有限公司,19SP0008-B026000001~38,5/20/26,2026-01-01~2026-03-31,認可,認可,0 MWh,36.71 MWh
續興股份有限公司,楊錦珍廠房,太陽能,2026,32.814,0,南投縣草屯鎮南投縣草屯鎮中正路1151號,99.71 kW,續興股份有限公司,25SP3005-B026000001~35,5/20/26,2026-01-01~2026-03-31,認可,認可,32.814 MWh,0 MWh
阿波羅電力股份有限公司,銘峻李宗民99.71kW,太陽能,2026,22.443,13.819,臺南市鹽水區番子寮43號 (鹽水區孫厝寮段番子寮小段0594-0000、0595-0000地號),99.71 kW,阿波羅電力股份有限公司,25SP1819-B026000001~38,5/20/26,2026-01-01~2026-03-31,認可,認可,22.443 MWh,13.819 MWh
大自然能源電業股份有限公司,NP111082C005(茄萣莒光路),太陽能,2026,32.902,0,高雄市茄萣區莒光路三段288之11號(高雄市茄萣區白砂段0845-0009、0846-0002、0848-0002地號),99.71 kW,大自然能源電業股份有限公司,25SP3159-B026000001~34,5/20/26,2026-01-01~2026-03-31,認可,認可,32.902 MWh,0 MWh
十萬伏特電力股份有限公司,台南後壁黃阿菊案,太陽能,2026,18.274,0,臺南市後壁區後壁里後壁42之16號,99.705 kW,十萬伏特電力股份有限公司,25SP2829-B026000001~20,4/1/26,2026-01-01~2026-02-28,認可,認可,18.274 MWh,0 MWh
艾涅爾電力股份有限公司,太佑-施新和織帶有限公司,太陽能,2026,19.296,0,彰化縣和美鎮厚北路82號,99.68 kW,艾涅爾電力股份有限公司,24SP1908-B026000001~20,4/8/26,2026-01-01~2026-02-28,認可,認可,19.296 MWh,0 MWh
怡和綠電超商股份有限公司,育渲投資-竤暐企業社(特登工廠),太陽能,2026,33.741,0,臺中市潭子區大富路2段12之8號,99.68 kW,怡和綠電超商股份有限公司,25SP1833-B026000001~35,5/20/26,2026-01-01~2026-03-31,認可,認可,33.741 MWh,0 MWh
欣銓科技股份有限公司,欣銓科技股份有限公司高昇廠,太陽能,2026,0,27.079,新竹縣湖口鄉仁義路9號,99.68 kW,欣銓科技股份有限公司,25SP0126-B026000001~29,5/20/26,2026-01-01~2026-03-31,認可,認可,0 MWh,27.079 MWh
大自然能源電業股份有限公司,NP121034C009(南糖-新),太陽能,2026,18.288,11.893,屏東縣南州鄉南糖段0114-0001地號,99.66 kW,大自然能源電業股份有限公司,24SP1895-B026000001~32,5/20/26,2026-01-01~2026-03-31,認可,認可,18.288 MWh,11.893 MWh
阿波羅電力股份有限公司,廣稷盈豪國際二期案,太陽能,2026,23.612,0,桃園市楊梅區楊湖路1段869號,99.66 kW,阿波羅電力股份有限公司,25SP0218-B026000002~34,5/20/26,2026-01-01~2026-03-31,認可,認可,23.612 MWh,0 MWh
阿波羅電力股份有限公司,睿陽高雄仁武竹東路廠房案,太陽能,2026,26.699,0,高雄市仁武區竹東路62、64、66號,99.66 kW,阿波羅電力股份有限公司,25SP0365-B026000002~35,5/20/26,2026-01-01~2026-03-31,認可,認可,26.699 MWh,0 MWh
艾涅爾電力股份有限公司,聚陽-顏美珍PV1073,太陽能,2026,19.459,0,臺南市南化區中坑段0048-0006地號,99.66 kW,艾涅爾電力股份有限公司,24SP1130-B026000001~72,4/8/26,2026-01-01~2026-02-28,認可,認可,19.459 MWh,0 MWh
大同智能股份有限公司,台中市屋頂型太陽光電系統-清水幼兒園園本部(擴充),太陽能,2026,32.612,0,臺中市清水區鎮政路12號,99.66 kW,大同智能股份有限公司,24SP0888-B026000001~33,5/20/26,2026-01-01~2026-03-31,認可,認可,32.612 MWh,0 MWh
大自然能源電業股份有限公司,NP171008C001錦軒能源(僑建國小),太陽能,2026,19.817,0,南投縣南投市彰南路三段847號,99.66 kW,大自然能源電業股份有限公司,24SP1334-B026000001~30,5/20/26,2026-01-01~2026-03-31,認可,認可,19.817 MWh,0 MWh
陽光伏特家電力股份有限公司,南埔屏東2廠,太陽能,2026,11.57,0,屏東縣長治鄉番子寮段1029地號,99.66 kW,陽光伏特家電力股份有限公司,25SP0272-B026000117~286,4/1/26,2026-01-01~2026-02-28,認可,認可,11.57 MWh,0 MWh
阿波羅電力股份有限公司,辰信張坤達,太陽能,2026,25.137,0,彰化縣埤頭鄉中華路建947號,99.66 kW,阿波羅電力股份有限公司,24SP2422-B026000001~27,5/20/26,2026-01-01~2026-03-31,認可,認可,25.137 MWh,0 MWh
艾涅爾電力股份有限公司,聚陽-陳月怡PV1071,太陽能,2026,19.688,0,臺南市南化區中坑段0048-0001地號,99.66 kW,艾涅爾電力股份有限公司,24SP1101-B026000001~72,4/8/26,2026-01-01~2026-02-28,認可,認可,19.688 MWh,0 MWh
晨星電力股份有限公司,(聯發)億春,太陽能,2026,29.076,0,南投縣草屯鎮史館路403巷20號,99.645 kW,晨星電力股份有限公司,25SP4160-B026000001~31,5/20/26,2026-01-01~2026-03-31,認可,認可,29.076 MWh,0 MWh
晨星電力股份有限公司,(統益)玉井區層林國小,太陽能,2026,23.094,2.978,臺南市玉井區層林里層林115號,99.645 kW,晨星電力股份有限公司,25SP4087-B026000001~35,5/20/26,2026-01-01~2026-03-31,認可,認可,23.094 MWh,2.978 MWh
康展電力股份有限公司,鑫二能源_S240005澎湖馬公典醬家食品有限公司工廠,太陽能,2026,25.253,0,澎湖縣馬公市鎖港六路33巷26弄17號,99.63 kW,康展電力股份有限公司,25SP2849-B026000001~37,5/20/26,2026-01-01~2026-03-31,認可,認可,25.253 MWh,0 MWh
艾涅爾電力股份有限公司,耀鋩-朝裕,太陽能,2026,14.093,0.868,彰化縣和美鎮嘉佃路600巷78號、600巷臨80號,99.63 kW,艾涅爾電力股份有限公司,25SP0313-B026000001~20,4/8/26,2026-01-01~2026-02-28,認可,認可,14.093 MWh,0.868 MWh
怡和綠電超商股份有限公司,建豐-湖西南寮南段193,太陽能,2026,8.492,0,澎湖縣湖西鄉南寮南段193地號,99.63 kW,怡和綠電超商股份有限公司,25SP1111-B026000009~17,4/1/26,2026-02-01~2026-02-28,認可,認可,8.492 MWh,0 MWh
南方電力股份有限公司,泓錠鼓山國小太陽光電發電廠,太陽能,2026,14.217,0,高雄市鼓山區臨海二路50號,99.63 kW,南方電力股份有限公司,25SP2765-B026000001~17,5/20/26,2026-03-01~2026-03-31,認可,認可,14.217 MWh,0 MWh
大自然能源電業股份有限公司,NP111053C002(豐雪成功路),太陽能,2026,8.333,0,高雄市岡山區成功路460巷42號,99.63 kW,大自然能源電業股份有限公司,25SP3319-B026000001~9,3/11/26,2026-01-01~2026-01-31,認可,認可,8.333 MWh,0 MWh
天能綠電股份有限公司,圓祐-台中市烏日區太明路成豐巷(翔盛工業),太陽能,2026,20.719,0,臺中市烏日區太明路成豐巷8號,99.63 kW,天能綠電股份有限公司,25SP0778-B026000001~22,5/20/26,2026-01-01~2026-03-31,認可,認可,20.719 MWh,0 MWh
阿波羅電力股份有限公司,廣稷里雅一期,太陽能,2026,12.283,8.361,桃園市中壢區新生路三段195號,99.63 kW,阿波羅電力股份有限公司,25SP3924-B026000001~23,5/20/26,2026-01-01~2026-03-31,認可,認可,12.283 MWh,8.361 MWh
富威電力股份有限公司,鉦陽-永勤太陽光電發電廠,太陽能,2026,13.441,0,臺南市安定區台南市安定區嘉同里六塊寮81之4號,99.63 kW,富威電力股份有限公司,25SP1644-B026000013~41,4/1/26,2026-01-01~2026-02-28,認可,認可,13.441 MWh,0 MWh
續興股份有限公司,德慧95,太陽能,2026,27.124,0,臺南市山上區明和里北勢洲95號,99.63 kW,續興股份有限公司,25SP1079-B026000001~29,5/20/26,2026-01-01~2026-03-31,認可,認可,27.124 MWh,0 MWh
怡和綠電超商股份有限公司,阜益企業社-高雄市大寮區華六街37號(特登),太陽能,2026,17.506,12.575,高雄市大寮區華六街37號,99.63 kW,怡和綠電超商股份有限公司,25SP1675-B026000001~31,5/20/26,2026-01-01~2026-03-31,認可,認可,17.506 MWh,12.575 MWh
晨星電力股份有限公司,(聯輝)聯輝1期,太陽能,2026,3.161,31.573,彰化縣大村鄉錫安路臨39號,99.63 kW,晨星電力股份有限公司,25SP4386-B026000002~42,5/20/26,2026-01-01~2026-03-31,認可,認可,3.161 MWh,31.573 MWh
艾涅爾電力股份有限公司,特攸-邦柏PV0513,太陽能,2026,17.313,0,高雄市三民區鼎力路330、332、336號,99.63 kW,艾涅爾電力股份有限公司,25SP1524-B026000001~20,4/8/26,2026-01-01~2026-02-28,認可,認可,17.313 MWh,0 MWh
富威電力股份有限公司,鉦陽-周強太陽光電發電廠,太陽能,2026,24.901,0,高雄市大寮區光華路470巷171之1號,99.63 kW,富威電力股份有限公司,25SP0886-B026000004~72,5/20/26,2026-01-01~2026-03-31,認可,認可,24.901 MWh,0 MWh
怡和綠電超商股份有限公司,建豐能源-湖西南1280,太陽能,2026,27.104,0,澎湖縣湖西鄉湖西南段1280-0000地號,99.63 kW,怡和綠電超商股份有限公司,25SP1363-B026000001~28,5/20/26,2026-01-01~2026-03-31,認可,認可,27.104 MWh,0 MWh
天能綠電股份有限公司,豐光_黃千紋屋頂型太陽光電案場,太陽能,2026,28.174,6.214,臺南市官田區南廍里8鄰南廍107之7號,99.63 kW,天能綠電股份有限公司,25SP3054-B026000001~45,5/20/26,2026-01-01~2026-03-31,認可,認可,28.174 MWh,6.214 MWh
艾涅爾電力股份有限公司,城八-以翔實業PV0622,太陽能,2026,18.008,0,彰化縣鹿港鎮崙尾巷124之49號,99.63 kW,艾涅爾電力股份有限公司,25SP0610-B026000001~19,4/8/26,2026-01-01~2026-02-28,認可,認可,18.008 MWh,0 MWh
德大機械股份有限公司,德大機械神岡本廠,太陽能,2026,0,16.344,臺中市神岡區圳前路47-5號,99.63 kW,德大機械股份有限公司,24SP1470-B026000001~18,5/20/26,2026-01-01~2026-03-31,認可,認可,0 MWh,16.344 MWh
艾涅爾電力股份有限公司,鈺陽-元盈鋼鐵PV0213,太陽能,2026,12.16,0,桃園市蘆竹區新生路48號,99.63 kW,艾涅爾電力股份有限公司,24SP1548-B026000001~60,4/8/26,2026-01-01~2026-02-28,認可,認可,12.16 MWh,0 MWh
阿波羅電力股份有限公司,路加佳凱工業案,太陽能,2026,29.889,0,臺中市大里區工業十二路25號,99.63 kW,阿波羅電力股份有限公司,25SP1051-B026000001~39,5/20/26,2026-01-01~2026-03-31,認可,認可,29.889 MWh,0 MWh
晨星電力股份有限公司,(銓泰)南都斗南,太陽能,2026,24.724,0,雲林縣斗南鎮延平路二段87號,99.63 kW,晨星電力股份有限公司,25SP1589-B026000001~26,5/20/26,2026-01-01~2026-03-31,認可,認可,24.724 MWh,0 MWh
天能綠電股份有限公司,昇恩-民雄松傑99.62屋頂型太陽光電案場,太陽能,2026,8.139,0,嘉義縣民雄鄉北斗村6鄰成功二路56號,99.62 kW,天能綠電股份有限公司,24SP2477-B026000009~17,4/1/26,2026-02-01~2026-02-28,認可,認可,8.139 MWh,0 MWh
星星電力股份有限公司,新綠-統郁,太陽能,2026,31.212,0,彰化縣大村鄉大崙路10-65號,99.615 kW,星星電力股份有限公司,26SP0011-B026000001~32,5/20/26,2026-01-01~2026-03-31,認可,認可,31.212 MWh,0 MWh
阿波羅電力股份有限公司,銘峻洪英傑場99.6kW,太陽能,2026,21.259,13.332,臺南市新營區埤寮里15之3號 (新營區許丑段0191-0000地號),99.6 kW,阿波羅電力股份有限公司,25SP1817-B026000001~36,5/20/26,2026-01-01~2026-03-31,認可,認可,21.259 MWh,13.332 MWh
天能綠電股份有限公司,嘉義邱世和畜牧場屋頂型太陽能光電廠,太陽能,2026,29.067,0,嘉義縣番路鄉游東村2鄰米粉宮88之2號,99.6 kW,天能綠電股份有限公司,24SP0092-B026000001~32,5/20/26,2026-01-01~2026-03-31,認可,認可,29.067 MWh,0 MWh
怡和綠電超商股份有限公司,大昇-屏東恆春(尤玟憲),太陽能,2026,22.073,14.178,屏東縣恆春鎮德和段0286-0000地號,99.6 kW,怡和綠電超商股份有限公司,25SP3887-B026000001~38,5/20/26,2026-01-01~2026-03-31,認可,認可,22.073 MWh,14.178 MWh
富威電力股份有限公司,永大-李運福太陽光電發電廠,太陽能,2026,14.299,0,屏東縣高樹鄉廣興段1364地號,99.6 kW,富威電力股份有限公司,25SP1639-B026000011~36,4/1/26,2026-01-01~2026-02-28,認可,認可,14.299 MWh,0 MWh
三地怪獸電力股份有限公司,展昇屏東縣高樹鄉地面型太陽光電,太陽能,2026,29.296,0,屏東縣高樹鄉廣興段1363-0000地號,99.6 kW,三地怪獸電力股份有限公司,25SP3175-B026000002~38,5/20/26,2026-01-01~2026-03-31,認可,認可,29.296 MWh,0 MWh
三地怪獸電力股份有限公司,展昇屏東縣恆春鎮地面型太陽光電,太陽能,2026,33.943,1.524,屏東縣恆春鎮德和段0288-0000地號,99.6 kW,三地怪獸電力股份有限公司,25SP3170-B026000002~46,5/20/26,2026-01-01~2026-03-31,認可,認可,33.943 MWh,1.524 MWh
富威電力股份有限公司,日盛全-里港地面型太陽光電發電廠,太陽能,2026,14.811,0,屏東縣里港鄉土庫段1165-0007地號,99.6 kW,富威電力股份有限公司,25SP1922-B026000011~38,4/1/26,2026-01-01~2026-02-28,認可,認可,14.811 MWh,0 MWh
續興股份有限公司,里港土庫225-88,太陽能,2026,30.525,0,屏東縣里港鄉土庫段0225-0088地號,99.6 kW,續興股份有限公司,25SP1092-B026000001~32,5/20/26,2026-01-01~2026-03-31,認可,認可,30.525 MWh,0 MWh
天能綠電股份有限公司,光旭盈-謝中豪菇寮屋頂型太陽光電案場,太陽能,2026,27.263,3.678,屏東縣屏東市廣興303號(屏東縣屏東市古松段151、152地號),99.6 kW,天能綠電股份有限公司,25SP3057-B026000001~35,5/20/26,2026-01-01~2026-03-31,認可,認可,27.263 MWh,3.678 MWh
富威電力股份有限公司,日盛全-新市市場太陽光電發電廠,太陽能,2026,27.204,0,臺南市新市區中正路358、360、362、364、366、368、370、372、372之1號,99.6 kW,富威電力股份有限公司,25SP1138-B026000004~74,5/20/26,2026-01-01~2026-03-31,認可,認可,27.204 MWh,0 MWh
怡和綠電超商股份有限公司,建煬-地面型-玄聖989,太陽能,2026,33.476,0,屏東縣麟洛鄉玄聖段0989-0000地號,99.6 kW,怡和綠電超商股份有限公司,25SP1484-B026000001~35,5/20/26,2026-01-01~2026-03-31,認可,認可,33.476 MWh,0 MWh
艾涅爾電力股份有限公司,聚陽-沙崙段776-1,太陽能,2026,18.321,0,臺南市歸仁區沙崙段0776-0001地號,99.6 kW,艾涅爾電力股份有限公司,24SP1081-B026000001~20,4/8/26,2026-01-01~2026-02-28,認可,認可,18.321 MWh,0 MWh
阿波羅電力股份有限公司,辰翔陳垂量一期,太陽能,2026,28.978,0,彰化縣二林鎮太平路四段建6之11號,99.6 kW,阿波羅電力股份有限公司,24SP1071-B026000001~31,5/20/26,2026-01-01~2026-03-31,認可,認可,28.978 MWh,0 MWh
天能綠電股份有限公司,鴻晶-高雄市大寮區和業六路20號,太陽能,2026,29.53,0,高雄市大寮區和業六路20號(高雄市大寮區翁公園段三小段2008-0049地號),99.6 kW,天能綠電股份有限公司、鴻晶新科技股份有限公司,24SP1773-B026000016~85,5/20/26,2026-01-01~2026-03-31,認可,認可,29.53 MWh,0 MWh
南方電力股份有限公司,嘉義縣民雄鄉鎮北村土庫子58之1號太陽光電發電廠,太陽能,2026,22.706,0,嘉義縣民雄鄉鎮北村土庫子58之1號,99.6 kW,南方電力股份有限公司,24SP1690-B026000025~47,5/20/26,2026-01-01~2026-03-31,認可,認可,22.706 MWh,0 MWh
續興股份有限公司,大內1221,太陽能,2026,28.715,0,臺南市大內區大內段1221-0000地號,99.6 kW,續興股份有限公司,24SP1017-B026000001~30,5/20/26,2026-01-01~2026-03-31,認可,認可,28.715 MWh,0 MWh
續興股份有限公司,長治繁華913,太陽能,2026,22.739,0,屏東縣長治鄉繁華段0913-0000地號,99.6 kW,續興股份有限公司,24SP1000-B026000003~25,5/20/26,2026-01-01~2026-03-31,認可,認可,22.739 MWh,0 MWh
南方電力股份有限公司,屏東縣新園鄉新南段0109-0000地號太陽光電發電場,太陽能,2026,31.238,0,屏東縣新園鄉新南段0109-0000地號,99.6 kW,南方電力股份有限公司,24SP0874-B026000001~32,5/20/26,2026-01-01~2026-03-31,認可,認可,31.238 MWh,0 MWh
阿波羅電力股份有限公司,環球大宇宙潮州鎮公有市場,太陽能,2026,27.879,0,屏東縣潮州鎮光華里12鄰民生路2號,99.6 kW,阿波羅電力股份有限公司,24SP1320-B026000001~30,5/20/26,2026-01-01~2026-03-31,認可,認可,27.879 MWh,0 MWh
大自然能源電業股份有限公司,NP091026C004凱銳(黃文彬),太陽能,2026,18.066,0,嘉義縣朴子市竹村里鴨母寮1號之21,99.6 kW,大自然能源電業股份有限公司,24SP1721-B026000001~19,4/1/26,2026-01-01~2026-02-28,認可,認可,18.066 MWh,0 MWh
續興股份有限公司,大內159,太陽能,2026,31.054,0,臺南市大內區大內段0159-0014地號,99.6 kW,續興股份有限公司,24SP1018-B026000001~33,5/20/26,2026-01-01~2026-03-31,認可,認可,31.054 MWh,0 MWh
台灣中油股份有限公司,民雄供油中心,太陽能,2026,0,29.74,嘉義縣民雄鄉大崎村大崎腳20號,99.6 kW,台灣中油股份有限公司,19SP0020-B026000001~31,5/20/26,2026-01-01~2026-03-31,認可,認可,0 MWh,29.74 MWh
台灣中油股份有限公司,嘉義成品倉庫,太陽能,2026,0,23.795,嘉義市西區博愛路2段521號,99.6 kW,台灣中油股份有限公司,19SP0019-B026000001~26,5/20/26,2026-01-01~2026-03-31,認可,認可,0 MWh,23.795 MWh
陽光伏特家電力股份有限公司,元登屏東41廠,太陽能,2026,32.12,0,屏東縣麟洛鄉屏東縣麟洛鄉麟平段0379-0000地號,99.6 kW,陽光伏特家電力股份有限公司,24SP1371-B026000001~33,5/20/26,2026-01-01~2026-03-31,認可,認可,32.12 MWh,0 MWh
陽光伏特家電力股份有限公司,元登屏東44廠,太陽能,2026,27.113,0,屏東縣里港鄉瀰力肚段0284-0016地號,99.6 kW,陽光伏特家電力股份有限公司,24SP0358-B026000001~29,5/20/26,2026-01-01~2026-03-31,認可,認可,27.113 MWh,0 MWh
艾涅爾電力股份有限公司,太旭-逢芫企業PV0418,太陽能,2026,20.164,0,,,,,,,,,,
陽光伏特家電力股份有限公司,元登屏東16廠,太陽能,2026,20.788,0,高雄市燕巢區中民路793巷32號,99.6 kW,艾涅爾電力股份有限公司,24SP0178-B026000001~21,4/8/26,2026-01-01~2026-02-28,認可,認可,20.164 MWh,0 MWh
續興股份有限公司,聚陞實業,太陽能,2026,11.907,0,桃園市楊梅區高青路10巷12號,99.6 kW,續興股份有限公司,25SP2353-B026000001~13,5/20/26,2026-01-01~2026-03-31,認可,認可,11.907 MWh,0 MWh
阿波羅電力股份有限公司,辰信廖啓順一期,太陽能,2026,17.93,11.746,雲林縣二崙鄉來惠村紹安路42之6號,99.56 kW,阿波羅電力股份有限公司,25SP1660-B026000001~31,5/20/26,2026-01-01~2026-03-31,認可,認可,17.93 MWh,11.746 MWh
晨星電力股份有限公司,(沅碁)金竹國小,太陽能,2026,33.023,0,高雄市內門區吉民28號,99.56 kW,晨星電力股份有限公司,25SP3871-B026000001~43,5/20/26,2026-01-01~2026-03-31,認可,認可,33.023 MWh,0 MWh
阿波羅電力股份有限公司,辰信劉永章一期,太陽能,2026,28.576,0,彰化縣大城鄉中平路411巷建79號,99.56 kW,阿波羅電力股份有限公司,24SP2435-B026000001~30,5/20/26,2026-01-01~2026-03-31,認可,認可,28.576 MWh,0 MWh
阿波羅電力股份有限公司,辰信魏國修,太陽能,2026,26.972,0,臺南市下營區仁里里仁里街402巷55號,99.56 kW,阿波羅電力股份有限公司,24SP1837-B026000001~29,5/20/26,2026-01-01~2026-03-31,認可,認可,26.972 MWh,0 MWh
阿波羅電力股份有限公司,綠昕岡山B場,太陽能,2026,0,30.17,高雄市岡山區阿公店路三段266、625號,99.56 kW,阿波羅電力股份有限公司,25SP4074-B026000001~31,5/20/26,2026-01-01~2026-03-31,認可,認可,0 MWh,30.17 MWh
天能綠電股份有限公司,綠順-彰化縣大城鄉楓港段490地號,太陽能,2026,23.143,0,彰化縣大城鄉楓港段490地號,99.54 kW,天能綠電股份有限公司,24SP0957-B026000002~25,4/22/26,2026-01-01~2026-02-28,認可,認可,23.143 MWh,0 MWh
艾涅爾電力股份有限公司,晴棠寬-新強路PV0055,太陽能,2026,19.145,0,高雄市前鎮區新強路26號,99.53 kW,艾涅爾電力股份有限公司,25SP0800-B026000001~20,4/8/26,2026-01-01~2026-02-28,認可,認可,19.145 MWh,0 MWh
富威電力股份有限公司,日盛全-維新醫院太陽光電發電廠,太陽能,2026,29.286,0.84,臺中市烏日區建國路411、413、415、417號,99.52 kW,富威電力股份有限公司,25SP1131-B026000003~50,5/20/26,2026-01-01~2026-03-31,認可,認可,29.286 MWh,0.84 MWh
天能綠電股份有限公司,鼎勝_台南將軍_屋頂型太陽光電案場,太陽能,2026,30.711,0,臺南市將軍區巷埔里北埔53之22號,99.51 kW,天能綠電股份有限公司,25SP3608-B026000001~32,5/20/26,2026-01-01~2026-03-31,認可,認可,30.711 MWh,0 MWh
星星電力股份有限公司,錸恩帕斯-漢微科,太陽能,2026,32.781,0,臺南市新市區大利一路9號,99.51 kW,星星電力股份有限公司,25SP2308-B026000001~34,5/20/26,2026-01-01~2026-03-31,認可,認可,32.781 MWh,0 MWh
翊訊科技有限公司,翊訊科技有限公司,太陽能,2026,0,3.404,臺南市永康區西勢路567號,99.51 kW,翊訊科技有限公司,25SP0212-B026000001~4,4/1/26,2026-01-01~2026-02-28,認可,認可,0 MWh,3.404 MWh
晨星電力股份有限公司,(德山)德山-22號低壓,太陽能,2026,27.316,0,臺中市龍井區茄投路1段85巷31號,99.51 kW,晨星電力股份有限公司,25SP3725-B026000001~29,5/20/26,2026-01-01~2026-03-31,認可,認可,27.316 MWh,0 MWh
艾涅爾電力股份有限公司,俐昌-台南善化PV0701,太陽能,2026,47.723,0,臺南市善化區小新里小新營390號,99.51 kW,艾涅爾電力股份有限公司,25SP0200-B026000001~49,4/8/26,2026-01-01~2026-02-28,認可,認可,47.723 MWh,0 MWh
艾涅爾電力股份有限公司,暉昂-振復PV0093,太陽能,2026,18.781,0,臺南市善化區成功路1之2號,99.51 kW,艾涅爾電力股份有限公司,25SP0818-B026000001~21,4/8/26,2026-01-01~2026-02-28,認可,認可,18.781 MWh,0 MWh
富威電力股份有限公司,聚眾-鉅樹企業太陽光電發電廠,太陽能,2026,21.08,5.501,彰化縣鹿港鎮鹿和路四段527巷25之1號,99.475 kW,富威電力股份有限公司,25SP1124-B026000081~317,5/20/26,2026-01-01~2026-03-31,認可,認可,21.08 MWh,5.501 MWh
怡和綠電超商股份有限公司,晶久綠能-公平段,太陽能,2026,31.985,0,屏東縣高樹鄉公平段0006-0000地號,99.45 kW,怡和綠電超商股份有限公司,25SP1316-B026000001~33,5/20/26,2026-01-01~2026-03-31,認可,認可,31.985 MWh,0 MWh
晨星電力股份有限公司,(立豐)山田順,太陽能,2026,34.213,0,彰化縣埔心鄉員鹿路5段85號,99.45 kW,晨星電力股份有限公司,25SP4003-B026000001~36,5/20/26,2026-01-01~2026-03-31,認可,認可,34.213 MWh,0 MWh
富威電力股份有限公司,盛禾-鍇榮新廠太陽光電發電廠,太陽能,2026,10.49,4.842,臺南市安定區中沙里沙崙47之3號,99.45 kW,富威電力股份有限公司,25SP1908-B026000081~210,5/20/26,2026-02-01~2026-03-31,認可,認可,10.49 MWh,4.842 MWh
伸興工業股份有限公司,伸興工業,太陽能,2026,0,27.028,臺中市太平區永成路78號,99.45 kW,伸興工業股份有限公司,25SP1050-B026000001~28,5/20/26,2026-01-01~2026-03-31,認可,認可,0 MWh,27.028 MWh
星星電力股份有限公司,匯聚-四海遊龍,太陽能,2026,31.136,0,雲林縣西螺鎮福田里社口68-48號,99.45 kW,星星電力股份有限公司,25SP0186-B026000001~32,5/20/26,2026-01-01~2026-03-31,認可,認可,31.136 MWh,0 MWh
南方電力股份有限公司,屏東縣鹽埔鄉彭南段413-2地號太陽光電發電場,太陽能,2026,33.661,0,屏東縣鹽埔鄉彭南段413-2地號,99.45 kW,南方電力股份有限公司,24SP0853-B026000001~39,5/20/26,2026-01-01~2026-03-31,認可,認可,33.661 MWh,0 MWh
天能綠電股份有限公司,豐光10-屏東傑程企業屋頂型太陽光電案場,太陽能,2026,29.621,1.063,屏東縣九如鄉屏東縣九如鄉東寧村五權路38號,99.45 kW,天能綠電股份有限公司,24SP2007-B026000001~40,5/20/26,2026-01-01~2026-03-31,認可,認可,29.621 MWh,1.063 MWh
大自然能源電業股份有限公司,NP121041C002(自強路8號),太陽能,2026,32.353,0,屏東縣竹田鄉自強路8號,99.45 kW,大自然能源電業股份有限公司,24SP1317-B026000002~36,5/20/26,2026-01-01~2026-03-31,認可,認可,32.353 MWh,0 MWh
續興股份有限公司,輔仁中學,太陽能,2026,32.846,0,嘉義市東區吳鳯南路270號,99.45 kW,續興股份有限公司,24SP0937-B026000001~34,5/20/26,2026-01-01~2026-03-31,認可,認可,32.846 MWh,0 MWh
富威電力股份有限公司,台信-南州集貨場太陽光電發電廠,太陽能,2026,15.811,0,屏東縣南州鄉溪南村11鄰人和路1巷201號,99.44 kW,富威電力股份有限公司,25SP1925-B026000011~39,4/1/26,2026-01-01~2026-02-28,認可,認可,15.811 MWh,0 MWh
十萬伏特電力股份有限公司,台中-喬堡藝術鍛造案,太陽能,2026,19.423,0,臺中市大肚區王福街750巷60號,99.44 kW,十萬伏特電力股份有限公司,25SP4106-B026000001~21,4/22/26,2026-01-01~2026-02-28,認可,認可,19.423 MWh,0 MWh
陽光伏特家電力股份有限公司,十源台南1廠,太陽能,2026,33.077,0,臺南市北門區溪底寮段二重港小段0357-0000地號,99.43 kW,陽光伏特家電力股份有限公司,24SP1315-B026000001~35,5/20/26,2026-01-01~2026-03-31,認可,認可,33.077 MWh,0 MWh
大自然能源電業股份有限公司,NP121012C003周繼光(1039),太陽能,2026,32.206,0,屏東縣佳冬鄉佳和段1039地號,99.43 kW,大自然能源電業股份有限公司,24SP0928-B026000004~40,5/20/26,2026-01-01~2026-03-31,認可,認可,32.206 MWh,0 MWh
陽光伏特家電力股份有限公司,元登屏東45廠,太陽能,2026,25.606,0,屏東縣高樹鄉埔羌崙段1077地號,99.43 kW,陽光伏特家電力股份有限公司,24SP0614-B026000001~27,5/20/26,2026-01-01~2026-03-31,認可,認可,25.606 MWh,0 MWh
陽光伏特家電力股份有限公司,元登屏東47廠,太陽能,2026,29.983,0,屏東縣里港鄉武洛段0577-0003地號,99.43 kW,陽光伏特家電力股份有限公司,24SP0526-B026000001~31,5/20/26,2026-01-01~2026-03-31,認可,認可,29.983 MWh,0 MWh
阿波羅電力股份有限公司,辰翔許駿鵬,太陽能,2026,30.627,0,彰化縣芳苑鄉復興路130巷13號,99.43 kW,阿波羅電力股份有限公司,24SP1211-B026000001~32,5/20/26,2026-01-01~2026-03-31,認可,認可,30.627 MWh,0 MWh
怡和綠電超商股份有限公司,欣雄-大汕國小,太陽能,2026,10.283,0,高雄市旗津區中洲二路203號,99.4 kW,怡和綠電超商股份有限公司,25SP2571-B026000011~21,4/1/26,2026-02-01~2026-02-28,認可,認可,10.283 MWh,0 MWh
星星電力股份有限公司,新綠-川井,太陽能,2026,32.447,0,臺中市西屯區工業區三十八路185-1號,99.4 kW,星星電力股份有限公司,26SP0014-B026000001~34,5/20/26,2026-01-01~2026-03-31,認可,認可,32.447 MWh,0 MWh
陽光伏特家電力股份有限公司,凱銳能源台中2廠,太陽能,2026,25.139,0,臺中市大甲區幼獅路75號,99.4 kW,陽光伏特家電力股份有限公司,24SP2117-B026000001~27,5/20/26,2026-01-01~2026-03-31,認可,認可,25.139 MWh,0 MWh
能元超商股份有限公司,台泥綠能小雲品宿舍,太陽能,2026,31.064,0,南投縣魚池鄉東興巷10之22號,99.4 kW,能元超商股份有限公司,25SP3146-B026000002~38,5/20/26,2026-01-01~2026-03-31,認可,認可,31.064 MWh,0 MWh
續興股份有限公司,麻豆,太陽能,2026,30.852,0,臺南市麻豆區寮子廍166之37、38、39號,99.4 kW,續興股份有限公司,25SP2705-B026000001~32,5/20/26,2026-01-01~2026-03-31,認可,認可,30.852 MWh,0 MWh
晨星電力股份有限公司,(永豐)瑞峰1期,太陽能,2026,34.091,0,彰化縣福興鄉阿力街24之6號,99.375 kW,晨星電力股份有限公司,25SP3708-B026000001~36,5/20/26,2026-01-01~2026-03-31,認可,認可,34.091 MWh,0 MWh
台灣高速鐵路股份有限公司-彰化車站,台灣高速鐵路股份有限公司-彰化車站,太陽能,2026,0,10.668,彰化縣田中鎮站區路二段99號,99.375 kW,台灣高速鐵路股份有限公司-彰化車站,18SP0021-B026000001~13,5/20/26,2026-01-01~2026-03-31,認可,認可,0 MWh,10.668 MWh
怡和綠電超商股份有限公司,鼎勝能源-麻豆上好柚子園,太陽能,2026,29.65,3.151,臺南市麻豆區方厝寮36之66號,99.375 kW,怡和綠電超商股份有限公司,25SP3920-B026000001~44,5/20/26,2026-01-01~2026-03-31,認可,認可,29.65 MWh,3.151 MWh
大豐環保科技股份有限公司,台南拆車夢工廠,太陽能,2026,0,18.723,臺南市永康區復興路38號,99.36 kW,大豐環保科技股份有限公司,24SP0012-B026000001~20,5/20/26,2026-01-01~2026-03-31,認可,認可,0 MWh,18.723 MWh
續興股份有限公司,興鎰(黃士清),太陽能,2026,29.29,0,臺中市烏日區慶光路118號,99.33 kW,續興股份有限公司,25SP3656-B026000001~30,5/20/26,2026-01-01~2026-03-31,認可,認可,29.29 MWh,0 MWh
續興股份有限公司,順湟(張林秀桃),太陽能,2026,31.438,0,臺中市豐原區東北街533號,99.33 kW,續興股份有限公司,25SP3004-B026000001~33,5/20/26,2026-01-01~2026-03-31,認可,認可,31.438 MWh,0 MWh
成新科技股份有限公司,成新科技股份有限公司,太陽能,2026,0,8.75,高雄市仁武區仁發一路3號,99.33 kW,成新科技股份有限公司,25SP0527-B026000001~10,5/20/26,2026-01-01~2026-03-31,認可,認可,0 MWh,8.75 MWh
阿波羅電力股份有限公司,環球大宇宙前鎮區前鎮第二市場,太陽能,2026,32.13,0,高雄市前鎮區前鎮街291號,99.33 kW,阿波羅電力股份有限公司,24SP2180-B026000001~34,5/20/26,2026-01-01~2026-03-31,認可,認可,32.13 MWh,0 MWh
天能綠電股份有限公司,新鑫_高雄_梓官漁港二路漁會_屋頂型太陽光電案場,太陽能,2026,12.872,0,高雄市梓官區漁港二路32號,99.33 kW,天能綠電股份有限公司,25SP1426-B026000001~13,5/20/26,2026-03-01~2026-03-31,認可,認可,12.872 MWh,0 MWh
艾涅爾電力股份有限公司,益大-下營雞舍PV0093,太陽能,2026,17.089,0,臺南市下營區仁里里仁里街362巷70號,99.33 kW,艾涅爾電力股份有限公司,25SP0770-B026000001~18,4/8/26,2026-01-01~2026-02-28,認可,認可,17.089 MWh,0 MWh
晨星電力股份有限公司,(亞沃)雙合鑫,太陽能,2026,22.082,0,臺中市太平區工業15路12號,99.33 kW,晨星電力股份有限公司,25SP2714-B026000001~23,5/20/26,2026-01-01~2026-03-31,認可,認可,22.082 MWh,0 MWh
怡和綠電超商股份有限公司,晁能-內埔隘寮481-6地號,太陽能,2026,28.893,0,屏東縣內埔鄉隘寮段481-6地號,99.3 kW,怡和綠電超商股份有限公司,25SP1480-B026000001~30,5/20/26,2026-01-01~2026-03-31,認可,認可,28.893 MWh,0 MWh
星星電力股份有限公司,風昇-麟忠段338-1地號,太陽能,2026,17.961,0,屏東縣麟洛鄉麟忠段338-1地號,99.28 kW,星星電力股份有限公司,25SP0437-B026000001~19,4/8/26,2026-01-01~2026-02-28,認可,認可,17.961 MWh,0 MWh
續興股份有限公司,百發-成功,太陽能,2026,30.748,0,高雄市岡山區成功路460巷5、5之1號,99.22 kW,續興股份有限公司,25SP1948-B026000001~33,5/20/26,2026-01-01~2026-03-31,認可,認可,30.748 MWh,0 MWh
日勝化工股份有限公司,六號倉,太陽能,2026,0,23.145,南投縣南投市工業南三路6號,99.22 kW,日勝化工股份有限公司,25SP0283-B026000001~24,5/20/26,2026-01-01~2026-03-31,認可,認可,0 MWh,23.145 MWh
艾涅爾電力股份有限公司,育渲-南投名間祥和長照,太陽能,2026,16.961,0,南投縣名間鄉彰南路256之1巷100、101號,99.22 kW,艾涅爾電力股份有限公司,24SP1741-B026000001~18,4/8/26,2026-01-01~2026-02-28,認可,認可,16.961 MWh,0 MWh
續興股份有限公司,百發-嘉華,太陽能,2026,30.611,0,高雄市岡山區嘉華路25之2號,99.22 kW,續興股份有限公司,25SP1947-B026000001~32,5/20/26,2026-01-01~2026-03-31,認可,認可,30.611 MWh,0 MWh
晨星電力股份有限公司,(立豐)加邦,太陽能,2026,28.932,0,彰化縣秀水鄉彰水路二段620巷30、30-1、30-2、30-3、30-5號,99.2 kW,晨星電力股份有限公司,25SP4006-B026000001~31,5/20/26,2026-01-01~2026-03-31,認可,認可,28.932 MWh,0 MWh
怡和綠電超商股份有限公司,克林-呂汶瑾(屏東三張廍71-47),太陽能,2026,32.669,0,屏東縣里港鄉三張廍段0071-0047地號,99.2 kW,怡和綠電超商股份有限公司,25SP1568-B026000001~34,5/20/26,2026-01-01~2026-03-31,認可,認可,32.669 MWh,0 MWh
續興股份有限公司,洪家和,太陽能,2026,28.731,0,澎湖縣湖西鄉城北段0755-0000地號,99.2 kW,續興股份有限公司,25SP2339-B026000001~30,5/20/26,2026-01-01~2026-03-31,認可,認可,28.731 MWh,0 MWh
怡和綠電超商股份有限公司,建豐-三張廍71-45,太陽能,2026,33.452,0,屏東縣里港鄉三張廍段71-45地號,99.2 kW,怡和綠電超商股份有限公司,25SP1416-B026000001~35,5/20/26,2026-01-01~2026-03-31,認可,認可,33.452 MWh,0 MWh
怡和綠電超商股份有限公司,建豐-三張廍71-46,太陽能,2026,33.366,0,屏東縣里港鄉三張廍段71-46地號,99.2 kW,怡和綠電超商股份有限公司,25SP1417-B026000001~35,5/20/26,2026-01-01~2026-03-31,認可,認可,33.366 MWh,0 MWh
怡和綠電超商股份有限公司,晶久綠能-三張廍501-1地號,太陽能,2026,33.05,0,屏東縣里港鄉三張廍段0501-0001地號,99.2 kW,怡和綠電超商股份有限公司,25SP1575-B026000001~35,5/20/26,2026-01-01~2026-03-31,認可,認可,33.05 MWh,0 MWh
寶島陽光電力事業股份有限公司,豐照能源股份有限公司(屏東九如41地號),太陽能,2026,0.657,0,屏東縣九如鄉惠農段41地號,99.2 kW,寶島陽光電力事業股份有限公司,24SP0931-B026000001~15,5/20/26,2026-01-01~2026-03-31,認可,認可,0.657 MWh,0 MWh
怡和綠電超商股份有限公司,晁能-九如大坵段851地號,太陽能,2026,29.866,0,屏東縣九如鄉大坵段851地號,99.2 kW,怡和綠電超商股份有限公司,25SP1475-B026000001~32,5/20/26,2026-01-01~2026-03-31,認可,認可,29.866 MWh,0 MWh
怡和綠電超商股份有限公司,克林-呂汶瑾(屏東三張廍502 ),太陽能,2026,32.229,0,屏東縣里港鄉三張廍段502地號,99.2 kW,怡和綠電超商股份有限公司,25SP1567-B026000001~34,5/20/26,2026-01-01~2026-03-31,認可,認可,32.229 MWh,0 MWh
艾涅爾電力股份有限公司,群騰-李佳修,太陽能,2026,18.798,0,臺南市學甲區新榮里華宗路137、137之2號,99.2 kW,艾涅爾電力股份有限公司,24SP1959-B026000001~20,4/8/26,2026-01-01~2026-02-28,認可,認可,18.798 MWh,0 MWh
曜越綠電股份有限公司,潮州五魁833,太陽能,2026,34.323,0,屏東縣潮州鎮潮州鎮五魁段833地號,99.2 kW,曜越綠電股份有限公司,24SC0005-B026000001~36,5/20/26,2026-01-01~2026-03-31,認可,認可,34.323 MWh,0 MWh
曜越綠電股份有限公司,潮州五魁835,太陽能,2026,32.063,0,屏東縣潮州鎮潮州鎮五魁段835地號,99.2 kW,曜越綠電股份有限公司,24SC0002-B026000001~34,5/20/26,2026-01-01~2026-03-31,認可,認可,32.063 MWh,0 MWh
永喆環保科技有限公司,永喆樹林一廠,太陽能,2026,0,25.676,新北市樹林區柑園街一段1-19號,99.2 kW,永喆環保科技有限公司,22SP0059-B026000001~27,5/20/26,2026-01-01~2026-03-31,認可,認可,0 MWh,25.676 MWh
怡和綠電超商股份有限公司,克林-陳啟陽(大坵段773),太陽能,2026,32.304,0,屏東縣九如鄉大坵段0773-0000地號,99.2 kW,怡和綠電超商股份有限公司,25SP1506-B026000001~34,5/20/26,2026-01-01~2026-03-31,認可,認可,32.304 MWh,0 MWh
怡和綠電超商股份有限公司,鑫元陽-宗聯機器,太陽能,2026,18.439,0,臺南市安定區安加里安定258之54號,99.19 kW,怡和綠電超商股份有限公司,25SP1197-B026000001~19,4/1/26,2026-01-01~2026-02-28,認可,認可,18.439 MWh,0 MWh
十萬伏特電力股份有限公司,台中-鋐光實業(外埔廠)案,太陽能,2026,21.974,0,臺中市外埔區長生路812號,99.19 kW,十萬伏特電力股份有限公司,25SP3880-B026000001~25,5/20/26,2026-02-01~2026-03-31,認可,認可,21.974 MWh,0 MWh
晨星電力股份有限公司,(記銘)彰化-傳益,太陽能,2026,4.067,31.308,彰化縣秀水鄉枋林巷72-8號,99.18 kW,晨星電力股份有限公司,26SP0123-B026000002~43,5/20/26,2026-01-01~2026-03-31,認可,認可,4.067 MWh,31.308 MWh
阿波羅電力股份有限公司,辰信陳新發一期,太陽能,2026,33.169,0,彰化縣芳苑鄉草漢路草一段441巷建193號(彰化縣芳苑鄉崙腳段0019-0000地號),99.16 kW,阿波羅電力股份有限公司,24SP2322-B026000001~35,5/20/26,2026-01-01~2026-03-31,認可,認可,33.169 MWh,0 MWh
富威電力股份有限公司,磐軒-北屯順亮太陽光電發電廠,太陽能,2026,11.98,5.4,臺中市北屯區大富路100之8號,99.16 kW,富威電力股份有限公司,25SP2963-B026000081~211,5/20/26,2026-02-01~2026-03-31,認可,認可,11.98 MWh,5.4 MWh
台灣東洋先端科技股份有限公司,台南廠,太陽能,2026,0,22.809,臺南市安南區工業三路50號,99.125 kW,台灣東洋先端科技股份有限公司,24SP0612-B026000001~23,4/1/26,2026-01-01~2026-02-28,認可,認可,0 MWh,22.809 MWh
天能綠電股份有限公司,閎均光電-屏東內埔復興994地面型太陽光電案場,太陽能,2026,33.916,0,屏東縣內埔鄉屏東縣內埔鄉復興段0994-0000地號,99.125 kW,天能綠電股份有限公司,24SP0978-B026000001~36,5/20/26,2026-01-01~2026-03-31,認可,認可,33.916 MWh,0 MWh
儲盈科技股份有限公司,儲盈科技 99.12KW光電案場,太陽能,2026,0,20.388,臺南市安南區科技五路63號,99.12 kW,儲盈科技股份有限公司,24SP0905-B026000001~22,5/20/26,2026-01-01~2026-03-31,認可,認可,0 MWh,20.388 MWh
陽光伏特家電力股份有限公司,十源屏東1廠,太陽能,2026,36.553,0,屏東縣車城鄉保新段0620-0000地號,99.12 kW,陽光伏特家電力股份有限公司,24SP1093-B026000001~40,5/20/26,2026-01-01~2026-03-31,認可,認可,36.553 MWh,0 MWh
南方電力股份有限公司,屏東縣高樹鄉舊寮段0197-0001地號太陽光電發電場,太陽能,2026,33.149,0,屏東縣高樹鄉舊寮段0197-0001地號,99.12 kW,南方電力股份有限公司,24SP0172-B026000001~35,5/20/26,2026-01-01~2026-03-31,認可,認可,33.149 MWh,0 MWh
南方電力股份有限公司,屏東縣高樹鄉阿拔泉段0065-0109地號太陽光電發電場,太陽能,2026,32.652,0,屏東縣高樹鄉阿拔泉段0065-0109地號,99.12 kW,南方電力股份有限公司,24SP0154-B026000001~35,5/20/26,2026-01-01~2026-03-31,認可,認可,32.652 MWh,0 MWh
南方電力股份有限公司,屏東縣高樹鄉阿拔泉段0065-0224地號太陽光電發電場,太陽能,2026,33.504,0,屏東縣高樹鄉阿拔泉段0065-0224地號,99.12 kW,南方電力股份有限公司,24SP0153-B026000001~35,5/20/26,2026-01-01~2026-03-31,認可,認可,33.504 MWh,0 MWh
南方電力股份有限公司,屏東縣高樹鄉舊寮段0197-0003地號太陽光電發電場,太陽能,2026,33.107,0,屏東縣高樹鄉舊寮段0197-0003地號,99.12 kW,南方電力股份有限公司,24SP0170-B026000001~35,5/20/26,2026-01-01~2026-03-31,認可,認可,33.107 MWh,0 MWh
南方電力股份有限公司,屏東縣高樹鄉舊寮段0197-0004地號太陽光電發電場,太陽能,2026,32.374,0,屏東縣高樹鄉舊寮段0197-0004地號,99.12 kW,南方電力股份有限公司,24SP0124-B026000001~34,5/20/26,2026-01-01~2026-03-31,認可,認可,32.374 MWh,0 MWh
南方電力股份有限公司,屏東縣高樹鄉阿拔泉段0065-0223地號太陽光電發電場,太陽能,2026,32.72,0,屏東縣高樹鄉阿拔泉段0065-0223地號,99.12 kW,南方電力股份有限公司,24SP0169-B026000001~35,5/20/26,2026-01-01~2026-03-31,認可,認可,32.72 MWh,0 MWh
南方電力股份有限公司,屏東縣高樹鄉阿拔泉段0065-0225地號太陽光電發電場,太陽能,2026,31.889,0,屏東縣高樹鄉阿拔泉段0065-0225地號,99.12 kW,南方電力股份有限公司,24SP0168-B026000001~33,5/20/26,2026-01-01~2026-03-31,認可,認可,31.889 MWh,0 MWh
南方電力股份有限公司,屏東縣高樹鄉泰和段0534-0000地號太陽光電發電場,太陽能,2026,32.157,0,屏東縣高樹鄉泰和段0534-0000地號,99.12 kW,南方電力股份有限公司,24SP0159-B026000001~34,5/20/26,2026-01-01~2026-03-31,認可,認可,32.157 MWh,0 MWh
南方電力股份有限公司,屏東縣高樹鄉舊寮段197地號太陽光電發電場,太陽能,2026,32.988,0,屏東縣高樹鄉舊寮段197地號,99.12 kW,南方電力股份有限公司,24SP0146-B026000001~35,5/20/26,2026-01-01~2026-03-31,認可,認可,32.988 MWh,0 MWh
南方電力股份有限公司,屏東縣高樹鄉舊寮段0197-0002地號太陽光電發電場,太陽能,2026,32.572,0,屏東縣高樹鄉舊寮段0197-0002地號,99.12 kW,南方電力股份有限公司,24SP0125-B026000001~34,5/20/26,2026-01-01~2026-03-31,認可,認可,32.572 MWh,0 MWh
續興股份有限公司,後寮段1252,太陽能,2026,25.835,0,澎湖縣白沙鄉後寮段1252-0000地號(土地重劃後：澎湖縣白沙鄉後寮東段0841-0000地號),99.12 kW,續興股份有限公司,25SP2344-B026000001~27,5/20/26,2026-01-01~2026-03-31,認可,認可,25.835 MWh,0 MWh
南方電力股份有限公司,屏東縣高樹鄉泰和段0535-0000地號太陽光電發電場,太陽能,2026,32.457,0,屏東縣高樹鄉泰和段0535-0000地號,99.12 kW,南方電力股份有限公司,24SP0155-B026000001~34,5/20/26,2026-01-01~2026-03-31,認可,認可,32.457 MWh,0 MWh
續興股份有限公司,李建興一期,太陽能,2026,30.823,0,臺中市潭子區民族路3段213巷18號,99 kW,續興股份有限公司,25SP2759-B026000001~33,5/20/26,2026-01-01~2026-03-31,認可,認可,30.823 MWh,0 MWh
陽光伏特家電力股份有限公司,元登屏東22廠,太陽能,2026,21.476,0,屏東縣長治鄉繁興段784地號,99 kW,陽光伏特家電力股份有限公司,24SP0635-B026000014~68,5/20/26,2026-01-01~2026-03-31,認可,認可,21.476 MWh,0 MWh
怡和綠電超商股份有限公司,嘉創-嵩龍實業,太陽能,2026,19.469,0,臺中市梧棲區自立二街117號,99 kW,怡和綠電超商股份有限公司,25SP3979-B026000001~174,5/20/26,2026-01-01~2026-03-31,認可,認可,19.469 MWh,0 MWh
星星電力股份有限公司,茂群 - 林潤錠(長治鄉303-1地號),太陽能,2026,30.265,0,屏東縣長治鄉昌榮段 0303-0001地號,99 kW,星星電力股份有限公司,25SP2227-B026000001~32,5/20/26,2026-01-01~2026-03-31,認可,認可,30.265 MWh,0 MWh
星星電力股份有限公司,茂群 - 林潤錠(長治鄉303地號),太陽能,2026,27.313,0,屏東縣長治鄉昌榮段 0303-0000地號,99 kW,星星電力股份有限公司,25SP2648-B026000001~29,5/20/26,2026-01-01~2026-03-31,認可,認可,27.313 MWh,0 MWh
續興股份有限公司,睿瑩一期,太陽能,2026,29.944,0,臺中市大雅區神林路1段660巷31號,99 kW,續興股份有限公司,25SP2141-B026000001~31,5/20/26,2026-01-01~2026-03-31,認可,認可,29.944 MWh,0 MWh
怡和綠電超商股份有限公司,穎建-穎建99,太陽能,2026,20.768,8.411,雲林縣褒忠鄉新湖127號,99 kW,怡和綠電超商股份有限公司,25SP2755-B026000001~38,5/20/26,2026-01-01~2026-03-31,認可,認可,20.768 MWh,8.411 MWh
富威電力股份有限公司,浩豐-楓港東705-5太陽光電發電廠,太陽能,2026,17.917,0,屏東縣枋山鄉楓港東段0707-0000地號,99 kW,富威電力股份有限公司,25SP2386-B026000011~40,4/1/26,2026-01-01~2026-02-28,認可,認可,17.917 MWh,0 MWh
富威電力股份有限公司,昶達-林邊案太陽光電發電廠,太陽能,2026,26.531,0,屏東縣林邊鄉鎮安段0612-0000地號,99 kW,富威電力股份有限公司,25SP3493-B026000002~34,5/20/26,2026-01-01~2026-03-31,認可,認可,26.531 MWh,0 MWh
盟昆企業有限公司,盟昆企業有限公司,太陽能,2026,0,16.533,臺南市山上區新莊里新庄59之5號,99 kW,盟昆企業有限公司,25SP2888-B026000001~18,5/20/26,2025-12-09~2026-03-31,認可,認可,0 MWh,16.533 MWh
怡和綠電超商股份有限公司,嘉創-李翼贊,太陽能,2026,30.272,0,雲林縣二崙鄉新興路5之8號,99 kW,怡和綠電超商股份有限公司,25SP2478-B026000002~36,5/20/26,2026-01-01~2026-03-31,認可,認可,30.272 MWh,0 MWh
香印永續股份有限公司,謙岑,太陽能,2026,27.479,0,屏東縣恆春鎮大平頂段上大平頂小段259-28地號,99 kW,香印永續股份有限公司,25SP2451-B026000001~312,5/20/26,2026-01-01~2026-03-31,認可,認可,27.479 MWh,0 MWh
香印永續股份有限公司,綠活,太陽能,2026,29.498,0,屏東縣恆春鎮大平頂段上大平頂小段259-41地號,99 kW,香印永續股份有限公司,25SP2589-B026000001~312,5/20/26,2026-01-01~2026-03-31,認可,認可,29.498 MWh,0 MWh
星星電力股份有限公司,茂群 - 林潤錠(內埔鄉374-29地號),太陽能,2026,29.813,0,屏東縣內埔鄉隘寮段374-29地號,99 kW,星星電力股份有限公司,25SP2647-B026000001~31,5/20/26,2026-01-01~2026-03-31,認可,認可,29.813 MWh,0 MWh
星星電力股份有限公司,茂群 - 林潤錠(內埔鄉374-23地號),太陽能,2026,29.559,0,屏東縣內埔鄉隘寮段374-23地號,99 kW,星星電力股份有限公司,25SP2232-B026000001~31,5/20/26,2026-01-01~2026-03-31,認可,認可,29.559 MWh,0 MWh
商景企業股份有限公司,商景企業神岡總廠,太陽能,2026,0,32.063,臺中市神岡區神洲里堤南路35號,99 kW,商景企業股份有限公司,25SP0860-B026000001~21,5/20/26,2026-01-01~2026-03-31,認可,認可,0 MWh,32.063 MWh
陽光伏特家電力股份有限公司,元登屏東6廠,太陽能,2026,20.573,0,屏東縣高樹鄉新日段1482-0000地號,99 kW,陽光伏特家電力股份有限公司,24SO0003-B026000014~68,5/20/26,2026-01-01~2026-03-31,認可,認可,20.573 MWh,0 MWh
續興股份有限公司,彰化埤頭576,太陽能,2026,28.695,0,彰化縣埤頭鄉十三甲段0576-0000地號,99 kW,續興股份有限公司,25SP2689-B026000001~30,5/20/26,2026-01-01~2026-03-31,認可,認可,28.695 MWh,0 MWh
恆利電能股份有限公司,CXA-柳營2 (99kw),太陽能,2026,23.03,4.801,臺南市柳營區中埕里柳營360之151號,99 kW,恆利電能股份有限公司,25SP0048-B026000001~39,5/20/26,2026-01-01~2026-03-31,認可,認可,23.03 MWh,4.801 MWh
陽光伏特家電力股份有限公司,元登屏東24廠,太陽能,2026,22.46,0,屏東縣里港鄉屏東縣里港鄉土庫段0169-0035地號,99 kW,陽光伏特家電力股份有限公司,24SP0257-B026000014~70,5/20/26,2026-01-01~2026-03-31,認可,認可,22.46 MWh,0 MWh
天能綠電股份有限公司,凱銳-彰化縣德展屋頂型太陽光電案場,太陽能,2026,0,12.7,彰化縣和美鎮彰和路2段754巷126號,99 kW,天能綠電股份有限公司,24SP1745-B026000001~13,5/20/26,2026-03-01~2026-03-31,認可,認可,0 MWh,12.7 MWh
台灣碳資產電業股份有限公司,渡子頭99場,太陽能,2026,30.606,0,臺南市北門區渡子頭段0498-0027地號,99 kW,台灣碳資產電業股份有限公司,24SP0478-B026000001~32,5/20/26,2026-01-01~2026-03-31,認可,認可,30.606 MWh,0 MWh
陽光伏特家電力股份有限公司,元登屏東1廠,太陽能,2026,21.873,0,屏東縣高樹鄉新泰山段0043-0000地號,99 kW,陽光伏特家電力股份有限公司,24SP0640-B026000014~69,5/20/26,2026-01-01~2026-03-31,認可,認可,21.873 MWh,0 MWh
陽光伏特家電力股份有限公司,元登屏東26廠,太陽能,2026,31.899,0,屏東縣鹽埔鄉仕絨段224地號,99 kW,陽光伏特家電力股份有限公司,24SP0715-B026000001~33,5/20/26,2026-01-01~2026-03-31,認可,認可,31.899 MWh,0 MWh
陽光伏特家電力股份有限公司,元登屏東10廠,太陽能,2026,24.848,0,屏東縣佳冬鄉佳和段2301-0000地號,99 kW,陽光伏特家電力股份有限公司,24SP0747-B026000014~71,5/20/26,2026-01-01~2026-03-31,認可,認可,24.848 MWh,0 MWh
陽光伏特家電力股份有限公司,元登屏東39廠,太陽能,2026,31.6,0,屏東縣內埔鄉犁頭鏢段0918-0001地號,99 kW,陽光伏特家電力股份有限公司,24SP0496-B026000001~33,5/20/26,2026-01-01~2026-03-31,認可,認可,31.6 MWh,0 MWh
佑宜自動化企業股份有限公司,佑宜,太陽能,2026,0,17.77,臺中市太平區園區路111號,99 kW,佑宜自動化企業股份有限公司,24SP0007-B026000001~19,5/20/26,2026-01-01~2026-03-31,認可,認可,0 MWh,17.77 MWh
陽光伏特家電力股份有限公司,元登屏東38廠,太陽能,2026,31.243,0,屏東縣內埔鄉犁頭鏢段0918-0000地號,99 kW,陽光伏特家電力股份有限公司,24SP0371-B026000001~33,5/20/26,2026-01-01~2026-03-31,認可,認可,31.243 MWh,0 MWh
陽光伏特家電力股份有限公司,元登屏東2廠,太陽能,2026,21.175,0,屏東縣高樹鄉泰山段1549地號,99 kW,陽光伏特家電力股份有限公司,24SO0004-B026000014~68,5/20/26,2026-01-01~2026-03-31,認可,認可,21.175 MWh,0 MWh
陽光伏特家電力股份有限公司,元登屏東23廠,太陽能,2026,23.432,0,屏東縣里港鄉屏東縣里港鄉光明段58地號,99 kW,陽光伏特家電力股份有限公司,24SP1230-B026000014~71,5/20/26,2026-01-01~2026-03-31,認可,認可,23.432 MWh,0 MWh
陽光伏特家電力股份有限公司,元登屏東3廠,太陽能,2026,22.917,0,屏東縣里港鄉土庫段0170-0018地號,99 kW,陽光伏特家電力股份有限公司,24SP0345-B026000014~70,5/20/26,2026-01-01~2026-03-31,認可,認可,22.917 MWh,0 MWh
陽光伏特家電力股份有限公司,元登屏東4廠,太陽能,2026,21.83,0,屏東縣高樹鄉新日段1437-0000地號,99 kW,陽光伏特家電力股份有限公司,24SP0717-B026000014~71,5/20/26,2026-01-01~2026-03-31,認可,認可,21.83 MWh,0 MWh
陽光伏特家電力股份有限公司,元登屏東11廠,太陽能,2026,24.022,0,屏東縣佳冬鄉佳和段1436-0000地號,99 kW,陽光伏特家電力股份有限公司,24SP0748-B026000014~71,5/20/26,2026-01-01~2026-03-31,認可,認可,24.022 MWh,0 MWh
陽光伏特家電力股份有限公司,元登屏東33廠,太陽能,2026,43.585,0,屏東縣南州鄉萬華段0280-0000地號,99 kW,陽光伏特家電力股份有限公司,24SP0604-B026000001~45,5/20/26,2026-01-01~2026-03-31,認可,認可,43.585 MWh,0 MWh
陽光伏特家電力股份有限公司,元登屏東31廠,太陽能,2026,31.354,0,屏東縣里港鄉茄苳腳段0661-0000地號,99 kW,陽光伏特家電力股份有限公司,24SP0567-B026000001~33,5/20/26,2026-01-01~2026-03-31,認可,認可,31.354 MWh,0 MWh
陽光伏特家電力股份有限公司,元登屏東28廠,太陽能,2026,31.08,0,屏東縣鹽埔鄉振興段1217-0000地號,99 kW,陽光伏特家電力股份有限公司,24SP1372-B026000001~33,5/20/26,2026-01-01~2026-03-31,認可,認可,31.08 MWh,0 MWh
富錡企業股份有限公司,富錡企業股份有限公司,太陽能,2026,0,18.374,臺中市大雅區鳳鳴路26號,99 kW,富錡企業股份有限公司,23SP0394-B026000001~19,5/20/26,2026-01-01~2026-03-31,認可,認可,0 MWh,18.374 MWh
艾涅爾電力股份有限公司,加州電網-滿州鄉九棚段186,太陽能,2026,13.826,0,屏東縣滿州鄉九棚段0186-0000地號,99 kW,艾涅爾電力股份有限公司,24SP0028-B026000001~16,4/8/26,2026-01-01~2026-02-28,認可,認可,13.826 MWh,0 MWh
艾涅爾電力股份有限公司,加州電網-滿州鄉九棚段185-2,太陽能,2026,13.747,0,屏東縣滿州鄉九棚段0185-0002地號,99 kW,艾涅爾電力股份有限公司,24SP0055-B026000001~16,4/8/26,2026-01-01~2026-02-28,認可,認可,13.747 MWh,0 MWh
陽光伏特家電力股份有限公司,元登屏東7廠,太陽能,2026,25.07,0,屏東縣佳冬鄉佳和段1144-0000地號,99 kW,陽光伏特家電力股份有限公司,24SP0752-B026000014~71,5/20/26,2026-01-01~2026-03-31,認可,認可,25.07 MWh,0 MWh
陽光伏特家電力股份有限公司,元登屏東9廠,太陽能,2026,25.958,0,屏東縣車城鄉保力段山腳小段0039-0009地號,99 kW,陽光伏特家電力股份有限公司,24SP0712-B026000014~71,5/20/26,2026-01-01~2026-03-31,認可,認可,25.958 MWh,0 MWh
續興股份有限公司,筌鎰一期,太陽能,2026,30.021,0,臺中市神岡區神洲路716巷27弄8之1號,99 kW,續興股份有限公司,25SP2094-B026000001~32,5/20/26,2026-01-01~2026-03-31,認可,認可,30.021 MWh,0 MWh
怡和綠電超商股份有限公司,加州儲能-魏旭仁雞舍34號2期,太陽能,2026,34.695,0,嘉義縣義竹鄉溪洲村上溪洲34號,98.94 kW,怡和綠電超商股份有限公司,25SP1684-B026000001~36,5/20/26,2026-01-01~2026-03-31,認可,認可,34.695 MWh,0 MWh
怡和綠電超商股份有限公司,晶久綠能-西嶼大池2118地號,太陽能,2026,27.127,0,澎湖縣西嶼鄉大池段2118-0000地號,98.82 kW,怡和綠電超商股份有限公司,25SP1104-B026000001~29,5/20/26,2026-01-01~2026-03-31,認可,認可,27.127 MWh,0 MWh
怡和綠電超商股份有限公司,建豐-西嶼竹篙灣段3665,太陽能,2026,12.692,0,澎湖縣西嶼鄉竹篙灣段3665地號,98.82 kW,怡和綠電超商股份有限公司,25SP1109-B026000001~14,4/1/26,2026-01-01~2026-02-28,認可,認可,12.692 MWh,0 MWh
怡和綠電超商股份有限公司,晶久綠能-西嶼竹灣1126地號,太陽能,2026,26.233,0,澎湖縣西嶼鄉竹灣段1126-0000地號,98.82 kW,怡和綠電超商股份有限公司,25SP1108-B026000001~28,5/20/26,2026-01-01~2026-03-31,認可,認可,26.233 MWh,0 MWh
怡和綠電超商股份有限公司,建豐能源-大池段2375,太陽能,2026,27.322,0,澎湖縣西嶼鄉大池段2375-0000地號,98.82 kW,怡和綠電超商股份有限公司,25SP1507-B026000001~29,5/20/26,2026-01-01~2026-03-31,認可,認可,27.322 MWh,0 MWh
怡和綠電超商股份有限公司,晶久綠能-下瓦硐1135,太陽能,2026,28.351,0,澎湖縣白沙鄉下瓦硐段1135-0000地號,98.82 kW,怡和綠電超商股份有限公司,25SP1105-B026000001~29,5/20/26,2026-01-01~2026-03-31,認可,認可,28.351 MWh,0 MWh
續興股份有限公司,佳陽機械,太陽能,2026,8.176,0,臺南市安南區新吉三路220號,98.82 kW,續興股份有限公司,25SP1080-B026000002~10,4/1/26,2026-01-01~2026-02-28,認可,認可,8.176 MWh,0 MWh
怡和綠電超商股份有限公司,建豐能源-竹篙灣3719,太陽能,2026,27.989,0,澎湖縣西嶼鄉竹篙灣段3719-0000地號,98.82 kW,怡和綠電超商股份有限公司,25SP1504-B026000001~29,5/20/26,2026-01-01~2026-03-31,認可,認可,27.989 MWh,0 MWh
晨星電力股份有限公司,(亞沃)興農倉庫,太陽能,2026,29.062,0,臺中市大肚區南榮路109號,98.82 kW,晨星電力股份有限公司,25SP2719-B026000001~31,5/20/26,2026-01-01~2026-03-31,認可,認可,29.062 MWh,0 MWh
怡和綠電超商股份有限公司,晶久綠能-後寮東1068,太陽能,2026,26.653,0,澎湖縣白沙鄉後寮東段1067-0000地號、1068-0000地號,98.82 kW,怡和綠電超商股份有限公司,25SP1112-B026000001~29,5/20/26,2026-01-01~2026-03-31,認可,認可,26.653 MWh,0 MWh
怡和綠電超商股份有限公司,晶久綠能-上瓦硐491,太陽能,2026,28.195,0,澎湖縣白沙鄉上瓦硐段0491-0000地號,98.82 kW,怡和綠電超商股份有限公司,25SP1106-B026000001~29,5/20/26,2026-01-01~2026-03-31,認可,認可,28.195 MWh,0 MWh
晨星電力股份有限公司,(一二三)盛展泓,太陽能,2026,30.583,0,臺南市安南區臺南市安定區安新二路792號,98.8 kW,晨星電力股份有限公司,25SP1034-B026000001~32,5/20/26,2026-01-01~2026-03-31,認可,認可,30.583 MWh,0 MWh
晨星電力股份有限公司,(沅碁)紅毛港國小三期,太陽能,2026,33.192,0,高雄市前鎮區明鳳七街1號,98.8 kW,晨星電力股份有限公司,25SP1436-B026000001~35,5/20/26,2026-01-01~2026-03-31,認可,認可,33.192 MWh,0 MWh
宇軒電業股份有限公司,社子段125地號,太陽能,2026,19.02,12.196,臺南市官田區社子段125地號,98.7 kW,宇軒電業股份有限公司,25SP2000-B026000001~33,5/20/26,2026-01-01~2026-03-31,認可,認可,19.02 MWh,12.196 MWh
天能綠電股份有限公司,鴻晶-高雄市大寮區和業六路8號,太陽能,2026,3.86,4.967,高雄市大寮區和業六路8號(高雄市大寮區翁公園段三小段2008-0045地號),98.7 kW,天能綠電股份有限公司、鴻晶新科技股份有限公司,24SP1894-B026000001~9,5/20/26,2026-01-01~2026-01-31,認可,認可,3.86 MWh,4.967 MWh
艾涅爾電力股份有限公司,賽斯-張秉豐(地面型),太陽能,2026,18.791,0,屏東縣鹽埔鄉新二段0590-0008地號,98.6 kW,艾涅爾電力股份有限公司,24SP0140-B026000001~20,4/8/26,2026-01-01~2026-02-28,認可,認可,18.791 MWh,0 MWh
艾涅爾電力股份有限公司,賽斯-張琪婉(地面型),太陽能,2026,18.834,0,屏東縣鹽埔鄉新二段0590-0001地號,98.6 kW,艾涅爾電力股份有限公司,24SP0141-B026000001~20,4/8/26,2026-01-01~2026-02-28,認可,認可,18.834 MWh,0 MWh
大自然能源電業股份有限公司,NP201055C008福展(鹽水大埔段),太陽能,2026,18.896,12.487,臺南市鹽水區大埔段321地號,98.58 kW,大自然能源電業股份有限公司,25SP0086-B026000001~33,5/20/26,2026-01-01~2026-03-31,認可,認可,18.896 MWh,12.487 MWh
宇軒電業股份有限公司,公平段574地號-鄭賜寶,太陽能,2026,7.549,0,屏東縣高樹鄉公平段574地號,98.56 kW,宇軒電業股份有限公司,25SP2001-B026000009~16,4/15/26,2026-02-01~2026-02-28,認可,認可,7.549 MWh,0 MWh
宇軒電業股份有限公司,公平段565地號,太陽能,2026,16.101,11.392,屏東縣高樹鄉公平段565地號,98.56 kW,宇軒電業股份有限公司,25SP2024-B026000001~30,5/20/26,2026-01-01~2026-03-31,認可,認可,16.101 MWh,11.392 MWh
陽光伏特家電力股份有限公司,凱銳能源彰化4廠,太陽能,2026,29.789,0,彰化縣芬園鄉護岸街1段臨169號,98.56 kW,陽光伏特家電力股份有限公司,24SP2309-B026000001~31,5/20/26,2026-01-01~2026-03-31,認可,認可,29.789 MWh,0 MWh
宇軒電業股份有限公司,公平段579地號,太陽能,2026,16.246,11.496,屏東縣高樹鄉公平段579地號,98.56 kW,宇軒電業股份有限公司,25SP2013-B026000001~30,5/20/26,2026-01-01~2026-03-31,認可,認可,16.246 MWh,11.496 MWh
怡和綠電超商股份有限公司,秉城工程-神岡區中山路989巷1之13號(屋頂型),太陽能,2026,24.626,0,臺中市神岡區中山路989巷1之13號,98.47 kW,怡和綠電超商股份有限公司,25SP3584-B026000001~174,5/20/26,2026-01-01~2026-03-31,認可,認可,24.626 MWh,0 MWh
艾涅爾電力股份有限公司,太佑-中懋3廠,太陽能,2026,18.287,0,臺南市永康區臺南市永康區王行路12號,98.42 kW,艾涅爾電力股份有限公司,25SP0056-B026000001~20,4/8/26,2026-01-01~2026-02-28,認可,認可,18.287 MWh,0 MWh
艾涅爾電力股份有限公司,鑫天晴-華岳企業PV0140,太陽能,2026,18.403,0,南投縣草屯鎮碧興路二段207巷61號,98.4 kW,艾涅爾電力股份有限公司,25SP0993-B026000001~19,4/8/26,2026-01-01~2026-02-28,認可,認可,18.403 MWh,0 MWh
怡和綠電超商股份有限公司,晁能-林仲虎,太陽能,2026,30.951,0,屏東縣里港鄉塔樓路21-50號,98.4 kW,怡和綠電超商股份有限公司,25SP1482-B026000001~33,5/20/26,2026-01-01~2026-03-31,認可,認可,30.951 MWh,0 MWh
晨星電力股份有限公司,仁興-1期,太陽能,2026,33.611,0,彰化縣鹿港鎮頭崙巷26之1號(彰化縣鹿港鎮鹿犁段234、235、236地號),98.4 kW,晨星電力股份有限公司,25SP4007-B026000001~35,5/20/26,2026-01-01~2026-03-31,認可,認可,33.611 MWh,0 MWh
續興股份有限公司,黃俊銘331,太陽能,2026,26.486,0,澎湖縣湖西鄉鼎灣新段0331-0000地號,98.4 kW,續興股份有限公司,25SP2347-B026000001~28,5/20/26,2026-01-01~2026-03-31,認可,認可,26.486 MWh,0 MWh
續興股份有限公司,林清陸,太陽能,2026,26.368,0,澎湖縣湖西鄉城北段0780-0000地號,98.4 kW,續興股份有限公司,25SP2342-B026000001~28,5/20/26,2026-01-01~2026-03-31,認可,認可,26.368 MWh,0 MWh
續興股份有限公司,陳秋益,太陽能,2026,25.244,0,澎湖縣湖西鄉湖西南段0001-0000、0001-0001地號,98.4 kW,續興股份有限公司,25SP2345-B026000001~27,5/20/26,2026-01-01~2026-03-31,認可,認可,25.244 MWh,0 MWh
怡和綠電超商股份有限公司,賽斯-義永寺,太陽能,2026,31.227,0,高雄市三民區建興三巷1號,98.4 kW,怡和綠電超商股份有限公司,25SP2441-B026000001~33,5/20/26,2026-01-01~2026-03-31,認可,認可,31.227 MWh,0 MWh
中強光電股份有限公司_力行廠,中強光電_力行廠,太陽能,2026,0,7.165,新竹市東區力行路11號,98.4 kW,中強光電股份有限公司_力行廠,25SP0957-B026000009~16,5/20/26,2026-01-01~2026-01-31,認可,認可,0 MWh,7.165 MWh
晨星電力股份有限公司,(大順開發)特登工廠,太陽能,2026,31.077,0,高雄市阿蓮區中山路458號,98.4 kW,晨星電力股份有限公司,25SP3517-B026000001~33,5/20/26,2026-01-01~2026-03-31,認可,認可,31.077 MWh,0 MWh
晨星電力股份有限公司,(加州儲能)客家文化會館,太陽能,2026,30.571,0,臺南市南區夏林路4號,98.35 kW,晨星電力股份有限公司,25SP2553-B026000001~32,5/20/26,2026-01-01~2026-03-31,認可,認可,30.571 MWh,0 MWh
天能綠電股份有限公司,國盛鋼鐵二期-彰化縣彰化市屋頂型太陽光電案場,太陽能,2026,9.425,0,彰化縣彰化市水尾2路289號,98.28 kW,天能綠電股份有限公司,25SP3055-B026000001~10,4/22/26,2026-01-01~2026-01-31,認可,認可,9.425 MWh,0 MWh
文隆印刷工業股份有限公司,文隆印刷工業股份有限公司,太陽能,2026,0,11.857,臺南市南區新樂路６４號,98.28 kW,文隆印刷工業股份有限公司,25SP1797-B026000001~12,5/20/26,2026-01-01~2026-03-31,認可,認可,0 MWh,11.857 MWh
怡和綠電超商股份有限公司,漢翔(王董)-王明南,太陽能,2026,9.285,0,彰化縣二林鎮東華里路中巷36號,98.27 kW,怡和綠電超商股份有限公司,25SP1370-B026000010~19,4/1/26,2026-02-01~2026-02-28,認可,認可,9.285 MWh,0 MWh
艾涅爾電力股份有限公司,太佑-品秀科技3廠,太陽能,2026,18.599,0,彰化縣和美鎮彰美路3段120、122號,98.26 kW,艾涅爾電力股份有限公司,24SP1978-B026000001~20,4/8/26,2026-01-01~2026-02-28,認可,認可,18.599 MWh,0 MWh
中華航空股份有限公司,中華航空股份有限公司,太陽能,2026,0,20.824,桃園市大園區航站南路1號,98.21 kW,中華航空股份有限公司,19SP0031-B026000001~23,5/20/26,2026-01-01~2026-03-31,認可,認可,0 MWh,20.824 MWh
晨星電力股份有限公司,(銓泰)楊莉莉78號,太陽能,2026,32.902,0,彰化縣花壇鄉中山路一段40巷78號,98.05 kW,晨星電力股份有限公司,25SP1249-B026000001~34,5/20/26,2026-01-01~2026-03-31,認可,認可,32.902 MWh,0 MWh
艾涅爾電力股份有限公司,城八-松竹企業PV0801,太陽能,2026,17.493,0,高雄市岡山區嘉新東路2段35號,98.04 kW,艾涅爾電力股份有限公司,25SP0198-B026000001~18,4/8/26,2026-01-01~2026-02-28,認可,認可,17.493 MWh,0 MWh
大同智能股份有限公司,沅碁光電_三民家商(七期),太陽能,2026,32.736,0,高雄市左營區裕誠路1102號,98.04 kW,大同智能股份有限公司、晨星電力股份有限公司,24SP1851-B026000001~34,5/20/26,2026-01-01~2026-03-31,認可,認可,32.736 MWh,0 MWh
晨星電力股份有限公司,(晨晟)新莊國小,太陽能,2026,31.472,0,高雄市左營區自由三路一號,98.02 kW,晨星電力股份有限公司,25SP2717-B026000001~33,5/20/26,2026-01-01~2026-03-31,認可,認可,31.472 MWh,0 MWh
寶島陽光電力事業股份有限公司,雋和四能源有限公司(TW170734),太陽能,2026,24.986,0,屏東縣里港鄉塔樓路15之19號,97.94 kW,寶島陽光電力事業股份有限公司,24SP2577-B026000001~27,5/20/26,2026-01-01~2026-03-31,認可,認可,24.986 MWh,0 MWh
南方電力股份有限公司,屏東縣萬丹鄉廈北村北興路163號太陽光電發電廠,太陽能,2026,27.577,0,屏東縣萬丹鄉廈北村北興路163號,97.92 kW,南方電力股份有限公司,24SP1563-B026000001~30,5/20/26,2026-01-01~2026-03-31,認可,認可,27.577 MWh,0 MWh
艾涅爾電力股份有限公司,太佑-成億興業PV0215,太陽能,2026,19.359,0,彰化縣鹿港鎮洋厝巷1之80號,97.92 kW,艾涅爾電力股份有限公司,24SP0335-B026000001~20,4/8/26,2026-01-01~2026-02-28,認可,認可,19.359 MWh,0 MWh
天能綠電股份有限公司,綠順-彰化縣大城鄉通海路296號,太陽能,2026,17.987,0,彰化縣大城鄉通海路296號,97.92 kW,天能綠電股份有限公司,24SP0955-B026000002~20,4/22/26,2026-01-01~2026-02-28,認可,認可,17.987 MWh,0 MWh
康展電力股份有限公司,鑫二能源_PS170068澎湖白沙顏泰順,太陽能,2026,26.945,0,澎湖縣白沙鄉講美段0104-0000地號,97.92 kW,康展電力股份有限公司,25SP2853-B026000001~38,5/20/26,2026-01-01~2026-03-31,認可,認可,26.945 MWh,0 MWh
艾涅爾電力股份有限公司,承品能源-啟荃,太陽能,2026,17.103,0,彰化縣鹿港鎮上林段0547-0029地號,97.875 kW,艾涅爾電力股份有限公司,24SP1437-B026000001~18,4/8/26,2026-01-01~2026-02-28,認可,認可,17.103 MWh,0 MWh
開陽電力股份有限公司,玖基企業股份有限公司-農業部農業藥物試驗所(生物農藥大樓),太陽能,2026,15.613,0,臺中市霧峰區光明路11號,97.8 kW,開陽電力股份有限公司,25SP1966-B026000001~16,4/1/26,2026-01-01~2026-02-28,認可,認可,15.613 MWh,0 MWh
大自然能源電業股份有限公司,NP121012C002周繼光(1038),太陽能,2026,29.621,0,屏東縣佳冬鄉佳和段1038地號,97.8 kW,大自然能源電業股份有限公司,24SP0927-B026000004~37,5/20/26,2026-01-01~2026-03-31,認可,認可,29.621 MWh,0 MWh
星星電力股份有限公司,茂誠-台南果菜市場(倉庫)(台南),太陽能,2026,30.035,0,臺南市安南區安中路二段292號 / 台南市安南區十字段724、724-1、724-3、724-4、724-5、733地號,97.74 kW,星星電力股份有限公司,25SP2254-B026000001~31,5/20/26,2026-01-01~2026-03-31,認可,認可,30.035 MWh,0 MWh
晨星電力股份有限公司,(沅碁)立人高中一期,太陽能,2026,33.646,0,臺中市大里區益民路1段311號(財團法人臺中市私立立人高級中學),97.68 kW,晨星電力股份有限公司,25SP1782-B026000001~36,5/20/26,2026-01-01~2026-03-31,認可,認可,33.646 MWh,0 MWh
阿波羅電力股份有限公司,辰翔廖學彬,太陽能,2026,28.006,0,雲林縣崙背鄉嘉南路23之32號,97.65 kW,阿波羅電力股份有限公司,24SP0582-B026000001~30,5/20/26,2026-01-01~2026-03-31,認可,認可,28.006 MWh,0 MWh
艾涅爾電力股份有限公司,群騰-劉金霜-PV0454,太陽能,2026,18.353,0,臺南市官田區南廍里南廍23之2號,97.65 kW,艾涅爾電力股份有限公司,24SP1974-B026000001~19,4/8/26,2026-01-01~2026-02-28,認可,認可,18.353 MWh,0 MWh
續興股份有限公司,林清教,太陽能,2026,29.024,0,澎湖縣湖西鄉城北段0791-0000地號,97.6 kW,續興股份有限公司,25SP2343-B026000001~30,5/20/26,2026-01-01~2026-03-31,認可,認可,29.024 MWh,0 MWh
富威電力股份有限公司,森崴-彰化大霞段太陽光電發電廠,太陽能,2026,32.296,0,彰化縣和美鎮大霞段1783地號,97.6 kW,富威電力股份有限公司,24SP2036-B026000001~63,5/20/26,2026-01-01~2026-03-31,認可,認可,32.296 MWh,0 MWh
瓦力電能股份有限公司,屏東縣南州鄉97.34瓩(T7381),太陽能,2026,18.075,12.184,屏東縣南州鄉壽元段1124地號,97.34 kW,瓦力電能股份有限公司,25SP1195-B026000001~32,5/20/26,2026-01-01~2026-03-31,認可,認可,18.075 MWh,12.184 MWh
艾涅爾電力股份有限公司,加州電網-佳冬鄉昌北段999-2,太陽能,2026,17.994,0,屏東縣佳冬鄉昌北段0999-0002地號,97.34 kW,艾涅爾電力股份有限公司,24SP0137-B026000001~20,4/8/26,2026-01-01~2026-02-28,認可,認可,17.994 MWh,0 MWh
怡和綠電超商股份有限公司,賽斯-倫特廠房,太陽能,2026,29.101,0,高雄市大寮區江山路96之65號,97.24 kW,怡和綠電超商股份有限公司,25SP2427-B026000001~30,5/20/26,2026-01-01~2026-03-31,認可,認可,29.101 MWh,0 MWh
天能綠電股份有限公司,竹風能源-倢暘台中市清水區中行十四路屋頂型太陽能光電案場,太陽能,2026,29.373,0,臺中市清水區中橫十四路83號,97.2 kW,天能綠電股份有限公司,24SP1840-B026000001~31,5/20/26,2026-01-01~2026-03-31,認可,認可,29.373 MWh,0 MWh
晨星電力股份有限公司,(賽斯)雄中泳池,太陽能,2026,30.142,0,高雄市三民區建國三路50號,97.17 kW,晨星電力股份有限公司,25SP2720-B026000001~32,5/20/26,2026-01-01~2026-03-31,認可,認可,30.142 MWh,0 MWh
瓦力電能股份有限公司,屏東縣南州鄉97.03瓩(T7382),太陽能,2026,18.365,12.356,屏東縣南州鄉壽元段1125-0000地號,97.03 kW,瓦力電能股份有限公司,25SP1018-B026000001~33,5/20/26,2026-01-01~2026-03-31,認可,認可,18.365 MWh,12.356 MWh
艾涅爾電力股份有限公司,聚陽-謝正源PV0845,太陽能,2026,19.124,0,臺南市南化區中坑段0048-0005地號,96.72 kW,艾涅爾電力股份有限公司,24SO0005-B026000001~20,4/8/26,2026-01-01~2026-02-28,認可,認可,19.124 MWh,0 MWh
開陽電力股份有限公司,玖基企業-彰化縣消防局第一大隊伸港消防分隊,太陽能,2026,16.883,0,彰化縣伸港鄉中興路2段197號,96.69 kW,開陽電力股份有限公司,25SP1592-B026000001~18,4/1/26,2026-01-01~2026-02-28,認可,認可,16.883 MWh,0 MWh
宇軒電業股份有限公司,崁子頭段459地號,太陽能,2026,18.817,11.45,臺南市白河區崁子頭段459地號,96.6 kW,宇軒電業股份有限公司,25SP1993-B026000001~32,5/20/26,2026-01-01~2026-03-31,認可,認可,18.817 MWh,11.45 MWh
天能綠電股份有限公司,凱銳-彰化縣金世浤屋頂型太陽光電案場,太陽能,2026,0,11.615,彰化縣鹿港鎮環工六路2號,96.6 kW,天能綠電股份有限公司,24SP1841-B026000001~12,5/20/26,2026-03-01~2026-03-31,認可,認可,0 MWh,11.615 MWh
臺灣菸酒股份有限公司埔里酒廠,埔里酒廠南廠,太陽能,2026,0,26.964,南投縣埔里鎮中山路三段219號,96.48 kW,臺灣菸酒股份有限公司埔里酒廠,24SP0674-B026000001~28,4/15/26,2025-12-01~2026-02-28,認可,認可,0 MWh,26.964 MWh
十萬伏特電力股份有限公司,彰化-成興不銹鋼案,太陽能,2026,19.388,0,彰化縣和美鎮北連路45巷臨120號,96.32 kW,十萬伏特電力股份有限公司,25SP2824-B026000001~21,4/1/26,2026-01-01~2026-02-28,認可,認可,19.388 MWh,0 MWh
全漢企業股份有限公司,全漢總廠,太陽能,2026,0,22.931,桃園市桃園區建國東路22號,96.12 kW,全漢企業股份有限公司,23SP0326-B026000001~24,5/20/26,2026-01-01~2026-03-31,認可,認可,0 MWh,22.931 MWh
艾涅爾電力股份有限公司,坤暘-源興PV0582,太陽能,2026,17.416,0,屏東縣高樹鄉源興段0676-0000地號,96.075 kW,艾涅爾電力股份有限公司,24SP0982-B026000001~19,4/8/26,2026-01-01~2026-02-28,認可,認可,17.416 MWh,0 MWh
陽光伏特家電力股份有限公司,旭陽台中4廠,太陽能,2026,12.101,0,臺中市梧棲區向上路9段322巷23、25號,96.075 kW,陽光伏特家電力股份有限公司,24SP1865-B026000011~55,5/20/26,2026-01-01~2026-03-31,認可,認可,12.101 MWh,0 MWh
大自然能源電業股份有限公司,NP091047C001(嘉馬),太陽能,2026,17.294,11.534,嘉義縣太保市南新里北港路二段105巷46之1號,96 kW,大自然能源電業股份有限公司,25SP0034-B026000001~30,5/20/26,2026-01-01~2026-03-31,認可,認可,17.294 MWh,11.534 MWh
艾涅爾電力股份有限公司,加州電網-滿州鄉九棚段202-12,太陽能,2026,13.649,0,屏東縣滿州鄉九棚段202-12地號,96 kW,艾涅爾電力股份有限公司,24SP0018-B026000001~16,4/8/26,2026-01-01~2026-02-28,認可,認可,13.649 MWh,0 MWh
阿波羅電力股份有限公司,鉅光科技工業世濱食品,太陽能,2026,26.817,0,高雄市鳥松區美山路70巷6號,96 kW,阿波羅電力股份有限公司,24SP0632-B026000001~29,5/20/26,2026-01-01~2026-03-31,認可,認可,26.817 MWh,0 MWh
中華電信股份有限公司資訊技術分公司,中華電信股份有限公司資訊技術分公司,太陽能,2026,0,13.839,新北市板橋區國慶路８號,96 kW,中華電信股份有限公司資訊技術分公司,17SP0007-B026000001~15,5/20/26,2026-01-01~2026-03-31,認可,認可,0 MWh,13.839 MWh
艾涅爾電力股份有限公司,承品能源-良品團膳,太陽能,2026,13.472,0,彰化縣秀水鄉彰水路2段620巷12號,96 kW,艾涅爾電力股份有限公司,25SP0158-B026000001~16,4/8/26,2026-01-01~2026-02-28,認可,認可,13.472 MWh,0 MWh
晨星電力股份有限公司,(沅碁)立人高中三期,太陽能,2026,32.13,0,臺中市大里區中興路2段380號(財團法人臺中市私立立人高級中學),95.995 kW,晨星電力股份有限公司,25SP1783-B026000001~34,5/20/26,2026-01-01~2026-03-31,認可,認可,32.13 MWh,0 MWh
怡和綠電超商股份有限公司,達莉煬綠能-弘晟展業,太陽能,2026,20.61,0,新竹市香山區香檳五街305號,95.92 kW,怡和綠電超商股份有限公司,25SP3985-B026000002~24,5/20/26,2026-01-01~2026-03-31,認可,認可,20.61 MWh,0 MWh
臺北市政府產業發展局,臺北市政府產業發展局新生公園未來館,太陽能,2026,0,15.432,臺北市中山區濱江街16號(未來館),95.76 kW,臺北市政府產業發展局,17SP0003-B026000001~10,5/20/26,2026-01-01~2026-03-31,認可,認可,0 MWh,15.432 MWh
怡和綠電超商股份有限公司,弦華科技-台南市新營區新工路31號-1+2期(屋頂型),太陽能,2026,15.186,9.033,臺南市新營區新工路31號,95.7 kW,怡和綠電超商股份有限公司,25SP2637-B026000001~34,5/20/26,2026-01-01~2026-03-31,認可,認可,15.186 MWh,9.033 MWh
星星電力股份有限公司,茂誠 - 金穎科技(台南),太陽能,2026,17.302,0,臺南市善化區大利二路3號 / 善化段2455、2456-1、2457-1、2458-4地號,95.58 kW,星星電力股份有限公司,25SP2252-B026000001~18,4/8/26,2026-01-01~2026-02-28,認可,認可,17.302 MWh,0 MWh
南方電力股份有限公司,屏東縣麟洛鄉麟和段0161-0000地號太陽光電發電場,太陽能,2026,11.684,0,屏東縣麟洛鄉麟和段0161-0000地號,95.58 kW,南方電力股份有限公司,24SP0867-B026000001~145,5/20/26,2026-01-01~2026-03-31,認可,認可,11.684 MWh,0 MWh
怡和綠電超商股份有限公司,廣大利蛋行-仕絨廠,太陽能,2026,30.704,0,屏東縣鹽埔鄉仕正路12之49號,95.58 kW,怡和綠電超商股份有限公司,25SP4110-B026000001~37,5/20/26,2026-01-01~2026-03-31,認可,認可,30.704 MWh,0 MWh
聯華電子股份有限公司8S,8S,太陽能,2026,0,24.097,新竹縣寶山鄉研新一路16號,95.55 kW,聯華電子股份有限公司8S,22SP0001-B026000001~26,5/20/26,2026-01-01~2026-03-31,認可,認可,0 MWh,24.097 MWh
怡和綠電超商股份有限公司,興發-中華變電所(標案),太陽能,2026,30.949,0,臺中市北區中華路二段171號,95.46 kW,怡和綠電超商股份有限公司,25SP1183-B026000001~32,5/20/26,2026-01-01~2026-03-31,認可,認可,30.949 MWh,0 MWh
續興股份有限公司,里港新土庫958,太陽能,2026,30.93,0,屏東縣里港鄉新土庫段0958-0000地號,95.16 kW,續興股份有限公司,25SP1089-B026000001~33,5/20/26,2026-01-01~2026-03-31,認可,認可,30.93 MWh,0 MWh
怡和綠電超商股份有限公司,嘉創-日富開發,太陽能,2026,18.438,10.057,高雄市岡山區前峰路282號、286巷1號,95.12 kW,怡和綠電超商股份有限公司,25SP2532-B026000001~34,5/20/26,2026-01-01~2026-03-31,認可,認可,18.438 MWh,10.057 MWh
寶富電力股份有限公司,宇騰能源有限公司-鳥松大同,太陽能,2026,13.281,0,高雄市鳥松區坔埔路9號,95.12 kW,寶富電力股份有限公司,25SP4032-B026000003~22,5/20/26,2026-02-01~2026-03-31,認可,認可,13.281 MWh,0 MWh
大同智能股份有限公司,台中市屋頂型太陽光電系統-大雅國中(二期),太陽能,2026,32.849,0,臺中市大雅區學府路280號,95.04 kW,大同智能股份有限公司,24SP0311-B026000001~34,5/20/26,2026-01-01~2026-03-31,認可,認可,32.849 MWh,0 MWh
續興股份有限公司,黃榮志,太陽能,2026,28.02,0,澎湖縣湖西鄉城北段0781-0000地號,94.8 kW,續興股份有限公司,25SP2340-B026000001~30,5/20/26,2026-01-01~2026-03-31,認可,認可,28.02 MWh,0 MWh
續興股份有限公司,黃俊銘327,太陽能,2026,25.029,0,澎湖縣湖西鄉鼎灣新段0327-0000地號,94.8 kW,續興股份有限公司,25SP2429-B026000001~27,5/20/26,2026-01-01~2026-03-31,認可,認可,25.029 MWh,0 MWh
華南商業銀行股份有限公司,華南商業銀行南松山分行,太陽能,2026,0,17.192,臺北市信義區忠孝東路五段293號,94.8 kW,華南商業銀行股份有限公司,25SP0129-B026000001~19,5/20/26,2026-01-01~2026-03-31,認可,認可,0 MWh,17.192 MWh
續興股份有限公司,黃俊銘775,太陽能,2026,24.858,0,澎湖縣湖西鄉鼎灣新段0775-0000地號,94.8 kW,續興股份有限公司,25SP2338-B026000001~27,5/20/26,2026-01-01~2026-03-31,認可,認可,24.858 MWh,0 MWh
陽光伏特家電力股份有限公司,元登屏東5廠,太陽能,2026,22.416,0,屏東縣佳冬鄉賴家段0569-0000地號,94.5 kW,陽光伏特家電力股份有限公司,24SP0802-B026000014~70,5/20/26,2026-01-01~2026-03-31,認可,認可,22.416 MWh,0 MWh
大同智能股份有限公司,雅博國際_日富塑膠,太陽能,2026,18.43,0,嘉義市西區賢達路612巷50號,94.395 kW,大同智能股份有限公司,25SP2768-B026000023~57,5/20/26,2026-01-01~2026-03-31,認可,認可,18.43 MWh,0 MWh
怡和綠電超商股份有限公司,江昇能源-台東縣台東市臨海路一段560號,太陽能,2026,6.939,0,臺東縣臺東市臨海路一段560號,94.05 kW,怡和綠電超商股份有限公司,25SP2551-B026000008~14,4/1/26,2026-02-01~2026-02-28,認可,認可,6.939 MWh,0 MWh
艾涅爾電力股份有限公司,錦軒-德興國小PV0133,太陽能,2026,16.692,0,南投縣南投市中興路200號,94.05 kW,艾涅爾電力股份有限公司,24SP0176-B026000001~146,5/20/26,2026-01-01~2026-02-28,認可,認可,16.692 MWh,0 MWh
怡和綠電超商股份有限公司,莊舜方(屋頂型),太陽能,2026,33.094,0,臺南市新市區中山路206號,94.05 kW,怡和綠電超商股份有限公司,25SP2665-B026000001~34,5/20/26,2026-01-01~2026-03-31,認可,認可,33.094 MWh,0 MWh
天能綠電股份有限公司,豐赫-寶田二期93.96KW屋頂型太陽光電案場,太陽能,2026,28.031,0,屏東縣萬丹鄉屏東縣萬丹鄉寶田路165巷35弄127號(第2期共2期),93.96 kW,天能綠電股份有限公司,25SP0219-B026000001~32,5/20/26,2026-01-01~2026-03-31,認可,認可,28.031 MWh,0 MWh
開陽電力股份有限公司,宗陽能源-屏東縣鹽埔鄉高華段地面型,太陽能,2026,15.757,0,屏東縣鹽埔鄉高華段0083-0000地號,93.96 kW,開陽電力股份有限公司,25SP0804-B026000001~17,4/1/26,2026-01-01~2026-02-28,認可,認可,15.757 MWh,0 MWh
育成電力股份有限公司,瑞光/易暉,太陽能,2026,26.964,0,彰化縣伸港鄉曾家路2之1號,93.93 kW,富威電力股份有限公司、育成電力股份有限公司,25SP3347-B026000001~31,5/20/26,2026-01-01~2026-03-31,認可,認可,26.964 MWh,0 MWh
艾涅爾電力股份有限公司,太佑-六龜農會新威辦事處PV1319,太陽能,2026,14.82,0,高雄市六龜區新威154之1、154之6號,93.84 kW,艾涅爾電力股份有限公司,24SP0255-B026000001~16,4/8/26,2026-01-01~2026-02-28,認可,認可,14.82 MWh,0 MWh
晨星電力股份有限公司,(沅碁)大樹國小和山分校,太陽能,2026,32.768,0,高雄市大樹區和山路23之1號,93.82 kW,晨星電力股份有限公司,25SP2938-B026000001~34,5/20/26,2026-01-01~2026-03-31,認可,認可,32.768 MWh,0 MWh
怡和綠電超商股份有限公司,新明(科風)-高大管理學院(標案),太陽能,2026,21.808,0,高雄市楠梓區高雄大學路700號(管理學院),93.81 kW,怡和綠電超商股份有限公司,25SP2549-B026000001~174,5/20/26,2026-01-01~2026-03-31,認可,認可,21.808 MWh,0 MWh
晨星電力股份有限公司,(加州)後甲國中五期,太陽能,2026,25.929,4.641,臺南市東區林森路2段260號,93.75 kW,晨星電力股份有限公司,25SP4041-B026000002~40,5/20/26,2026-01-01~2026-03-31,認可,認可,25.929 MWh,4.641 MWh
天能綠電股份有限公司,裕電_南投茂馳工業廠房_屋頂型太陽光電案場,太陽能,2026,9.392,0,南投縣南投市成功一路29號,93.62 kW,天能綠電股份有限公司,25SP3500-B026000001~10,5/20/26,2026-03-01~2026-03-31,認可,認可,9.392 MWh,0 MWh
星星電力股份有限公司,群益曦力吳崑玉二期(台南),太陽能,2026,30.023,0,臺南市歸仁區中正北路二段319巷162號,93.6 kW,星星電力股份有限公司,25SP3211-B026000001~31,5/20/26,2026-01-01~2026-03-31,認可,認可,30.023 MWh,0 MWh
陽光伏特家電力股份有限公司,歐克颯麗斯高雄2廠,太陽能,2026,9.991,0,高雄市仁武區公館二巷96號,93.6 kW,陽光伏特家電力股份有限公司,24SP1098-B026000001~11,4/1/26,2026-01-01~2026-02-28,認可,認可,9.991 MWh,0 MWh
富威電力股份有限公司,日盛全-虎尾雞舍太陽光電發電廠,太陽能,2026,23.916,0,雲林縣虎尾鎮大屯15之61號,93.6 kW,富威電力股份有限公司,25SP1413-B026000003~42,5/20/26,2026-01-01~2026-03-31,認可,認可,23.916 MWh,0 MWh
大自然能源電業股份有限公司,NP071024C001南屯區精科南路案場,太陽能,2026,19.406,10.696,臺中市南屯區精科南路22號,93.48 kW,大自然能源電業股份有限公司,24SP1056-B026000001~31,5/20/26,2026-01-01~2026-03-31,認可,認可,19.406 MWh,10.696 MWh
怡和綠電超商股份有限公司,育渲投資-新人長照,太陽能,2026,28.763,0,南投縣草屯鎮草屯鎮新庄一路125號,93.31 kW,怡和綠電超商股份有限公司,25SP3759-B026000001~30,5/20/26,2026-01-01~2026-03-31,認可,認可,28.763 MWh,0 MWh
晨星電力股份有限公司,(統益)啄木鳥藥局總部,太陽能,2026,26.698,0,嘉義縣新港鄉菜公村咬仔竹88號,93.24 kW,晨星電力股份有限公司,25SP1846-B026000001~28,5/20/26,2026-01-01~2026-03-31,認可,認可,26.698 MWh,0 MWh
台灣高速鐵路股份有限公司-雲林車站,台灣高速鐵路股份有限公司-雲林車站,太陽能,2026,0,15.405,雲林縣虎尾鎮站前東路301號,93.184 kW,台灣高速鐵路股份有限公司-雲林車站,18SP0022-B026000001~17,5/20/26,2026-01-01~2026-03-31,認可,認可,0 MWh,15.405 MWh
中國信託商業銀行(股)公司,中國信託商業銀行(股)公司,太陽能,2026,0,4.244,臺北市南港區經貿二路168號,93.16 kW,中國信託商業銀行(股)公司,17SP0010-B026000001~6,5/20/26,2026-01-01~2026-03-31,認可,認可,0 MWh,4.244 MWh
天能綠電股份有限公司,勝皇科技_08屏東獅子國中屋頂型太陽光電案場,太陽能,2026,26.753,0,屏東縣枋山鄉楓港村舊庄280號（屏東縣立獅子國民中學）,93.16 kW,天能綠電股份有限公司,25SP3857-B026000001~28,5/20/26,2026-01-01~2026-03-31,認可,認可,26.753 MWh,0 MWh
艾涅爾電力股份有限公司,李坤寶、周麗雪(地面),太陽能,2026,16.477,0,臺南市白河區糞箕湖段木屐寮小段0624-0004地號,93.025 kW,艾涅爾電力股份有限公司,24SP0239-B026000001~308,4/8/26,2026-01-01~2026-02-28,認可,認可,16.477 MWh,0 MWh
強新工業股份有限公司,強新I倉,太陽能,2026,20,13.032,臺南市佳里區臺南市佳里區萊芊寮12之19號,93 kW,強新工業股份有限公司,25SP1682-B026000001~35,5/20/26,2026-01-01~2026-03-31,認可,認可,20 MWh,13.032 MWh
晨星電力股份有限公司,(聯發)祺創企業,太陽能,2026,28.195,0,彰化縣埤頭鄉鄉新生路22號,92.8 kW,晨星電力股份有限公司,25SP3515-B026000001~30,5/20/26,2026-01-01~2026-03-31,認可,認可,28.195 MWh,0 MWh
台灣碳資產電業股份有限公司,彰化全興創新GSK地面型案,太陽能,2026,25.301,0,彰化縣伸港鄉工六路7號,92.69 kW,台灣碳資產電業股份有限公司,23SP0246-B026000001~26,5/20/26,2026-01-01~2026-03-31,認可,認可,25.301 MWh,0 MWh
大自然能源電業股份有限公司,NP111061C001 金信昌一廠,太陽能,2026,17.578,12.152,高雄市彌陀區中正南路77之1號,92.65 kW,大自然能源電業股份有限公司,25SP0324-B026000001~31,5/20/26,2026-01-01~2026-03-31,認可,認可,17.578 MWh,12.152 MWh
開陽電力股份有限公司,玖基企業-彰化縣警察局員林分局,太陽能,2026,17.065,0,彰化縣員林市大同路1段319號,92.625 kW,開陽電力股份有限公司,25SP2742-B026000001~18,4/1/26,2026-01-01~2026-02-28,認可,認可,17.065 MWh,0 MWh
陽光伏特家電力股份有限公司,耆光新澎湖5廠,太陽能,2026,25.869,0,澎湖縣湖西鄉林投北段0884-0000地號,92.48 kW,陽光伏特家電力股份有限公司,24SP2288-B026000001~27,5/20/26,2026-01-01~2026-03-31,認可,認可,25.869 MWh,0 MWh
陽光伏特家電力股份有限公司,耆光新澎湖9廠,太陽能,2026,25.738,0,澎湖縣湖西鄉林投北段0985-0000、0986-0000地號,92.48 kW,陽光伏特家電力股份有限公司,24SP2299-B026000001~27,5/20/26,2026-01-01~2026-03-31,認可,認可,25.738 MWh,0 MWh
陽光伏特家電力股份有限公司,耆光新澎湖11廠,太陽能,2026,25.722,0,澎湖縣湖西鄉林投北段1022-0000地號,92.48 kW,陽光伏特家電力股份有限公司,24SP2289-B026000001~27,5/20/26,2026-01-01~2026-03-31,認可,認可,25.722 MWh,0 MWh
陽光伏特家電力股份有限公司,耆光新澎湖14廠,太陽能,2026,24.146,0,澎湖縣湖西鄉林投北段1311-0000地號,92.48 kW,陽光伏特家電力股份有限公司,24SP2301-B026000001~25,5/20/26,2026-01-01~2026-03-31,認可,認可,24.146 MWh,0 MWh
陽光伏特家電力股份有限公司,耆光新澎湖15廠,太陽能,2026,23.921,0,澎湖縣湖西鄉澎湖縣湖西鄉紅羅段2513-0000地號,92.48 kW,陽光伏特家電力股份有限公司,24SP2302-B026000001~25,5/20/26,2026-01-01~2026-03-31,認可,認可,23.921 MWh,0 MWh
陽光伏特家電力股份有限公司,耆光新澎湖13廠,太陽能,2026,25.969,0,澎湖縣湖西鄉林投北段1236-0000地號,92.48 kW,陽光伏特家電力股份有限公司,24SP2294-B026000001~27,5/20/26,2026-01-01~2026-03-31,認可,認可,25.969 MWh,0 MWh
陽光伏特家電力股份有限公司,耆光新澎湖8廠,太陽能,2026,25.24,0,澎湖縣湖西鄉林投北段0980-0000地號,92.48 kW,陽光伏特家電力股份有限公司,24SP2293-B026000001~27,5/20/26,2026-01-01~2026-03-31,認可,認可,25.24 MWh,0 MWh
陽光伏特家電力股份有限公司,耆光新澎湖6廠,太陽能,2026,26.506,0,澎湖縣湖西鄉林投北段0907-0000地號,92.48 kW,陽光伏特家電力股份有限公司,24SP2297-B026000001~27,5/20/26,2026-01-01~2026-03-31,認可,認可,26.506 MWh,0 MWh
陽光伏特家電力股份有限公司,耆光新澎湖7廠,太陽能,2026,25.781,0,澎湖縣湖西鄉林投北段0908-0000地號,92.48 kW,陽光伏特家電力股份有限公司,24SP2298-B026000001~28,5/20/26,2026-01-01~2026-03-31,認可,認可,25.781 MWh,0 MWh
陽光伏特家電力股份有限公司,耆光新澎湖16廠,太陽能,2026,25.563,0,澎湖縣湖西鄉林投北段1000-0000地號,92.48 kW,陽光伏特家電力股份有限公司,24SP2304-B026000001~27,5/20/26,2026-01-01~2026-03-31,認可,認可,25.563 MWh,0 MWh
天能綠電股份有限公司,禾淯朴子-嘉義縣朴子市屋頂型太陽光電案場,太陽能,2026,23.709,0,嘉義縣朴子市四維路2段58號,92.4 kW,天能綠電股份有限公司,25SP0705-B026000001~27,5/20/26,2026-01-01~2026-03-31,認可,認可,23.709 MWh,0 MWh
阿波羅電力股份有限公司,吉晟湖西鄉紅羅段2329地號,太陽能,2026,15.225,10.033,澎湖縣湖西鄉紅羅段2329-0000地號,92.4 kW,阿波羅電力股份有限公司,25SP3475-B026000001~27,5/20/26,2026-01-01~2026-03-31,認可,認可,15.225 MWh,10.033 MWh
阿波羅電力股份有限公司,吉晟湖西鄉紅羅段2659地號,太陽能,2026,14.106,9.668,澎湖縣湖西鄉紅羅段2659-0000地號,92.4 kW,阿波羅電力股份有限公司,25SP3893-B026000001~25,5/20/26,2026-01-01~2026-03-31,認可,認可,14.106 MWh,9.668 MWh
天能綠電股份有限公司,凱銳-彰化縣和園屋頂型太陽光電案場,太陽能,2026,0,11.991,彰化縣彰化市環河南路一段118號,92.4 kW,天能綠電股份有限公司,24SP1712-B026000001~12,5/20/26,2026-03-01~2026-03-31,認可,認可,0 MWh,11.991 MWh
天能綠電股份有限公司,晶泰-彰化社頭世合美太陽光電案場,太陽能,2026,7.944,0,彰化縣社頭鄉社石路573號,92.4 kW,天能綠電股份有限公司,24SP1049-B026000009~16,4/1/26,2026-02-01~2026-02-28,認可,認可,7.944 MWh,0 MWh
南方電力股份有限公司,旭瀅趙振良太陽光電發電廠,太陽能,2026,27.816,0,彰化縣伸港鄉定興路167之16號、167之27號,92.4 kW,南方電力股份有限公司,25SP0424-B026000001~30,5/20/26,2026-01-01~2026-03-31,認可,認可,27.816 MWh,0 MWh
大自然能源電業股份有限公司,NP121011C002林麗娟(58-13),太陽能,2026,15.218,9.626,屏東縣內埔鄉犁頭鏢段0058-0013地號,92.4 kW,大自然能源電業股份有限公司,24SP0578-B026000001~26,5/20/26,2026-01-01~2026-03-31,認可,認可,15.218 MWh,9.626 MWh
艾涅爾電力股份有限公司,詹凱幃PV0547,太陽能,2026,18.179,0,彰化縣竹塘鄉竹林段53地號,92.4 kW,艾涅爾電力股份有限公司,23SP0315-B026000001~20,4/8/26,2026-01-01~2026-02-28,認可,認可,18.179 MWh,0 MWh
阿波羅電力股份有限公司,"吉晟白沙鄉後寮東段1544, 1545地號",太陽能,2026,13.701,9.853,澎湖縣白沙鄉後寮東段1544-0000地號、澎湖縣白沙鄉後寮東段1545-0000地號,92.4 kW,阿波羅電力股份有限公司,25SP3194-B026000001~25,5/20/26,2026-01-01~2026-03-31,認可,認可,13.701 MWh,9.853 MWh
阿波羅電力股份有限公司,吉晟湖西鄉紅羅段2637地號,太陽能,2026,14.799,8.274,澎湖縣湖西鄉紅羅段2637-0000地號,92.4 kW,阿波羅電力股份有限公司,25SP3474-B026000001~25,5/20/26,2026-01-01~2026-03-31,認可,認可,14.799 MWh,8.274 MWh
阿波羅電力股份有限公司,吉晟湖西鄉林投北段1465地號,太陽能,2026,15.49,9.965,澎湖縣湖西鄉林投北段1465-0000地號,92.4 kW,阿波羅電力股份有限公司,25SP3196-B026000001~27,5/20/26,2026-01-01~2026-03-31,認可,認可,15.49 MWh,9.965 MWh
晨星電力股份有限公司,(一二三)豐喜食品,太陽能,2026,24.165,0,雲林縣斗六市工業路118號,92.38 kW,晨星電力股份有限公司,25SP3090-B026000001~26,5/20/26,2026-01-01~2026-03-31,認可,認可,24.165 MWh,0 MWh
陽光伏特家電力股份有限公司,雲林笨港4號,太陽能,2026,10.387,0,雲林縣莿桐鄉中村103之8號,92.38 kW,陽光伏特家電力股份有限公司,24SP1295-B026000001~12,4/1/26,2026-01-01~2026-02-28,認可,認可,10.387 MWh,0 MWh
東鋼風力發電股份有限公司,東鋼風力東桃二太陽光電發電廠-行政中心,太陽能,2026,19.943,0,桃園市中壢區桃園市觀音區保障里8鄰草漯116號,92.34 kW,東鋼風力發電股份有限公司,24SP1124-B026000001~22,5/20/26,2026-01-01~2026-03-31,認可,認可,19.943 MWh,0 MWh
晨星電力股份有限公司,(銓泰)彤采妮,太陽能,2026,25.756,0,彰化縣鹿港鎮輔導路328號,92.07 kW,晨星電力股份有限公司,25SP1028-B026000001~27,5/20/26,2026-01-01~2026-03-31,認可,認可,25.756 MWh,0 MWh
晨星電力股份有限公司,(銓泰)卡爾蕎,太陽能,2026,26.936,0,雲林縣麥寮鄉中華路125號,92.015 kW,晨星電力股份有限公司,25SP1771-B026000001~28,5/20/26,2026-01-01~2026-03-31,認可,認可,26.936 MWh,0 MWh
艾涅爾電力股份有限公司,聯發新-惠揚企業,太陽能,2026,17.648,0,高雄市永安區維新路29之10號,92 kW,艾涅爾電力股份有限公司,24SP1082-B026000001~26,4/8/26,2026-01-01~2026-02-28,認可,認可,17.648 MWh,0 MWh
阿波羅電力股份有限公司,廣稷凱傳案,太陽能,2026,23.989,5.123,臺南市仁德區義林路256巷52號,91.96 kW,阿波羅電力股份有限公司,25SP0252-B026000001~32,5/20/26,2026-01-01~2026-03-31,認可,認可,23.989 MWh,5.123 MWh
艾涅爾電力股份有限公司,太佑-六龜農會全家超商PV1384,太陽能,2026,14.85,0,高雄市六龜區光復路107號,91.8 kW,艾涅爾電力股份有限公司,24SP0360-B026000001~120,4/8/26,2026-01-01~2026-02-28,認可,認可,14.85 MWh,0 MWh
瓦力電能股份有限公司,嘉義縣大林鎮91.8瓩(T8299),太陽能,2026,14.373,9.099,嘉義縣大林鎮過溪里油車店2之1號,91.8 kW,瓦力電能股份有限公司,25SP1977-B026000001~26,5/20/26,2026-01-01~2026-03-31,認可,認可,14.373 MWh,9.099 MWh
宇軒電業股份有限公司,董明光,太陽能,2026,7.229,0,屏東縣長治鄉番子寮段924地號,91.8 kW,宇軒電業股份有限公司,25SP1880-B026000009~16,4/15/26,2026-02-01~2026-02-28,認可,認可,7.229 MWh,0 MWh
阿波羅電力股份有限公司,環球大宇宙湖內區湖內衛生所,太陽能,2026,29.951,0,高雄市湖內區湖中路203號,91.8 kW,阿波羅電力股份有限公司,24SP1092-B026000001~31,5/20/26,2026-01-01~2026-03-31,認可,認可,29.951 MWh,0 MWh
星星電力股份有限公司,駿鑫-津谷二期91.76kW,太陽能,2026,27.625,0,彰化縣埤頭鄉斗苑東路485巷26號,91.76 kW,星星電力股份有限公司,25SP2365-B026000001~29,5/20/26,2026-01-01~2026-03-31,認可,認可,27.625 MWh,0 MWh
續興股份有限公司,大內1222,太陽能,2026,28.723,0,臺南市大內區大內段1222-0001地號,91.76 kW,續興股份有限公司,24SP1287-B026000001~30,5/20/26,2026-01-01~2026-03-31,認可,認可,28.723 MWh,0 MWh
阿波羅電力股份有限公司,環球大宇宙路竹區北嶺活動中心一期,太陽能,2026,28.071,0,高雄市路竹區民治路16巷22號,91.74 kW,阿波羅電力股份有限公司,24SP1156-B026000001~30,5/20/26,2026-01-01~2026-03-31,認可,認可,28.071 MWh,0 MWh
艾涅爾電力股份有限公司,太佑-美喬實業PV0170,太陽能,2026,16.622,0,彰化縣伸港鄉彰新路七段600巷2、2-1號,91.67 kW,艾涅爾電力股份有限公司,24SP2002-B026000001~18,4/8/26,2026-01-01~2026-02-28,認可,認可,16.622 MWh,0 MWh
阿波羅電力股份有限公司,秉城詠峰精密91.64kw,太陽能,2026,0,22.325,高雄市岡山區嘉華路45之49號,91.64 kW,阿波羅電力股份有限公司,25SP4204-B026000001~24,5/20/26,2026-01-01~2026-03-31,認可,認可,0 MWh,22.325 MWh
怡和綠電超商股份有限公司,興發-僑豪,太陽能,2026,30.072,0,彰化縣和美鎮彰新路4段141巷253號,91.56 kW,怡和綠電超商股份有限公司,25SP3566-B026000001~32,5/20/26,2026-01-01~2026-03-31,認可,認可,30.072 MWh,0 MWh
阿波羅電力股份有限公司,銘峻南化場91.5kW,太陽能,2026,17.125,10.785,臺南市南化區小崙39之5號,91.5 kW,阿波羅電力股份有限公司,25SP1820-B026000001~29,5/20/26,2026-01-01~2026-03-31,認可,認可,17.125 MWh,10.785 MWh
續興股份有限公司,正順車刀一廠,太陽能,2026,30.425,0,高雄市大社區民族路13、13之1號,91.41 kW,續興股份有限公司,25SP0593-B026000001~33,5/20/26,2026-01-01~2026-03-31,認可,認可,30.425 MWh,0 MWh
阿波羅電力股份有限公司,"吉晟湖西鄉紅羅段2517, 2518地號",太陽能,2026,14.416,9.308,澎湖縣湖西鄉紅羅段2517-0000、2518-0000地號,91.41 kW,阿波羅電力股份有限公司,25SP3473-B026000001~25,5/20/26,2026-01-01~2026-03-31,認可,認可,14.416 MWh,9.308 MWh
阿波羅電力股份有限公司,吉晟湖西鄉紅羅段2512地號,太陽能,2026,14.275,9.803,澎湖縣湖西鄉紅羅段2512-0000地號,91.41 kW,阿波羅電力股份有限公司,25SP3476-B026000001~25,5/20/26,2026-01-01~2026-03-31,認可,認可,14.275 MWh,9.803 MWh
開陽電力股份有限公司,玖基企業-台灣自來水股份有限公司第四區管理處林子頭淨水場,太陽能,2026,17.327,0,南投縣草屯鎮草溪路747巷161號,91.235 kW,開陽電力股份有限公司,25SP3301-B026000001~23,4/1/26,2026-01-01~2026-02-28,認可,認可,17.327 MWh,0 MWh
富威電力股份有限公司,永大-郭秀戀太陽光電發電廠,太陽能,2026,15.531,0,高雄市梓官區通安路229巷87號,91.2 kW,富威電力股份有限公司,25SP3137-B026000013~39,4/1/26,2026-01-01~2026-02-28,認可,認可,15.531 MWh,0 MWh
新年代實業股份有限公司,新年代實業股份有限公司,太陽能,2026,0,31.296,新北市林口區工七路2號,91.02 kW,新年代實業股份有限公司,25SP0727-B026000001~32,5/20/26,2025-07-25~2026-03-31,認可,認可,0 MWh,31.296 MWh
祥威機械有限公司,祥威澄觀,太陽能,2026,0,17.9,高雄市仁武區澄觀路2段339巷106之1號,91.02 kW,祥威機械有限公司,24SP1001-B026000001~20,5/20/26,2026-01-01~2026-03-31,認可,認可,0 MWh,17.9 MWh
亞東石化股份有限公司,亞東石化第六案,太陽能,2026,0,1.089,桃園市觀音區工業七路2號,91 kW,亞東石化股份有限公司,23SP0413-B026000001~2,5/20/26,2026-01-01~2026-03-31,認可,認可,0 MWh,1.089 MWh
晨星電力股份有限公司,(統益)永安-污水廠,太陽能,2026,30.527,0,高雄市永安區永工六路1號,91 kW,晨星電力股份有限公司,25SP2476-B026000001~33,5/20/26,2026-01-01~2026-03-31,認可,認可,30.527 MWh,0 MWh
艾涅爾電力股份有限公司,今晶化工,太陽能,2026,17.434,0,臺中市大雅區永和路103之8號,90.915 kW,艾涅爾電力股份有限公司,25SP1522-B026000001~20,4/8/26,2026-01-01~2026-02-28,認可,認可,17.434 MWh,0 MWh
艾涅爾電力股份有限公司,光傑-瑞子發五金,太陽能,2026,15.074,0,高雄市小港區高坪三十七路352號,90.78 kW,艾涅爾電力股份有限公司,24SP2261-B026000001~16,4/8/26,2026-01-01~2026-02-28,認可,認可,15.074 MWh,0 MWh
天能綠電股份有限公司,光旭盈13-屏東南華食品屋頂型光電案場,太陽能,2026,26.629,1.262,屏東縣萬丹鄉崙頂村南北路一段385巷62弄32-1號,90.75 kW,天能綠電股份有限公司,24SP1943-B026000001~34,5/20/26,2026-01-01~2026-03-31,認可,認可,26.629 MWh,1.262 MWh
大自然能源電業股份有限公司,NP111034C003(宗冠-路竹),太陽能,2026,15.129,11.199,高雄市路竹區環球路623巷12、12之1號,90.675 kW,大自然能源電業股份有限公司,24SP1303-B026000001~28,5/20/26,2026-01-01~2026-03-31,認可,認可,15.129 MWh,11.199 MWh
富威電力股份有限公司,日晶-黃敏祚太陽光電發電廠,太陽能,2026,9.27,0,南投縣國姓鄉中正路一段139之15號,90.675 kW,富威電力股份有限公司,24SP2039-B026000020~36,4/1/26,2026-01-01~2026-02-28,認可,認可,9.27 MWh,0 MWh
寶島陽光電力事業股份有限公司,玉衡能源股份有限公司(TW180809),太陽能,2026,29.344,0,彰化縣彰化市中興路78號,90.6 kW,寶島陽光電力事業股份有限公司,24SP2619-B026000001~35,5/20/26,2026-01-01~2026-03-31,認可,認可,29.344 MWh,0 MWh
天能綠電股份有限公司,裕電_彰化芳苑全基木業廠房24號_屋頂型太陽光電案場,太陽能,2026,11.232,0,彰化縣芳苑鄉裕津段0330-0000地號,90.44 kW,天能綠電股份有限公司,25SP3502-B026000001~12,5/20/26,2026-03-01~2026-03-31,認可,認可,11.232 MWh,0 MWh
艾涅爾電力股份有限公司,城八-塭岸PV0009,太陽能,2026,18.219,0,屏東縣林邊鄉塭岸段0850-0001地號,90.42 kW,艾涅爾電力股份有限公司,24SP0094-B026000001~20,4/8/26,2026-01-01~2026-02-28,認可,認可,18.219 MWh,0 MWh
晨星電力股份有限公司,(沅碁)北嶺國小,太陽能,2026,26.069,0,高雄市路竹區民治路85號,90.405 kW,晨星電力股份有限公司,25SP2726-B026000001~27,5/20/26,2026-01-01~2026-03-31,認可,認可,26.069 MWh,0 MWh
天能綠電股份有限公司,晨祐_金元寶_屋頂型太陽光案場,太陽能,2026,29.542,0,雲林縣虎尾鎮堀頭里堀頭13之8號,90.335 kW,天能綠電股份有限公司,25SP3526-B026000001~31,5/20/26,2026-01-01~2026-03-31,認可,認可,29.542 MWh,0 MWh
富威電力股份有限公司,永大-尤玟憲太陽光電發電廠,太陽能,2026,15.523,16.701,屏東縣恆春鎮德和段0287-0000地號,90.3 kW,富威電力股份有限公司,25SP1918-B026000002~39,5/20/26,2026-01-01~2026-03-31,認可,認可,15.523 MWh,16.701 MWh
大自然能源電業股份有限公司,NP081026C005凱銳（冠彰）,太陽能,2026,15.622,0,彰化縣鹿港鎮環工六路3號,90.28 kW,大自然能源電業股份有限公司,24SP1875-B026000001~17,4/1/26,2026-01-01~2026-02-28,認可,認可,15.622 MWh,0 MWh
聲寶股份有限公司,聲寶台南廠研發大樓,太陽能,2026,0,30.104,臺南市安南區工業五路85號,90.16 kW,聲寶股份有限公司,25SP0760-B026000001~32,5/20/26,2026-01-01~2026-03-31,認可,認可,0 MWh,30.104 MWh
艾涅爾電力股份有限公司,陽欣-和美農會本會倉庫,太陽能,2026,17.289,0,"彰化縣和美鎮彰化縣和美鎮彰美路5段6, 266號",90 kW,艾涅爾電力股份有限公司,24SP1901-B026000001~18,4/8/26,2026-01-01~2026-02-28,認可,認可,17.289 MWh,0 MWh
續興股份有限公司,王財教,太陽能,2026,26.505,0,澎湖縣湖西鄉城北段0754-0000地號,90 kW,續興股份有限公司,25SP2341-B026000001~28,5/20/26,2026-01-01~2026-03-31,認可,認可,26.505 MWh,0 MWh
恆利電能股份有限公司,CXA-學甲1 (90kw),太陽能,2026,22.065,1.986,臺南市學甲區豐和里美豐125之26號,90 kW,恆利電能股份有限公司,25SP0044-B026000001~34,5/20/26,2026-01-01~2026-03-31,認可,認可,22.065 MWh,1.986 MWh
艾涅爾電力股份有限公司,永旭-升元紙器PV0262,太陽能,2026,16.758,0,臺南市新營區東愛街120號,89.76 kW,艾涅爾電力股份有限公司,25SP0776-B026000001~18,4/8/26,2026-01-01~2026-02-28,認可,認可,16.758 MWh,0 MWh
晨星電力股份有限公司,(沅碁)中正國小四期,太陽能,2026,33.537,0,高雄市苓雅區輔仁路100號,89.68 kW,晨星電力股份有限公司,25SP2507-B026000001~35,5/20/26,2026-01-01~2026-03-31,認可,認可,33.537 MWh,0 MWh
怡和綠電超商股份有限公司,欣雄-多納國小,太陽能,2026,11.539,0,高雄市茂林區多納里多納巷1之2號,89.6 kW,怡和綠電超商股份有限公司,25SP1678-B026000001~13,4/1/26,2026-01-01~2026-02-28,認可,認可,11.539 MWh,0 MWh
宇軒電業股份有限公司,泰山段1152地號,太陽能,2026,8.33,0,屏東縣高樹鄉泰山段1152地號,89.6 kW,宇軒電業股份有限公司,25SP1952-B026000009~17,4/15/26,2026-02-01~2026-02-28,認可,認可,8.33 MWh,0 MWh
艾涅爾電力股份有限公司,涌泰-一豆實業PV0818,太陽能,2026,17.689,0,臺南市仁德區大發路368號,89.44 kW,艾涅爾電力股份有限公司,25SP0184-B026000001~20,4/8/26,2026-01-01~2026-02-28,認可,認可,17.689 MWh,0 MWh
李長榮實業股份有限公司,李長榮實業股份有限公司,太陽能,2026,0,8.582,屏東縣新園鄉鹽埔村鹽龍路1號,89.4 kW,李長榮實業股份有限公司,20SP0006-B026000001~10,4/1/26,2026-01-01~2026-02-28,認可,認可,0 MWh,8.582 MWh
天能綠電股份有限公司,朝陽_朱水深二期地面型太陽光電案場,太陽能,2026,15.618,8.775,臺南市玉井區佛聖段0586-0000、0586-0003地號,89.28 kW,天能綠電股份有限公司,25SP3063-B026000001~25,5/20/26,2026-01-01~2026-03-31,認可,認可,15.618 MWh,8.775 MWh
續興股份有限公司,北高TOYOTA,太陽能,2026,28.515,0,高雄市三民區民族一路558之1號,89.25 kW,續興股份有限公司,25SP3479-B026000001~30,5/20/26,2026-01-01~2026-03-31,認可,認可,28.515 MWh,0 MWh
艾涅爾電力股份有限公司,陽欣-和美農會本會大樓,太陽能,2026,18.356,0,彰化縣和美鎮彰化縣和美鎮彰美路5段256號 266號,89.1 kW,艾涅爾電力股份有限公司,24SP1900-B026000001~19,4/8/26,2026-01-01~2026-02-28,認可,認可,18.356 MWh,0 MWh
怡和綠電超商股份有限公司,無限真實-彰化俊仁路全聯,太陽能,2026,24.457,0,彰化縣溪州鄉俊仁路56號,89.1 kW,怡和綠電超商股份有限公司,25SP3589-B026000001~26,5/20/26,2026-01-01~2026-03-31,認可,認可,24.457 MWh,0 MWh
富威電力股份有限公司,台信-彰化溪州農場太陽光電發電廠,太陽能,2026,17.58,4.602,彰化縣溪州鄉登山路三段建380之6號,88.83 kW,富威電力股份有限公司,25SP3119-B026000081~314,5/20/26,2026-01-01~2026-03-31,認可,認可,17.58 MWh,4.602 MWh
怡和綠電超商股份有限公司,弦華科技-高雄市大寮區農場路197號-1+2期(屋頂型),太陽能,2026,17.321,8.045,高雄市大寮區農場路197號,88.8 kW,怡和綠電超商股份有限公司,25SP2582-B026000001~29,5/20/26,2026-01-01~2026-03-31,認可,認可,17.321 MWh,8.045 MWh
艾涅爾電力股份有限公司,新晶-宣化PV0481,太陽能,2026,19.817,0,屏東縣恆春鎮宣化段0079-0001地號,88.77 kW,艾涅爾電力股份有限公司,24SP0036-B026000001~21,4/8/26,2026-01-01~2026-02-28,認可,認可,19.817 MWh,0 MWh
南方電力股份有限公司,泓錠興糖國小(案4)太陽光電發電廠,太陽能,2026,15.518,0,高雄市橋頭區橋子頭段1045-2地號,88.56 kW,南方電力股份有限公司,25SP2209-B026000001~19,5/20/26,2026-02-01~2026-03-31,認可,認可,15.518 MWh,0 MWh
富威電力股份有限公司,普照能源-奇坤太陽光電發電廠,太陽能,2026,12.893,0,高雄市梓官區同安里同安路民生巷360、360-1號,88.54 kW,富威電力股份有限公司,25SP1532-B026000011~36,4/1/26,2026-01-01~2026-02-28,認可,認可,12.893 MWh,0 MWh
明通化學製藥股份有限公司,明通化學製藥股份有限公司,太陽能,2026,0,24.655,臺中市南屯區台中市南屯區寶山里工業區二十一路15號,88.53 kW,明通化學製藥股份有限公司,24SP0392-B026000001~25,3/25/26,2025-11-01~2026-01-31,認可,認可,0 MWh,24.655 MWh
宇軒電業股份有限公司,許芷蕙、許鈴敏,太陽能,2026,7.663,0,屏東縣高樹鄉新泰山段365地號,88.5 kW,宇軒電業股份有限公司,25SP1996-B026000009~16,4/15/26,2026-02-01~2026-02-28,認可,認可,7.663 MWh,0 MWh
恆利電能股份有限公司,W-台中西屯2 (88.4kw),太陽能,2026,9.141,18.451,臺中市西屯區工業區三十八路198號,88.4 kW,恆利電能股份有限公司,25SP0180-B026000001~33,5/20/26,2026-01-01~2026-03-31,認可,認可,9.141 MWh,18.451 MWh
理嘉工業股份有限公司,理嘉工業太陽光電發電系統地面型,太陽能,2026,0,15.169,桃園市蘆竹區水尾段2316-0000地號,88.2 kW,理嘉工業股份有限公司,25SP1319-B026000001~16,5/20/26,2026-01-01~2026-03-31,認可,認可,0 MWh,15.169 MWh
宇軒電業股份有限公司,山子脚段2266地號,太陽能,2026,19.707,0,臺南市將軍區山子脚段2266地號,88.2 kW,宇軒電業股份有限公司,25SP0601-B026000001~20,4/15/26,2026-01-01~2026-02-28,認可,認可,19.707 MWh,0 MWh
阿波羅電力股份有限公司,辰信劉永章二期,太陽能,2026,25.551,0,彰化縣大城鄉中平路411巷建79號,88.16 kW,阿波羅電力股份有限公司,24SP2436-B026000001~28,5/20/26,2026-01-01~2026-03-31,認可,認可,25.551 MWh,0 MWh
瓦特先生股份有限公司,雲林一期,太陽能,2026,7.023,16.609,雲林縣林內鄉林內路一段201巷199號,88.04 kW,瓦特先生股份有限公司,21SP0013-B026000001~28,5/20/26,2026-01-01~2026-03-31,認可,認可,7.023 MWh,16.609 MWh
星星電力股份有限公司,安和營區錶8-軍電大樓-B(地面) (17期),太陽能,2026,13.314,0,屏東縣屏東市雲鵬段0106-0000地號(空軍第一後勤指揮部-軍電大樓停車場),87.78 kW,星星電力股份有限公司,25SP3884-B026000001~88,5/20/26,2026-02-01~2026-03-31,認可,認可,13.314 MWh,0 MWh
晨星電力股份有限公司,(茂庭)志勳工業,太陽能,2026,6.497,20.439,高雄市岡山區成功路460巷38號,87.75 kW,晨星電力股份有限公司,25SP4378-B026000002~37,5/20/26,2026-01-01~2026-03-31,認可,認可,6.497 MWh,20.439 MWh
陽光伏特家電力股份有限公司,鴻灝電澎湖2廠,太陽能,2026,6.349,0,澎湖縣馬公市後窟潭52號,87.74 kW,陽光伏特家電力股份有限公司,24SP2259-B026000001~286,4/1/26,2026-01-01~2026-02-28,認可,認可,6.349 MWh,0 MWh
阿波羅電力股份有限公司,禾盈運發局-鳳山運動中心,太陽能,2026,0,28.869,高雄市鳳山區光華路66、68號,87.72 kW,阿波羅電力股份有限公司,25SP4263-B026000001~30,5/20/26,2026-01-01~2026-03-31,認可,認可,0 MWh,28.869 MWh
艾涅爾電力股份有限公司,永旭-劉建邦PV0048,太陽能,2026,15.52,0,臺南市新營區新卯舍段0661-0001地號,87.63 kW,艾涅爾電力股份有限公司,25SP0775-B026000001~16,4/8/26,2026-01-01~2026-02-28,認可,認可,15.52 MWh,0 MWh
天能綠電股份有限公司,旭日新-雲林口湖案場87.58kw地面型太陽能電廠,太陽能,2026,26.294,0,雲林縣口湖鄉口湖段924地號,87.58 kW,天能綠電股份有限公司,25SP3813-B026000001~28,5/20/26,2026-01-01~2026-03-31,認可,認可,26.294 MWh,0 MWh
天能綠電股份有限公司,新鑫_雲林縣北港鎮蘇鴻熙_屋頂型太陽光電案場,太陽能,2026,9.081,0,雲林縣北港鎮扶朝路76之1號,87.4 kW,天能綠電股份有限公司,25SP4200-B026000001~10,5/20/26,2026-03-01~2026-03-31,認可,認可,9.081 MWh,0 MWh
台達電子工業股份有限公司,台達中科一廠,太陽能,2026,0,24.793,臺中市西屯區科園一路8號,87.36 kW,台達電子工業股份有限公司,21SP0045-B026000001~26,5/20/26,2026-01-01~2026-03-31,認可,認可,0 MWh,24.793 MWh
晨星電力股份有限公司,(統益)大同國小-東側停車場,太陽能,2026,25.219,0,臺南市善化區大同段0409-0000地號,87.3 kW,晨星電力股份有限公司,25SP4059-B026000001~26,5/20/26,2026-01-01~2026-03-31,認可,認可,25.219 MWh,0 MWh
陽光伏特家電力股份有限公司,晴鈦朗南投1廠,太陽能,2026,13.836,0,南投縣魚池鄉大林段0064-0001地號,87.23 kW,陽光伏特家電力股份有限公司,24SP2504-B026000001~376,5/20/26,2026-01-01~2026-03-31,認可,認可,13.836 MWh,0 MWh
晨星電力股份有限公司,(特登)長頌一般工廠,太陽能,2026,2.937,28.814,彰化縣埤頭鄉頂庄路79號,87.15 kW,晨星電力股份有限公司,25SP4289-B026000002~39,5/20/26,2026-01-01~2026-03-31,認可,認可,2.937 MWh,28.814 MWh
寶富電力股份有限公司,林邊五小福-1-寶祿-復興段278地號,太陽能,2026,33.391,0,屏東縣林邊鄉復興段278號,87.12 kW,寶富電力股份有限公司,25SP0471-B026000011~55,5/20/26,2026-01-01~2026-03-31,認可,認可,33.391 MWh,0 MWh
怡和綠電超商股份有限公司,嘉創-黃見章,太陽能,2026,15.084,12.067,臺南市仁德區太乙路52號,87.12 kW,怡和綠電超商股份有限公司,25SP2750-B026000002~32,5/20/26,2026-01-01~2026-03-31,認可,認可,15.084 MWh,12.067 MWh
天能綠電股份有限公司,御鑒科技-高雄旗山嶺口國小屋頂型光電案場,太陽能,2026,25.803,0,高雄市旗山區龍文巷30號,87.12 kW,天能綠電股份有限公司,24SP0261-B026000001~31,5/20/26,2026-01-01~2026-03-31,認可,認可,25.803 MWh,0 MWh
艾涅爾電力股份有限公司,承品能源-謙益67號,太陽能,2026,17.423,0,彰化縣埔鹽鄉彰水路1段365巷67號,87 kW,艾涅爾電力股份有限公司,24SP1259-B026000001~23,4/8/26,2026-01-01~2026-02-28,認可,認可,17.423 MWh,0 MWh
富威電力股份有限公司,雄獅能源-林裕昌太陽光電發電廠,太陽能,2026,4.011,4.991,臺中市烏日區慶光路106之3號,87 kW,富威電力股份有限公司,25SP4216-B026000059~106,5/20/26,2026-03-01~2026-03-31,認可,認可,4.011 MWh,4.991 MWh
續興股份有限公司,名佃,太陽能,2026,27.126,0,臺南市仁德區太乙七街32號,86.94 kW,續興股份有限公司,25SP0054-B026000001~29,5/20/26,2026-01-01~2026-03-31,認可,認可,27.126 MWh,0 MWh
天能綠電股份有限公司,輝煌-張新傳屋頂型太陽光電案場,太陽能,2026,14.493,0,雲林縣土庫鎮東平里新光6之17號,86.8 kW,天能綠電股份有限公司,24SP2136-B026000002~17,4/1/26,2026-01-01~2026-02-28,認可,認可,14.493 MWh,0 MWh
阿波羅電力股份有限公司,銘峻黃柏興86.73kW,太陽能,2026,17.799,11.821,臺南市七股區看坪里看坪61之7號,86.73 kW,阿波羅電力股份有限公司,25SP1816-B026000001~31,5/20/26,2026-01-01~2026-03-31,認可,認可,17.799 MWh,11.821 MWh
續興股份有限公司,旭愛能源朋程三廠2,太陽能,2026,19.538,0,桃園市蘆竹區南崁路2段12號,86.7 kW,續興股份有限公司,25SP0143-B026000001~21,5/20/26,2026-01-01~2026-03-31,認可,認可,19.538 MWh,0 MWh
台達電子工業股份有限公司,台達電子中壢三廠,太陽能,2026,0,21.031,桃園市中壢區東園路5號,86.64 kW,台達電子工業股份有限公司,25SP2445-B026000001~22,5/20/26,2025-09-22~2026-03-31,認可,認可,0 MWh,21.031 MWh
宇軒電業股份有限公司,崁子頭段457-1地號,太陽能,2026,16.837,10.669,臺南市白河區崁子頭段457-1地號,86.4 kW,宇軒電業股份有限公司,25SP2003-B026000001~29,5/20/26,2026-01-01~2026-03-31,認可,認可,16.837 MWh,10.669 MWh
星星電力股份有限公司,聯成_吉彰耐隆第二期,太陽能,2026,16.299,0,臺中市龍井區茄投路一段1巷31號,86.36 kW,星星電力股份有限公司,24SP1748-B026000001~17,4/8/26,2026-01-01~2026-02-28,認可,認可,16.299 MWh,0 MWh
續興股份有限公司,儂興,太陽能,2026,25.798,0,臺南市永康區中正南路324號,86.1 kW,續興股份有限公司,25SP1084-B026000001~28,5/20/26,2026-01-01~2026-03-31,認可,認可,25.798 MWh,0 MWh
開陽電力股份有限公司,玖基企業股份有限公司-農業部農業藥物試驗所(動物培育室),太陽能,2026,14.724,0,臺中市霧峰區光明路11號,86.1 kW,開陽電力股份有限公司,25SP1965-B026000001~16,4/1/26,2026-01-01~2026-02-28,認可,認可,14.724 MWh,0 MWh
開陽電力股份有限公司,玖基企業股份有限公司-中興大學理學院大樓,太陽能,2026,17.167,0,臺中市南區國光路250號,86.1 kW,開陽電力股份有限公司,25SP1762-B026000001~18,4/1/26,2026-01-01~2026-02-28,認可,認可,17.167 MWh,0 MWh
晨星電力股份有限公司,(記銘)鴻鉅,太陽能,2026,3.158,23.965,彰化縣員林市崙雅巷15之23號,85.69 kW,晨星電力股份有限公司,26SP0108-B026000002~34,5/20/26,2026-01-01~2026-03-31,認可,認可,3.158 MWh,23.965 MWh
艾涅爾電力股份有限公司,育渲-雲林斗南江玉葉二期,太陽能,2026,12.357,0,雲林縣斗南鎮林子里林子240號,85.68 kW,艾涅爾電力股份有限公司,24SP2062-B026000001~13,4/8/26,2026-01-01~2026-02-28,認可,認可,12.357 MWh,0 MWh
台灣碳資產電業股份有限公司,林振源,太陽能,2026,26.889,0,彰化縣秀水鄉彰水路二段620巷32、32-1、32-2、32-3、32-5、32-6號,85.68 kW,台灣碳資產電業股份有限公司,24SP0782-B026000001~28,5/20/26,2026-01-01~2026-03-31,認可,認可,26.889 MWh,0 MWh
天能綠電股份有限公司,集陽-銨東屋頂型太陽能電廠,太陽能,2026,20.547,0,臺中市太平區成功路29巷22號,85.54 kW,天能綠電股份有限公司,25SP1884-B026000001~22,5/20/26,2026-01-01~2026-03-31,認可,認可,20.547 MWh,0 MWh
澤洲工業股份有限公司,澤洲工業股份有限公司台中電廠,太陽能,2026,0,19.3,臺中市西屯區工業區三十一路6號,85.5 kW,澤洲工業股份有限公司,25SP1408-B026000001~20,4/1/26,2025-07-25~2026-01-31,認可,認可,0 MWh,19.3 MWh
國泰人壽保險股份有限公司,國泰人壽內湖台聯電訊大樓,太陽能,2026,0,10.232,臺北市內湖區內湖路一段120巷15弄25號,85.32 kW,國泰人壽保險股份有限公司,23SP0341-B026000001~11,4/1/26,2026-01-01~2026-02-28,認可,認可,0 MWh,10.232 MWh
怡和綠電超商股份有限公司,賽斯新能源-文山高中四期,太陽能,2026,18.574,8.527,高雄市鳥松區大埤路31號(信義樓),85.28 kW,怡和綠電超商股份有限公司,25SP1687-B026000001~34,5/20/26,2026-01-01~2026-03-31,認可,認可,18.574 MWh,8.527 MWh
大自然能源電業股份有限公司,NP121054C005瓦度(崁頂民宿),太陽能,2026,13.876,9.176,"屏東縣崁頂鄉越村溪復興路2號,2之1號,2之2號,2之3號,2之5號",85.085 kW,大自然能源電業股份有限公司,25SP0540-B026000001~25,5/20/26,2026-01-01~2026-03-31,認可,認可,13.876 MWh,9.176 MWh
天能綠電股份有限公司,旭奕光電-屏東新園990-1地面型太陽光電案場,太陽能,2026,26.201,0,屏東縣新園鄉仙吉段990-1地號,85.05 kW,天能綠電股份有限公司,24SP1307-B026000001~27,5/20/26,2026-01-01~2026-03-31,認可,認可,26.201 MWh,0 MWh
艾涅爾電力股份有限公司,亮界-蘇進丁PV0478,太陽能,2026,14.882,0,高雄市湖內區中山路二段88號,84.96 kW,艾涅爾電力股份有限公司,24SP0864-B026000001~16,4/8/26,2026-01-01~2026-02-28,認可,認可,14.882 MWh,0 MWh
宇軒電業股份有限公司,山子脚2267,太陽能,2026,0,29.221,臺南市將軍區山子脚段2267地號,84.6 kW,宇軒電業股份有限公司,25SP3780-B026000001~31,5/20/26,2026-01-01~2026-03-31,認可,認可,0 MWh,29.221 MWh
晨星電力股份有限公司,(永豐)瑞興紡織,太陽能,2026,27.754,0,彰化縣線西鄉下犁路250號,84.375 kW,晨星電力股份有限公司,25SP3079-B026000001~30,5/20/26,2026-01-01~2026-03-31,認可,認可,27.754 MWh,0 MWh
怡和綠電超商股份有限公司,賽斯-新力彈簧,太陽能,2026,25.856,0,臺南市新市區中華路21號、25號,84.32 kW,怡和綠電超商股份有限公司,25SP2662-B026000001~27,5/20/26,2026-01-01~2026-03-31,認可,認可,25.856 MWh,0 MWh
天能綠電股份有限公司,綠順-彰化縣大城鄉楓港段61-1地號,太陽能,2026,19.115,0,彰化縣大城鄉楓港段0061-0001地號,84.24 kW,天能綠電股份有限公司,24SP1022-B026000002~21,4/22/26,2026-01-01~2026-02-28,認可,認可,19.115 MWh,0 MWh
怡和綠電超商股份有限公司,嘉創-國際綠色處理,太陽能,2026,23.474,0,南投縣南投市工業南七路6號【使用執照字號:(87)投縣建管(使)字第272號】,84.15 kW,怡和綠電超商股份有限公司,25SP3756-B026000001~30,5/20/26,2026-01-01~2026-03-31,認可,認可,23.474 MWh,0 MWh
統益機電工程股份有限公司,統益機電工程(股)總部大樓,太陽能,2026,0,14.242,高雄市鳳山區輜汽南路9號,84.12 kW,統益機電工程股份有限公司,23SP0265-B026000001~17,5/20/26,2026-01-01~2026-03-31,認可,認可,0 MWh,14.242 MWh
晨星電力股份有限公司,(創源)尚泰環保地面型,太陽能,2026,21.578,0,屏東縣枋寮鄉屏南段0184-0001地號,84.05 kW,晨星電力股份有限公司,25SP2545-B026000001~24,5/20/26,2026-01-01~2026-03-31,認可,認可,21.578 MWh,0 MWh
怡和綠電超商股份有限公司,怡和綠能-新創環保-原光洋科案,太陽能,2026,8.408,0,臺南市柳營區環園西路二段30號,83.78 kW,怡和綠電超商股份有限公司,25SP2681-B026000009~17,4/1/26,2026-02-01~2026-02-28,認可,認可,8.408 MWh,0 MWh
天能綠電股份有限公司,輝煌-祐金企業屋頂型太陽光電案場,太陽能,2026,9.417,0,屏東縣長治鄉德榮村6鄰下厝街2之18號,83.7 kW,天能綠電股份有限公司,24SP2045-B026000006~19,4/1/26,2026-01-01~2026-02-28,認可,認可,9.417 MWh,0 MWh
財團法人工業技術研究院-六甲院區,財團法人工業技術研究院-六甲院區83.49kW,太陽能,2026,0,19.88,臺南市六甲區工研路8號,83.49 kW,財團法人工業技術研究院-六甲院區,24SP0750-B026000001~22,5/20/26,2026-01-01~2026-03-31,認可,認可,0 MWh,19.88 MWh
艾涅爾電力股份有限公司,豪司登PV0571,太陽能,2026,13.219,0,臺南市東區裕永一街171、173、175、177、179、181、183、185、187、189、191、193、195、197號,83.46 kW,艾涅爾電力股份有限公司,24SP1588-B026000001~14,4/8/26,2026-01-01~2026-02-28,認可,認可,13.219 MWh,0 MWh
富威電力股份有限公司,永大-陳俊富太陽光電發電廠,太陽能,2026,25.989,0,臺中市大肚區文昌路三段1巷150號,83.25 kW,富威電力股份有限公司,25SP2375-B026000003~43,5/20/26,2026-01-01~2026-03-31,認可,認可,25.989 MWh,0 MWh
天能綠電股份有限公司,豐光17-南投內城農場屋頂型太陽光電案場,太陽能,2026,24.357,0,南投縣中寮鄉南投縣中寮鄉龍南路12之5、12之6號,83.22 kW,天能綠電股份有限公司,24SP2091-B026000001~33,5/20/26,2026-01-01~2026-03-31,認可,認可,24.357 MWh,0 MWh
天能綠電股份有限公司,禾興開發屋頂型太陽能電廠,太陽能,2026,24.727,0,臺南市南區鹽埕段2887-0000地號,83.16 kW,天能綠電股份有限公司,25SP3607-B026000009~42,5/20/26,2026-01-01~2026-03-31,認可,認可,24.727 MWh,0 MWh
大自然能源電業股份有限公司,NP071052C001(臺中市龍井農會二期),太陽能,2026,14.532,10.156,臺中市龍井區龍門路40號,83.16 kW,大自然能源電業股份有限公司,25SP0569-B026000001~27,5/20/26,2026-01-01~2026-03-31,認可,認可,14.532 MWh,10.156 MWh
台灣電力股份有限公司再生能源處,台電公司再生能源處-PV02梧棲辦公室光電,太陽能,2026,0,27,臺中市梧棲區大智路2段332號,82.96 kW,台灣電力股份有限公司再生能源處,22SP0124-B026000001~27,4/22/26,2025-11-01~2026-02-28,認可,認可,0 MWh,27 MWh
艾涅爾電力股份有限公司,新思路-七里PV0884,太陽能,2026,14.86,0,屏東縣枋山鄉七里段0357-0000地號,82.88 kW,艾涅爾電力股份有限公司,24SO0001-B026000001~16,4/8/26,2026-01-01~2026-02-28,認可,認可,14.86 MWh,0 MWh
晨星電力股份有限公司,(統益)臺灣可果美(地面),太陽能,2026,23.449,2.78,臺南市善化區圳西段1066-0000地號,82.88 kW,晨星電力股份有限公司,25SP4050-B026000002~34,5/20/26,2026-01-01~2026-03-31,認可,認可,23.449 MWh,2.78 MWh
廣積科技股份有限公司,廣積科技股份有限公司桃園平鎮廠第四期,太陽能,2026,0,10.28,桃園市平鎮區民族路雙連二段118巷12號,82.84 kW,廣積科技股份有限公司,24SP0166-B026000001~11,4/1/26,2026-01-01~2026-02-28,認可,認可,0 MWh,10.28 MWh
十萬伏特電力股份有限公司,大道國中(誠正樓)案,太陽能,2026,16.454,0,臺中市大肚區仁德路60號,82.8 kW,十萬伏特電力股份有限公司,25SP4079-B026000001~19,4/22/26,2026-01-01~2026-02-28,認可,認可,16.454 MWh,0 MWh
宇軒電業股份有限公司,蘇慶瑞一期,太陽能,2026,15.643,0,屏東縣長治鄉華錦段580地號,82.8 kW,宇軒電業股份有限公司,25SP1882-B026000001~16,4/15/26,2026-01-01~2026-02-28,認可,認可,15.643 MWh,0 MWh
怡和綠電超商股份有限公司,江昇能源-屏東縣里港鄉新民路1巷52號,太陽能,2026,8.078,0,屏東縣里港鄉新民路1巷52號,82.8 kW,怡和綠電超商股份有限公司,25SP2411-B026000009~17,4/1/26,2026-02-01~2026-02-28,認可,認可,8.078 MWh,0 MWh
大自然能源電業股份有限公司,NP081026C006凱銳（美全）,太陽能,2026,14.891,0,彰化縣秀水鄉安溪街112巷7號,82.5 kW,大自然能源電業股份有限公司,24SP1876-B026000001~16,4/1/26,2026-01-01~2026-02-28,認可,認可,14.891 MWh,0 MWh
怡和綠電超商股份有限公司,鑫元陽-德馨科技,太陽能,2026,20.812,0,高雄市梓官區大舍東路300巷52號,82.45 kW,怡和綠電超商股份有限公司,25SP2780-B026000001~174,5/20/26,2026-01-01~2026-03-31,認可,認可,20.812 MWh,0 MWh
陽光伏特家電力股份有限公司,彰化大佛5號,太陽能,2026,7.07,0,彰化縣線西鄉中華路818巷70號,82.35 kW,陽光伏特家電力股份有限公司,24SP2245-B026000001~8,4/1/26,2026-01-01~2026-02-28,認可,認可,7.07 MWh,0 MWh
元富證券股份有限公司,元富證券股份有限公司大裕分公司,太陽能,2026,0,8.266,臺中市南區台中路504號,82.325 kW,元富證券股份有限公司,25SP0112-B026000001~9,4/1/26,2026-01-01~2026-02-28,認可,認可,0 MWh,8.266 MWh
艾涅爾電力股份有限公司,承品能源-嘉佑,太陽能,2026,16.121,0,彰化縣福興鄉復興路臨40之3號,82.295 kW,艾涅爾電力股份有限公司,24SP2159-B026000001~17,4/8/26,2026-01-01~2026-02-28,認可,認可,16.121 MWh,0 MWh
艾涅爾電力股份有限公司,太佑-普德家電PV0185,太陽能,2026,12.963,0,臺中市太平區東平路771號,82.28 kW,艾涅爾電力股份有限公司,24SP0512-B026000001~20,4/8/26,2026-01-01~2026-02-28,認可,認可,12.963 MWh,0 MWh
合作金庫商業銀行股份有限公司,合作金庫商業銀行股份有限公司(大社分行),太陽能,2026,0,21.058,高雄市大社區翠屏路177之1號,82.14 kW,合作金庫商業銀行股份有限公司,23SP0196-B026000001~23,5/20/26,2026-01-01~2026-03-31,認可,認可,0 MWh,21.058 MWh
晨星電力股份有限公司,(統益)臺南市政府工務局球場(安南區),太陽能,2026,3.85,23.87,臺南市安南區國安段1722-0000地號,81.9 kW,晨星電力股份有限公司,25SP4377-B026000002~36,5/20/26,2026-01-01~2026-03-31,認可,認可,3.85 MWh,23.87 MWh
陽光伏特家電力股份有限公司,昇太彰化3廠,太陽能,2026,8.589,0,彰化縣彰化市中山路2段605號、605號之1、605號之2、607號、609號,81.84 kW,陽光伏特家電力股份有限公司,24SP2020-B026000001~70,5/20/26,2026-01-01~2026-03-31,認可,認可,8.589 MWh,0 MWh
晨星電力股份有限公司,(沅碁)民權國小四期,太陽能,2026,0,28.954,高雄市前鎮區沱江街200號,81.75 kW,晨星電力股份有限公司,25SP4374-B026000001~30,5/20/26,2026-01-01~2026-03-31,認可,認可,0 MWh,28.954 MWh
大自然能源電業股份有限公司,NP121004C007佳益能源(枋山),太陽能,2026,8.066,0,屏東縣枋山鄉枋山村中山路三段128號,81.74 kW,大自然能源電業股份有限公司,24SP1606-B026000001~9,3/4/26,2026-01-01~2026-01-31,認可,認可,8.066 MWh,0 MWh
怡和綠電超商股份有限公司,賽斯-永安中正堂43號,太陽能,2026,24.98,0,高雄市永安區永安路43號,81.6 kW,怡和綠電超商股份有限公司,25SP1118-B026000001~27,5/20/26,2026-01-01~2026-03-31,認可,認可,24.98 MWh,0 MWh
怡和綠電超商股份有限公司,峰麗-台中優群,太陽能,2026,5.16,0,臺中市南屯區新富三街3號,81.375 kW,怡和綠電超商股份有限公司,25SP0706-B026000006~11,4/1/26,2026-02-01~2026-02-28,認可,認可,5.16 MWh,0 MWh
星星電力股份有限公司,傑能-元長李小火,太陽能,2026,21.552,0,雲林縣元長鄉中山路3之88號,81.3 kW,星星電力股份有限公司,25SP2159-B026000001~27,5/20/26,2026-01-01~2026-03-31,認可,認可,21.552 MWh,0 MWh
續興股份有限公司,傑聯 晉詮,太陽能,2026,25.857,0,高雄市路竹區民有路625巷4、6號,81.18 kW,續興股份有限公司,25SP0317-B026000001~27,5/20/26,2026-01-01~2026-03-31,認可,認可,25.857 MWh,0 MWh
天能綠電股份有限公司,凱銳-台中市林澤昌屋頂型太陽光電案場,太陽能,2026,0,10.327,臺中市清水區中山路539之18、539之19號,81.13 kW,天能綠電股份有限公司,24SP2416-B026000001~11,5/20/26,2026-03-01~2026-03-31,認可,認可,0 MWh,10.327 MWh
台塑石化股份有限公司,海淡廠,太陽能,2026,0,16.088,雲林縣麥寮鄉中興村台塑工業園區15號,81.12 kW,台塑石化股份有限公司,24SP0231-B026000001~17,4/1/26,2026-01-01~2026-02-28,認可,認可,0 MWh,16.088 MWh
十萬伏特電力股份有限公司,峰易科技案,太陽能,2026,12.995,0,臺中市大甲區如意路37巷13號,81 kW,十萬伏特電力股份有限公司,25SP4046-B026000001~15,4/22/26,2026-01-01~2026-02-28,認可,認可,12.995 MWh,0 MWh
怡和綠電超商股份有限公司,嘉創-何彥暉,太陽能,2026,27.296,0,嘉義縣東石鄉鰲鼓村鰲鼓265號,81 kW,怡和綠電超商股份有限公司,25SP3728-B026000002~31,5/20/26,2026-01-01~2026-03-31,認可,認可,27.296 MWh,0 MWh
晨星電力股份有限公司,(立豐)壽山,太陽能,2026,24.825,0,彰化縣鹿港鎮工業西一路26號,80.92 kW,晨星電力股份有限公司,25SP2326-B026000001~26,5/20/26,2026-01-01~2026-03-31,認可,認可,24.825 MWh,0 MWh
阿波羅電力股份有限公司,環球大宇宙甲仙區公所一二期案,太陽能,2026,24.863,0,高雄市甲仙區中山路50號,80.85 kW,阿波羅電力股份有限公司,25SP0225-B026000002~34,5/20/26,2026-01-01~2026-03-31,認可,認可,24.863 MWh,0 MWh
艾涅爾電力股份有限公司,育渲-屏東竹田恬潔畜牧場,太陽能,2026,13.456,0,屏東縣竹田鄉東西八路18號,80.6 kW,艾涅爾電力股份有限公司,24SP1440-B026000001~74,5/20/26,2026-01-01~2026-02-28,認可,認可,13.456 MWh,0 MWh
天能綠電股份有限公司,光旭盈14-台中宏恩屋頂型光電案場,太陽能,2026,22.815,0,臺中市烏日區台中市烏日區大同十街2-1號,80.58 kW,天能綠電股份有限公司,24SP2482-B026000001~28,5/20/26,2026-01-01~2026-03-31,認可,認可,22.815 MWh,0 MWh
兆豐國際商業銀行股份有限公司,兆豐銀行嘉義分行-太陽光電發電系統建置工程,太陽能,2026,0,23.902,嘉義市西區文化路259號,80.535 kW,兆豐國際商業銀行股份有限公司,25SP2786-B026000001~25,5/20/26,2025-10-30~2026-03-31,認可,認可,0 MWh,23.902 MWh
陽光伏特家電力股份有限公司,耆光新澎湖17廠,太陽能,2026,22.504,0,澎湖縣湖西鄉林投北段1303-0000地號,80.52 kW,陽光伏特家電力股份有限公司,24SP2307-B026000001~24,5/20/26,2026-01-01~2026-03-31,認可,認可,22.504 MWh,0 MWh
阿波羅電力股份有限公司,吉晟白沙鄉中屯新段659地號,太陽能,2026,12.025,9.032,澎湖縣白沙鄉中屯新段0659-0000地號,80.52 kW,阿波羅電力股份有限公司,25SP3903-B026000001~23,5/20/26,2026-01-01~2026-03-31,認可,認可,12.025 MWh,9.032 MWh
怡和綠電超商股份有限公司,欣雄-高雄市公有學校第七標案 -新興國小,太陽能,2026,6.371,0,高雄市新興區民生一路321號(新興國小),80.5 kW,怡和綠電超商股份有限公司,25SP2433-B026000009~15,4/1/26,2026-02-01~2026-02-28,認可,認可,6.371 MWh,0 MWh
大自然能源電業股份有限公司,NP091055C001(宏美),太陽能,2026,9.829,6.949,嘉義縣民雄鄉工業三路1號,80.4 kW,大自然能源電業股份有限公司,25SP0549-B026000001~17,5/20/26,2026-01-01~2026-03-31,認可,認可,9.829 MWh,6.949 MWh
南方電力股份有限公司,屏東縣恆春鎮恒南路22之1號太陽光電發電廠,太陽能,2026,17.225,0,屏東縣恆春鎮恒南路22之1號,80.29 kW,南方電力股份有限公司,24SP1466-B026000001~19,5/20/26,2026-01-01~2026-03-31,認可,認可,17.225 MWh,0 MWh
陽光伏特家電力股份有限公司,耆光新澎湖2廠,太陽能,2026,22.172,0,澎湖縣湖西鄉林投北段0880-0000地號,80.24 kW,陽光伏特家電力股份有限公司,24SP2291-B026000001~24,5/20/26,2026-01-01~2026-03-31,認可,認可,22.172 MWh,0 MWh
陽光伏特家電力股份有限公司,耆光新澎湖4廠,太陽能,2026,22.249,0,澎湖縣湖西鄉林投北段0883-0000地號,80.24 kW,陽光伏特家電力股份有限公司,24SP2296-B026000001~24,5/20/26,2026-01-01~2026-03-31,認可,認可,22.249 MWh,0 MWh
陽光伏特家電力股份有限公司,耆光新澎湖3廠,太陽能,2026,22.562,0,澎湖縣湖西鄉林投北段0882-0000地號,80.24 kW,陽光伏特家電力股份有限公司,24SP2292-B026000001~24,5/20/26,2026-01-01~2026-03-31,認可,認可,22.562 MWh,0 MWh
寶島陽光電力事業股份有限公司,昌瑞能源有限公司(TW170653),太陽能,2026,19.157,0,彰化縣竹塘鄉河陽路167號,80.1 kW,寶島陽光電力事業股份有限公司,24SP2611-B026000001~20,5/20/26,2026-01-01~2026-03-31,認可,認可,19.157 MWh,0 MWh
客家委員會客家文化發展中心,六堆客家文化園區,太陽能,2026,0,18.737,屏東縣內埔鄉建興村信義路588號,80.1 kW,客家委員會客家文化發展中心,20SP0003-B026000001~20,5/20/26,2026-01-01~2026-03-31,認可,認可,0 MWh,18.737 MWh
續興股份有限公司,里港新土庫957,太陽能,2026,16.82,0,屏東縣里港鄉新土庫段0957-0000地號,79.91 kW,續興股份有限公司,24SP0966-B026000003~20,5/20/26,2026-01-01~2026-03-31,認可,認可,16.82 MWh,0 MWh
艾涅爾電力股份有限公司,昰暟科技-七駿,太陽能,2026,7.074,7.876,臺中市西屯區工業區一路98之110號,79.91 kW,艾涅爾電力股份有限公司,24SO0002-B026000001~21,4/8/26,2026-01-01~2026-02-28,認可,認可,7.074 MWh,7.876 MWh
天能綠電股份有限公司,城市發展-屏東縣林邊鄉富田段124地號地面型太陽光電案場,太陽能,2026,27.324,0,屏東縣林邊鄉富田段124地號,79.54 kW,天能綠電股份有限公司,24SP0406-B026000001~29,5/20/26,2026-01-01~2026-03-31,認可,認可,27.324 MWh,0 MWh
續興股份有限公司,三川凸輪二期,太陽能,2026,24.52,0,臺中市潭子區潭富路2段278之1號,79.5 kW,續興股份有限公司,25SP2760-B026000001~26,5/20/26,2026-01-01~2026-03-31,認可,認可,24.52 MWh,0 MWh
艾涅爾電力股份有限公司,旭力-吳崑玉三期,太陽能,2026,17.355,0,臺南市歸仁區中正北路2段319巷162號,79.5 kW,艾涅爾電力股份有限公司,24SP1585-B026000001~18,4/8/26,2026-01-01~2026-02-28,認可,認可,17.355 MWh,0 MWh
天能綠電股份有限公司,昱光-元安屋頂型太陽能電廠,太陽能,2026,11.221,8.519,臺南市佳里區六安117-34號,79.36 kW,天能綠電股份有限公司,25SP0230-B026000001~21,5/20/26,2026-01-01~2026-03-31,認可,認可,11.221 MWh,8.519 MWh
全漢企業股份有限公司,全漢二廠,太陽能,2026,0,18.386,桃園市桃園區興隆路7號,79.21 kW,全漢企業股份有限公司,24SP0665-B026000001~20,5/20/26,2026-01-01~2026-03-31,認可,認可,0 MWh,18.386 MWh
遠東資源開發股份有限公司,TPKE 辦公大樓,太陽能,2026,0,11.42,新北市板橋區仁愛段 1159-0003、1166-0000、1176-0000、1176-0001、1178-0000、1178-0005、1179-0000、1180-0000、1180-0002、 1180-0003、1180-0005、1195-0001、1196-0001、1199-0004地號,79.2 kW,遠東資源開發股份有限公司,23SP0237-B026000001~12,4/1/26,2026-01-01~2026-02-28,認可,認可,0 MWh,11.42 MWh
富威電力股份有限公司,永大-郭啟貞太陽光電發電廠,太陽能,2026,10.274,0,高雄市燕巢區滾水路107之7、107之8、107之9、107之10、107之11、107之12號,79.2 kW,富威電力股份有限公司,25SP1542-B026000012~35,4/1/26,2026-01-01~2026-02-28,認可,認可,10.274 MWh,0 MWh
怡和綠電超商股份有限公司,御瑟能源-嘉義大林陳蒼琳,太陽能,2026,7.192,15.499,嘉義縣大林鎮西結里陳井寮36之8號,79.2 kW,怡和綠電超商股份有限公司,25SP2895-B026000002~27,5/20/26,2026-01-01~2026-03-31,認可,認可,7.192 MWh,15.499 MWh
怡和綠電超商股份有限公司,嘉創-鄧碧惠,太陽能,2026,20.729,0,南投縣集集鎮隘埔巷11之2號,79.2 kW,怡和綠電超商股份有限公司,25SP3760-B026000001~27,5/20/26,2026-01-01~2026-03-31,認可,認可,20.729 MWh,0 MWh
宇軒電業股份有限公司,蘇慶瑞二期,太陽能,2026,7.207,0,屏東縣長治鄉華錦段580-1地號,79.2 kW,宇軒電業股份有限公司,25SP1881-B026000009~16,4/15/26,2026-02-01~2026-02-28,認可,認可,7.207 MWh,0 MWh
台灣晶技股份有限公司,H棟屋頂,太陽能,2026,0,16.697,桃園市平鎮區工業六路6號,79.125 kW,台灣晶技股份有限公司,23SP0071-B026000001~18,5/20/26,2026-01-01~2026-03-31,認可,認可,0 MWh,16.697 MWh
陽光伏特家電力股份有限公司,睿聯屏東1廠,太陽能,2026,3.538,0,屏東縣屏東市大湖路461號、大春路81巷155號,79.05 kW,陽光伏特家電力股份有限公司,24SP2167-B026000001~14,5/20/26,2026-01-01~2026-03-31,認可,認可,3.538 MWh,0 MWh
續興股份有限公司,泉笙企業,太陽能,2026,0,25.891,臺南市仁德區開發一路18號,79.04 kW,續興股份有限公司,25SP2709-B026000001~27,5/20/26,2026-01-01~2026-03-31,認可,認可,0 MWh,25.891 MWh
晨星電力股份有限公司,(沅碁)中山工商,太陽能,2026,26.3,0,高雄市大寮區正氣路79號,79.04 kW,晨星電力股份有限公司,25SP3097-B026000001~35,5/20/26,2026-01-01~2026-03-31,認可,認可,26.3 MWh,0 MWh
晨星電力股份有限公司,(晉丞)台中大漁迴轉,太陽能,2026,3.76,19.505,臺中市南屯區文心南二路1號、3號,78.81 kW,晨星電力股份有限公司,26SP0139-B026000002~29,5/20/26,2026-01-01~2026-03-31,認可,認可,3.76 MWh,19.505 MWh
八方雲集國際股份有限公司,八方雲集國際股份有限公司,太陽能,2026,0,24.144,雲林縣二崙鄉港後村港後路20之6號,78.72 kW,八方雲集國際股份有限公司,23SP0023-B026000001~26,5/20/26,2026-01-01~2026-03-31,認可,認可,0 MWh,24.144 MWh
艾涅爾電力股份有限公司,亮界-隆鎮工業股份有限公司,太陽能,2026,15.2,0,臺中市中區臺中市神岡區前寮路58之3號,78.72 kW,艾涅爾電力股份有限公司,24SP2401-B026000002~23,4/8/26,2026-01-01~2026-02-28,認可,認可,15.2 MWh,0 MWh
怡和綠電超商股份有限公司,嘉創-美莊,太陽能,2026,15.995,6.497,雲林縣褒忠鄉中民村中正路28之10號,78.72 kW,怡和綠電超商股份有限公司,25SP2493-B026000001~30,5/20/26,2026-01-01~2026-03-31,認可,認可,15.995 MWh,6.497 MWh
怡和綠電超商股份有限公司,嘉創-達昱纖維,太陽能,2026,23.228,0,彰化縣田中鎮新工二路145號,78.54 kW,怡和綠電超商股份有限公司,25SP3767-B026000002~27,5/20/26,2026-01-01~2026-03-31,認可,認可,23.228 MWh,0 MWh
陽光伏特家電力股份有限公司,凱銳能源台中3廠,太陽能,2026,23.988,0,臺中市西屯區工業區三十四路25號,78.4 kW,陽光伏特家電力股份有限公司,24SP1911-B026000001~25,5/20/26,2026-01-01~2026-03-31,認可,認可,23.988 MWh,0 MWh
天能綠電股份有限公司,圓祐-台中市龍井區三港路355巷(山野電機),太陽能,2026,17.696,0,臺中市龍井區三港路355巷81號,78.2 kW,天能綠電股份有限公司,25SP0772-B026000001~19,5/20/26,2026-01-01~2026-03-31,認可,認可,17.696 MWh,0 MWh
晨星電力股份有限公司,盟陽-林佳君,太陽能,2026,22.097,1.116,屏東縣枋寮鄉東海村29鄰臨海路二段96號(屏東縣枋寮鄉東海段420、420-1、420-4地號),78.12 kW,晨星電力股份有限公司,25SP4052-B026000004~32,5/20/26,2026-01-01~2026-03-31,認可,認可,22.097 MWh,1.116 MWh
晨星電力股份有限公司,盟陽-林育如,太陽能,2026,22.811,1.197,屏東縣枋寮鄉東海村臨海路二段98號(屏東縣枋寮鄉東海段0420-0002、0420-0003、0420-0005地號),78.12 kW,晨星電力股份有限公司,25SP4053-B026000002~33,5/20/26,2026-01-01~2026-03-31,認可,認可,22.811 MWh,1.197 MWh
常廣股份有限公司,常廣股份有限公司,太陽能,2026,0,17.592,臺中市大甲區工一路29號,78.1 kW,常廣股份有限公司,22SP0071-B026000001~19,5/20/26,2026-01-01~2026-03-31,認可,認可,0 MWh,17.592 MWh
開陽電力股份有限公司,玖基企業-彰化縣消防局第四大隊漢寶消防分隊,太陽能,2026,11.208,0,彰化縣芳苑鄉草漢路漢寶段568號,78 kW,開陽電力股份有限公司,25SP3824-B026000001~12,4/1/26,2026-01-01~2026-02-28,認可,認可,11.208 MWh,0 MWh
晨星電力股份有限公司,(賽斯)蘇料國際,太陽能,2026,24.649,0,高雄市左營區重惠街111號、113、115號、文川路167巷33號,78 kW,晨星電力股份有限公司,25SP2620-B026000001~27,5/20/26,2026-01-01~2026-03-31,認可,認可,24.649 MWh,0 MWh
怡和綠電超商股份有限公司,峰麗-台南仁德,太陽能,2026,7.316,0,臺南市仁德區德洋路126之1號,78 kW,怡和綠電超商股份有限公司,25SP2632-B026000009~16,4/1/26,2026-02-01~2026-02-28,認可,認可,7.316 MWh,0 MWh
晨星電力股份有限公司,(統益)永安服務中心,太陽能,2026,22.491,1.346,高雄市永安區永工二路1號,78 kW,晨星電力股份有限公司,25SP3322-B026000002~32,5/20/26,2026-01-01~2026-03-31,認可,認可,22.491 MWh,1.346 MWh
大自然能源電業股份有限公司,NP111054C011瓦度(誠泰),太陽能,2026,17.556,0,高雄市路竹區路科三路1號,77.5 kW,大自然能源電業股份有限公司,25SP0117-B026000001~20,5/20/26,2026-01-01~2026-03-31,認可,認可,17.556 MWh,0 MWh
怡和綠電超商股份有限公司,賽斯-余新貴:枋寮建興段528地號,太陽能,2026,23.645,0,屏東縣枋寮鄉建興段0528-0000地號,77.47 kW,怡和綠電超商股份有限公司,25SP1864-B026000001~24,5/20/26,2026-01-01~2026-03-31,認可,認可,23.645 MWh,0 MWh
怡和綠電超商股份有限公司,賽斯新能源-雄中-第五棟二期,太陽能,2026,24.163,,高雄市三民區建國三路50號,77.38 kW,怡和綠電超商股份有限公司,25SP1278-B026000001~26,5/20/26,2026-01-01~2026-03-31,認可,認可,24.163 MWh,0 MWh
艾涅爾電力股份有限公司,國晉-大埤一期PV0308,太陽能,2026,0.004,,雲林縣大埤鄉西鎮81之15號,77.22 kW,艾涅爾電力股份有限公司,24SP0707-B026000006~10,5/20/26,2026-01-01~2026-02-28,認可,認可,0.004 MWh,4.551 MWh
怡和綠電超商股份有限公司,嘉創-井田塗料,太陽能,2026,20.983,,雲林縣斗六市斗工五路2號、2之1號,77.22 kW,怡和綠電超商股份有限公司,25SP2898-B026000009~98,5/20/26,2026-01-01~2026-03-31,認可,認可,20.983 MWh,0 MWh
艾涅爾電力股份有限公司,承品綠能-廣利成,太陽能,2026,15.627,,彰化縣花壇鄉宮口巷82號,77.22 kW,艾涅爾電力股份有限公司,24SP2163-B026000001~16,4/8/26,2026-01-01~2026-02-28,認可,認可,15.627 MWh,0 MWh
南方電力股份有限公司,夏天能源(77.08kw)太陽光電發電廠,太陽能,2026,7.78,,臺南市柳營區義士路1段661號,77.08 kW,南方電力股份有限公司,25SP2883-B026000001~17,5/20/26,2026-03-01~2026-03-31,認可,認可,7.78 MWh,2.425 MWh
開陽電力股份有限公司,玖基企業-農委會臺中區農業改良場(高粱種子調製室),太陽能,2026,13.818,,彰化縣大村鄉松槐路370號,77.025 kW,開陽電力股份有限公司,25SP1599-B026000001~15,4/1/26,2026-01-01~2026-02-28,認可,認可,13.818 MWh,0 MWh
天能綠電股份有限公司,榮貴_台南開元_屋頂型太陽光電案場,太陽能,2026,20.903,,臺南市新營區開元路339巷136號,77 kW,天能綠電股份有限公司,25SP3850-B026000001~22,5/20/26,2026-01-01~2026-03-31,認可,認可,20.903 MWh,0 MWh
艾涅爾電力股份有限公司,太旭再生-民雄PV0267,太陽能,2026,13.541,,嘉義縣民雄鄉牛斗山137之6號,77 kW,艾涅爾電力股份有限公司,24SP0764-B026000001~14,4/8/26,2026-01-01~2026-02-28,認可,認可,13.541 MWh,0 MWh
開陽電力股份有限公司,玖基企業-台灣自來水股份有限公司第四區管理處南投營運所芬園配水池,太陽能,2026,16.178,,南投縣南投市鳳山段92、93地號,76.68 kW,開陽電力股份有限公司,25SP3298-B026000001~23,4/1/26,2026-01-01~2026-02-28,認可,認可,16.178 MWh,0 MWh
隆門股份有限公司,隆門PV0032,太陽能,2026,0,,新竹縣新豐鄉新和路198-1號,76.67 kW,隆門股份有限公司,24SP0026-B026000001~18,5/20/26,2026-01-01~2026-03-31,認可,認可,0 MWh,16.968 MWh
阿波羅電力股份有限公司,光耀林正松,太陽能,2026,0,,雲林縣斗南鎮將軍里溫厝80之1號、80之2號,76.56 kW,阿波羅電力股份有限公司,25SP4144-B026000001~21,5/20/26,2026-01-01~2026-03-31,認可,認可,0 MWh,20.094 MWh
天能綠電股份有限公司,旭日新-台南案場76.16kw地面型太陽能電廠,太陽能,2026,12.009,,臺南市北區富台段1184、1185、1185-1、1185-3地號,76.16 kW,天能綠電股份有限公司,25SP3845-B026000001~14,5/20/26,2026-01-01~2026-03-31,認可,認可,12.009 MWh,0 MWh
富威電力股份有限公司,盛禾-綠鏄科技太陽光電發電廠,太陽能,2026,7.21,,臺南市安定區中沙里中崙171-3號,76.16 kW,富威電力股份有限公司,25SP1912-B026000080~204,5/20/26,2026-02-01~2026-03-31,認可,認可,7.21 MWh,3.487 MWh
越峯電子材料股份有限公司,越峯電子材料股份有限公司-第二期,太陽能,2026,0,,桃園市觀音區國建二路2號,75.9 kW,越峯電子材料股份有限公司,25SP2670-B026000001~12,3/4/26,2025-11-21~2026-01-31,認可,認可,0 MWh,11.08 MWh
開陽電力股份有限公司,開陽能源股份有限公司-南投竹山消防署訓練中心(T5空氣呼吸器訓練場),太陽能,2026,13.666,,南投縣竹山鎮大公街100號,75.84 kW,開陽電力股份有限公司,25SP1192-B026000001~14,4/1/26,2026-01-01~2026-02-28,認可,認可,13.666 MWh,0 MWh
瓦力電能股份有限公司,彰化縣田尾鄉75.750瓩(T8327),太陽能,2026,13.451,,彰化縣田尾鄉光復路二段560號,75.75 kW,瓦力電能股份有限公司,25SP1309-B026000001~24,5/20/26,2026-01-01~2026-03-31,認可,認可,13.451 MWh,9.874 MWh
怡和綠電超商股份有限公司,賽斯-余新貴:枋寮新地段0947-0000地號,太陽能,2026,24.168,,屏東縣枋寮鄉新地段0947-0000地號,75.6 kW,怡和綠電超商股份有限公司,25SP1872-B026000001~26,5/20/26,2026-01-01~2026-03-31,認可,認可,24.168 MWh,0 MWh
開陽電力股份有限公司,玖基企業-彰化縣員林市員東國民小學,太陽能,2026,15.383,,彰化縣員林市員東路2段12號,75.57 kW,開陽電力股份有限公司,25SP1598-B026000001~16,4/1/26,2026-01-01~2026-02-28,認可,認可,15.383 MWh,0 MWh
怡和綠電超商股份有限公司,弦華科技-高雄市前鎮區環區四路4.4-1號,太陽能,2026,22.661,,高雄市前鎮區高雄加工出口區環區四路4、4之1號,75.48 kW,怡和綠電超商股份有限公司,25SP3579-B026000001~30,5/20/26,2026-01-01~2026-03-31,認可,認可,22.661 MWh,0 MWh
童綜合醫療社團法人童綜合醫院,宿舍A,太陽能,2026,0,,臺中市梧棲區文華街72巷19號、19之1號、19之2號,75.46 kW,童綜合醫療社團法人童綜合醫院,25SP0233-B026000001~16,5/20/26,2026-01-01~2026-03-31,認可,認可,0 MWh,14.565 MWh
大自然能源電業股份有限公司,NP111053C003(豐雪嘉新西路),太陽能,2026,6.2,0,高雄市岡山區嘉新西路30巷12、14號,75.44 kW,大自然能源電業股份有限公司,25SP3148-B026000001~7,3/11/26,2026-01-01~2026-01-31,認可,認可,6.2 MWh,0 MWh
阿波羅電力股份有限公司,吉晟湖西鄉林投北段1335地號,太陽能,2026,12.588,8.292,澎湖縣湖西鄉林投北段1335-0000地號,75.24 kW,阿波羅電力股份有限公司,25SP3245-B026000001~22,5/20/26,2026-01-01~2026-03-31,認可,認可,12.588 MWh,8.292 MWh
阿波羅電力股份有限公司,吉晟湖西鄉林投北段1524地號,太陽能,2026,12.15,7.4,澎湖縣湖西鄉林投北段1524-0000地號,75.24 kW,阿波羅電力股份有限公司,25SP3926-B026000001~21,5/20/26,2026-01-01~2026-03-31,認可,認可,12.15 MWh,7.4 MWh
臺中榮民總醫院,臺中榮民總醫院資源回收廠,太陽能,2026,0,22.25,臺中市西屯區臺灣大道四段1650號,75.15 kW,臺中榮民總醫院,25SP0911-B026000001~24,5/20/26,2026-01-01~2026-03-31,認可,認可,0 MWh,22.25 MWh
續興股份有限公司,華旭化工,太陽能,2026,24.084,0,高雄市梓官區赤崁北路350巷3、5、7號,75.075 kW,續興股份有限公司,25SP1946-B026000001~25,5/20/26,2026-01-01~2026-03-31,認可,認可,24.084 MWh,0 MWh
英屬維京群島商永德福汽車股份有限公司台灣分公司,Scania 台灣-台南服務廠,太陽能,2026,0,7.778,臺南市永康區正北一路135號,75.03 kW,英屬維京群島商永德福汽車股份有限公司台灣分公司,25SP2577-B026000001~8,3/18/26,2025-12-03~2026-01-31,認可,認可,0 MWh,7.778 MWh
天能綠電股份有限公司,光旭盈17-嘉義國樹機械屋頂型光電案場,太陽能,2026,13.688,9.326,嘉義市西區嘉義市西區下埤路182號,75 kW,天能綠電股份有限公司,24SP1523-B026000001~28,5/20/26,2026-01-01~2026-03-31,認可,認可,13.688 MWh,9.326 MWh
怡和綠電超商股份有限公司,賽斯新能源-苓雅區公所,太陽能,2026,25.414,0,高雄市苓雅區民權一路85號,74.8 kW,怡和綠電超商股份有限公司,25SP2412-B026000001~27,5/20/26,2026-01-01~2026-03-31,認可,認可,25.414 MWh,0 MWh
康展電力股份有限公司,鑫二能源_S220138澎湖湖西王翌庭倉庫,太陽能,2026,19.682,0,澎湖縣湖西鄉沙港138之6號,74.74 kW,康展電力股份有限公司,25SP2859-B026000001~30,5/20/26,2026-01-01~2026-03-31,認可,認可,19.682 MWh,0 MWh
續興股份有限公司,輝禹,太陽能,2026,24.883,0,高雄市梓官區赤崁北路652巷7號,74.62 kW,續興股份有限公司,25SP0446-B026000001~27,5/20/26,2026-01-01~2026-03-31,認可,認可,24.883 MWh,0 MWh
怡和綠電超商股份有限公司,怡和綠能-潮州聯合辦公大樓,太陽能,2026,23.123,0,屏東縣潮州鎮光華里4鄰中山路32、36號(屏東縣潮州鎮),74.48 kW,怡和綠電超商股份有限公司,25SP2408-B026000009~100,5/20/26,2026-01-01~2026-03-31,認可,認可,23.123 MWh,0 MWh
阿波羅電力股份有限公司,廣稷林振興,太陽能,2026,20.615,0,彰化縣芳苑鄉芳漢路王功段978巷5號,74.4 kW,阿波羅電力股份有限公司,24SP1429-B026000002~30,5/20/26,2026-01-01~2026-03-31,認可,認可,20.615 MWh,0 MWh
天能綠電股份有限公司,綠順-彰化縣大城鄉新光段1520地號,太陽能,2026,14.39,0,彰化縣大城鄉新光段1520地號,74.4 kW,天能綠電股份有限公司,24SP1023-B026000002~16,4/22/26,2026-01-01~2026-02-28,認可,認可,14.39 MWh,0 MWh
富威電力股份有限公司,盛禾-斯藝堂太陽光電發電廠,太陽能,2026,9.289,4.272,臺南市安南區安新五路101號,74.34 kW,富威電力股份有限公司,25SP1905-B026000081~209,5/20/26,2026-02-01~2026-03-31,認可,認可,9.289 MWh,4.272 MWh
怡和綠電超商股份有限公司,群創-王泰正,太陽能,2026,23.03,0,彰化縣大城鄉南平路1巷建266號,74.25 kW,怡和綠電超商股份有限公司,25SP3504-B026000001~25,5/20/26,2026-01-01~2026-03-31,認可,認可,23.03 MWh,0 MWh
晨星電力股份有限公司,(沅碁)義仁國小,太陽能,2026,10.368,0,嘉義縣竹崎鄉義和村山子門22號,74.245 kW,晨星電力股份有限公司,25SP2330-B026000001~12,5/20/26,2026-01-01~2026-03-31,認可,認可,10.368 MWh,0 MWh
怡和綠電超商股份有限公司,晶久綠能-東石新462,太陽能,2026,20.224,0,澎湖縣湖西鄉東石新段0462-0000地號,74.115 kW,怡和綠電超商股份有限公司,25SP1110-B026000001~22,5/20/26,2026-01-01~2026-03-31,認可,認可,20.224 MWh,0 MWh
怡和綠電超商股份有限公司,晶久綠能-東石新612,太陽能,2026,20.02,0,澎湖縣湖西鄉東石新段0612-0000地號,74.115 kW,怡和綠電超商股份有限公司,25SP1510-B026000001~22,5/20/26,2026-01-01~2026-03-31,認可,認可,20.02 MWh,0 MWh
阿波羅電力股份有限公司,銘峻渡子頭74.1kW,太陽能,2026,15.011,10.278,臺南市北門區渡子頭段0498-0035地號,74.1 kW,阿波羅電力股份有限公司,25SP1815-B026000001~27,5/20/26,2026-01-01~2026-03-31,認可,認可,15.011 MWh,10.278 MWh
星星電力股份有限公司,錸恩帕斯-捷恩智行政棟,太陽能,2026,25.097,0,臺南市善化區大利三路6號,73.92 kW,星星電力股份有限公司,25SP2301-B026000001~26,5/20/26,2026-01-01~2026-03-31,認可,認可,25.097 MWh,0 MWh
阿波羅電力股份有限公司,辰翔瑞昕本廠三期,太陽能,2026,21.965,0,彰化縣鹿港鎮鹿工南三路48號,73.92 kW,阿波羅電力股份有限公司,24SP2231-B026000001~23,5/20/26,2026-01-01~2026-03-31,認可,認可,21.965 MWh,0 MWh
瓦力電能股份有限公司,屏東縣高樹鄉73.78瓩(T7374),太陽能,2026,12.596,8.24,屏東縣高樹鄉阿拔泉段402-81地號,73.78 kW,瓦力電能股份有限公司,25SP1967-B026000001~23,5/20/26,2026-01-01~2026-03-31,認可,認可,12.596 MWh,8.24 MWh
續興股份有限公司,麻豆北勢寮2494,太陽能,2026,22.241,0,臺南市麻豆區北勢寮段2494-0000地號,73.505 kW,續興股份有限公司,24SP1915-B026000001~24,5/20/26,2026-01-01~2026-03-31,認可,認可,22.241 MWh,0 MWh
星星電力股份有限公司,傑能-元長李清圳,太陽能,2026,16.83,0,雲林縣元長鄉西勢路13號,73.5 kW,星星電力股份有限公司,25SP2156-B026000001~21,5/20/26,2026-01-01~2026-03-31,認可,認可,16.83 MWh,0 MWh
星星電力股份有限公司,茂誠 - 國家高速網路(台南),太陽能,2026,25.123,0,臺南市新市區南科三路28號 / 道爺段0887地號,73.455 kW,星星電力股份有限公司,25SP2285-B026000001~27,5/20/26,2026-01-01~2026-03-31,認可,認可,25.123 MWh,0 MWh
續興股份有限公司,名鎮 永安,太陽能,2026,21.269,0,高雄市永安區永工五路9、11號,73.44 kW,續興股份有限公司,25SP0316-B026000001~23,5/20/26,2026-01-01~2026-03-31,認可,認可,21.269 MWh,0 MWh
晨星電力股份有限公司,(一二三)民榮行,太陽能,2026,16.823,0,雲林縣斗六市斗工六路39號,73.44 kW,晨星電力股份有限公司,25SP1591-B026000001~18,5/20/26,2026-01-01~2026-03-31,認可,認可,16.823 MWh,0 MWh
大自然能源電業股份有限公司,NP201023C004領航(學甲農棚),太陽能,2026,15.226,10.164,臺南市學甲區秀昌里下溪洲1之17號(臺南市學甲區信義段0204-0000地號),73.26 kW,大自然能源電業股份有限公司,24SP1242-B026000001~27,5/20/26,2026-01-01~2026-03-31,認可,認可,15.226 MWh,10.164 MWh
續興股份有限公司,黃俊銘628,太陽能,2026,18.385,0,澎湖縣湖西鄉鼎灣新段0628-0000地號,73.2 kW,續興股份有限公司,25SP2335-B026000001~19,5/20/26,2026-01-01~2026-03-31,認可,認可,18.385 MWh,0 MWh
開陽電力股份有限公司,玖基企業-彰化縣消防局第三大隊鹿鳴消防分隊,太陽能,2026,12.071,0,彰化縣鹿港鎮建國路489號,73.125 kW,開陽電力股份有限公司,25SP3827-B026000001~13,4/1/26,2026-01-01~2026-02-28,認可,認可,12.071 MWh,0 MWh
怡和綠電超商股份有限公司,樂通-仕絨段,太陽能,2026,21.832,0,屏東縣鹽埔鄉仕絨段1177-0000地號、屏東縣鹽埔鄉仕絨段1178-0000地號、屏東縣鹽埔鄉仕絨段1185-0000地號,72.865 kW,怡和綠電超商股份有限公司,25SP4111-B026000001~29,5/20/26,2026-01-01~2026-03-31,認可,認可,21.832 MWh,0 MWh
晨星電力股份有限公司,(蘇國文)天成起重機,太陽能,2026,19.705,0,高雄市林園區中芸段16-0000地號,72.8 kW,晨星電力股份有限公司,25SP2947-B026000001~21,5/20/26,2026-01-01~2026-03-31,認可,認可,19.705 MWh,0 MWh
開陽電力股份有限公司,玖基企業-彰化縣警察局彰化分局安山派出所,太陽能,2026,14.576,0,彰化縣芬園鄉大彰路3段194號,72.8 kW,開陽電力股份有限公司,25SP3743-B026000001~16,4/1/26,2026-01-01~2026-02-28,認可,認可,14.576 MWh,0 MWh
怡和綠電超商股份有限公司,聯發新能源-維新國小二期,太陽能,2026,23.998,0,高雄市永安區維新路光明九巷69之10號,72.8 kW,怡和綠電超商股份有限公司,25SP1116-B026000001~25,5/20/26,2026-01-01~2026-03-31,認可,認可,23.998 MWh,0 MWh
晨星電力股份有限公司,(大可)民安路,太陽能,2026,2.763,19.648,臺南市仁德區民安路1段180號,72.765 kW,晨星電力股份有限公司,26SP0160-B026000002~32,5/20/26,2026-01-01~2026-03-31,認可,認可,2.763 MWh,19.648 MWh
星星電力股份有限公司,傑能-莿桐黃志強2,太陽能,2026,19.442,0,雲林縣莿桐鄉大美村大美路97之1號,72.6 kW,星星電力股份有限公司,25SP2996-B026000001~25,5/20/26,2026-01-01~2026-03-31,認可,認可,19.442 MWh,0 MWh
怡和綠電超商股份有限公司,泰豐綠能-彰化埔鹽(屋頂型),太陽能,2026,22.251,0,彰化縣埔鹽鄉彰水路2段80號,72.57 kW,怡和綠電超商股份有限公司,25SP3574-B026000001~23,5/20/26,2026-01-01~2026-03-31,認可,認可,22.251 MWh,0 MWh
艾涅爾電力股份有限公司,瑞陽-國洲PV0049,太陽能,2026,10.932,0,臺中市東勢區東關路6段942號,72.54 kW,艾涅爾電力股份有限公司,24SP0753-B026000001~12,4/8/26,2026-01-01~2026-02-28,認可,認可,10.932 MWh,0 MWh
艾涅爾電力股份有限公司,鈺陽-黃郭悅治,太陽能,2026,13.383,0,高雄市路竹區聖母街98號,72.495 kW,艾涅爾電力股份有限公司,24SP1467-B026000001~15,4/8/26,2026-01-01~2026-02-28,認可,認可,13.383 MWh,0 MWh
晨星電力股份有限公司,(沅碁)港埔國小,太陽能,2026,23.47,0,高雄市林園區校前路1號,72.45 kW,晨星電力股份有限公司,25SP3106-B026000001~34,5/20/26,2026-01-01~2026-03-31,認可,認可,23.47 MWh,0 MWh
艾涅爾電力股份有限公司,陽欣-火鼎,太陽能,2026,10.77,0,彰化縣線西鄉線安路3號,72.375 kW,艾涅爾電力股份有限公司,24SP1997-B026000001~12,4/8/26,2026-01-01~2026-02-28,認可,認可,10.77 MWh,0 MWh
阿波羅電力股份有限公司,環球大宇宙路竹區文南活動中心一二期,太陽能,2026,21.469,0,高雄市路竹區中華路293號,72.27 kW,阿波羅電力股份有限公司,25SP0227-B026000002~31,5/20/26,2026-01-01~2026-03-31,認可,認可,21.469 MWh,0 MWh
天能綠電股份有限公司,光旭盈15--南投游琴英屋頂型光電案場,太陽能,2026,17.549,0,南投縣竹山鎮沉潭巷13之5號,72.1 kW,天能綠電股份有限公司,25SP0026-B026000001~26,5/20/26,2026-01-01~2026-03-31,認可,認可,17.549 MWh,0 MWh
阿波羅電力股份有限公司,鉅光晉億汽車案,太陽能,2026,19.997,0,高雄市鳳山區鳳仁路93之51、93之52、93之53號,72 kW,阿波羅電力股份有限公司,25SP0280-B026000002~30,5/20/26,2026-01-01~2026-03-31,認可,認可,19.997 MWh,0 MWh
大自然能源電業股份有限公司,NP101011C001光普實業(豪金),太陽能,2026,12.515,8.698,臺南市新化區知義里新和庄10之3號,72 kW,大自然能源電業股份有限公司,24SP1154-B026000001~23,5/20/26,2026-01-01~2026-03-31,認可,認可,12.515 MWh,8.698 MWh
台灣電力股份有限公司水火力發電事業部再生能源處,台灣電力股份有限公司水火力發電事業部再生能源處,太陽能,2026,0,12.352,臺中市龍井區麗水里龍昌路1號(修配大樓),72 kW,台灣電力股份有限公司水火力發電事業部再生能源處,17SP0013-B026000001~13,4/22/26,2025-11-01~2026-02-28,認可,認可,0 MWh,12.352 MWh
續興股份有限公司,聖烽工業,太陽能,2026,19.232,0,臺中市清水區中山路539之21號、539之22號,72 kW,續興股份有限公司,25SP0328-B026000001~21,5/20/26,2026-01-01~2026-03-31,認可,認可,19.232 MWh,0 MWh
阿波羅電力股份有限公司,辰翔林宏樓二期,太陽能,2026,14.564,0,雲林縣臺西鄉和豐村新興66號,71.94 kW,阿波羅電力股份有限公司,24SP0535-B026000001~16,5/20/26,2026-01-01~2026-03-31,認可,認可,14.564 MWh,0 MWh
富威電力股份有限公司,普照能源-銓禾太陽光電發電廠,太陽能,2026,19.864,0,高雄市仁武區仁心路199巷77弄19之3號,71.78 kW,富威電力股份有限公司,25SP1538-B026000003~41,5/20/26,2026-01-01~2026-03-31,認可,認可,19.864 MWh,0 MWh
續興股份有限公司,昇興,太陽能,2026,23.513,0,臺南市永康區中正南路322巷28號,71.75 kW,續興股份有限公司,25SP0546-B026000001~25,5/20/26,2026-01-01~2026-03-31,認可,認可,23.513 MWh,0 MWh
天能綠電股份有限公司,光旭盈22--雲林尚盛企業屋頂型光電案場,太陽能,2026,20.449,2.107,雲林縣斗南鎮阿丹里阿丹121號,71.75 kW,天能綠電股份有限公司,25SP0060-B026000001~35,5/20/26,2026-01-01~2026-03-31,認可,認可,20.449 MWh,2.107 MWh
南方電力股份有限公司,屏東縣高樹鄉泰和段0536-0000地號太陽光電發電場,太陽能,2026,23.291,0,屏東縣高樹鄉泰和段0536-0000地號,71.685 kW,南方電力股份有限公司,24SP0163-B026000001~25,5/20/26,2026-01-01~2026-03-31,認可,認可,23.291 MWh,0 MWh
艾涅爾電力股份有限公司,昶曜-盛億新PV0676,太陽能,2026,10.582,0,彰化縣彰化市國聖路259巷5號,71.645 kW,艾涅爾電力股份有限公司,25SP0360-B026000001~12,4/8/26,2026-01-01~2026-02-28,認可,認可,10.582 MWh,0 MWh
怡和綠電超商股份有限公司,欣雄-茂林國小,太陽能,2026,5.621,0,高雄市茂林區茂林里茂林巷4-3號,71.4 kW,怡和綠電超商股份有限公司,25SP1686-B026000007~12,4/1/26,2026-02-01~2026-02-28,認可,認可,5.621 MWh,0 MWh
晨星電力股份有限公司,(陽光)華豫寧,太陽能,2026,22.158,0,臺中市西屯區科園二路16號,71.36 kW,晨星電力股份有限公司,25SP2949-B026000001~23,5/20/26,2026-01-01~2026-03-31,認可,認可,22.158 MWh,0 MWh
宗遠工業股份有限公司,宗遠工業,太陽能,2026,0,5.495,臺中市烏日區太明路成豐巷16之1號,71.28 kW,宗遠工業股份有限公司,25SP2031-B026000001~6,3/18/26,2026-01-01~2026-01-31,認可,認可,0 MWh,5.495 MWh
開陽電力股份有限公司,開陽能源-海巡署東部分署(中華路),太陽能,2026,10.309,0,臺東縣臺東市中華路四段513巷800號,71.1 kW,開陽電力股份有限公司,25SP2744-B026000001~11,4/1/26,2026-01-01~2026-02-28,認可,認可,10.309 MWh,0 MWh
天能綠電股份有限公司,宏威環球-高雄彌陀1號屋頂型太陽光電案場,太陽能,2026,21.932,0,高雄市彌陀區高雄市彌陀區產業路180號,71.065 kW,天能綠電股份有限公司,24SP1731-B026000001~25,5/20/26,2026-01-01~2026-03-31,認可,認可,21.932 MWh,0 MWh
艾涅爾電力股份有限公司,錦軒-永和國小PV0127,太陽能,2026,13.243,0,南投縣中寮鄉龍南路321之1號,70.95 kW,艾涅爾電力股份有限公司,24SP0195-B026000001~128,5/20/26,2026-01-01~2026-02-28,認可,認可,13.243 MWh,0 MWh
晨星電力股份有限公司,(統益)大同國小(西側停車場),太陽能,2026,20.014,0,臺南市善化區大同段0409-0000地號,70.81 kW,晨星電力股份有限公司,25SP4139-B026000001~22,5/20/26,2026-01-01~2026-03-31,認可,認可,20.014 MWh,0 MWh
臺北市立金華國民中學,臺北市立金華國民中學,太陽能,2026,0,13.74,臺北市大安區新生南路二段32號,70.8 kW,臺北市立金華國民中學,21SP0062-B026000001~14,5/20/26,2026-01-01~2026-03-31,認可,認可,0 MWh,13.74 MWh
開陽電力股份有限公司,宗陽能源-屏東縣車城鄉保力段山腳小段地面型,太陽能,2026,14.58,0,屏東縣車城鄉保力段山腳小段0041-0000地號,70.8 kW,開陽電力股份有限公司,25SP0863-B026000001~16,4/1/26,2026-01-01~2026-02-28,認可,認可,14.58 MWh,0 MWh
天能綠電股份有限公司,禾淯旗山-高雄市旗山區屋頂型太陽光電案場,太陽能,2026,19.66,0,高雄市旗山區中山路1之5號,70.72 kW,天能綠電股份有限公司,25SP0826-B026000001~22,5/20/26,2026-01-01~2026-03-31,認可,認可,19.66 MWh,0 MWh
天能綠電股份有限公司,勝皇科技_07屏東玉光國小屋頂型太陽光電案場,太陽能,2026,19.49,0,屏東縣佳冬鄉玉光村民學路81號（屏東縣佳冬鄉玉光國民小學）,70.72 kW,天能綠電股份有限公司,25SP3855-B026000001~21,5/20/26,2026-01-01~2026-03-31,認可,認可,19.49 MWh,0 MWh
寶島陽光電力事業股份有限公司,豐照能源股份有限公司(FS2011005),太陽能,2026,19.301,0,屏東縣九如鄉惠農段43地號,70.68 kW,寶島陽光電力事業股份有限公司,24SP2106-B026000001~20,5/20/26,2026-01-01~2026-03-31,認可,認可,19.301 MWh,0 MWh
晨星電力股份有限公司,(沅碁)田寮國中一期,太陽能,2026,22.613,0,高雄市田寮區崗安路48號,70.56 kW,晨星電力股份有限公司,25SP2725-B026000001~24,5/20/26,2026-01-01~2026-03-31,認可,認可,22.613 MWh,0 MWh
大同智能股份有限公司,沅碁光電_阿蓮國小峰山分校,太陽能,2026,22.158,0,高雄市阿蓮區峰山路235巷50號,70.4 kW,大同智能股份有限公司、晨星電力股份有限公司,24SP1928-B026000001~23,5/20/26,2026-01-01~2026-03-31,認可,認可,22.158 MWh,0 MWh
財團法人中華民國佛教慈濟慈善事業基金會,慈濟竹田案太陽能光電興建工程(建置容量70.380KWp),太陽能,2026,0,19.038,屏東縣竹田鄉屏東縣竹田鄉屏東縣竹田鄉龍崗路130-5號,70.38 kW,財團法人中華民國佛教慈濟慈善事業基金會,25SP0840-B026000001~20,5/20/26,2026-01-01~2026-03-31,認可,認可,0 MWh,19.038 MWh
艾涅爾電力股份有限公司,綠色世代-民族街PV0184,太陽能,2026,10.907,0,高雄市湖內區民族街365號,70.3 kW,艾涅爾電力股份有限公司,25SP0638-B026000001~14,4/8/26,2026-01-01~2026-02-28,認可,認可,10.907 MWh,0 MWh
怡和綠電超商股份有限公司,嘉創-陳耀明,太陽能,2026,21.97,0,彰化縣大城鄉大安路29之10號,70.29 kW,怡和綠電超商股份有限公司,25SP3768-B026000002~25,5/20/26,2026-01-01~2026-03-31,認可,認可,21.97 MWh,0 MWh
阿波羅電力股份有限公司,銘峻康健養護中心70.21kW,太陽能,2026,13.695,9.722,臺南市佳里區建南里佳南路797號,70.21 kW,阿波羅電力股份有限公司,25SP1814-B026000001~25,5/20/26,2026-01-01~2026-03-31,認可,認可,13.695 MWh,9.722 MWh
續興股份有限公司,新電高雄4廠,太陽能,2026,0,12.623,高雄市六龜區中庄215之36號,70.07 kW,續興股份有限公司,25SP3402-B026000001~14,4/22/26,2026-01-01~2026-02-28,認可,認可,0 MWh,12.623 MWh
怡和綠電超商股份有限公司,生燦-高雄協益2期,太陽能,2026,8.926,7.714,高雄市茄萣區中正路3段1之2號,69.75 kW,怡和綠電超商股份有限公司,25SP1672-B026000001~18,5/20/26,2026-01-01~2026-03-31,認可,認可,8.926 MWh,7.714 MWh
開陽電力股份有限公司,宗陽能源-屏東縣高樹鄉高樹段地面型A,太陽能,2026,11.318,0,屏東縣高樹鄉高樹段0492-0000地號,69.6 kW,開陽電力股份有限公司,25SP0846-B026000001~13,4/1/26,2026-01-01~2026-02-28,認可,認可,11.318 MWh,0 MWh
南方電力股份有限公司,屏東縣長治鄉華榮段0123-0000地號太陽光電發電場,太陽能,2026,21.279,0,屏東縣長治鄉華榮段0123-0000地號,69.6 kW,南方電力股份有限公司,24SP0907-B026000001~23,5/20/26,2026-01-01~2026-03-31,認可,認可,21.279 MWh,0 MWh
財團法人中華民國佛教慈濟慈善事業基金會,慈濟_萬華靜思堂,太陽能,2026,0,14.633,臺北市萬華區莒光路220、222號,69.42 kW,財團法人中華民國佛教慈濟慈善事業基金會,25SP0428-B026000001~16,5/20/26,2026-01-01~2026-03-31,認可,認可,0 MWh,14.633 MWh
怡和綠電超商股份有限公司,嘉創-王為正,太陽能,2026,23.728,0,彰化縣和美鎮彰美路四段135號,69.3 kW,怡和綠電超商股份有限公司,25SP3505-B026000002~28,5/20/26,2026-01-01~2026-03-31,認可,認可,23.728 MWh,0 MWh
晨星電力股份有限公司,(寶陽)富億鑫企業,太陽能,2026,20.381,0,高雄市仁武區水管路160號,69.3 kW,晨星電力股份有限公司,25SP3545-B026000001~31,5/20/26,2026-01-01~2026-03-31,認可,認可,20.381 MWh,0 MWh
富威電力股份有限公司,旭天-西螺聯絡處太陽光電發電廠,太陽能,2026,20.584,0,雲林縣西螺鎮光復東路88號,69.3 kW,富威電力股份有限公司,25SP1415-B026000001~22,5/20/26,2026-01-01~2026-03-31,認可,認可,20.584 MWh,0 MWh
艾涅爾電力股份有限公司,碩燿-鎮國工業城PV0149,太陽能,2026,11.586,0,雲林縣北港鎮新街里民樂路268之85號,68.97 kW,艾涅爾電力股份有限公司,24SP1345-B026000001~12,4/8/26,2026-01-01~2026-02-28,認可,認可,11.586 MWh,0 MWh
陽光伏特家電力股份有限公司,恆曜台中3廠,太陽能,2026,18.625,0,臺中市和平區東關路1段松鶴三巷10號,68.64 kW,陽光伏特家電力股份有限公司,25SP0414-B026000001~20,5/20/26,2026-01-01~2026-03-31,認可,認可,18.625 MWh,0 MWh
三福氣體股份有限公司,三福氣體安南氫氣廠,太陽能,2026,0,20.951,臺南市安南區鹿耳二路172號,68.54 kW,三福氣體股份有限公司,25SP1347-B026000001~23,5/20/26,2026-01-01~2026-03-31,認可,認可,0 MWh,20.951 MWh
寶島陽光電力事業股份有限公司,玉衡能源股份有限公司(FS2309001),太陽能,2026,19.629,1.017,屏東縣佳冬鄉武丁段564、565、566-1地號,68.47 kW,寶島陽光電力事業股份有限公司,25SP2695-B026000001~28,5/20/26,2026-01-01~2026-03-31,認可,認可,19.629 MWh,1.017 MWh
怡和綠電超商股份有限公司,鳳陽-台南麻豆2502地號,太陽能,2026,23.272,0,臺南市麻豆區北勢寮段2502地號,68.4 kW,怡和綠電超商股份有限公司,25SP2688-B026000001~24,5/20/26,2026-01-01~2026-03-31,認可,認可,23.272 MWh,0 MWh
富威電力股份有限公司,永大-金銀島太陽光電發電廠,太陽能,2026,9.24,0,高雄市大社區中華路258巷1、3、5、7、9、11、13、15、17、19、21、23、25、27號,68.4 kW,富威電力股份有限公司,25SP1543-B026000018~34,4/1/26,2026-01-01~2026-02-28,認可,認可,9.24 MWh,0 MWh
開陽電力股份有限公司,開陽能源-海巡署東部分署(美和),太陽能,2026,9.513,0,臺東縣太麻里鄉美和32之12號,68.335 kW,開陽電力股份有限公司,25SP2743-B026000001~11,4/1/26,2026-01-01~2026-02-28,認可,認可,9.513 MWh,0 MWh
寶島陽光電力事業股份有限公司,豐照能源股份有限公司 (TW180855),太陽能,2026,14.424,2.16,臺南市永康區蔦松三街81巷28號,68.32 kW,寶島陽光電力事業股份有限公司,25SP2186-B026000001~24,5/20/26,2026-01-01~2026-03-31,認可,認可,14.424 MWh,2.16 MWh
續興股份有限公司,新園五龍476,太陽能,2026,11.462,0,屏東縣新園鄉五龍段476-1地號,68.25 kW,續興股份有限公司,24SP1061-B026000003~15,5/20/26,2026-01-01~2026-03-31,認可,認可,11.462 MWh,0 MWh
天能綠電股份有限公司,新鑫_高雄梓官_怡美廠房(吳登仕)屋頂型太陽光電案場,太陽能,2026,8.541,0,高雄市梓官區信德街4號,68.25 kW,天能綠電股份有限公司,25SP1351-B026000001~9,5/20/26,2026-03-01~2026-03-31,認可,認可,8.541 MWh,0 MWh
艾涅爾電力股份有限公司,承品能源-睿騰,太陽能,2026,12.631,0,彰化縣和美鎮東發路320巷42弄3號,68.125 kW,艾涅爾電力股份有限公司,24SP2012-B026000001~28,4/8/26,2026-01-01~2026-02-28,認可,認可,12.631 MWh,0 MWh
艾涅爾電力股份有限公司,鎧銚-莊麗峰PV0320,太陽能,2026,8.144,0,桃園市蘆竹區海湖東路239巷21號,68.04 kW,艾涅爾電力股份有限公司,25SP1214-B026000001~9,4/8/26,2026-01-01~2026-02-28,認可,認可,8.144 MWh,0 MWh
續興股份有限公司,黃俊銘571&576,太陽能,2026,17.021,0,澎湖縣湖西鄉鼎灣新段0571-0000、0576-0000地號,68 kW,續興股份有限公司,25SP2334-B026000001~18,5/20/26,2026-01-01~2026-03-31,認可,認可,17.021 MWh,0 MWh
天能綠電股份有限公司,日輝能源_保長路屋頂型太陽光電案場,太陽能,2026,0,6.727,雲林縣斗六市保長路59號,68 kW,天能綠電股份有限公司,25SP4085-B026000001~7,5/20/26,2026-03-01~2026-03-31,認可,認可,0 MWh,6.727 MWh
阿波羅電力股份有限公司,辰翔陳垂量二期,太陽能,2026,19.966,0,彰化縣二林鎮太平路四段建6之11號,67.98 kW,阿波羅電力股份有限公司,24SP1214-B026000001~21,5/20/26,2026-01-01~2026-03-31,認可,認可,19.966 MWh,0 MWh
晨星電力股份有限公司,(大衛)漢門德,太陽能,2026,4.591,17.154,高雄市前鎮區南六路10號,67.86 kW,晨星電力股份有限公司,26SP0154-B026000002~32,5/20/26,2026-01-01~2026-03-31,認可,認可,4.591 MWh,17.154 MWh
艾涅爾電力股份有限公司,旭力-林光雄PV0812,太陽能,2026,12.726,0,高雄市路竹區信義路293巷12號,67.84 kW,艾涅爾電力股份有限公司,24SP1727-B026000001~14,4/8/26,2026-01-01~2026-02-28,認可,認可,12.726 MWh,0 MWh
怡和綠電超商股份有限公司,嘉創-佑盛橡膠,太陽能,2026,19.862,0,彰化縣埔心鄉油車段0780-0000地號,67.76 kW,怡和綠電超商股份有限公司,25SP3764-B026000002~23,5/20/26,2026-01-01~2026-03-31,認可,認可,19.862 MWh,0 MWh
怡和綠電超商股份有限公司,嘉創-聯隆紡織,太陽能,2026,19.548,0,彰化縣員林市大峯巷181、183號,67.65 kW,怡和綠電超商股份有限公司,25SP3891-B026000002~23,5/20/26,2026-01-01~2026-03-31,認可,認可,19.548 MWh,0 MWh
富威電力股份有限公司,浮光創能-興農虎尾太陽光電發電廠,太陽能,2026,20.865,0,雲林縣虎尾鎮青雲路70號,67.65 kW,富威電力股份有限公司,25SP3135-B026000001~24,5/20/26,2026-01-01~2026-03-31,認可,認可,20.865 MWh,0 MWh
艾涅爾電力股份有限公司,城八-美謙織造PV0159,太陽能,2026,12.351,0,彰化縣伸港鄉汴頭路66之23號,67.64 kW,艾涅爾電力股份有限公司,25SP0550-B026000001~13,4/8/26,2026-01-01~2026-02-28,認可,認可,12.351 MWh,0 MWh
陽光伏特家電力股份有限公司,瑞光彰化2廠,太陽能,2026,20.089,0,彰化縣和美鎮東原路316號,67.64 kW,陽光伏特家電力股份有限公司,24SP2469-B026000001~22,5/20/26,2026-01-01~2026-03-31,認可,認可,20.089 MWh,0 MWh
怡和綠電超商股份有限公司,天富-明正國小一期(標案),太陽能,2026,21.223,0,高雄市前鎮區明道路2號,67.32 kW,怡和綠電超商股份有限公司,25SP0954-B026000001~23,5/20/26,2026-01-01~2026-03-31,認可,認可,21.223 MWh,0 MWh
阿波羅電力股份有限公司,辰信廖啓順二期,太陽能,2026,12.43,8.216,雲林縣二崙鄉來惠村紹安路42之6號,67.26 kW,阿波羅電力股份有限公司,25SP1654-B026000001~22,5/20/26,2026-01-01~2026-03-31,認可,認可,12.43 MWh,8.216 MWh
陽光伏特家電力股份有限公司,凱銳能源雲林1廠,太陽能,2026,21.102,0,雲林縣元長鄉中山路178之1號,67.2 kW,陽光伏特家電力股份有限公司,24SP2287-B026000001~23,5/20/26,2026-01-01~2026-03-31,認可,認可,21.102 MWh,0 MWh
續興股份有限公司,竹田鳳安86,太陽能,2026,19.966,0,屏東縣竹田鄉鳳安路18巷86、88、90、92號,67.2 kW,續興股份有限公司,24SP1408-B026000001~21,5/20/26,2026-01-01~2026-03-31,認可,認可,19.966 MWh,0 MWh
富邦綜合證券股份有限公司,富邦證券嘉義分公司,太陽能,2026,0,18.958,嘉義市西區林森西路320號,67.2 kW,富邦綜合證券股份有限公司,24SP0022-B026000001~19,5/20/26,2026-01-01~2026-03-31,認可,認可,0 MWh,18.958 MWh
星星電力股份有限公司,傑能-東勢-吳福山,太陽能,2026,18.62,0,雲林縣東勢鄉新坤村8鄰新坤路90之50號,67.2 kW,星星電力股份有限公司,25SP2162-B026000001~24,5/20/26,2026-01-01~2026-03-31,認可,認可,18.62 MWh,0 MWh
大自然能源電業股份有限公司,NP111047C001(沅笙),太陽能,2026,9.613,7.996,高雄市岡山區岡山路610巷26號,66.99 kW,大自然能源電業股份有限公司,25SP0008-B026000001~19,5/20/26,2026-01-01~2026-03-31,認可,認可,9.613 MWh,7.996 MWh
寶富電力股份有限公司,寶發-農林老埤宿舍,太陽能,2026,17.966,0,屏東縣內埔鄉龍泉村13鄰中勝路1之11號,66.96 kW,寶富電力股份有限公司,25SP0492-B026000010~37,5/20/26,2026-01-01~2026-03-31,認可,認可,17.966 MWh,0 MWh
穩懋半導體股份有限公司,穩懋(C廠-廢水棟),太陽能,2026,0,16.677,桃園市龜山區山鶯路200之5號,66.875 kW,穩懋半導體股份有限公司,24SP0161-B026000001~19,5/20/26,2026-01-01~2026-03-31,認可,認可,0 MWh,16.677 MWh
寶島陽光電力事業股份有限公司,雋和四能源有限公司 (TW170620),太陽能,2026,18.148,0,嘉義縣新港鄉潭大村大竹圍80之1號,66.82 kW,寶島陽光電力事業股份有限公司,24SP1477-B026000001~20,5/20/26,2026-01-01~2026-03-31,認可,認可,18.148 MWh,0 MWh
大自然能源電業股份有限公司,NP111053C004(善地),太陽能,2026,6.059,0,高雄市岡山區成功路460巷27號,66.815 kW,大自然能源電業股份有限公司,25SP3158-B026000001~7,3/11/26,2026-01-01~2026-01-31,認可,認可,6.059 MWh,0 MWh
天能綠電股份有限公司,震豐_南投鹿鳴屋頂型,太陽能,2026,21.001,0,南投縣名間鄉鹿鳴巷25號,66.75 kW,天能綠電股份有限公司,25SP3496-B026000001~25,5/20/26,2026-01-01~2026-03-31,認可,認可,21.001 MWh,0 MWh
怡和綠電超商股份有限公司,興發-琉球鄉公所(標案),太陽能,2026,23.89,0,屏東縣琉球鄉行政路12號(屏東縣琉球鄉公所),66.75 kW,怡和綠電超商股份有限公司,25SP1304-B026000001~25,5/20/26,2026-01-01~2026-03-31,認可,認可,23.89 MWh,0 MWh
怡和綠電超商股份有限公司,承為-菇3,太陽能,2026,21.71,0,彰化縣二林鎮後厝里新華巷38弄111號；115號,66.6 kW,怡和綠電超商股份有限公司,25SP1726-B026000001~23,5/20/26,2026-01-01~2026-03-31,認可,認可,21.71 MWh,0 MWh
華南商業銀行股份有限公司,華南商業銀行高雄分行,太陽能,2026,0,17.895,高雄市鹽埕區福四路178號,66.5 kW,華南商業銀行股份有限公司,23SP0064-B026000001~19,5/20/26,2026-01-01~2026-03-31,認可,認可,0 MWh,17.895 MWh
天能綠電股份有限公司,中曜峰-高雄大學屋頂型太陽光電案場,太陽能,2026,18.746,0,高雄市楠梓區高雄大學路626、628、630、632、636、638、640、642、646、648、650、652、656、658、660、662、666、668、670、672、676、678、680、682、686、688、670、672、676、678、680、682、686、688、690、692、696、698號,66.34 kW,天能綠電股份有限公司,25SP1530-B026000001~20,5/20/26,2026-01-01~2026-03-31,認可,認可,18.746 MWh,0 MWh
怡和綠電超商股份有限公司,御瑟能源-台南麻豆王素珍,太陽能,2026,19.589,2.074,臺南市麻豆區中民里謝厝寮87之3號,66.33 kW,怡和綠電超商股份有限公司,25SP3918-B026000001~30,5/20/26,2026-01-01~2026-03-31,認可,認可,19.589 MWh,2.074 MWh
星星電力股份有限公司,群益曦力陳志雄二期(彰化),太陽能,2026,17.92,0,彰化縣芳苑鄉功湖路草湖段851巷121弄180號(彰化縣芳苑鄉文津北段0883-0000地號),66.3 kW,星星電力股份有限公司,25SP3254-B026000001~19,5/20/26,2026-01-01~2026-03-31,認可,認可,17.92 MWh,0 MWh
晨星電力股份有限公司,佳冬王富春,太陽能,2026,20.42,0,屏東縣佳冬鄉六根村25鄰佳和路173號(屏東縣佳冬鄉塭豐段118地號),66.15 kW,晨星電力股份有限公司,25SP1032-B026000001~22,5/20/26,2026-01-01~2026-03-31,認可,認可,20.42 MWh,0 MWh
英特盛科技股份有限公司,宿舍66.12KW,太陽能,2026,0,21.383,臺中市后里區后科南路二號,66.12 kW,英特盛科技股份有限公司,24SP0030-B026000001~23,5/20/26,2026-01-01~2026-03-31,認可,認可,0 MWh,21.383 MWh
怡和綠電超商股份有限公司,嘉創-黃玉枝,太陽能,2026,13.07,8.737,臺南市安定區262之22號、262之23號,66 kW,怡和綠電超商股份有限公司,25SP2643-B026000002~26,5/20/26,2026-01-01~2026-03-31,認可,認可,13.07 MWh,8.737 MWh
開陽電力股份有限公司,玖基企業股份有限公司-農業部農業藥物試驗所(養蟲室),太陽能,2026,10.917,0,臺中市霧峰區光明路11號,66 kW,開陽電力股份有限公司,25SP1615-B026000001~12,4/1/26,2026-01-01~2026-02-28,認可,認可,10.917 MWh,0 MWh
財團法人中華民國佛教慈濟慈善事業基金會,慈濟_大同靜思堂,太陽能,2026,0,15.007,臺北市大同區延平北路四段237、239號,65.86 kW,財團法人中華民國佛教慈濟慈善事業基金會,25SP0499-B026000001~17,5/20/26,2026-01-01~2026-03-31,認可,認可,0 MWh,15.007 MWh
晨星電力股份有限公司,(一二三)潤皇,太陽能,2026,16.734,0,雲林縣斗六市斗工六路37號,65.28 kW,晨星電力股份有限公司,25SP1586-B026000001~18,5/20/26,2026-01-01~2026-03-31,認可,認可,16.734 MWh,0 MWh
續興股份有限公司,睿瑩二期,太陽能,2026,21.647,0,臺中市大雅區神林路1段660巷31號,65.25 kW,續興股份有限公司,25SP2140-B026000001~23,5/20/26,2026-01-01~2026-03-31,認可,認可,21.647 MWh,0 MWh
怡和綠電超商股份有限公司,建豐能源-後寮南280,太陽能,2026,17.462,0,澎湖縣白沙鄉後寮南段0280-0000地號,65.205 kW,怡和綠電超商股份有限公司,25SP1107-B026000001~19,5/20/26,2026-01-01~2026-03-31,認可,認可,17.462 MWh,0 MWh
富威電力股份有限公司,旭天-小港聯絡處太陽光電發電廠,太陽能,2026,12.851,0,高雄市小港區高松路12之9號,64.98 kW,富威電力股份有限公司,25SP2374-B026000001~14,5/20/26,2026-02-01~2026-03-31,認可,認可,12.851 MWh,0 MWh
大自然能源電業股份有限公司,NP121011C003林麗娟(58-12),太陽能,2026,10.922,6.984,屏東縣內埔鄉犁頭鏢段0058-0012地號,64.8 kW,大自然能源電業股份有限公司,24SP0533-B026000001~19,5/20/26,2026-01-01~2026-03-31,認可,認可,10.922 MWh,6.984 MWh
怡和綠電超商股份有限公司,大昇-嘉義六腳(溫正賢),太陽能,2026,12.332,8.298,嘉義縣六腳鄉永賢村竹子腳330號,64.8 kW,怡和綠電超商股份有限公司,25SP1441-B026000001~22,5/20/26,2026-01-01~2026-03-31,認可,認可,12.332 MWh,8.298 MWh
晨星電力股份有限公司,(陽光)海洋-海創宿舍,太陽能,2026,20.873,1.101,高雄市茄萣區正大路500號,64.78 kW,晨星電力股份有限公司,26SP0086-B026000002~33,5/20/26,2026-01-01~2026-03-31,認可,認可,20.873 MWh,1.101 MWh
上銀科技股份有限公司,精密園區員工宿舍,太陽能,2026,0,15.531,臺中市南屯區精科路140號、142號、144號,64.68 kW,上銀科技股份有限公司,24SP1269-B026000001~17,5/20/26,2026-01-01~2026-03-31,認可,認可,0 MWh,15.531 MWh
續興股份有限公司,城堡一期,太陽能,2026,18.827,0,臺南市官田區隆本里中華路1段323巷6之1號,64.5 kW,續興股份有限公司,25SP1093-B026000001~20,5/20/26,2026-01-01~2026-03-31,認可,認可,18.827 MWh,0 MWh
大自然能源電業股份有限公司,NP091054C006瓦度(嘉義貴舍),太陽能,2026,11.456,7.755,嘉義縣布袋鎮貴舍130號,64.48 kW,大自然能源電業股份有限公司,25SP0141-B026000001~20,5/20/26,2026-01-01~2026-03-31,認可,認可,11.456 MWh,7.755 MWh
晨星電力股份有限公司,(日富冠)南投名間-松柏嶺高球場一期(屋頂型),太陽能,2026,5.733,14.099,南投縣名間鄉崁頂巷36之1號,64.44 kW,晨星電力股份有限公司,25SP4379-B026000001~32,5/20/26,2026-01-01~2026-03-31,認可,認可,5.733 MWh,14.099 MWh
怡和綠電超商股份有限公司,聯發-湖內盈樺工業股份有限公司-特登,太陽能,2026,19.236,0,高雄市湖內區東方路580號,64.4 kW,怡和綠電超商股份有限公司,25SP1114-B026000001~20,5/20/26,2026-01-01~2026-03-31,認可,認可,19.236 MWh,0 MWh
阿波羅電力股份有限公司,吉晟湖西鄉紅羅段2642地號,太陽能,2026,10.497,5.789,澎湖縣湖西鄉紅羅段2642-0000地號,64.35 kW,阿波羅電力股份有限公司,25SP3200-B026000001~17,5/20/26,2026-01-01~2026-03-31,認可,認可,10.497 MWh,5.789 MWh
瓦特先生股份有限公司,I-AR21-138民雄國中二期,太陽能,2026,13.881,0,嘉義縣民雄鄉西安村西安路147號,64.26 kW,瓦特先生股份有限公司,24SP0461-B026000001~13,5/20/26,2026-01-01~2026-03-31,認可,認可,13.881 MWh,0 MWh
駿陞事業股份有限公司,昇恆昌金湖飯店案場,太陽能,2026,0,17.163,金門縣金湖鎮新市里太湖路二段198號（屋頂）,64.2 kW,駿陞事業股份有限公司,22SP0088-B026000001~19,5/20/26,2026-01-01~2026-03-31,認可,認可,0 MWh,17.163 MWh
豐達科技股份有限公司,豐達二期,太陽能,2026,0,8.049,桃園市平鎮區太平東路1號,64.2 kW,豐達科技股份有限公司,19SP0016-B026000001~9,4/1/26,2026-01-01~2026-02-28,認可,認可,0 MWh,8.049 MWh
大自然能源電業股份有限公司,NP111054C003瓦度(道隆寺),太陽能,2026,11.514,7.987,高雄市路竹區大仁路387之5、387之6號,63.91 kW,大自然能源電業股份有限公司,25SP0116-B026000001~20,5/20/26,2026-01-01~2026-03-31,認可,認可,11.514 MWh,7.987 MWh
富威電力股份有限公司,貝均-龍井幼兒園太陽光電發電廠,太陽能,2026,10.54,0,臺中市龍井區中華路一段96號,63.91 kW,富威電力股份有限公司,25SP3141-B026000017~33,4/1/26,2026-01-01~2026-02-28,認可,認可,10.54 MWh,0 MWh
富邦人壽保險股份有限公司,富邦人壽保險股份有限公司,太陽能,2026,0,13.917,臺北市中山區建國北路二段236、238號,63.9 kW,富邦人壽保險股份有限公司,22SP0027-B026000001~15,5/20/26,2026-01-01~2026-03-31,認可,認可,0 MWh,13.917 MWh
瓦力電能股份有限公司,雲林縣東勢鄉63.8瓩(T8118),太陽能,2026,11.477,7.606,雲林縣東勢鄉月眉村媽埔63-3號,63.8 kW,瓦力電能股份有限公司,25SP1013-B026000001~20,5/20/26,2026-01-01~2026-03-31,認可,認可,11.477 MWh,7.606 MWh
晨星電力股份有限公司,(沅碁)明華國中地面型,太陽能,2026,14.204,0,高雄市鼓山區龍北段0001-0000地號(高雄市立明華國民中學),63.36 kW,晨星電力股份有限公司,25SP2607-B026000001~16,5/20/26,2026-01-01~2026-03-31,認可,認可,14.204 MWh,0 MWh
阿波羅電力股份有限公司,吉晟白沙鄉中屯新段609地號,太陽能,2026,9.624,7.313,澎湖縣白沙鄉中屯新段0609-0000地號,63.36 kW,阿波羅電力股份有限公司,25SP3246-B026000001~19,5/20/26,2026-01-01~2026-03-31,認可,認可,9.624 MWh,7.313 MWh
陽光伏特家電力股份有限公司,聯奇台南1廠,太陽能,2026,8.657,0,臺南市新市區中心路10號,63.3 kW,陽光伏特家電力股份有限公司,25SP0052-B026000006~28,5/20/26,2026-01-01~2026-03-31,認可,認可,8.657 MWh,0 MWh
新普科技股份有限公司,新普科技一廠,太陽能,2026,0,13.196,新竹縣湖口鄉八德路二段471號,63.08 kW,新普科技股份有限公司,25SP1239-B026000001~15,5/20/26,2026-01-01~2026-03-31,認可,認可,0 MWh,13.196 MWh
陽光伏特家電力股份有限公司,耆光新澎湖10廠,太陽能,2026,18.394,0,澎湖縣湖西鄉林投北段1022-0002地號,62.9 kW,陽光伏特家電力股份有限公司,24SP2303-B026000001~19,5/20/26,2026-01-01~2026-03-31,認可,認可,18.394 MWh,0 MWh
十萬伏特電力股份有限公司,大道國中(效舜樓)案,太陽能,2026,11.979,0,臺中市大肚區仁德路60號,62.79 kW,十萬伏特電力股份有限公司,25SP4080-B026000001~14,4/22/26,2026-01-01~2026-02-28,認可,認可,11.979 MWh,0 MWh
亞東石化股份有限公司,亞東石化第一案,太陽能,2026,0,0.572,桃園市觀音區工業七路2號,62.65 kW,亞東石化股份有限公司,23SP0416-B026000001,5/20/26,2026-01-01~2026-03-31,認可,認可,0 MWh,0.572 MWh
陽光伏特家電力股份有限公司,耆光新澎湖1廠,太陽能,2026,16.88,0,澎湖縣湖西鄉林投北段0798-0000地號,62.56 kW,陽光伏特家電力股份有限公司,24SP2295-B026000001~18,5/20/26,2026-01-01~2026-03-31,認可,認可,16.88 MWh,0 MWh
大自然能源電業股份有限公司,NP191025C001光耀(黃耀德一期),太陽能,2026,3.705,3.401,雲林縣莿桐鄉油車48之29號,62.4 kW,大自然能源電業股份有限公司,24SP1663-B026000001~8,5/20/26,2026-01-01~2026-03-31,認可,認可,3.705 MWh,3.401 MWh
怡和綠電超商股份有限公司,興發-台中發電廠六號倉庫,太陽能,2026,15.082,0,臺中市龍井區龍昌路1號,62.16 kW,怡和綠電超商股份有限公司,25SP1508-B026000001~16,5/20/26,2026-01-01~2026-03-31,認可,認可,15.082 MWh,0 MWh
怡和綠電超商股份有限公司,晶久綠能-三張廍501地號,太陽能,2026,20.003,0,屏東縣里港鄉三張廍段0501-0000地號,62 kW,怡和綠電超商股份有限公司,25SP1306-B026000001~22,5/20/26,2026-01-01~2026-03-31,認可,認可,20.003 MWh,0 MWh
寶島陽光電力事業股份有限公司,豐照能源股份有限公司(九如46地號),太陽能,2026,18.336,0,屏東縣九如鄉惠農段46地號,62 kW,寶島陽光電力事業股份有限公司,24SP2120-B026000001~20,5/20/26,2026-01-01~2026-03-31,認可,認可,18.336 MWh,0 MWh
天能綠電股份有限公司,晶泰錿恩有限公司太陽光電案場,太陽能,2026,5.381,0,彰化縣社頭鄉織襪一路28號,62 kW,天能綠電股份有限公司,24SP0946-B026000007~12,4/1/26,2026-02-01~2026-02-28,認可,認可,5.381 MWh,0 MWh
陽光伏特家電力股份有限公司,屏東海角11號,太陽能,2026,7.814,0,屏東縣屏東市和生路二段542巷25號,61.95 kW,陽光伏特家電力股份有限公司,24SP1121-B026000001~8,4/1/26,2026-01-01~2026-02-28,認可,認可,7.814 MWh,0 MWh
中興保全科技股份有限公司,中保雲端數據中心大樓61.855kWp,太陽能,2026,0,11.985,臺北市內湖區堤頂大道一段9號,61.855 kW,中興保全科技股份有限公司,25SP0558-B026000001~14,5/20/26,2026-01-01~2026-03-31,認可,認可,0 MWh,11.985 MWh
高雄市那瑪夏區民權國民小學,高雄市那瑪夏區民權國民小學,太陽能,2026,0,7.529,高雄市那瑪夏區瑪雅里平和巷220號,61.75 kW,高雄市那瑪夏區民權國民小學,23SP0031-B026000001~9,5/20/26,2026-01-01~2026-03-31,認可,認可,0 MWh,7.529 MWh
豪峰科技股份有限公司,豪峰科技股份有限公司,太陽能,2026,0,,臺中市潭子區雅潭路2段105巷98號,61.6 kW,豪峰科技股份有限公司,24SP0294-B026000001~17,5/20/26,2026-01-01~2026-03-31,認可,認可,0 MWh,15.412 MWh
富威電力股份有限公司,盛禾-國統三合太陽光電發電廠,太陽能,2026,7.21,,臺南市安南區工明南二路131號,61.2 kW,富威電力股份有限公司,25SP1904-B026000080~204,5/20/26,2026-02-01~2026-03-31,認可,認可,7.21 MWh,3.316 MWh
羅布森股份有限公司,羅布森股份有限公司(神岡案場二期),太陽能,2026,0,,臺中市神岡區大富路193號,61.125 kW,羅布森股份有限公司,23SP0002-B026000001~2,3/5/26,2026-01-01~2026-01-31,認可,認可,0 MWh,1.808 MWh
怡和綠電超商股份有限公司,天富-朴子農會,太陽能,2026,0.011,,嘉義縣朴子市山通路102號,61.05 kW,怡和綠電超商股份有限公司,25SP4088-B026000001,4/1/26,2026-02-01~2026-02-28,認可,認可,0.011 MWh,0 MWh
華南商業銀行股份有限公司,華南商業銀行東高雄分行,太陽能,2026,0,,高雄市新興區六合一路78號,61.005 kW,華南商業銀行股份有限公司,25SP3368-B026000001~20,4/1/26,2025-12-19~2026-02-28,認可,認可,0 MWh,19.103 MWh
兆豐國際商業銀行股份有限公司,兆豐銀行吉林大樓-太陽光電系統建置工程,太陽能,2026,0,,臺北市中山區吉林路100號,60.97 kW,兆豐國際商業銀行股份有限公司,25SP0798-B026000001~15,5/20/26,2026-01-01~2026-03-31,認可,認可,0 MWh,14.017 MWh
怡和綠電超商股份有限公司,聯發新能源-大樹曜美實業(特登),太陽能,2026,10.993,,高雄市大樹區瓦厝街175之31號,60.8 kW,怡和綠電超商股份有限公司,25SP2423-B026000001~20,5/20/26,2026-01-01~2026-03-31,認可,認可,10.993 MWh,7.634 MWh
台灣晶技股份有限公司,平鎮廠一期 - 既設太陽能,太陽能,2026,0,,桃園市平鎮區工業六路4號,60.72 kW,台灣晶技股份有限公司,23SP0077-B026000001~10,5/20/26,2026-01-01~2026-03-31,認可,認可,0 MWh,7.798 MWh
晨星電力股份有限公司,(統益)崑山國小-廚房,太陽能,2026,2.126,,臺南市永康區國光五街72號,60.72 kW,晨星電力股份有限公司,26SP0157-B026000003~20,5/20/26,2026-02-01~2026-03-31,認可,認可,2.126 MWh,11.349 MWh
開陽電力股份有限公司,玖基企業-台灣自來水股份有限公司第四區管理處南投營運所西嶺配水池,太陽能,2026,11.683,,南投縣南投市樟普寮段1206地號,60.705 kW,開陽電力股份有限公司,25SP3297-B026000001~18,4/1/26,2026-01-01~2026-02-28,認可,認可,11.683 MWh,0 MWh
艾涅爾電力股份有限公司,群騰-張堂恩PV0216,太陽能,2026,10.811,0,雲林縣莿桐鄉雲林縣莿桐鄉油車35之5號,60.6 kW,艾涅爾電力股份有限公司,24SP2518-B026000001~12,4/8/26,2026-01-01~2026-02-28,認可,認可,10.811 MWh,0 MWh
大同智能股份有限公司,南投縣屋頂型太陽光電系統-內政部消防署訓練中心(一期),太陽能,2026,16.853,0,南投縣竹山鎮大公街100號,60.48 kW,大同智能股份有限公司,25SP1424-B026000001~19,5/20/26,2026-01-01~2026-03-31,認可,認可,16.853 MWh,0 MWh
童綜合醫療社團法人童綜合醫院,行政 D,太陽能,2026,0,11.458,臺中市梧棲區文華街168巷8號,60.445 kW,童綜合醫療社團法人童綜合醫院,25SP0241-B026000001~13,5/20/26,2026-01-01~2026-03-31,認可,認可,0 MWh,11.458 MWh
華南商業銀行股份有限公司,華南銀行新營分行,太陽能,2026,0,16.122,臺南市新營區新進路2段109號,60.4 kW,華南商業銀行股份有限公司,25SP0935-B026000001~18,5/20/26,2026-01-01~2026-03-31,認可,認可,0 MWh,16.122 MWh
艾涅爾電力股份有限公司,亮界-東亨機械科技有限公司,太陽能,2026,10.524,0,臺中市后里區臺中市后里區月湖路90巷1之5號,60.27 kW,艾涅爾電力股份有限公司,24SP1460-B026000001~16,4/8/26,2026-01-01~2026-02-28,認可,認可,10.524 MWh,0 MWh
臺北市政府產業發展局,臺北市政府產業發展局 士東市場,太陽能,2026,0,8.634,臺北市士林區士東路100號,60.2 kW,臺北市政府產業發展局,17SP0018-B026000001~10,5/20/26,2025-12-01~2026-03-31,認可,認可,0 MWh,8.634 MWh
大自然能源電業股份有限公司,NP071055C002(詹玉山),太陽能,2026,6.453,4.451,彰化縣竹塘鄉河陽路167號(彰化縣竹塘鄉永基段1800地號),59.83 kW,大自然能源電業股份有限公司,25SP0684-B026000001~13,5/20/26,2026-01-01~2026-03-31,認可,認可,6.453 MWh,4.451 MWh
鎰臻實業有限公司,鎰臻實業,太陽能,2026,0,4.639,臺中市潭子區潭富路二段259巷38之1號,59.8 kW,鎰臻實業有限公司,25SP0174-B026000001~5,4/1/26,2026-01-01~2026-02-28,認可,認可,0 MWh,4.639 MWh
晨星電力股份有限公司,(創源)民雄長照中心,太陽能,2026,0,17.682,嘉義縣民雄鄉文隆村建國路2段187之101號,59.77 kW,晨星電力股份有限公司,25SP4382-B026000001~20,5/20/26,2026-01-01~2026-03-31,認可,認可,0 MWh,17.682 MWh
聚陽實業股份有限公司,聚陽民雄廠太陽光電發電廠,太陽能,2026,8,6.655,嘉義縣民雄鄉工業2路20號,59.645 kW,聚陽實業股份有限公司,23SP0067-B026000001~17,5/20/26,2026-01-01~2026-03-31,認可,認可,8 MWh,6.655 MWh
阿波羅電力股份有限公司,力麗700坪廢水廠,太陽能,2026,6.995,4.687,桃園市楊梅區新榮路339之2號,59.4 kW,阿波羅電力股份有限公司,25SP3186-B026000001~13,5/20/26,2026-01-01~2026-03-31,認可,認可,6.995 MWh,4.687 MWh
富威電力股份有限公司,旭天-竹山聯絡處太陽光電發電廠,太陽能,2026,10.255,0,南投縣竹山鎮大智路52號,59.4 kW,富威電力股份有限公司,25SP3111-B026000001~12,5/20/26,2026-01-01~2026-03-31,認可,認可,10.255 MWh,0 MWh
天能綠電股份有限公司,宏威環球-雲林朝天45號屋頂型太陽光電案場,太陽能,2026,18.725,0,雲林縣西螺鎮雲林縣西螺鎮福來路20巷1號,59.2 kW,天能綠電股份有限公司,24SP2602-B026000001~22,5/20/26,2026-01-01~2026-03-31,認可,認可,18.725 MWh,0 MWh
大自然能源電業股份有限公司,NP071031C004烏日6號案場,太陽能,2026,11.538,7.38,臺中市烏日區長春街583巷6號,59.17 kW,大自然能源電業股份有限公司,24SP1187-B026000001~20,5/20/26,2026-01-01~2026-03-31,認可,認可,11.538 MWh,7.38 MWh
艾涅爾電力股份有限公司,金發一號-佑穎企業PV0726,太陽能,2026,10.946,0,高雄市永安區保寧路5之1號,59.04 kW,艾涅爾電力股份有限公司,25SP0235-B026000001~12,4/8/26,2026-01-01~2026-02-28,認可,認可,10.946 MWh,0 MWh
艾涅爾電力股份有限公司,鑫天晴-玖鑫工業社PV0211,太陽能,2026,10.929,0,臺中市神岡區東洲路205巷8之6號,59.04 kW,艾涅爾電力股份有限公司,25SP1523-B026000001~14,4/8/26,2026-01-01~2026-02-28,認可,認可,10.929 MWh,0 MWh
財團法人中華民國佛教慈濟慈善事業基金會,慈濟高雄大樹共修處環保站,太陽能,2026,0,18.363,高雄市大樹區高雄市大樹區高雄市大樹區中正一路387號,58.88 kW,財團法人中華民國佛教慈濟慈善事業基金會,25SP0838-B026000001~20,5/20/26,2025-12-01~2026-03-31,認可,認可,0 MWh,18.363 MWh
兆豐國際商業銀行股份有限公司,兆豐港都分行大樓-太陽光電系統建置工程,太陽能,2026,0,15.72,高雄市前金區中正四路253號,58.5 kW,兆豐國際商業銀行股份有限公司,24SP1135-B026000001~18,5/20/26,2026-01-01~2026-03-31,認可,認可,0 MWh,15.72 MWh
陽光伏特家電力股份有限公司,台南擔仔30號,太陽能,2026,7.511,0,臺南市安南區安和路二段77、79、81、83號,58.28 kW,陽光伏特家電力股份有限公司,24SP1089-B026000001~8,4/1/26,2026-01-01~2026-02-28,認可,認可,7.511 MWh,0 MWh
富威電力股份有限公司,康信-內埔瑛盛光電發電廠,太陽能,2026,8.557,0,屏東縣內埔鄉德修路1之20號,58.08 kW,富威電力股份有限公司,25SP1930-B026000017~33,4/1/26,2026-01-01~2026-02-28,認可,認可,8.557 MWh,0 MWh
怡和綠電超商股份有限公司,寶冠虹-大港洋段2059-2,太陽能,2026,16.728,0,屏東縣里港鄉塔樓路18、18之1號(屏東縣里港鄉大港洋段2059-0002地號),58.08 kW,怡和綠電超商股份有限公司,25SP1171-B026000001~19,5/20/26,2026-01-01~2026-03-31,認可,認可,16.728 MWh,0 MWh
台泥嘉謙綠能股份有限公司,義竹一期升壓站屋頂型太陽光電,太陽能,2026,0,10.697,嘉義縣布袋鎮菜舖里菜舖廍14之50號,57.96 kW,台泥嘉謙綠能股份有限公司,25SP1063-B026000001~11,3/25/26,2026-01-01~2026-01-31,認可,認可,0 MWh,10.697 MWh
艾涅爾電力股份有限公司,金發一號-陳明仁PV0069,太陽能,2026,6.884,0,彰化縣彰化市中山路3段121巷117弄7號之1、7號之2,57.77 kW,艾涅爾電力股份有限公司,25SP0992-B026000001~8,4/8/26,2026-01-01~2026-02-28,認可,認可,6.884 MWh,0 MWh
阿波羅電力股份有限公司,廣稷煌澤,太陽能,2026,10.762,7.447,高雄市岡山區協和路100之1號,57.72 kW,阿波羅電力股份有限公司,24SP0506-B026000001~20,5/20/26,2026-01-01~2026-03-31,認可,認可,10.762 MWh,7.447 MWh
大自然能源電業股份有限公司,NP191051C001暘光(吳明學畜牧場),太陽能,2026,8.019,5.779,雲林縣東勢鄉北美路12之2號,57.66 kW,大自然能源電業股份有限公司,25SP0491-B026000001~15,5/20/26,2026-01-01~2026-03-31,認可,認可,8.019 MWh,5.779 MWh
怡和綠電超商股份有限公司,新明(科風)-高大行政大樓(標案),太陽能,2026,14.325,0,高雄市楠梓區高雄大學路700號(行政大樓),57.525 kW,怡和綠電超商股份有限公司,25SP2621-B026000001~174,5/20/26,2026-01-01~2026-03-31,認可,認可,14.325 MWh,0 MWh
寶島陽光電力事業股份有限公司,玉衡能源股份有限公司 (FS2104004),太陽能,2026,17.513,0,臺中市西屯區順和九街2號,57.42 kW,寶島陽光電力事業股份有限公司,25SP0401-B026000001~23,5/20/26,2026-01-01~2026-03-31,認可,認可,17.513 MWh,0 MWh
大自然能源電業股份有限公司,NP101054C008瓦度(永康順天心),太陽能,2026,10.903,7.847,臺南市永康區中山南路510巷1之13號,57.4 kW,大自然能源電業股份有限公司,25SP0238-B026000001~20,5/20/26,2026-01-01~2026-03-31,認可,認可,10.903 MWh,7.847 MWh
艾涅爾電力股份有限公司,宥錩能源開發有限公司-華陽幼兒園二期,太陽能,2026,9.079,0,南投縣南投市華陽路658號,57.365 kW,艾涅爾電力股份有限公司,25SP1398-B026000001~10,4/8/26,2026-01-01~2026-02-28,認可,認可,9.079 MWh,0 MWh
政伸企業股份有限公司,政伸企業股份有限公司,太陽能,2026,0,18.198,臺中市西屯區工業區十二路6號,57.27 kW,政伸企業股份有限公司,22SP0011-B026000001~20,5/20/26,2026-01-01~2026-03-31,認可,認可,0 MWh,18.198 MWh
晨星電力股份有限公司,(統益)大同國小-屋頂型,太陽能,2026,19.093,0,臺南市善化區六德里六分寮200之1號,57.23 kW,晨星電力股份有限公司,25SP4119-B026000001~20,5/20/26,2026-01-01~2026-03-31,認可,認可,19.093 MWh,0 MWh
開陽電力股份有限公司,玖基企業-彰化縣消防局第三大隊福興消防分隊,太陽能,2026,10.3,0,彰化縣福興鄉元中村復興路33號,57.2 kW,開陽電力股份有限公司,25SP3825-B026000001~12,4/1/26,2026-01-01~2026-02-28,認可,認可,10.3 MWh,0 MWh
晨星電力股份有限公司,(永豐)林邦明,太陽能,2026,18.706,0,彰化縣秀水鄉彰水路二段620巷 26.28號,57.12 kW,晨星電力股份有限公司,25SP2325-B026000001~20,5/20/26,2026-01-01~2026-03-31,認可,認可,18.706 MWh,0 MWh
臺灣納米科技股份有限公司,臺灣納米科技股份有限公司,太陽能,2026,0,19.347,臺中市西屯區工業區三十八路292號,56.96 kW,臺灣納米科技股份有限公司,24SP0157-B026000001~20,5/20/26,2026-01-01~2026-03-31,認可,認可,0 MWh,19.347 MWh
怡和綠電超商股份有限公司,伊萊環保-富荃工業 28號,太陽能,2026,16.612,0,臺中市太平區工業十六路28號,56.9 kW,怡和綠電超商股份有限公司,25SP1368-B026000001~18,5/20/26,2026-01-01~2026-03-31,認可,認可,16.612 MWh,0 MWh
華城能源股份有限公司,鈦傳速新屋廠-屋頂1,太陽能,2026,10.103,0,桃園市新屋區文化路3段535巷98號,56.84 kW,華城能源股份有限公司,25SP3407-B026000001~17,5/20/26,2026-01-01~2026-03-31,認可,認可,10.103 MWh,0 MWh
怡和綠電超商股份有限公司,輝煌綠能-睿伸(地面),太陽能,2026,11.635,0,桃園市觀音區潭工段0113-0011地號,56.625 kW,怡和綠電超商股份有限公司,25SP1703-B026000001~13,5/20/26,2026-01-01~2026-03-31,認可,認可,11.635 MWh,0 MWh
三信商業銀行股份有限公司,三信銀行#中山,太陽能,2026,0,2.032,臺中市豐原區大明路36號,56.595 kW,三信商業銀行股份有限公司,23SP0186-B026000001~3,3/4/26,2026-01-01~2026-01-31,認可,認可,0 MWh,2.032 MWh
京都念慈菴藥廠股份有限公司,京都念慈菴藥廠股份有限公司,太陽能,2026,0,12.28,桃園市龜山區文明二街2號,56.595 kW,京都念慈菴藥廠股份有限公司,24SP0501-B026000001~14,5/20/26,2026-01-01~2026-03-31,認可,認可,0 MWh,12.28 MWh
怡和綠電超商股份有限公司,大泳能源-歸仁-容愛,太陽能,2026,7.872,6.079,臺南市歸仁區西埔二街78號,56.58 kW,怡和綠電超商股份有限公司,25SP2667-B026000002~19,5/20/26,2026-01-01~2026-03-31,認可,認可,7.872 MWh,6.079 MWh
天能綠電股份有限公司,綠順-彰化縣大城鄉中央路86號,太陽能,2026,11.605,0,彰化縣大城鄉中央路86號,56.44 kW,天能綠電股份有限公司,24SP1531-B026000001~12,4/22/26,2026-01-01~2026-02-28,認可,認可,11.605 MWh,0 MWh
續興股份有限公司,富合二期,太陽能,2026,5.23,0,臺南市永康區和平東路30巷5號,56.42 kW,續興股份有限公司,25SP1086-B026000002~7,4/1/26,2026-01-01~2026-02-28,認可,認可,5.23 MWh,0 MWh
艾涅爾電力股份有限公司,富崧-草屯農會PV0038,太陽能,2026,10.468,0,南投縣草屯鎮芬草路一段116號,56.32 kW,艾涅爾電力股份有限公司,25SP0995-B026000001~12,4/8/26,2026-01-01~2026-02-28,認可,認可,10.468 MWh,0 MWh
台灣大哥大股份有限公司,台灣大哥大股份有限公司-台中市西屯區,太陽能,2026,0,18.738,臺中市西屯區工業區十四路8號,56.3 kW,台灣大哥大股份有限公司,18SP0010-B026000001~20,5/20/26,2026-01-01~2026-03-31,認可,認可,0 MWh,18.738 MWh
艾涅爾電力股份有限公司,日振-白宮PV0087,太陽能,2026,10.76,0,雲林縣虎尾鎮白宮街42巷1、2、3號,56.25 kW,艾涅爾電力股份有限公司,25SP2039-B026000001~14,4/8/26,2026-01-01~2026-02-28,認可,認可,10.76 MWh,0 MWh
康展電力股份有限公司,鑫二能源_S240112澎湖馬公李建宏住宅,太陽能,2026,14.909,0,澎湖縣馬公市文光路27之3號,56.17 kW,康展電力股份有限公司,25SP2850-B026000001~25,5/20/26,2026-01-01~2026-03-31,認可,認可,14.909 MWh,0 MWh
台灣水泥股份有限公司和平分公司,台灣水泥股份有限公司和平廠 (第一期：智能倉庫),太陽能,2026,0,7.298,花蓮縣秀林鄉和平村和平263號,55.8 kW,台灣水泥股份有限公司和平分公司,22SP0040-B026000001~9,5/20/26,2026-01-01~2026-03-31,認可,認可,0 MWh,7.298 MWh
天能綠電股份有限公司,朝陽_朱水深三期地面型太陽光電案場,太陽能,2026,9.469,5.21,臺南市玉井區佛聖段0583-0000、0583-0001地號,55.8 kW,天能綠電股份有限公司,25SP3065-B026000001~16,5/20/26,2026-01-01~2026-03-31,認可,認可,9.469 MWh,5.21 MWh
續興股份有限公司,震鋼,太陽能,2026,4.258,0,臺南市南區新和一路11號,55.8 kW,續興股份有限公司,25SP1094-B026000002~6,4/1/26,2026-01-01~2026-02-28,認可,認可,4.258 MWh,0 MWh
怡和綠電超商股份有限公司,賽斯-湖內行政大樓,太陽能,2026,17.016,0,高雄市湖內區中正路二段77號,55.76 kW,怡和綠電超商股份有限公司,25SP1120-B026000001~18,5/20/26,2026-01-01~2026-03-31,認可,認可,17.016 MWh,0 MWh
復盛應用科技股份有限公司,FSK-高雄太陽能廠,太陽能,2026,0,27.332,高雄市楠梓區東五街2號,55.48 kW,復盛應用科技股份有限公司,25SP3052-B026000001~28,5/20/26,2025-11-19~2026-03-31,認可,認可,0 MWh,27.332 MWh
中鼎工程股份有限公司,中鼎集團第一總部大樓,太陽能,2026,0,3.551,臺北市士林區中山北路六段87號、89號、91號,55.48 kW,中鼎工程股份有限公司,24SP1496-B026000001~4,3/18/26,2026-01-01~2026-01-31,認可,認可,0 MWh,3.551 MWh
開陽電力股份有限公司,開陽國際生技-高雄燕巢A13、A14廠房,太陽能,2026,8.274,0,高雄市燕巢區新厝巷18弄86、88號,55.44 kW,開陽電力股份有限公司,25SP0177-B026000001~10,4/1/26,2026-01-01~2026-02-28,認可,認可,8.274 MWh,0 MWh
富威電力股份有限公司,盛禾-鍇榮舊廠太陽光電發電廠,太陽能,2026,6.198,2.827,臺南市安定區中沙里沙崙47之2號,55.25 kW,富威電力股份有限公司,25SP1911-B026000078~202,5/20/26,2026-02-01~2026-03-31,認可,認可,6.198 MWh,2.827 MWh
怡和綠電超商股份有限公司,承為-廖炎模,太陽能,2026,17.627,0,雲林縣二崙鄉田尾村犁份5之3號,55.18 kW,怡和綠電超商股份有限公司,25SP1274-B026000001~19,5/20/26,2026-01-01~2026-03-31,認可,認可,17.627 MWh,0 MWh
財團法人桃園市幸福社會福利基金會,幸福基金會太陽光電系統,太陽能,2026,0,10.975,桃園市龍潭區武中路339號,54.95 kW,財團法人桃園市幸福社會福利基金會,21SP0026-B026000001~12,5/20/26,2026-01-01~2026-03-31,認可,認可,0 MWh,10.975 MWh
怡和綠電超商股份有限公司,弘基-屏東潮州_弘基(聯葳),太陽能,2026,18.231,0,屏東縣潮州鎮新興路17、19、21、23號,54.4 kW,怡和綠電超商股份有限公司,25SP3337-B026000001~20,5/20/26,2026-01-01~2026-03-31,認可,認可,18.231 MWh,0 MWh
開陽電力股份有限公司,玖基企業-彰化縣消防局第三大隊埔心消防分隊,太陽能,2026,9.086,0,彰化縣埔心鄉中正路2段155號,54.275 kW,開陽電力股份有限公司,25SP2730-B026000001~10,4/1/26,2026-01-01~2026-02-28,認可,認可,9.086 MWh,0 MWh
台灣水泥股份有限公司台中水泥製品廠,台灣水泥股份有限公司台中水泥製品廠,太陽能,2026,0,18.455,臺中市大雅區中清路三段785號,54.06 kW,台灣水泥股份有限公司台中水泥製品廠,22SP0073-B026000001~20,5/20/26,2026-01-01~2026-03-31,認可,認可,0 MWh,18.455 MWh
怡和綠電超商股份有限公司,秉城工程-神岡區中山路989巷3之5號,太陽能,2026,11.442,5.337,臺中市神岡區中山路989巷3之5號,54 kW,怡和綠電超商股份有限公司,25SP1359-B026000002~21,5/20/26,2026-01-01~2026-03-31,認可,認可,11.442 MWh,5.337 MWh
怡和綠電超商股份有限公司,秉城工程-神岡區中山路989巷3之6號,太陽能,2026,11.339,5.112,臺中市神岡區中山路989巷3之6號,54 kW,怡和綠電超商股份有限公司,25SP1360-B026000002~19,5/20/26,2026-01-01~2026-03-31,認可,認可,11.339 MWh,5.112 MWh
天能綠電股份有限公司,昱光-關廟七戶屋頂型太陽能電廠,太陽能,2026,7.468,5.454,臺南市關廟區文化街107.109.111.113.115.117.119號,53.94 kW,天能綠電股份有限公司,25SP0211-B026000001~14,5/20/26,2026-01-01~2026-03-31,認可,認可,7.468 MWh,5.454 MWh
中國醫藥大學附設醫院,中國醫藥大學附設醫院美德醫療大樓,太陽能,2026,0,15.736,臺中市北區美德街166號,53.9 kW,中國醫藥大學附設醫院,24SP0416-B026000001~17,5/20/26,2026-01-01~2026-03-31,認可,認可,0 MWh,15.736 MWh
續興股份有限公司,長旺工業城(A15.A16),太陽能,2026,14.064,0,高雄市燕巢區新厝巷18弄80、82號,53.9 kW,續興股份有限公司,25SP1945-B026000001~16,5/20/26,2026-01-01~2026-03-31,認可,認可,14.064 MWh,0 MWh
常立塑膠有限公司,常立塑膠,太陽能,2026,0,1.614,臺南市歸仁區中山七街60號,53.865 kW,常立塑膠有限公司,23SP0084-B026000001~2,3/4/26,2026-01-01~2026-01-31,認可,認可,0 MWh,1.614 MWh
富威電力股份有限公司,普照能源-彌港段太陽光電發電廠,太陽能,2026,5.936,0,高雄市彌陀區中正東路537、539號,53.72 kW,富威電力股份有限公司,25SP1533-B026000002~30,4/1/26,2026-01-01~2026-02-28,認可,認可,5.936 MWh,0 MWh
瓦力電能股份有限公司,台南市學甲區53.68瓩(T7030),太陽能,2026,7.868,5.19,臺南市學甲區中洲里中洲1之1號,53.68 kW,瓦力電能股份有限公司,25SP0621-B026000001~14,5/20/26,2026-01-01~2026-03-31,認可,認可,7.868 MWh,5.19 MWh
天能綠電股份有限公司,宏威環球-桃園天空499號屋頂型太陽光電案場,太陽能,2026,7.841,0,桃園市八德區桃園市八德區福德一路177巷108號,53.55 kW,天能綠電股份有限公司,24SP1596-B026000001~11,5/20/26,2026-01-01~2026-03-31,認可,認可,7.841 MWh,0 MWh
阿波羅電力股份有限公司,可承林上凱53.515kW,太陽能,2026,9.168,6.622,雲林縣虎尾鎮三合里三合81之8號,53.515 kW,阿波羅電力股份有限公司,25SP3923-B026000001~17,5/20/26,2026-01-01~2026-03-31,認可,認可,9.168 MWh,6.622 MWh
星星電力股份有限公司,茂群 - 林潤錠(內埔鄉375-2地號),太陽能,2026,15.905,0,屏東縣內埔鄉隘寮段375-2地號,53.4 kW,星星電力股份有限公司,25SP3873-B026000001~17,5/20/26,2026-01-01~2026-03-31,認可,認可,15.905 MWh,0 MWh
凌華科技股份有限公司,凌華科技股份有限公司(一),太陽能,2026,0,5.774,桃園市龜山區華亞一路66號,53.3 kW,凌華科技股份有限公司,24SP0011-B026000001~7,4/29/26,2026-01-01~2026-02-28,認可,認可,0 MWh,5.774 MWh
怡和綠電超商股份有限公司,育渲投資-天誠企業社-特登,太陽能,2026,16.926,0,臺中市后里區和興路55巷6之21號,53.3 kW,怡和綠電超商股份有限公司,25SP1720-B026000001~19,5/20/26,2026-01-01~2026-03-31,認可,認可,16.926 MWh,0 MWh
貴山國際有限公司,澎湖馬公貴山太陽能光電系統,太陽能,2026,0,14.017,澎湖縣馬公市鎖港里4鄰鎖管港1065號,53.3 kW,貴山國際有限公司,25SP1165-B026000001~15,5/20/26,2026-01-01~2026-03-31,認可,認可,0 MWh,14.017 MWh
天能綠電股份有限公司,尤壬克_佳泰商行農舍屋頂型太陽能電廠,太陽能,2026,17.272,0,彰化縣鹿港鎮竹圍巷106號,53.25 kW,天能綠電股份有限公司,25SP2880-B026000002~21,5/20/26,2026-01-01~2026-03-31,認可,認可,17.272 MWh,0 MWh
陽光伏特家電力股份有限公司,昇太高雄2廠,太陽能,2026,4.752,0,高雄市湖內區中山路二段62巷33號,53.2 kW,陽光伏特家電力股份有限公司,24SP1387-B026000001~70,5/20/26,2026-01-01~2026-03-31,認可,認可,4.752 MWh,0 MWh
晨星電力股份有限公司,(永豐)金舜昱,太陽能,2026,18.116,0,彰化縣和美鎮太平路309巷118號(彰化縣和美鎮大霞段553-8地號),53.04 kW,晨星電力股份有限公司,25SP3078-B026000001~20,5/20/26,2026-01-01~2026-03-31,認可,認可,18.116 MWh,0 MWh
艾涅爾電力股份有限公司,鎧銚-楓采禮PV0168,太陽能,2026,8.755,0,雲林縣東勢鄉懷恩街46號,53.04 kW,艾涅爾電力股份有限公司,25SP2082-B026000001~10,4/8/26,2026-01-01~2026-02-28,認可,認可,8.755 MWh,0 MWh
開陽電力股份有限公司,玖基企業-彰化縣消防局第二大隊二水消防分隊,太陽能,2026,8.932,0,彰化縣二水鄉惠民路199號,52.975 kW,開陽電力股份有限公司,25SP2745-B026000001~10,4/1/26,2026-01-01~2026-02-28,認可,認可,8.932 MWh,0 MWh
東鋼風力發電股份有限公司,東鋼風力東桃二太陽光電發電廠-氧壓機房,太陽能,2026,10.228,0,桃園市觀音區保障里8鄰草漯116號,52.92 kW,東鋼風力發電股份有限公司,24SP1478-B026000001~12,5/20/26,2026-01-01~2026-03-31,認可,認可,10.228 MWh,0 MWh
晨星電力股份有限公司,(加州)四幼安順分班,太陽能,2026,2.316,11.923,臺南市安南區總安街1段146巷90號,52.7 kW,晨星電力股份有限公司,26SP0156-B026000004~24,5/20/26,2026-01-01~2026-03-31,認可,認可,2.316 MWh,11.923 MWh
艾涅爾電力股份有限公司,碩燿-曜煒實業(大甲加油站)PV0181,太陽能,2026,8.9,0,臺中市大甲區中山路2段847號,52.5 kW,艾涅爾電力股份有限公司,25SP0441-B026000001~10,4/8/26,2026-01-01~2026-02-28,認可,認可,8.9 MWh,0 MWh
亞東石化股份有限公司,亞東石化第九案,太陽能,2026,0,0.564,桃園市觀音區工業七路2號,52.5 kW,亞東石化股份有限公司,23SP0415-B026000001~2,5/20/26,2026-01-01~2026-03-31,認可,認可,0 MWh,0.564 MWh
陽光伏特家電力股份有限公司,鴻灝電澎湖1廠,太陽能,2026,13.293,0,澎湖縣馬公市五福段1101-0001地號,52.48 kW,陽光伏特家電力股份有限公司,24SP2260-B026000012~27,5/20/26,2026-01-01~2026-03-31,認可,認可,13.293 MWh,0 MWh
晨星電力股份有限公司,(加州)法華社區服務中心,太陽能,2026,10.071,1.503,臺南市中西區府連路22號,52.36 kW,晨星電力股份有限公司,25SP4042-B026000004~22,5/20/26,2026-01-01~2026-03-31,認可,認可,10.071 MWh,1.503 MWh
開陽電力股份有限公司,開陽國際生技-高雄湖內C1廠房,太陽能,2026,9.705,0,高雄市湖內區中山路二段62巷65、67號,52.36 kW,開陽電力股份有限公司,25SP0319-B026000001~10,4/1/26,2026-01-01~2026-02-28,認可,認可,9.705 MWh,0 MWh
中鋼光能股份有限公司,中聯資中港廠RC屋頂,太陽能,2026,11.617,0,臺中市龍井區環港路62號,52.36 kW,中鋼光能股份有限公司,23SP0152-B026000001~13,5/20/26,2026-01-01~2026-03-31,認可,認可,11.617 MWh,0 MWh
童綜合醫療社團法人童綜合醫院,宿舍B,太陽能,2026,0,10.7,臺中市梧棲區文華街72巷18、18之1、18之2號,52.36 kW,童綜合醫療社團法人童綜合醫院,25SP0234-B026000001~12,5/20/26,2026-01-01~2026-03-31,認可,認可,0 MWh,10.7 MWh
旺宏電子股份有限公司,旺宏電子股份有限公司員工宿舍TA棟,太陽能,2026,0,12.996,新竹市東區新竹市東區明湖路1008巷168、170、172、176、178、186、188、196、198號,52.14 kW,旺宏電子股份有限公司,23SP0185-B026000001~15,5/20/26,2026-01-01~2026-03-31,認可,認可,0 MWh,12.996 MWh
富威電力股份有限公司,盛禾-上品王太陽光電發電廠,太陽能,2026,5.135,2.512,高雄市阿蓮區和平路206號,52 kW,富威電力股份有限公司,25SP1537-B026000063~187,5/20/26,2026-02-01~2026-03-31,認可,認可,5.135 MWh,2.512 MWh
林德台灣科技股份有限公司,林德台灣 #01,太陽能,2026,0,12.124,臺南市安南區工業三路33號,51.98 kW,林德台灣科技股份有限公司,25SP1036-B026000001~13,5/20/26,2026-01-01~2026-03-31,認可,認可,0 MWh,12.124 MWh
怡和綠電超商股份有限公司,承為-菇1,太陽能,2026,17.01,0,彰化縣二林鎮後厝里新華巷18之8號,51.9 kW,怡和綠電超商股份有限公司,25SP1725-B026000001~18,5/20/26,2026-01-01~2026-03-31,認可,認可,17.01 MWh,0 MWh
東鋼風力發電股份有限公司,東鋼風力東桃二太陽光電發電廠-中美晶區,太陽能,2026,4.581,0,桃園市觀音區保障里8鄰草漯116號,51.84 kW,東鋼風力發電股份有限公司,24SP1123-B026000001~6,5/20/26,2026-01-01~2026-03-31,認可,認可,4.581 MWh,0 MWh
合作金庫商業銀行股份有限公司,合作金庫商業銀行股份有限公司(萬丹分行),太陽能,2026,0,13.043,屏東縣萬丹鄉中興路二段661號,51.8 kW,合作金庫商業銀行股份有限公司,23SP0172-B026000001~15,5/20/26,2026-01-01~2026-03-31,認可,認可,0 MWh,13.043 MWh
晨星電力股份有限公司,(永豐)賴順德,太陽能,2026,13.395,0,彰化縣大村鄉中山路三段57巷21號,51.75 kW,晨星電力股份有限公司,25SP4005-B026000001~15,5/20/26,2026-01-01~2026-03-31,認可,認可,13.395 MWh,0 MWh
晨星電力股份有限公司,(陽光)海洋-人培宿舍,太陽能,2026,17.523,0,高雄市茄萣區正大路500號,51.66 kW,晨星電力股份有限公司,26SP0077-B026000004~27,5/20/26,2026-01-01~2026-03-31,認可,認可,17.523 MWh,0 MWh
大自然能源電業股份有限公司,"NP081063C001低碳(興業1,2)",太陽能,2026,11.494,0,彰化縣溪湖鎮興業路12巷7、9號,51.48 kW,大自然能源電業股份有限公司,25SP0677-B026000001~13,5/20/26,2026-01-01~2026-03-31,認可,認可,11.494 MWh,0 MWh
阿波羅電力股份有限公司,吉晟白沙鄉後寮東段1542地號,太陽能,2026,7.893,5.982,澎湖縣白沙鄉後寮東段1542-0000地號,51.48 kW,阿波羅電力股份有限公司,25SP3197-B026000001~15,5/20/26,2026-01-01~2026-03-31,認可,認可,7.893 MWh,5.982 MWh
阿波羅電力股份有限公司,吉晟湖西鄉紅羅段2643地號,太陽能,2026,8.338,4.62,澎湖縣湖西鄉紅羅段2643-0000地號,51.48 kW,阿波羅電力股份有限公司,25SP3244-B026000001~14,5/20/26,2026-01-01~2026-03-31,認可,認可,8.338 MWh,4.62 MWh
續興股份有限公司,黃俊銘810,太陽能,2026,12.261,0,澎湖縣湖西鄉鼎灣新段0810-0000地號,51.2 kW,續興股份有限公司,25SP2336-B026000001~14,5/20/26,2026-01-01~2026-03-31,認可,認可,12.261 MWh,0 MWh
艾涅爾電力股份有限公司,碩燿-陳宏昌PV0163,太陽能,2026,7.314,0,南投縣水里鄉城中村城福街5號,51.06 kW,艾涅爾電力股份有限公司,25SP0707-B026000001~8,4/8/26,2026-01-01~2026-02-28,認可,認可,7.314 MWh,0 MWh
開陽電力股份有限公司,玖基企業-彰化縣消防局第二大隊林厝分隊,太陽能,2026,8.296,0,彰化縣員林市員南路420巷66弄25號,51.025 kW,開陽電力股份有限公司,25SP2746-B026000001~10,4/1/26,2026-01-01~2026-02-28,認可,認可,8.296 MWh,0 MWh
富邦人壽保險股份有限公司,富邦人壽大樓（A25）,太陽能,2026,0,4.584,臺北市信義區松高路77號、松勇路1、3號,51 kW,富邦人壽保險股份有限公司,25SP0650-B026000001~6,5/20/26,2026-01-01~2026-03-31,認可,認可,0 MWh,4.584 MWh
怡和綠電超商股份有限公司,弦華科技-高雄市小港區小港路63之2號(屋頂型),太陽能,2026,8.821,4.042,高雄市小港區小港區小港路63之2號,50.92 kW,怡和綠電超商股份有限公司,25SP2410-B026000002~17,5/20/26,2026-01-01~2026-03-31,認可,認可,8.821 MWh,4.042 MWh
中國醫藥大學附設醫院,中國醫藥大學附設醫院立夫醫療大樓,太陽能,2026,0,17.1,臺中市北區育德路1號,50.6 kW,中國醫藥大學附設醫院,24SP0338-B026000001~19,5/20/26,2026-01-01~2026-03-31,認可,認可,0 MWh,17.1 MWh
阿波羅電力股份有限公司,環球大宇宙潮州圖書館,太陽能,2026,13.745,0,屏東縣潮州鎮三星路39號,50.56 kW,阿波羅電力股份有限公司,25SP0223-B026000006~23,5/20/26,2026-01-01~2026-03-31,認可,認可,13.745 MWh,0 MWh
邁達特數位股份有限公司,邁達特數位股份有限公司一期,太陽能,2026,0,11.109,臺北市內湖區內湖路一段512、514、516號,50.43 kW,邁達特數位股份有限公司,25SP0643-B026000001~12,5/20/26,2026-01-01~2026-03-31,認可,認可,0 MWh,11.109 MWh
怡和綠電超商股份有限公司,育渲投資-劦昇企業社(特登工廠),太陽能,2026,16.378,0,臺中市潭子區大富路2段12之6號,50.285 kW,怡和綠電超商股份有限公司,25SP1723-B026000001~18,5/20/26,2026-01-01~2026-03-31,認可,認可,16.378 MWh,0 MWh
星展（台灣）商業銀行股份有限公司,星展（台灣）商業銀行股份有限公司 太平分行,太陽能,2026,0,14.24,臺中市太平區中興路13號,50.22 kW,星展（台灣）商業銀行股份有限公司,19SP0042-B026000001~16,5/20/26,2026-01-01~2026-03-31,認可,認可,0 MWh,14.24 MWh
阿波羅電力股份有限公司,辰信劉永章三期,太陽能,2026,12.91,0,彰化縣大城鄉中平路411巷建79號,50.16 kW,阿波羅電力股份有限公司,24SP2437-B026000001~15,5/20/26,2026-01-01~2026-03-31,認可,認可,12.91 MWh,0 MWh
續興股份有限公司,里港新土庫960,太陽能,2026,11.493,0,屏東縣里港鄉新土庫段0960-0000地號,50.05 kW,續興股份有限公司,24SP0985-B026000003~15,5/20/26,2026-01-01~2026-03-31,認可,認可,11.493 MWh,0 MWh
邁達特數位股份有限公司,邁達特數位股份有限公司二期,太陽能,2026,0,10.938,臺北市內湖區內湖路一段512、514、516號,50.02 kW,邁達特數位股份有限公司,25SP0641-B026000001~12,5/20/26,2026-01-01~2026-03-31,認可,認可,0 MWh,10.938 MWh
晨星電力股份有限公司,(茂庭)李麗霞廠房,太陽能,2026,15.433,0,高雄市岡山區成功路460巷38之1號,49.995 kW,晨星電力股份有限公司,25SP3317-B026000004~26,5/20/26,2026-01-01~2026-03-31,認可,認可,15.433 MWh,0 MWh
豐達科技股份有限公司,豐達科技股份有限公司,太陽能,2026,0,6.285,桃園市平鎮區太平西路99巷38號,49.98 kW,豐達科技股份有限公司,24SP0667-B026000001~7,4/1/26,2026-01-01~2026-02-28,認可,認可,0 MWh,6.285 MWh
天能綠電股份有限公司,御鑒科技-雲林麥寮崙後村屋頂型光電案場,太陽能,2026,8.698,0,雲林縣麥寮鄉崙後村沙崙後338號之100,49.92 kW,天能綠電股份有限公司,24SP0818-B026000001~12,5/20/26,2026-01-01~2026-03-31,認可,認可,8.698 MWh,0 MWh
開陽電力股份有限公司,開陽能源-喜憨兒社會福利基金會,太陽能,2026,9.376,0,高雄市大寮區和業五路80號,49.84 kW,開陽電力股份有限公司,25SP0913-B026000001~10,4/1/26,2026-01-01~2026-02-28,認可,認可,9.376 MWh,0 MWh
興旺能源股份有限公司,A 晶成 溪州幼兒園 0001,太陽能,2026,15.83,0,彰化縣溪州鄉平和路27-1號,49.77 kW,興旺能源股份有限公司,25SP1981-B026000001~17,5/20/26,2026-01-01~2026-03-31,認可,認可,15.83 MWh,0 MWh
艾涅爾電力股份有限公司,育渲-林園芳姿學典,太陽能,2026,8.914,0,高雄市林園區中門路339巷50弄36、38號,49.64 kW,艾涅爾電力股份有限公司,24SP1128-B026000001~10,4/8/26,2026-01-01~2026-02-28,認可,認可,8.914 MWh,0 MWh
大自然能源電業股份有限公司,NP101054C009瓦度(明興保修廠),太陽能,2026,8.996,6.091,臺南市安南區永安路60號,49.6 kW,大自然能源電業股份有限公司,25SP0269-B026000001~17,5/20/26,2026-01-01~2026-03-31,認可,認可,8.996 MWh,6.091 MWh
南方電力股份有限公司,屏東縣萬巒鄉萬和段1878-0008地號太陽光電發電場,太陽能,2026,13.882,0,屏東縣萬巒鄉萬和段1878-0008地號,49.5 kW,南方電力股份有限公司,24SP0835-B026000001~16,5/20/26,2026-01-01~2026-03-31,認可,認可,13.882 MWh,0 MWh
恆利電能股份有限公司,W-台中西屯1(49.3kw),太陽能,2026,6.115,9.947,臺中市西屯區安和路99號,49.3 kW,恆利電能股份有限公司,25SP0284-B026000002~22,5/20/26,2026-01-01~2026-03-31,認可,認可,6.115 MWh,9.947 MWh
國泰世華商業銀行股份有限公司,國泰世華商業銀行股份有限公司-台中分行,太陽能,2026,0,13.404,臺中市西區自由路一段148號,49.28 kW,國泰世華商業銀行股份有限公司,25SP0688-B026000001~14,5/20/26,2026-01-01~2026-03-31,認可,認可,0 MWh,13.404 MWh
亞東石化股份有限公司,亞東石化第十案及第十一案,太陽能,2026,0,1.178,桃園市觀音區工業七路2號,49.2 kW,亞東石化股份有限公司,23SP0378-B026000001~2,5/20/26,2026-01-01~2026-03-31,認可,認可,0 MWh,1.178 MWh
兆豐國際商業銀行股份有限公司,兆豐銀行三重分行-太陽光電發電系統建置工程,太陽能,2026,0,16.607,新北市三重區重陽路三段99號,49.14 kW,兆豐國際商業銀行股份有限公司,25SP2791-B026000001~18,5/20/26,2025-10-29~2026-03-31,認可,認可,0 MWh,16.607 MWh
陽光伏特家電力股份有限公司,天龍1號,太陽能,2026,6.693,0,臺北市內湖區堤頂大道2段407巷22、24、26號、20弄1、3、5、7號,48.8 kW,陽光伏特家電力股份有限公司,22SP0009-B026000001~30,5/20/26,2026-01-01~2026-03-31,認可,認可,6.693 MWh,0 MWh
怡和綠電超商股份有限公司,聯發新能源-大樹熒冶陶藝(特登),太陽能,2026,8.802,6.02,高雄市大樹區九曲路5巷32弄47、49號,48.79 kW,怡和綠電超商股份有限公司,25SP2425-B026000001~17,5/20/26,2026-01-01~2026-03-31,認可,認可,8.802 MWh,6.02 MWh
開陽電力股份有限公司,玖基企業-彰化縣政府(水利資源處二林汙水處理廠),太陽能,2026,8.053,0,彰化縣二林鎮二城路615號,48.75 kW,開陽電力股份有限公司,25SP1595-B026000001~9,4/1/26,2026-01-01~2026-02-28,認可,認可,8.053 MWh,0 MWh
艾涅爾電力股份有限公司,亮界-卓永常PV0207,太陽能,2026,7.602,0,雲林縣斗六市成功路641巷96號,48.64 kW,艾涅爾電力股份有限公司,24SP2325-B026000002~12,4/8/26,2026-01-01~2026-02-28,認可,認可,7.602 MWh,0 MWh
怡和綠電超商股份有限公司,秉城工程-神岡區中山路989巷3之4 號,太陽能,2026,10.328,4.58,臺中市神岡區中山路989巷3之4 號,48.6 kW,怡和綠電超商股份有限公司,25SP1361-B026000002~18,5/20/26,2026-01-01~2026-03-31,認可,認可,10.328 MWh,4.58 MWh
富威電力股份有限公司,鉦陽-信越太陽光電發電廠,太陽能,2026,9.528,2.483,高雄市大寮區民忠街61號,48.38 kW,富威電力股份有限公司,25SP3136-B026000042~288,5/20/26,2026-01-01~2026-03-31,認可,認可,9.528 MWh,2.483 MWh
續興股份有限公司,工明南41,太陽能,2026,14.817,0,臺南市安南區工明南一路41號,48.3 kW,續興股份有限公司,24SP2145-B026000001~17,5/20/26,2026-01-01~2026-03-31,認可,認可,14.817 MWh,0 MWh
三信商業銀行股份有限公司,三信銀行#豐信,太陽能,2026,0,4.72,臺中市豐原區中山路353號,48.125 kW,三信商業銀行股份有限公司,24SP1480-B026000001~6,5/20/26,2026-01-01~2026-03-31,認可,認可,0 MWh,4.72 MWh
阿波羅電力股份有限公司,辰信陳新發二期,太陽能,2026,12.923,0,彰化縣芳苑鄉草漢路草一段441巷建193號、彰化縣芳苑鄉崙腳段0019-0000地號,48.1 kW,阿波羅電力股份有限公司,24SP2321-B026000001~15,5/20/26,2026-01-01~2026-03-31,認可,認可,12.923 MWh,0 MWh
怡和綠電超商股份有限公司,晁能-黃美雀,太陽能,2026,14.015,0,彰化縣線西鄉下犁路128之22號,48 kW,怡和綠電超商股份有限公司,25SP3562-B026000001~16,5/20/26,2026-01-01~2026-03-31,認可,認可,14.015 MWh,0 MWh
艾涅爾電力股份有限公司,育渲-苓雅安養院,太陽能,2026,8.437,0,高雄市苓雅區文山路142號,47.97 kW,艾涅爾電力股份有限公司,24SP0810-B026000002~12,4/8/26,2026-01-01~2026-02-28,認可,認可,8.437 MWh,0 MWh
阿波羅電力股份有限公司,環球大宇宙光華里活動中心一二期,太陽能,2026,13.049,0,屏東縣潮州鎮光華里南京路163號,47.565 kW,阿波羅電力股份有限公司,25SP0228-B026000006~23,5/20/26,2026-01-01~2026-03-31,認可,認可,13.049 MWh,0 MWh
旺宏電子股份有限公司,旺宏電子股份有限公司員工宿舍ENG棟,太陽能,2026,0,12.672,新竹市東區新竹市東區明湖路1006巷166、168、186、188、198號,47.52 kW,旺宏電子股份有限公司,23SP0176-B026000001~15,5/20/26,2026-01-01~2026-03-31,認可,認可,0 MWh,12.672 MWh
國泰世華商業銀行股份有限公司,國泰世華商業銀行股份有限公司-新樹分行,太陽能,2026,0,10.484,新北市新莊區新樹路４９９號,47.52 kW,國泰世華商業銀行股份有限公司,23SP0299-B026000001~12,5/20/26,2026-01-01~2026-03-31,認可,認可,0 MWh,10.484 MWh
天能綠電股份有限公司,宏威環球-高雄路竹1號屋頂型太陽光電案場,太陽能,2026,13.566,0,高雄市路竹區高雄市路竹區環球路623巷2號,47.43 kW,天能綠電股份有限公司,24SP1610-B026000001~17,5/20/26,2026-01-01~2026-03-31,認可,認可,13.566 MWh,0 MWh
天能綠電股份有限公司,綠順-彰化縣大城鄉楓港段745地號,太陽能,2026,9.813,0,彰化縣大城鄉楓港段745地號,47.4 kW,天能綠電股份有限公司,24SP1021-B026000002~11,4/22/26,2026-01-01~2026-02-28,認可,認可,9.813 MWh,0 MWh
怡和綠電超商股份有限公司,賽斯-佳南老人長期照顧中心,太陽能,2026,13.222,0,屏東縣內埔鄉中林路48號,47.25 kW,怡和綠電超商股份有限公司,25SP1866-B026000001~14,5/20/26,2026-01-01~2026-03-31,認可,認可,13.222 MWh,0 MWh
阿波羅電力股份有限公司,杰捷渡子頭47.1kW,太陽能,2026,9.651,6.759,臺南市北門區渡子頭段0498-0033地號,47.1 kW,阿波羅電力股份有限公司,25SP1821-B026000001~18,5/20/26,2026-01-01~2026-03-31,認可,認可,9.651 MWh,6.759 MWh
財團法人中華民國佛教慈濟慈善事業基金會,慈濟屏東里港共修處,太陽能,2026,0,12.935,屏東縣里港鄉屏東縣里港鄉鐵店路34-28號,46.92 kW,財團法人中華民國佛教慈濟慈善事業基金會,25SP0730-B026000001~14,5/20/26,2026-01-01~2026-03-31,認可,認可,0 MWh,12.935 MWh
富威電力股份有限公司,聚眾-紳發太陽光電發電廠,太陽能,2026,4.285,0,彰化縣花壇鄉花橋街83巷5號,46.8 kW,富威電力股份有限公司,24SP2037-B026000002~31,4/1/26,2026-01-01~2026-02-28,認可,認可,4.285 MWh,0 MWh
怡和綠電超商股份有限公司,大昇-彰化竹塘(詹進源),太陽能,2026,8.797,6.136,彰化縣竹塘鄉光明路新田巷46號,46.8 kW,怡和綠電超商股份有限公司,25SP3569-B026000001~17,5/20/26,2026-01-01~2026-03-31,認可,認可,8.797 MWh,6.136 MWh
續興股份有限公司,黃俊銘545&546&555&556,太陽能,2026,12.597,0,澎湖縣湖西鄉鼎灣新段0545-0000、0546-0000、0555-0000、0556-0000地號,46.8 kW,續興股份有限公司,25SP2337-B026000001~15,5/20/26,2026-01-01~2026-03-31,認可,認可,12.597 MWh,0 MWh
宇軒電業股份有限公司,山子脚段2287地號,太陽能,2026,4.904,0,臺南市將軍區山子脚段2287地號,46.8 kW,宇軒電業股份有限公司,25SP1329-B026000006~10,4/15/26,2026-02-01~2026-02-28,認可,認可,4.904 MWh,0 MWh
怡和綠電超商股份有限公司,達意光電-彰化番金路,太陽能,2026,14.405,0,彰化縣埔鹽鄉番金路2巷25-60、25-61號,46.74 kW,怡和綠電超商股份有限公司,25SP3980-B026000002~18,5/20/26,2026-01-01~2026-03-31,認可,認可,14.405 MWh,0 MWh
頎邦科技股份有限公司,頎邦光復廠46.23kW,太陽能,2026,0,6.634,新竹縣湖口鄉光復路12號,46.23 kW,頎邦科技股份有限公司,22SP0019-B026000001~8,5/20/26,2026-01-01~2026-03-31,認可,認可,0 MWh,6.634 MWh
艾涅爾電力股份有限公司,永旭綠能-慧光佛堂PV0765,太陽能,2026,8.456,0,臺南市麻豆區民族路12之1號,46.23 kW,艾涅爾電力股份有限公司,25SP0773-B026000001~10,4/8/26,2026-01-01~2026-02-28,認可,認可,8.456 MWh,0 MWh
晨星電力股份有限公司,(陽光)雲林監獄陽光四期,太陽能,2026,12.702,0,雲林縣虎尾鎮仁愛新村1號、16號,46.2 kW,晨星電力股份有限公司,25SP1851-B026000001~14,5/20/26,2026-01-01~2026-03-31,認可,認可,12.702 MWh,0 MWh
阿波羅電力股份有限公司,吉晟湖西鄉林投北段1401地號,太陽能,2026,7.575,4.957,澎湖縣湖西鄉林投北段1401-0000地號,46.2 kW,阿波羅電力股份有限公司,25SP3243-B026000001~14,5/20/26,2026-01-01~2026-03-31,認可,認可,7.575 MWh,4.957 MWh
陽光伏特家電力股份有限公司,昇太彰化2廠,太陽能,2026,3.844,0,彰化縣彰化市茄苳路二段10巷26號,46.2 kW,陽光伏特家電力股份有限公司,24SP2021-B026000001~70,5/20/26,2026-01-01~2026-03-31,認可,認可,3.844 MWh,0 MWh
怡和綠電超商股份有限公司,賽斯新能源-雄中-軍訓大樓一期,太陽能,2026,15.574,0,高雄市三民區建國三路50號,45.99 kW,怡和綠電超商股份有限公司,25SP1276-B026000001~17,5/20/26,2026-01-01~2026-03-31,認可,認可,15.574 MWh,0 MWh
陽光伏特家電力股份有限公司,耆光新澎湖12廠,太陽能,2026,13.209,0,澎湖縣湖西鄉林投北段1223-0000、1224-0000地號,45.9 kW,陽光伏特家電力股份有限公司,24SP2300-B026000001~14,5/20/26,2026-01-01~2026-03-31,認可,認可,13.209 MWh,0 MWh
譁裕實業股份有限公司,譁裕實業股份有限公司,太陽能,2026,0,10.894,新竹縣湖口鄉鳳工路35號,45.9 kW,譁裕實業股份有限公司,24SP1917-B026000001~12,5/20/26,2026-01-01~2026-03-31,認可,認可,0 MWh,10.894 MWh
渣打國際商業銀行股份有限公司,渣打國際商業銀行股份有限公司(三民分行),太陽能,2026,0,2.309,桃園市桃園區三民路三段301號,45.54 kW,渣打國際商業銀行股份有限公司,23SP0253-B026000001~3,4/1/26,2026-01-01~2026-02-28,認可,認可,0 MWh,2.309 MWh
昱京科技股份有限公司,昱京科技股份有限公司,太陽能,2026,0,7.162,桃園市桃園區大仁路50巷66號(屋頂),45.5 kW,昱京科技股份有限公司,21SP0046-B026000001~9,5/20/26,2026-01-01~2026-03-31,認可,認可,0 MWh,7.162 MWh
國泰人壽保險股份有限公司,置地廣場桃園,太陽能,2026,0,8.196,桃園市中壢區春德路105號,45.36 kW,國泰人壽保險股份有限公司,20SP0025-B026000001~9,5/20/26,2026-01-01~2026-03-31,認可,認可,0 MWh,8.196 MWh
財團法人宜蘭縣私立竹林養護院,竹林養護院,太陽能,2026,0,9.642,宜蘭縣礁溪鄉六結路151、151之6號,45.26 kW,財團法人宜蘭縣私立竹林養護院,20SP0011-B026000001~11,5/20/26,2026-01-01~2026-03-31,認可,認可,0 MWh,9.642 MWh
續興股份有限公司,旭愛能源楊錦珍二期,太陽能,2026,11.094,0,南投縣草屯鎮中正路1151號,45.22 kW,續興股份有限公司,25SP2352-B026000001~12,5/20/26,2026-01-01~2026-03-31,認可,認可,11.094 MWh,0 MWh
怡和綠電超商股份有限公司,弘基-屏東內埔_弘基(聯葳),太陽能,2026,14.636,0,屏東縣內埔鄉德美路340號(屏東縣內埔鄉復興段494-6地號),45.21 kW,怡和綠電超商股份有限公司,25SP3336-B026000001~16,5/20/26,2026-01-01~2026-03-31,認可,認可,14.636 MWh,0 MWh
開陽電力股份有限公司,玖基企業-彰化縣消防局第一大隊彰化東區消防分隊,太陽能,2026,8.203,0,彰化縣彰化市中山路3段266號,45.175 kW,開陽電力股份有限公司,25SP2731-B026000001~10,4/1/26,2026-01-01~2026-02-28,認可,認可,8.203 MWh,0 MWh
中國衛生材料生產中心股份有限公司,花壇廠45.08kWp-太陽能併聯型系統,太陽能,2026,0,15.068,彰化縣花壇鄉花橋街89-1號,45.08 kW,中國衛生材料生產中心股份有限公司,25SP0949-B026000001~16,5/20/26,2025-10-01~2026-03-31,認可,認可,0 MWh,15.068 MWh
亞東石化股份有限公司,亞東石化第八案,太陽能,2026,0,0.606,桃園市觀音區工業七路2號,44.8 kW,亞東石化股份有限公司,23SP0372-B026000001,5/20/26,2026-01-01~2026-03-31,認可,認可,0 MWh,0.606 MWh
續興股份有限公司,鑫匯賢,太陽能,2026,14.101,0,屏東縣屏東市清溪里和生路三段650巷16號,44.28 kW,續興股份有限公司,25SP1081-B026000001~16,5/20/26,2026-01-01~2026-03-31,認可,認可,14.101 MWh,0 MWh
阿波羅電力股份有限公司,禾盈運發局-三民槌球場,太陽能,2026,0,11.294,高雄市三民區九如一路781號,44.2 kW,阿波羅電力股份有限公司,25SP4256-B026000001~13,5/20/26,2026-01-01~2026-03-31,認可,認可,0 MWh,11.294 MWh
怡和綠電超商股份有限公司,御鑒科技-諾貝爾二期(鳳林校),太陽能,2026,10.906,0,高雄市大寮區仁德路8之2號,44.1 kW,怡和綠電超商股份有限公司,25SP3571-B026000002~17,5/20/26,2026-01-01~2026-03-31,認可,認可,10.906 MWh,0 MWh
凱基人壽保險股份有限公司,凱基金控總部,太陽能,2026,0,8.91,臺北市松山區敦化北路135號3、4、5、6、7樓,44.03 kW,凱基人壽保險股份有限公司,21SP0024-B026000001~10,5/20/26,2026-01-01~2026-03-31,認可,認可,0 MWh,8.91 MWh
艾涅爾電力股份有限公司,太旭-二水農會二期PV0485,太陽能,2026,6.682,0,彰化縣二水鄉員集路三段678號,43.99 kW,艾涅爾電力股份有限公司,24SP0131-B026000002~12,4/8/26,2026-01-01~2026-02-28,認可,認可,6.682 MWh,0 MWh
續興股份有限公司,大社農會超市,太陽能,2026,11.961,0,高雄市大社區三民路334號,43.89 kW,續興股份有限公司,25SP0354-B026000001~14,5/20/26,2026-01-01~2026-03-31,認可,認可,11.961 MWh,0 MWh
南方電力股份有限公司,杉林農會太陽光電發電廠,太陽能,2026,13.803,0,高雄市杉林區山仙路32號,43.615 kW,南方電力股份有限公司,24SP0918-B026000001~15,5/20/26,2026-01-01~2026-03-31,認可,認可,13.803 MWh,0 MWh
續興股份有限公司,旭信電力維堤(二)廠地面型,太陽能,2026,6.362,0,宜蘭縣蘇澳鎮頂寮段0662-0086地號,43.5 kW,續興股份有限公司,24SP0660-B026000001~8,5/20/26,2026-01-01~2026-03-31,認可,認可,6.362 MWh,0 MWh
台灣自來水股份有限公司第十二區管理處,台灣自來水股份有限公司第12區管理處,太陽能,2026,0,8.276,新北市三峽區復興路551號,43.2 kW,台灣自來水股份有限公司第十二區管理處,25SP0258-B026000001~10,5/20/26,2026-01-01~2026-03-31,認可,認可,0 MWh,8.276 MWh
續興股份有限公司,澎湖_黃俊銘781,太陽能,2026,10.056,0,澎湖縣湖西鄉鼎灣新段0781-0000地號,43.2 kW,續興股份有限公司,25SP2348-B026000001~12,5/20/26,2026-01-01~2026-03-31,認可,認可,10.056 MWh,0 MWh
晨星電力股份有限公司,(陽光綠能)蔡金德,太陽能,2026,5.564,7.247,雲林縣大埤鄉尚義村下崙2之2號,43.125 kW,晨星電力股份有限公司,25SP4385-B026000004~28,5/20/26,2026-01-01~2026-03-31,認可,認可,5.564 MWh,7.247 MWh
晨星電力股份有限公司,(亞沃)楓康超市,太陽能,2026,13.57,0,臺中市大肚區南榮路49號,42.78 kW,晨星電力股份有限公司,25SP2715-B026000001~15,5/20/26,2026-01-01~2026-03-31,認可,認可,13.57 MWh,0 MWh
阿波羅電力股份有限公司,廣稷環美,太陽能,2026,13,0,屏東縣東港鎮興農里4鄰環美路70號,42.6 kW,阿波羅電力股份有限公司,24SP2197-B026000006~22,5/20/26,2026-01-01~2026-03-31,認可,認可,13 MWh,0 MWh
康展電力股份有限公司,全盈光電_S150108彰化線西趙嘉盈53住宅,太陽能,2026,12.186,0,彰化縣線西鄉中央路3段108巷53號,42.5 kW,康展電力股份有限公司,25SP3142-B026000001~20,5/20/26,2026-01-01~2026-03-31,認可,認可,12.186 MWh,0 MWh
晨星電力股份有限公司,(統益)大灣高中-科學大樓,太陽能,2026,11.39,1.756,臺南市永康區文賢街68巷1號,42.24 kW,晨星電力股份有限公司,25SP4071-B026000004~22,5/20/26,2026-01-01~2026-03-31,認可,認可,11.39 MWh,1.756 MWh
陽光伏特家電力股份有限公司,王永昌彰化1、2廠,太陽能,2026,5.371,0,彰化縣大村鄉大崙路23之36號,42.16 kW,陽光伏特家電力股份有限公司,24SP2499-B026000001~6,4/1/26,2026-01-01~2026-02-28,認可,認可,5.371 MWh,0 MWh
南方電力股份有限公司,金氏大停車場太陽光電發電廠,太陽能,2026,2.53,,高雄市苓雅區福裕段1173地號(第一大隊暨苓雅分隊東側大停車場),42.12 kW,南方電力股份有限公司,25SP3922-B026000003~4,5/20/26,2026-01-01~2026-03-31,認可,認可,2.53 MWh,0 MWh
晨星電力股份有限公司,(佳金)六甲 許福全-2,太陽能,2026,12.012,,臺南市六甲區中正路146巷26號(六甲區七甲段0297-0000地號),42 kW,晨星電力股份有限公司,25SP4238-B026000001~13,5/20/26,2026-01-01~2026-03-31,認可,認可,12.012 MWh,0 MWh
陽光伏特家電力股份有限公司,鴻灝電澎湖4廠,太陽能,2026,4.854,,澎湖縣馬公市鐵線段0948-0000地號,41.82 kW,陽光伏特家電力股份有限公司,24SP2256-B026000001~284,4/1/26,2026-01-01~2026-02-28,認可,認可,4.854 MWh,0 MWh
艾涅爾電力股份有限公司,晴揚能源-龍程彈簧71-8 PV0645,太陽能,2026,8.647,,彰化縣秀水鄉長安巷71之8號,41.28 kW,艾涅爾電力股份有限公司,25SP0534-B026000001~10,4/8/26,2026-01-01~2026-02-28,認可,認可,8.647 MWh,0 MWh
開陽電力股份有限公司,玖基企業股份有限公司-農業部農業藥物試驗所(植物保護資材製劑先導工廠),太陽能,2026,6.966,,臺中市霧峰區光明路11號,41.1 kW,開陽電力股份有限公司,25SP1614-B026000001~8,4/1/26,2026-01-01~2026-02-28,認可,認可,6.966 MWh,0 MWh
續興股份有限公司,翊喬螺絲,太陽能,2026,13.006,,高雄市岡山區為隨西路97號,40.92 kW,續興股份有限公司,25SP0353-B026000001~14,5/20/26,2026-01-01~2026-03-31,認可,認可,13.006 MWh,0 MWh
阿波羅電力股份有限公司,辰翔蔡沛錡二期,太陽能,2026,12.971,,雲林縣崙背鄉南昌路167巷30號,40.92 kW,阿波羅電力股份有限公司,25SP0523-B026000001~15,5/20/26,2026-01-01~2026-03-31,認可,認可,12.971 MWh,0 MWh
阿波羅電力股份有限公司,銘峻林素如場40.8kW,太陽能,2026,8.592,,臺南市佳里區子龍里子良廟40號之55 (佳里區永昌段0374-0000地號),40.8 kW,阿波羅電力股份有限公司,25SP1823-B026000001~16,5/20/26,2026-01-01~2026-03-31,認可,認可,8.592 MWh,5.619 MWh
合作金庫商業銀行股份有限公司,合作金庫商業銀行股份有限公司(港都分行),太陽能,2026,0,,高雄市前金區中正四路230號,40.7 kW,合作金庫商業銀行股份有限公司,23SP0195-B026000002~12,5/20/26,2026-01-01~2026-03-31,認可,認可,0 MWh,10.961 MWh
國泰世華商業銀行股份有限公司,國泰世華商業銀行股份有限公司-鳳山分行,太陽能,2026,0,,高雄市鳳山區中山西路203號,40.425 kW,國泰世華商業銀行股份有限公司,25SP3706-B026000001~15,5/20/26,0114-11-17~2026-03-31,認可,認可,0 MWh,14.508 MWh
大自然能源電業股份有限公司,NP181034C001(宗冠-仁武一),太陽能,2026,6.743,4.737,高雄市仁武區鳳仁路369巷28弄38、40號,40.3 kW,大自然能源電業股份有限公司,24SP1392-B026000001~13,5/20/26,2026-01-01~2026-03-31,認可,認可,6.743 MWh,4.737 MWh
大自然能源電業股份有限公司,NP071031C005烏日8號案場,太陽能,2026,7.671,4.973,臺中市烏日區長春街583巷8號,40.26 kW,大自然能源電業股份有限公司,24SP1057-B026000001~13,5/20/26,2026-01-01~2026-03-31,認可,認可,7.671 MWh,4.973 MWh
德昱企業股份有限公司,德昱企業太平案場,太陽能,2026,0,8.172,臺中市太平區宜昌東路166號,40.18 kW,德昱企業股份有限公司,25SP0089-B026000001~9,5/20/26,2026-01-01~2026-03-31,認可,認可,0 MWh,8.172 MWh
國泰世華商業銀行股份有限公司,國泰世華商業銀行股份有限公司-三重分行,太陽能,2026,0,8.52,新北市三重區重陽路二段29號,40.04 kW,國泰世華商業銀行股份有限公司,25SP0968-B026000001~10,5/20/26,2026-01-01~2026-03-31,認可,認可,0 MWh,8.52 MWh
怡和綠電超商股份有限公司,大昇-臺南學甲_弘福,太陽能,2026,8.204,4.425,臺南市學甲區寶發路368號,39.69 kW,怡和綠電超商股份有限公司,25SP2638-B026000001~23,5/20/26,2026-01-01~2026-03-31,認可,認可,8.204 MWh,4.425 MWh
南方電力股份有限公司,高雄市內門區木柵26號太陽光電發電廠,太陽能,2026,12.356,0,高雄市內門區木柵26號,39.69 kW,南方電力股份有限公司,24SP1285-B026000001~13,5/20/26,2026-01-01~2026-03-31,認可,認可,12.356 MWh,0 MWh
星星電力股份有限公司,安和營區錶10-勤務中隊-A(屋頂) (18期),太陽能,2026,7.348,0,屏東縣屏東市勝利路333號(空軍第一後勤指揮部-勤務中隊),39.655 kW,星星電力股份有限公司,25SP2383-B026000001~88,5/20/26,2026-02-01~2026-03-31,認可,認可,7.348 MWh,0 MWh
大自然能源電業股份有限公司,NP181034C002(宗冠-仁武二),太陽能,2026,6.846,4.726,高雄市仁武區鳳仁路369巷28弄48、50號,39.65 kW,大自然能源電業股份有限公司,24SP1602-B026000001~13,5/20/26,2026-01-01~2026-03-31,認可,認可,6.846 MWh,4.726 MWh
天能綠電股份有限公司,鴻晶-高雄市仁武區工業二路17巷61、63號,太陽能,2026,10.623,0,高雄市仁武區工業二路17巷61、63號,39.65 kW,天能綠電股份有限公司、鴻晶新科技股份有限公司,24SP1957-B026000040~77,5/20/26,2026-01-01~2026-03-31,認可,認可,10.623 MWh,0 MWh
國泰人壽保險股份有限公司,國泰人壽保險股份有限公司(台南中山大樓147號),太陽能,2026,0,12.496,臺南市中西區臺南市中西區中山路147號,39.6 kW,國泰人壽保險股份有限公司,25SP1409-B026000001~14,5/20/26,2026-01-01~2026-03-31,認可,認可,0 MWh,12.496 MWh
天能綠電股份有限公司,晶泰-彰化秀水秀中街太陽光電案場,太陽能,2026,3.832,0,彰化縣秀水鄉秀中街70之4號,39.6 kW,天能綠電股份有限公司,24SP1050-B026000005~8,4/1/26,2026-02-01~2026-02-28,認可,認可,3.832 MWh,0 MWh
立宏機械有限公司,立宏機械,太陽能,2026,0,9.169,高雄市茄萣區莒光路三段270-2號,39.36 kW,立宏機械有限公司,24SP1004-B026000001~11,5/20/26,2026-01-01~2026-03-31,認可,認可,0 MWh,9.169 MWh
怡和綠電超商股份有限公司,大昇-高雄內門_洪清坤,太陽能,2026,11.144,0,高雄市內門區三平里橫山28號,39.325 kW,怡和綠電超商股份有限公司,25SP2518-B026000001~13,5/20/26,2026-01-01~2026-03-31,認可,認可,11.144 MWh,0 MWh
台灣水泥股份有限公司蘇澳廠,太白山礦場太陽能發電站,太陽能,2026,0,5.151,宜蘭縣南澳鄉東岳村永樂路366號,39.06 kW,台灣水泥股份有限公司蘇澳廠,22SP0049-B026000001~6,5/20/26,2026-01-01~2026-03-31,認可,認可,0 MWh,5.151 MWh
臺北市政府產業發展局,臺北市政府產業發展局 興隆市場,太陽能,2026,0,4.316,臺北市文山區興隆路2段97號,39.06 kW,臺北市政府產業發展局,17SP0020-B026000001~5,5/20/26,2026-01-01~2026-03-31,認可,認可,0 MWh,4.316 MWh
阿波羅電力股份有限公司,吉晟白沙鄉下瓦硐段1230地號,太陽能,2026,6.108,4.521,澎湖縣白沙鄉下瓦硐段1230-0000地號,38.94 kW,阿波羅電力股份有限公司,25SP3930-B026000001~12,5/20/26,2026-01-01~2026-03-31,認可,認可,6.108 MWh,4.521 MWh
怡和綠電超商股份有限公司,嘉創-王功農漁牧生產合作社,太陽能,2026,11.449,0,彰化縣芳苑鄉王功段1827-0021、1827-0022、1827-0023、1827-0024,38.5 kW,怡和綠電超商股份有限公司,25SP3763-B026000002~15,5/20/26,2026-01-01~2026-03-31,認可,認可,11.449 MWh,0 MWh
開陽電力股份有限公司,玖基企業-彰化縣政府(福興鄉衛生所),太陽能,2026,6.568,0,彰化縣福興鄉福興路51巷2號(彰化縣福興鄉衛生所),38.025 kW,開陽電力股份有限公司,25SP1597-B026000001~8,4/1/26,2026-01-01~2026-02-28,認可,認可,6.568 MWh,0 MWh
怡和綠電超商股份有限公司,嘉創-台灣小原光學2,太陽能,2026,11.648,0,臺中市潭子區西環路5號,37.95 kW,怡和綠電超商股份有限公司,25SP3770-B026000002~16,5/20/26,2026-01-01~2026-03-31,認可,認可,11.648 MWh,0 MWh
續興股份有限公司,長旺工業城(A8),太陽能,2026,9.983,0,高雄市燕巢區新厝巷18弄100號,37.8 kW,續興股份有限公司,25SP1944-B026000001~11,5/20/26,2026-01-01~2026-03-31,認可,認可,9.983 MWh,0 MWh
台灣水泥股份有限公司高雄水泥製品廠,台灣水泥股份有限公司高雄水泥製品廠,太陽能,2026,0,8.238,高雄市仁武區工業一路16號,37.62 kW,台灣水泥股份有限公司高雄水泥製品廠,21SP0069-B026000001~10,5/20/26,2026-01-01~2026-03-31,認可,認可,0 MWh,8.238 MWh
寶島陽光電力事業股份有限公司,玉衡能源股份有限公司(潮洋里活動中心),太陽能,2026,12.18,0,臺中市西屯區市政北二路400號,37.62 kW,寶島陽光電力事業股份有限公司,24SP2446-B026000002~19,5/20/26,2026-01-01~2026-03-31,認可,認可,12.18 MWh,0 MWh
合作金庫商業銀行股份有限公司,合作金庫商業銀行股份有限公司(北苗栗分行),太陽能,2026,0,14.652,苗栗縣苗栗市中苗里11鄰中正路396號,37.5 kW,合作金庫商業銀行股份有限公司,24SP0347-B026000001~16,5/20/26,2026-01-01~2026-03-31,認可,認可,0 MWh,14.652 MWh
開陽電力股份有限公司,玖基企業-彰化縣警察局員林分局永靖分駐所,太陽能,2026,6.81,0,彰化縣永靖鄉中山路二段17號,37.375 kW,開陽電力股份有限公司,25SP1596-B026000001~8,4/1/26,2026-01-01~2026-02-28,認可,認可,6.81 MWh,0 MWh
開陽電力股份有限公司,玖基企業-彰化縣北斗戶政事務所,太陽能,2026,5.935,0,彰化縣北斗鎮光復路215號,37.375 kW,開陽電力股份有限公司,25SP2733-B026000001~6,4/1/26,2026-01-01~2026-02-28,認可,認可,5.935 MWh,0 MWh
怡和綠電超商股份有限公司,鑫元陽-德曜精密,太陽能,2026,9.275,0,高雄市梓官區大舍東路300巷52號,37.345 kW,怡和綠電超商股份有限公司,25SP2519-B026000001~174,5/20/26,2026-01-01~2026-03-31,認可,認可,9.275 MWh,0 MWh
財團法人中華民國佛教慈濟慈善事業基金會,慈濟-八德回收站,太陽能,2026,0,1.382,臺北市中山區長安段二小段698-2地號,36.9 kW,財團法人中華民國佛教慈濟慈善事業基金會,24SP0893-B026000001~2,4/1/26,2026-01-01~2026-02-28,認可,認可,0 MWh,1.382 MWh
十萬伏特電力股份有限公司,台中-溪南國中(廚房)案,太陽能,2026,6.256,0,臺中市烏日區溪南路一段731號,36.9 kW,十萬伏特電力股份有限公司,25SP4108-B026000001~8,4/22/26,2026-01-01~2026-02-28,認可,認可,6.256 MWh,0 MWh
國智經編工業股份有限公司,國智經編工業股份有限公司-一期,太陽能,2026,0,8.344,桃園市龍潭區聖亭路207號,36.9 kW,國智經編工業股份有限公司,24SP1992-B026000001~10,5/20/26,2026-01-01~2026-03-31,認可,認可,0 MWh,8.344 MWh
彩麗實業股份有限公司,彩麗實業股份有限公司(二期低壓),太陽能,2026,0,2.635,臺中市梧棲區草湳里永興路二段362巷36號,36.8 kW,彩麗實業股份有限公司,24SP1939-B026000001~3,4/1/26,2026-01-01~2026-02-28,認可,認可,0 MWh,2.635 MWh
艾涅爾電力股份有限公司,仁愛之家-玫瑰園養護所,太陽能,2026,7.477,0,高雄市大寮區民順街50號,36.75 kW,艾涅爾電力股份有限公司,24SP0223-B026000001~8,4/8/26,2026-01-01~2026-02-28,認可,認可,7.477 MWh,0 MWh
晨星電力股份有限公司,(盟陽)林新寶,太陽能,2026,12.85,0,屏東縣枋寮鄉沿山路1段175號,36.54 kW,晨星電力股份有限公司,25SP4054-B026000001~24,5/20/26,2026-01-01~2026-03-31,認可,認可,12.85 MWh,0 MWh
晨星電力股份有限公司,(誠陽)誠陽孫忠漢,太陽能,2026,12.667,0,屏東縣枋寮鄉沿山路一段169號,36.54 kW,晨星電力股份有限公司,25SP4040-B026000001~14,5/20/26,2026-01-01~2026-03-31,認可,認可,12.667 MWh,0 MWh
華南商業銀行股份有限公司,華南商業銀行苗栗分行,太陽能,2026,0,5.74,苗栗縣苗栗市青苗里1鄰中正路686號,36.52 kW,華南商業銀行股份有限公司,25SP1164-B026000001~7,5/20/26,2026-01-01~2026-03-31,認可,認可,0 MWh,5.74 MWh
兆豐國際商業銀行股份有限公司,兆豐銀行嘉興分行-太陽光電發電系統建置工程,太陽能,2026,0,12.286,嘉義市東區吳鳳北路379號、379號等、381號、381號3樓、381號4樓、381號5樓、381號6樓、381號7樓、 381號8樓、381號9樓及381號10樓,36.4 kW,兆豐國際商業銀行股份有限公司,25SP2788-B026000001~13,5/20/26,2025-10-30~2026-03-31,認可,認可,0 MWh,12.286 MWh
艾涅爾電力股份有限公司,碩燿-鎮國工業城PV0100,太陽能,2026,6.877,0,雲林縣北港鎮新街里民樂路268之91號,36.3 kW,艾涅爾電力股份有限公司,24SP1352-B026000001~8,4/8/26,2026-01-01~2026-02-28,認可,認可,6.877 MWh,0 MWh
艾涅爾電力股份有限公司,碩燿-鎮國工業城PV0084,太陽能,2026,7.231,0,雲林縣北港鎮新街里民樂路268之81號,36.3 kW,艾涅爾電力股份有限公司,24SP1055-B026000001~8,4/8/26,2026-01-01~2026-02-28,認可,認可,7.231 MWh,0 MWh
艾涅爾電力股份有限公司,碩燿-鎮國工業城PV0077,太陽能,2026,6.573,0,雲林縣北港鎮新街里民樂路268之89號,36.3 kW,艾涅爾電力股份有限公司,24SP0925-B026000001~8,4/8/26,2026-01-01~2026-02-28,認可,認可,6.573 MWh,0 MWh
艾涅爾電力股份有限公司,碩燿-鎮國工業城PV0076,太陽能,2026,6.693,0,雲林縣北港鎮新街里民樂路268之88號,36.3 kW,艾涅爾電力股份有限公司,24SP0924-B026000001~8,4/8/26,2026-01-01~2026-02-28,認可,認可,6.693 MWh,0 MWh
艾涅爾電力股份有限公司,碩燿-鎮國工業城PV0085,太陽能,2026,6.801,0,雲林縣北港鎮新街里民樂路268之78號,36.3 kW,艾涅爾電力股份有限公司,24SP1059-B026000001~8,4/8/26,2026-01-01~2026-02-28,認可,認可,6.801 MWh,0 MWh
艾涅爾電力股份有限公司,碩燿-鎮國工業城PV0086,太陽能,2026,6.838,0,雲林縣北港鎮新街里民樂路268之77號,36.3 kW,艾涅爾電力股份有限公司,24SP1043-B026000001~8,4/8/26,2026-01-01~2026-02-28,認可,認可,6.838 MWh,0 MWh
艾涅爾電力股份有限公司,碩燿-鎮國工業城PV0112,太陽能,2026,6.931,0,雲林縣北港鎮新街里民樂路268之80號,36.3 kW,艾涅爾電力股份有限公司,24SP1355-B026000001~8,4/8/26,2026-01-01~2026-02-28,認可,認可,6.931 MWh,0 MWh
艾涅爾電力股份有限公司,碩燿-鎮國工業城PV0099,太陽能,2026,6.974,0,雲林縣北港鎮新街里民樂路268之92號,36.3 kW,艾涅爾電力股份有限公司,24SP1353-B026000001~8,4/8/26,2026-01-01~2026-02-28,認可,認可,6.974 MWh,0 MWh
阿波羅電力股份有限公司,睿陽雲林口湖案,太陽能,2026,4.557,0,雲林縣口湖鄉中山路158、160號,36.27 kW,阿波羅電力股份有限公司,25SP0851-B026000001~6,5/20/26,2026-01-01~2026-03-31,認可,認可,4.557 MWh,0 MWh
怡和綠電超商股份有限公司,嘉創-順偉輪胎2,太陽能,2026,10.4,0,臺中市梧棲區自立路21號,36.19 kW,怡和綠電超商股份有限公司,25SP3890-B026000002~14,5/20/26,2026-01-01~2026-03-31,認可,認可,10.4 MWh,0 MWh
開陽電力股份有限公司,玖基企業股份有限公司-農業部農業藥物試驗所(餐廳倉庫),太陽能,2026,5.738,0,臺中市霧峰區光明路11號,36 kW,開陽電力股份有限公司,25SP1617-B026000001~6,4/1/26,2026-01-01~2026-02-28,認可,認可,5.738 MWh,0 MWh
衛生福利部嘉南療養院,衛生福利部嘉南療養院3期,太陽能,2026,0,11.441,臺南市仁德區裕忠路539號,36 kW,衛生福利部嘉南療養院,25SP0106-B026000001~13,5/20/26,2026-01-01~2026-03-31,認可,認可,0 MWh,11.441 MWh
好市多股份有限公司北台中分公司,好市多北台中加油站,太陽能,2026,0,13.363,臺中市北屯區敦富路368號,35.88 kW,好市多股份有限公司北台中分公司,21SP0002-B026000001~16,5/20/26,2026-01-01~2026-03-31,認可,認可,0 MWh,13.363 MWh
國泰世華商業銀行股份有限公司,國泰世華商業銀行股份有限公司-豐原分行,太陽能,2026,0,11.397,臺中市豐原區三民路199號,35.64 kW,國泰世華商業銀行股份有限公司,23SP0244-B026000001~12,5/20/26,2026-01-01~2026-03-31,認可,認可,0 MWh,11.397 MWh
臺北市大同區公所,臺北市大同區公所頂樓,太陽能,2026,0,5.394,臺北市大同區昌吉街57號頂樓,35.64 kW,臺北市大同區公所,21SP0064-B026000001~7,5/20/26,2026-01-01~2026-03-31,認可,認可,0 MWh,5.394 MWh
怡和綠電超商股份有限公司,輝煌綠能-阡福實業二期,太陽能,2026,11.928,0,臺南市安南區開安二街36號,35.64 kW,怡和綠電超商股份有限公司,25SP2395-B026000001~13,5/20/26,2026-01-01~2026-03-31,認可,認可,11.928 MWh,0 MWh
國泰世華商業銀行股份有限公司,國泰世華商業銀行股份有限公司-清水分行,太陽能,2026,0,11.008,臺中市清水區中山路170號,35.64 kW,國泰世華商業銀行股份有限公司,23SP0206-B026000001~12,5/20/26,2026-01-01~2026-03-31,認可,認可,0 MWh,11.008 MWh
艾涅爾電力股份有限公司,仁愛之家-前金區中華四路,太陽能,2026,6.974,0,高雄市前金區中華四路356號,35.625 kW,艾涅爾電力股份有限公司,24SP0198-B026000001~8,4/8/26,2026-01-01~2026-02-28,認可,認可,6.974 MWh,0 MWh
台北富邦商業銀行股份有限公司,台北富邦商業銀行股份有限公司,太陽能,2026,0,10.918,臺北市中山區中山北路二段50號,35.4 kW,台北富邦商業銀行股份有限公司,19SP0007-B026000001~12,5/20/26,2025-12-01~2026-03-31,認可,認可,0 MWh,10.918 MWh
開陽電力股份有限公司,玖基企業-彰化縣消防局第二大隊田中消防分隊,太陽能,2026,5.727,0,彰化縣田中鎮斗中路1段230號,35.1 kW,開陽電力股份有限公司,25SP2741-B026000001~6,4/1/26,2026-01-01~2026-02-28,認可,認可,5.727 MWh,0 MWh
怡和綠電超商股份有限公司,鑫元陽-高雄鼎玫,太陽能,2026,3.752,0,高雄市左營區自由四路239號,34.68 kW,怡和綠電超商股份有限公司,25SP1692-B026000005~8,4/1/26,2026-02-01~2026-02-28,認可,認可,3.752 MWh,0 MWh
國泰世華商業銀行股份有限公司,國泰世華商業銀行股份有限公司-南高雄分行,太陽能,2026,0,14.083,高雄市前鎮區民權二路385號,34.65 kW,國泰世華商業銀行股份有限公司,25SP3707-B026000001~15,5/20/26,2025-11-17~2026-03-31,認可,認可,0 MWh,14.083 MWh
國泰世華商業銀行股份有限公司,國泰世華商業銀行股份有限公司-中港分行,太陽能,2026,0,9.892,臺中市西屯區台灣大道二段600號,34.65 kW,國泰世華商業銀行股份有限公司,25SP0653-B026000001~11,5/20/26,2026-01-01~2026-03-31,認可,認可,0 MWh,9.892 MWh
續興股份有限公司,喬靖二期,太陽能,2026,9.81,0,臺中市豐原區朴子街329號,34.5 kW,續興股份有限公司,25SP2349-B026000001~11,5/20/26,2026-01-01~2026-03-31,認可,認可,9.81 MWh,0 MWh
康展電力股份有限公司,鑫二能源_S240083澎湖馬公陳命章住宅,太陽能,2026,8.743,0,澎湖縣馬公市西文澳96之21號,34.44 kW,康展電力股份有限公司,25SP3145-B026000014~20,5/20/26,2026-01-01~2026-03-31,認可,認可,8.743 MWh,0 MWh
艾涅爾電力股份有限公司,日振-蔡照慶PV0335,太陽能,2026,5.827,0,雲林縣土庫鎮南平里仁愛街22之1、22之2、22之3號,33.99 kW,艾涅爾電力股份有限公司,25SP2043-B026000001~8,4/8/26,2026-01-01~2026-02-28,認可,認可,5.827 MWh,0 MWh
政伸企業股份有限公司,政伸企業股份有限公司-二期,太陽能,2026,0,8.747,臺中市西屯區工業區十二路6號,33.82 kW,政伸企業股份有限公司,24SP0273-B026000001~10,5/20/26,2026-01-01~2026-03-31,認可,認可,0 MWh,8.747 MWh
南山人壽保險股份有限公司,新市園區H棟,太陽能,2026,0,11.094,臺南市新市區三民街139號(A戶)、139號2樓(B戶)、139號3樓(C戶)、139號4樓(D戶),33.82 kW,南山人壽保險股份有限公司,24SP0767-B026000001~12,5/20/26,2026-01-01~2026-03-31,認可,認可,0 MWh,11.094 MWh
怡和綠電超商股份有限公司,賽斯-嘉興國中三期廚房(屋),太陽能,2026,10.105,0,高雄市岡山區信中街486號,33.75 kW,怡和綠電超商股份有限公司,25SP1288-B026000001~12,5/20/26,2026-01-01~2026-03-31,認可,認可,10.105 MWh,0 MWh
怡和綠電超商股份有限公司,御瑟能源-台中霧峰劉博仁,太陽能,2026,10.647,0,臺中市霧峰區六股路72號,33.66 kW,怡和綠電超商股份有限公司,25SP3984-B026000002~17,5/20/26,2026-01-01~2026-03-31,認可,認可,10.647 MWh,0 MWh
怡和綠電超商股份有限公司,漢翔(王董)-溪州圖書館,太陽能,2026,3.564,0,彰化縣溪州鄉溪下路4段556號,33.66 kW,怡和綠電超商股份有限公司,25SP1717-B026000005~8,4/1/26,2026-02-01~2026-02-28,認可,認可,3.564 MWh,0 MWh
續興股份有限公司,旭愛能源朋程三廠1,太陽能,2026,7.395,0,桃園市蘆竹區南崁路2段12號,33.63 kW,續興股份有限公司,25SP0257-B026000001~9,5/20/26,2026-01-01~2026-03-31,認可,認可,7.395 MWh,0 MWh
怡和綠電超商股份有限公司,聯發-路竹林素羚-特登,太陽能,2026,10.416,0,高雄市路竹區復興路181之1號,33.6 kW,怡和綠電超商股份有限公司,25SP1119-B026000001~13,5/20/26,2026-01-01~2026-03-31,認可,認可,10.416 MWh,0 MWh
暘洲股份有限公司,暘洲股份有限公司太陽光電,太陽能,2026,0,14.66,臺中市太平區長龍路一段213號,33.6 kW,暘洲股份有限公司,25SP1326-B026000001~15,5/20/26,2025-08-07~2026-03-31,認可,認可,0 MWh,14.66 MWh
十萬伏特電力股份有限公司,台中-大豐環保案,太陽能,2026,5.93,0,臺中市北屯區崇德九路287號,33.575 kW,十萬伏特電力股份有限公司,25SP4048-B026000001~8,4/22/26,2026-01-01~2026-02-28,認可,認可,5.93 MWh,0 MWh
開陽電力股份有限公司,玖基企業-嘉義縣竹崎鄉公所(鹿滿社區活動中心),太陽能,2026,5.081,0,嘉義縣竹崎鄉鹿滿村麻箕埔95之1號,33.165 kW,開陽電力股份有限公司,25SP1373-B026000001~6,4/1/26,2026-01-01~2026-02-28,認可,認可,5.081 MWh,0 MWh
瓦力電能股份有限公司,彰化縣溪州鄉33.00瓩(T6176),太陽能,2026,6.042,3.952,彰化縣溪州鄉瓦厝村埤圳北路220號,33 kW,瓦力電能股份有限公司,25SP1463-B026000001~11,5/20/26,2026-01-01~2026-03-31,認可,認可,6.042 MWh,3.952 MWh
寶島陽光電力事業股份有限公司,玉衡能源股份有限公司(FS2309002),太陽能,2026,10.816,0,屏東縣佳冬鄉武丁路32之6號,32.8 kW,寶島陽光電力事業股份有限公司,25SP2691-B026000003~18,5/20/26,2026-01-01~2026-03-31,認可,認可,10.816 MWh,0 MWh
財團法人中華民國佛教慈濟慈善事業基金會,慈濟_旗山聯絡處,太陽能,2026,0,7.229,高雄市旗山區中山路58巷2號,32.76 kW,財團法人中華民國佛教慈濟慈善事業基金會,25SP0731-B026000001~9,5/20/26,2026-01-01~2026-03-31,認可,認可,0 MWh,7.229 MWh
聯華電子股份有限公司12A2,聯電12A2,太陽能,2026,0,6.64,臺南市新市區南科二路20號,32.64 kW,聯華電子股份有限公司12A2,18SP0026-B026000001~8,5/20/26,2026-01-01~2026-03-31,認可,認可,0 MWh,6.64 MWh
艾涅爾電力股份有限公司,永旭-許阿美PV0766,太陽能,2026,7.028,0,臺南市麻豆區関帝庙16之12號,32.64 kW,艾涅爾電力股份有限公司,25SP0774-B026000001~8,4/8/26,2026-01-01~2026-02-28,認可,認可,7.028 MWh,0 MWh
李長榮化學工業股份有限公司(大社廠),李長榮化學工業股份有限公司(大社廠),太陽能,2026,0,10.812,高雄市大社區三奶里經建路2號,32.4 kW,李長榮化學工業股份有限公司(大社廠),20SP0001-B026000001~12,5/20/26,2026-01-01~2026-03-31,認可,認可,0 MWh,10.812 MWh
星星電力股份有限公司,安和營區錶9-車輛中隊辦公室及停車場-A(屋頂) (20期),太陽能,2026,5.873,0,屏東縣屏東市勝利路333號(空軍第一後勤指揮部【屏東安和營區-車輛中隊營舍】),32.34 kW,星星電力股份有限公司,25SP2231-B026000001~88,5/20/26,2026-02-01~2026-03-31,認可,認可,5.873 MWh,0 MWh
開陽電力股份有限公司,玖基企業-嘉義縣竹崎鄉公所(義仁社區活動中心),太陽能,2026,6.147,0,嘉義縣竹崎鄉義仁村7鄰坪頂14之10號,32.16 kW,開陽電力股份有限公司,25SP1372-B026000001~8,4/1/26,2026-01-01~2026-02-28,認可,認可,6.147 MWh,0 MWh
合作金庫商業銀行股份有限公司,合作金庫商業銀行-南彰化分行,太陽能,2026,0,10.936,彰化縣彰化市曉陽路43號,31.95 kW,合作金庫商業銀行股份有限公司,25SP0960-B026000001~13,5/20/26,2026-01-01~2026-03-31,認可,認可,0 MWh,10.936 MWh
開陽電力股份有限公司,玖基企業-嘉義縣竹崎鄉公所(內埔長青福利會館),太陽能,2026,5.75,0,嘉義縣竹崎鄉內埔村崁腳9之1號,31.825 kW,開陽電力股份有限公司,25SP1374-B026000001~6,4/1/26,2026-01-01~2026-02-28,認可,認可,5.75 MWh,0 MWh
合作金庫商業銀行股份有限公司,合作金庫商業銀行股份有限公司(新興分行),太陽能,2026,0,10.05,高雄市新興區七賢二路110號,31.74 kW,合作金庫商業銀行股份有限公司,23SP0131-B026000001~12,5/20/26,2026-01-01~2026-03-31,認可,認可,0 MWh,10.05 MWh
凱基商業銀行股份有限公司,凱基銀行北門分行,太陽能,2026,0,7.435,臺南市北區開元路133號,31.62 kW,凱基商業銀行股份有限公司,20SP0032-B026000001~8,5/20/26,2026-01-01~2026-03-31,認可,認可,0 MWh,7.435 MWh
合作金庫商業銀行股份有限公司,合作金庫商業銀行-北港分行,太陽能,2026,0,8.677,雲林縣北港鎮義民路53號,31.57 kW,合作金庫商業銀行股份有限公司,24SP1153-B026000001~10,5/20/26,2026-01-01~2026-03-31,認可,認可,0 MWh,8.677 MWh
晨星電力股份有限公司,(加州)北區公所行政大樓,太陽能,2026,8.832,0,臺南市北區成功路238巷7號,31.5 kW,晨星電力股份有限公司,25SP2454-B026000001~10,5/20/26,2026-01-01~2026-03-31,認可,認可,8.832 MWh,0 MWh
合作金庫商業銀行股份有限公司,合作金庫商業銀行-太原分行,太陽能,2026,0,11.169,臺中市北屯區北屯路247號,31.5 kW,合作金庫商業銀行股份有限公司,25SP0828-B026000001~13,5/20/26,2026-01-01~2026-03-31,認可,認可,0 MWh,11.169 MWh
開陽電力股份有限公司,玖基企業-嘉義縣竹崎鄉公所(塘興社區活動中心),太陽能,2026,5.378,0,嘉義縣竹崎鄉塘興村塘下寮61之2號,31.49 kW,開陽電力股份有限公司,25SP1371-B026000001~6,4/1/26,2026-01-01~2026-02-28,認可,認可,5.378 MWh,0 MWh
宇軒電業股份有限公司,同皇,太陽能,2026,2.823,0,臺南市仁德區忠義路174號,31.32 kW,宇軒電業股份有限公司,25SP1337-B026000004~6,4/15/26,2026-02-01~2026-02-28,認可,認可,2.823 MWh,0 MWh
遠東資源開發股份有限公司,遠東資源開發_新北遠東路#31.2kWp,太陽能,2026,0,7.093,新北市板橋區遠東路62、62之1、62之262之3、62之5、62之6、66號,31.2 kW,遠東資源開發股份有限公司,21SP0029-B026000001~9,5/20/26,2026-01-01~2026-03-31,認可,認可,0 MWh,7.093 MWh
開陽電力股份有限公司,玖基企業-彰化縣警察局鹿港分局頂番派出所,太陽能,2026,5.611,0,彰化縣鹿港鎮鹿和路4段25號,31.2 kW,開陽電力股份有限公司,25SP3828-B026000001~6,4/1/26,2026-01-01~2026-02-28,認可,認可,5.611 MWh,0 MWh
財團法人元智大學,元智大學七館(自用),太陽能,2026,0,6.82,桃園市中壢區遠東路135號,31.16 kW,財團法人元智大學,25SP1985-B026000001~9,5/20/26,2026-01-01~2026-03-31,認可,認可,0 MWh,6.82 MWh
怡和綠電超商股份有限公司,大昇-臺南七股_陳浤揚,太陽能,2026,9.747,0,臺南市七股區後港段0139-0000地號,30.9 kW,怡和綠電超商股份有限公司,25SP2751-B026000001~11,5/20/26,2026-01-01~2026-03-31,認可,認可,9.747 MWh,0 MWh
合作金庫商業銀行股份有限公司,合作金庫商業銀行-東港分行,太陽能,2026,0,9.45,屏東縣東港鎮光復路一段186號,30.8 kW,合作金庫商業銀行股份有限公司,24SP0681-B026000001~10,5/20/26,2026-01-01~2026-03-31,認可,認可,0 MWh,9.45 MWh
康展電力股份有限公司,鑫二能源_S220214澎湖馬公黃耀霖住宅,太陽能,2026,8.601,0,澎湖縣馬公市石泉1之287號,30.8 kW,康展電力股份有限公司,25SP2844-B026000014~20,5/20/26,2026-01-01~2026-03-31,認可,認可,8.601 MWh,0 MWh
長春石油化學股份有限公司苗栗廠,長春石化 苗栗廠 警衛室,太陽能,2026,0,8.035,苗栗縣苗栗市福安里福星246號,30.75 kW,長春石油化學股份有限公司苗栗廠,25SP1659-B026000001~10,5/20/26,2026-01-01~2026-03-31,認可,認可,0 MWh,8.035 MWh
怡和綠電超商股份有限公司,承為-王明南,太陽能,2026,8.943,0,彰化縣二林鎮東華里路中巷36號,30.69 kW,怡和綠電超商股份有限公司,25SP1362-B026000001~10,5/20/26,2026-01-01~2026-03-31,認可,認可,8.943 MWh,0 MWh
艾涅爾電力股份有限公司,碩燿-鎮國工業城PV0148,太陽能,2026,5.149,0,雲林縣北港鎮新街里民樂路268之83號,30.69 kW,艾涅爾電力股份有限公司,24SP1347-B026000001~6,4/8/26,2026-01-01~2026-02-28,認可,認可,5.149 MWh,0 MWh
合作金庫商業銀行股份有限公司,合作金庫商業銀行-彰營分行,太陽能,2026,0,10.911,彰化縣彰化市民族路532號,30.6 kW,合作金庫商業銀行股份有限公司,25SP1048-B026000001~13,5/20/26,2026-01-01~2026-03-31,認可,認可,0 MWh,10.911 MWh
日月光半導體製造股份有限公司(K26),日月光半導體製造股份有限公司(K26),太陽能,2026,0,21.98,高雄市楠梓區楠梓加工出口區(第二園區)宏榮里研發路68號,30.6 kW,日月光半導體製造股份有限公司(K26),17SP0025-B026000001~23,5/20/26,2026-01-01~2026-03-31,認可,認可,0 MWh,21.98 MWh
阿波羅電力股份有限公司,睿陽南投集集石宅,太陽能,2026,9.321,0,南投縣集集鎮廣明里洞角巷30之21號,30.5 kW,阿波羅電力股份有限公司,25SP0288-B026000001~10,5/20/26,2026-01-01~2026-03-31,認可,認可,9.321 MWh,0 MWh
和椿科技股份有限公司,和椿科技股份有限公司桃園廠,太陽能,2026,0,10.545,桃園市蘆竹區六福路61號,30.4 kW,和椿科技股份有限公司,24SP1723-B026000001~11,5/20/26,2025-12-01~2026-03-31,認可,認可,0 MWh,10.545 MWh
財團法人工業技術研究院-南創園區,財團法人工業技術研究院-南創園區,太陽能,2026,0,11.301,臺南市安南區工業二路31號（臺南科技工業區）,30.38 kW,財團法人工業技術研究院-南創園區,22SP0119-B026000001~13,5/20/26,2026-01-01~2026-03-31,認可,認可,0 MWh,11.301 MWh
臺北市內湖區麗湖國民小學,臺北市內湖區麗湖國民小學,太陽能,2026,0,4.997,臺北市內湖區金湖路363巷8號,30.38 kW,臺北市內湖區麗湖國民小學,18SP0020-B026000001~6,5/20/26,2026-01-01~2026-03-31,認可,認可,0 MWh,4.997 MWh
台中商業銀行股份有限公司,台中商業銀行股份有限公司(和美分公司),太陽能,2026,0,4.404,彰化縣和美鎮鹿和路6段393號,30.03 kW,台中商業銀行股份有限公司,23SP0385-B026000001~6,5/20/26,2026-01-01~2026-03-31,認可,認可,0 MWh,4.404 MWh
合作金庫商業銀行股份有限公司,合作金庫商業銀行股份有限公司(建成分行),太陽能,2026,0,8.503,臺中市南區建成路1499號,30.03 kW,合作金庫商業銀行股份有限公司,24SP0013-B026000001~10,5/20/26,2026-01-01~2026-03-31,認可,認可,0 MWh,8.503 MWh
開陽電力股份有限公司,玖基企業股份有限公司-農業部農業藥物試驗所(農場管理室),太陽能,2026,5.239,0,臺中市霧峰區光明路11號,30 kW,開陽電力股份有限公司,25SP1612-B026000001~6,4/1/26,2026-01-01~2026-02-28,認可,認可,5.239 MWh,0 MWh
陽光伏特家電力股份有限公司,澄彥嘉義2廠,太陽能,2026,9.534,0,嘉義市西區龍江街63號及63之1號(含建物門牌嘉義市西區龍江街63之1號2樓之1、2樓之2、3樓之1、3樓之2、4樓),29.97 kW,陽光伏特家電力股份有限公司,25SP0553-B026000001~10,5/20/26,2026-01-01~2026-03-31,認可,認可,9.534 MWh,0 MWh
臺鹽實業股份有限公司,臺鹽實業股份有限公司停車場,太陽能,2026,0,3.296,臺南市南區健康路一段297號,29.9 kW,臺鹽實業股份有限公司,22SP0120-B026000001~4,4/1/26,2026-01-01~2026-02-28,認可,認可,0 MWh,3.296 MWh
陽光伏特家電力股份有限公司,昇太彰化1廠,太陽能,2026,3.25,0,彰化縣花壇鄉花秀路236號,29.7 kW,陽光伏特家電力股份有限公司,24SP2019-B026000001~70,5/20/26,2026-01-01~2026-03-31,認可,認可,3.25 MWh,0 MWh
晨星電力股份有限公司,(大衛)圓益,太陽能,2026,4.743,4.614,高雄市鳳山區鳳仁路236巷13號,29.7 kW,晨星電力股份有限公司,26SP0155-B026000001~22,5/20/26,2026-01-01~2026-03-31,認可,認可,4.743 MWh,4.614 MWh
玉山商業銀行股份有限公司,玉山岡山分行,太陽能,2026,0,0.397,高雄市岡山區壽天路99號,29.7 kW,玉山商業銀行股份有限公司,24SP0901-B026000001~3,5/20/26,2026-01-01~2026-03-31,認可,認可,0 MWh,0.397 MWh
擎億股份有限公司,擎億股份有限公司,太陽能,2026,0,6.393,高雄市前鎮區千富街201巷20號,29.625 kW,擎億股份有限公司,24SP0828-B026000001~8,5/20/26,2026-01-01~2026-03-31,認可,認可,0 MWh,6.393 MWh
阿波羅電力股份有限公司,光源林韋志29.6kW,太陽能,2026,5.425,3.809,臺南市西港區後營535之7號 (臺南市西港區下宅子段1400-0000地號),29.6 kW,阿波羅電力股份有限公司,25SP1825-B026000001~10,5/20/26,2026-01-01~2026-03-31,認可,認可,5.425 MWh,3.809 MWh
怡和綠電超商股份有限公司,賽斯-永安老人文康中心28-1號,太陽能,2026,9.757,0,高雄市永安區永安路28之1號,29.58 kW,怡和綠電超商股份有限公司,25SP1115-B026000001~10,5/20/26,2026-01-01~2026-03-31,認可,認可,9.757 MWh,0 MWh
台中商業銀行股份有限公司,台中商業銀行股份有限公司(秀水分公司),太陽能,2026,0,10,彰化縣秀水鄉彰水路二段597號,29.52 kW,台中商業銀行股份有限公司,24SP2350-B026000001~12,5/20/26,2026-01-01~2026-03-31,認可,認可,0 MWh,10 MWh
芳德鑄鋁股份有限公司,芳德鑄鋁股份有限公司,太陽能,2026,0,7.568,彰化縣鹿港鎮工業西一路9號,29.5 kW,芳德鑄鋁股份有限公司,20SP0017-B026000001~9,5/20/26,2026-01-01~2026-03-31,認可,認可,0 MWh,7.568 MWh
晨星電力股份有限公司,(沅碁)博愛國小三期,太陽能,2026,10.515,0,高雄市三民區十全一路202號,29.26 kW,晨星電力股份有限公司,25SP1431-B026000001~13,5/20/26,2026-01-01~2026-03-31,認可,認可,10.515 MWh,0 MWh
台達電子工業股份有限公司,台達電子工業股份有限公司 瑞光大樓,太陽能,2026,0,6.09,臺北市內湖區瑞光路186號,29.1 kW,台達電子工業股份有限公司,20SP0004-B026000001~7,5/20/26,2026-01-01~2026-03-31,認可,認可,0 MWh,6.09 MWh
艾涅爾電力股份有限公司,碩燿-鎮國工業城PV0097,太陽能,2026,5.399,0,雲林縣北港鎮新街里民樂路268之76號,29.04 kW,艾涅爾電力股份有限公司,24SP1201-B026000001~6,4/8/26,2026-01-01~2026-02-28,認可,認可,5.399 MWh,0 MWh
艾涅爾電力股份有限公司,碩燿-鎮國工業城PV0074,太陽能,2026,5.463,0,雲林縣北港鎮新街里民樂路268之93號,29.04 kW,艾涅爾電力股份有限公司,24SP0922-B026000001~6,4/8/26,2026-01-01~2026-02-28,認可,認可,5.463 MWh,0 MWh
艾涅爾電力股份有限公司,碩燿-鎮國工業城PV0075,太陽能,2026,5.191,0,雲林縣北港鎮新街里民樂路268之87號,29.04 kW,艾涅爾電力股份有限公司,24SP0923-B026000001~6,4/8/26,2026-01-01~2026-02-28,認可,認可,5.191 MWh,0 MWh
艾涅爾電力股份有限公司,碩燿-鎮國工業城PV0078,太陽能,2026,5.341,0,雲林縣北港鎮新街里民樂路268之90號,29.04 kW,艾涅爾電力股份有限公司,24SP0926-B026000001~6,4/8/26,2026-01-01~2026-02-28,認可,認可,5.341 MWh,0 MWh
艾涅爾電力股份有限公司,碩燿-鎮國工業城PV0095,太陽能,2026,5.673,0,雲林縣北港鎮新街里民樂路268之82號,29.04 kW,艾涅爾電力股份有限公司,24SP1358-B026000001~6,4/8/26,2026-01-01~2026-02-28,認可,認可,5.673 MWh,0 MWh
艾涅爾電力股份有限公司,碩燿-鎮國工業城PV0096,太陽能,2026,5.473,0,雲林縣北港鎮新街里民樂路268之79號,29.04 kW,艾涅爾電力股份有限公司,24SP1354-B026000001~6,4/8/26,2026-01-01~2026-02-28,認可,認可,5.473 MWh,0 MWh
童綜合醫療社團法人童綜合醫院,健檢C,太陽能,2026,0,8.215,臺中市梧棲區文華街118巷9號,28.875 kW,童綜合醫療社團法人童綜合醫院,25SP0232-B026000001~10,5/20/26,2026-01-01~2026-03-31,認可,認可,0 MWh,8.215 MWh
康展電力股份有限公司,鑫二能源_S220179澎湖白沙許光燦住宅,太陽能,2026,7.671,0,澎湖縣白沙鄉通梁195號,28.8 kW,康展電力股份有限公司,25SP2851-B026000001~19,5/20/26,2026-01-01~2026-03-31,認可,認可,7.671 MWh,0 MWh
續興股份有限公司,黃俊銘325,太陽能,2026,7.621,0,澎湖縣湖西鄉鼎灣新段0325-0000地號,28.8 kW,續興股份有限公司,25SP2346-B026000001~10,5/20/26,2026-01-01~2026-03-31,認可,認可,7.621 MWh,0 MWh
第一商業銀行(股)有限公司,第一商業銀行(股)公司路竹分公司,太陽能,2026,0,8.747,高雄市路竹區中山路1187號,28.8 kW,第一商業銀行(股)有限公司,19SP0033-B026000001~10,5/20/26,2026-01-01~2026-03-31,認可,認可,0 MWh,8.747 MWh
怡和綠電超商股份有限公司,正順實業-台西鄉996地號,太陽能,2026,7.098,0,雲林縣臺西鄉成功段0996-0000地號,28.5 kW,怡和綠電超商股份有限公司,25SP3509-B026000002~18,5/20/26,2026-01-01~2026-03-31,認可,認可,7.098 MWh,0 MWh
合作金庫商業銀行股份有限公司,合作金庫商業銀行股份有限公司(旗山分行),太陽能,2026,0,7.045,高雄市旗山區華中街3號,28.49 kW,合作金庫商業銀行股份有限公司,23SP0173-B026000001~9,5/20/26,2026-01-01~2026-03-31,認可,認可,0 MWh,7.045 MWh
艾涅爾電力股份有限公司,碩燿-鎮國工業城PV0141,太陽能,2026,5.236,0,雲林縣北港鎮新街里民樂路268之75號,28.38 kW,艾涅爾電力股份有限公司,24SP1197-B026000001~6,4/8/26,2026-01-01~2026-02-28,認可,認可,5.236 MWh,0 MWh
台中商業銀行股份有限公司,台中商業銀行股份有限公司(社頭分公司),太陽能,2026,0,7.217,彰化縣社頭鄉員集路二段311號,28.12 kW,台中商業銀行股份有限公司,24SP1164-B026000001~9,5/20/26,2026-01-01~2026-03-31,認可,認可,0 MWh,7.217 MWh
艾涅爾電力股份有限公司,碩燿-鎮國工業城PV0098,太陽能,2026,4.84,0,雲林縣北港鎮新街里民樂路268之86號,28.05 kW,艾涅爾電力股份有限公司,24SP1351-B026000001~6,4/8/26,2026-01-01~2026-02-28,認可,認可,4.84 MWh,0 MWh
國泰世華商業銀行股份有限公司,國泰世華商業銀行股份有限公司-瑞湖分行,太陽能,2026,0,6.212,臺北市內湖區台北市內湖區陽光街２９２號１樓,27.72 kW,國泰世華商業銀行股份有限公司,23SP0347-B026000001~7,5/20/26,2026-01-01~2026-03-31,認可,認可,0 MWh,6.212 MWh
艾涅爾電力股份有限公司,兆益能源-二信游泳池3期PV0454,太陽能,2026,5.147,0,臺中市南區柳川西路1段45號,27.72 kW,艾涅爾電力股份有限公司,25SP1228-B026000002~7,4/8/26,2026-01-01~2026-02-28,認可,認可,5.147 MWh,0 MWh
開陽電力股份有限公司,開陽國際生技-高雄燕巢A12廠房,太陽能,2026,4.462,0,高雄市燕巢區新厝巷18弄90號,27.72 kW,開陽電力股份有限公司,25SP0176-B026000001~6,4/1/26,2026-01-01~2026-02-28,認可,認可,4.462 MWh,0 MWh
合作金庫商業銀行股份有限公司,合作金庫商業銀行總行大樓太陽能發電站,太陽能,2026,0,5.979,臺北市松山區長安東路二段225號,27.6 kW,合作金庫商業銀行股份有限公司,22SP0005-B026000001~8,5/20/26,2026-01-01~2026-03-31,認可,認可,0 MWh,5.979 MWh
艾涅爾電力股份有限公司,永旭-仁愛之家二期PV0767,太陽能,2026,6.298,0,臺南市麻豆區関帝庙23之16號,27.6 kW,艾涅爾電力股份有限公司,25SP0790-B026000001~7,4/8/26,2026-01-01~2026-02-28,認可,認可,6.298 MWh,0 MWh
歐萊德國際股份有限公司,歐萊德國際股份有限公司,太陽能,2026,0,1.506,桃園市龍潭區中豐路高平段18號,27.44 kW,歐萊德國際股份有限公司,21SP0014-B026000001~2,4/1/26,2026-01-01~2026-01-31,認可,認可,0 MWh,1.506 MWh
成洋工業股份有限公司,太平成洋工業公司,太陽能,2026,0,4.912,臺中市太平區宜昌東路162號,27.06 kW,成洋工業股份有限公司,24SP0308-B026000001~6,5/20/26,2026-01-01~2026-03-31,認可,認可,0 MWh,4.912 MWh
李長榮化學工業股份有限公司楠梓分公司,楠梓研發中心二期,太陽能,2026,0,7.331,高雄市楠梓區研發路66-9號,27 kW,李長榮化學工業股份有限公司楠梓分公司,22SP0114-B026000001~10,5/20/26,2026-01-01~2026-03-31,認可,認可,0 MWh,7.331 MWh
高雄銀行股份有限公司,高雄銀行(草衙分行),太陽能,2026,0,5.232,高雄市前鎮區漁港路 52號,27 kW,高雄銀行股份有限公司,25SP1751-B026000001~6,4/22/26,2026-01-01~2026-02-28,認可,認可,0 MWh,5.232 MWh
開陽電力股份有限公司,玖基企業-嘉義縣竹崎鄉公所(昇平村收容所暨防災物資整備所),太陽能,2026,4.693,0,嘉義縣竹崎鄉昇平村6鄰頂埔96之1號,26.8 kW,開陽電力股份有限公司,25SP1838-B026000001~6,4/1/26,2026-01-01~2026-02-28,認可,認可,4.693 MWh,0 MWh
國泰世華商業銀行股份有限公司,國泰世華商業銀行股份有限公司－屏東分行,太陽能,2026,0,7.392,屏東縣屏東市中正路125號,26.7 kW,國泰世華商業銀行股份有限公司,19SP0046-B026000001~9,5/20/26,2026-01-01~2026-03-31,認可,認可,0 MWh,7.392 MWh
華南商業銀行股份有限公司,華南銀行資訊大樓,太陽能,2026,0,4.64,新北市土城區大同街12之6,26.64 kW,華南商業銀行股份有限公司,25SP2865-B026000001~6,5/20/26,2025-11-27~2026-03-31,認可,認可,0 MWh,4.64 MWh
晨星電力股份有限公司,(立豐)喜樂,太陽能,2026,8.554,0,彰化縣社頭鄉善德巷45號(即彰化縣社頭鄉山腳段0227-0000地號),26.4 kW,晨星電力股份有限公司,25SP4004-B026000001~10,5/20/26,2026-01-01~2026-03-31,認可,認可,8.554 MWh,0 MWh
台灣資生堂股份有限公司,台灣資生堂股份有限公司新竹工廠,太陽能,2026,0,4.651,新竹縣湖口鄉光復北路60號,26.25 kW,台灣資生堂股份有限公司,22SP0099-B026000001~7,5/20/26,2026-01-01~2026-03-31,認可,認可,0 MWh,4.651 MWh
詠馨長照社團法人附設台北市私立詠馨住宿長照機構,詠馨-詠生電廠,太陽能,2026,0,4.68,臺北市北投區幽雅路19號,26.04 kW,詠馨長照社團法人附設台北市私立詠馨住宿長照機構,23SP0280-B026000001~5,5/20/26,2026-01-01~2026-03-31,認可,認可,0 MWh,4.68 MWh
臺北市大同區大同國民小學,臺北市大同區大同國民小學,太陽能,2026,0,1.138,臺北市大同區大龍街51號,25.92 kW,臺北市大同區大同國民小學,21SP0063-B026000001~2,3/4/26,2026-01-01~2026-01-31,認可,認可,0 MWh,1.138 MWh
台中商業銀行股份有限公司,台中商業銀行股份有限公司(神岡分公司),太陽能,2026,0,5.186,臺中市神岡區社南里昌平路5段325號,25.92 kW,台中商業銀行股份有限公司,22SP0103-B026000001~7,5/20/26,2026-01-01~2026-03-31,認可,認可,0 MWh,5.186 MWh
中日合成化學股份有限公司,中日合成化學股份有限公司林園工廠,太陽能,2026,0,2.496,高雄市林園區石化四路6號,25.83 kW,中日合成化學股份有限公司,24SP0399-B026000001~3,3/11/26,2026-01-01~2026-01-31,認可,認可,0 MWh,2.496 MWh
合作金庫商業銀行股份有限公司,合作金庫商業銀行股份有限公司(新竹分行),太陽能,2026,0,9.908,新竹市東區中正路23號,25.65 kW,合作金庫商業銀行股份有限公司,24SP1279-B026000001~11,5/20/26,2026-01-01~2026-03-31,認可,認可,0 MWh,9.908 MWh
儒鴻企業股份有限公司,儒鴻企業總部,太陽能,2026,0,5.176,新北市新莊區中央路738號17樓,25.515 kW,儒鴻企業股份有限公司,24SP0199-B026000001~7,5/20/26,2026-01-01~2026-03-31,認可,認可,0 MWh,5.176 MWh
財團法人工業技術研究院-花蓮OMEGA ZONE,財團法人工業技術研究院-花蓮OMEGA ZONE,太陽能,2026,0,25.872,花蓮縣花蓮市精美路18號,25.2 kW,財團法人工業技術研究院-花蓮OMEGA ZONE,24SP0820-B026000001~27,5/20/26,2025-06-01~2026-03-31,認可,認可,0 MWh,25.872 MWh
阿波羅電力股份有限公司,廣稷南僑9-3號二期,太陽能,2026,3.174,2.213,桃園市龜山區頂湖路9-3號,25.125 kW,阿波羅電力股份有限公司,24SP0796-B026000001~7,5/20/26,2026-01-01~2026-03-31,認可,認可,3.174 MWh,2.213 MWh
合作金庫商業銀行股份有限公司,合作金庫商業銀行股份有限公司(民雄分行),太陽能,2026,0,9.497,嘉義縣民雄鄉福樂村建國路三段266號,24.84 kW,合作金庫商業銀行股份有限公司,25SP2674-B026000001~10,5/20/26,2025-11-18~2026-03-31,認可,認可,0 MWh,9.497 MWh
陽光伏特家電力股份有限公司,鴻灝電澎湖3廠,太陽能,2026,2.937,0,澎湖縣馬公市鐵線尾4之5號,24.6 kW,陽光伏特家電力股份有限公司,24SP2257-B026000001~282,4/1/26,2026-01-01~2026-02-28,認可,認可,2.937 MWh,0 MWh
國泰世華商業銀行股份有限公司,國泰世華商業銀行股份有限公司-善化分行,太陽能,2026,0,4.784,臺南市善化區中山路349號,24.255 kW,國泰世華商業銀行股份有限公司,25SP0466-B026000001~5,5/20/26,2026-01-01~2026-03-31,認可,認可,0 MWh,4.784 MWh
阿波羅電力股份有限公司,辰翔程灌祥 二期,太陽能,2026,6.652,0,雲林縣西螺鎮安定里安定202之8號,24 kW,阿波羅電力股份有限公司,25SP0448-B026000001~8,5/20/26,2026-01-01~2026-03-31,認可,認可,6.652 MWh,0 MWh
財團法人天主教靈醫會,聖嘉民啟智中心,太陽能,2026,0,1.381,宜蘭縣三星鄉三星路二段101號,23.87 kW,財團法人天主教靈醫會,20SP0010-B026000001~2,3/11/26,2026-01-01~2026-01-31,認可,認可,0 MWh,1.381 MWh
台中商業銀行股份有限公司,台中商業銀行股份有限公司(埤頭分公司),太陽能,2026,0,2.204,彰化縣埤頭鄉斗苑西路163號,23.625 kW,台中商業銀行股份有限公司,23SP0386-B026000001~3,5/20/26,2026-01-01~2026-03-31,認可,認可,0 MWh,2.204 MWh
台灣碳資產電業股份有限公司,瑞峰藝術彩鏡有限公司-2期,太陽能,2026,7.468,0,彰化縣福興鄉彰化縣福興鄉鎮平村阿力街24-6號,23.625 kW,台灣碳資產電業股份有限公司,24SP0481-B026000001~9,5/20/26,2026-01-01~2026-03-31,認可,認可,7.468 MWh,0 MWh
臺北市立南港高級工業職業學校,臺北市立南港高級工業職業學校,太陽能,2026,0,2.283,臺北市南港區興中路29號,23.5 kW,臺北市立南港高級工業職業學校,22SP0061-B026000001~3,5/20/26,2026-01-01~2026-03-31,認可,認可,0 MWh,2.283 MWh
國泰世華商業銀行股份有限公司,國泰世華商業銀行股份有限公司-同德分行,太陽能,2026,0,4.588,桃園市桃園區中正路1125號,23.1 kW,國泰世華商業銀行股份有限公司,23SP0181-B026000001~5,5/20/26,2026-01-01~2026-03-31,認可,認可,0 MWh,4.588 MWh
錸恩帕斯科技股份有限公司,錸恩帕斯科技股份有限公司停車場,太陽能,2026,0,4.962,臺南市永康區王行段0144-0000地號,22.815 kW,錸恩帕斯科技股份有限公司,25SP1412-B026000001~6,5/20/26,2026-01-01~2026-03-31,認可,認可,0 MWh,4.962 MWh
合作金庫商業銀行股份有限公司,合作金庫商業銀行股份有限公司(新中分行),太陽能,2026,0,5.525,臺中市中區民權路91號,22.77 kW,合作金庫商業銀行股份有限公司,23SP0141-B026000001~7,5/20/26,2026-01-01~2026-03-31,認可,認可,0 MWh,5.525 MWh
合作金庫商業銀行股份有限公司,合作金庫商業銀行-北新營分行,太陽能,2026,0,6.195,臺南市新營區民治路356、358、360、362號,22.54 kW,合作金庫商業銀行股份有限公司,25SP0156-B026000001~7,5/20/26,2026-01-01~2026-03-31,認可,認可,0 MWh,6.195 MWh
玉山商業銀行股份有限公司,玉山大昌分行,太陽能,2026,0,7.143,高雄市三民區鼎中路343號,22.5 kW,玉山商業銀行股份有限公司,24SP1321-B026000001~8,5/20/26,2026-01-01~2026-03-31,認可,認可,0 MWh,7.143 MWh
怡和綠電超商股份有限公司,嘉創-佳樂電子2,太陽能,2026,7.645,0,臺中市東區東光路202號,22.44 kW,怡和綠電超商股份有限公司,25SP3874-B026000002~11,5/20/26,2026-01-01~2026-03-31,認可,認可,7.645 MWh,0 MWh
台灣日東光學股份有限公司,台灣日東光學股份有限公司,太陽能,2026,0,7,臺中市大雅區科雅西路7號,22.4 kW,台灣日東光學股份有限公司,21SP0020-B026000001~9,5/20/26,2026-01-01~2026-03-31,認可,認可,0 MWh,7 MWh
財團法人天主教靈醫會,聖嘉民老人照顧中心,太陽能,2026,0,4.293,宜蘭縣三星鄉三星路二段103號,22.2 kW,財團法人天主教靈醫會,19SP0001-B026000001~6,5/20/26,2026-01-01~2026-03-31,認可,認可,0 MWh,4.293 MWh
台灣水泥股份有限公司高雄水泥製品廠嘉義分廠,台灣水泥股份有限公司高雄水泥製品廠嘉義分廠,太陽能,2026,0,4.933,嘉義縣民雄鄉民雄工業區新生街8號,21.76 kW,台灣水泥股份有限公司高雄水泥製品廠嘉義分廠,22SP0078-B026000002~6,5/20/26,2026-01-01~2026-03-31,認可,認可,0 MWh,4.933 MWh
泰安產物保險股份有限公司,泰安產物保險股份有限公司自用電站,太陽能,2026,0,3.433,臺北市中山區長春路145號,21.535 kW,泰安產物保險股份有限公司,23SP0007-B026000001~5,5/20/26,2026-01-01~2026-03-31,認可,認可,0 MWh,3.433 MWh
合作金庫商業銀行股份有限公司,合作金庫商業銀行股份有限公司(仁德分行),太陽能,2026,0,5.519,臺南市仁德區中正路3段4號、6號及8號,21.46 kW,合作金庫商業銀行股份有限公司,24SP0780-B026000001~7,5/20/26,2026-01-01~2026-03-31,認可,認可,0 MWh,5.519 MWh
艾涅爾電力股份有限公司,碩燿-鎮國工業城PV0106,太陽能,2026,3.632,0,雲林縣北港鎮新街里民樂路268之73號,21.45 kW,艾涅爾電力股份有限公司,24SP1196-B026000001~4,4/8/26,2026-01-01~2026-02-28,認可,認可,3.632 MWh,0 MWh
財團法人天主教靈醫會,長照二期太陽光電系統,太陽能,2026,0,3.886,宜蘭縣三星鄉三星路二段103號,21.42 kW,財團法人天主教靈醫會,21SP0012-B026000001~6,5/20/26,2026-01-01~2026-03-31,認可,認可,0 MWh,3.886 MWh
晨星電力股份有限公司,(統益)臺南市政府社會局-門諾長照,太陽能,2026,5.478,0,臺南市安南區和順段1441-0000地號,21.36 kW,晨星電力股份有限公司,25SP4072-B026000008~17,5/20/26,2026-01-01~2026-03-31,認可,認可,5.478 MWh,0 MWh
財團法人中華民國佛教慈濟慈善事業基金會,高雄新興共修處,太陽能,2026,0,5.923,高雄市新興區高雄市新興區河南一路16號,21.16 kW,財團法人中華民國佛教慈濟慈善事業基金會,25SP0841-B026000001~7,5/20/26,2026-01-01~2026-03-31,認可,認可,0 MWh,5.923 MWh
艾涅爾電力股份有限公司,碩燿-鎮國工業城PV0140,太陽能,2026,2.563,0,雲林縣斗南鎮新街里民樂路268之70號,20.79 kW,艾涅爾電力股份有限公司,24SP1193-B026000001~4,4/8/26,2026-01-01~2026-02-28,認可,認可,2.563 MWh,0 MWh
大自然能源電業股份有限公司,NP081049C001(莊政昭二期),太陽能,2026,3.547,2.291,彰化縣花壇鄉鳥松巷69之1號,20.5 kW,大自然能源電業股份有限公司,25SP0221-B026000001~7,5/20/26,2026-01-01~2026-03-31,認可,認可,3.547 MWh,2.291 MWh
國泰世華商業銀行股份有限公司,國泰世華商業銀行股份有限公司-篤行分行,太陽能,2026,0,6.744,臺中市北區五權路190號,20.46 kW,國泰世華商業銀行股份有限公司,23SP0207-B026000001~8,5/20/26,2026-01-01~2026-03-31,認可,認可,0 MWh,6.744 MWh
臺北市文山區公所,臺北市文山區公所,太陽能,2026,0,2.594,臺北市文山區木柵路3段220號,20.4 kW,臺北市文山區公所,21SP0061-B026000001~3,5/20/26,2026-01-01~2026-03-31,認可,認可,0 MWh,2.594 MWh
台灣水泥股份有限公司高雄水泥製品廠台南分廠,台灣水泥股份有限公司高雄水泥製品廠台南分廠,太陽能,2026,0,6.401,臺南市仁德區太乙七街36號,20.4 kW,台灣水泥股份有限公司高雄水泥製品廠台南分廠,22SP0082-B026000001~7,5/20/26,2026-01-01~2026-03-31,認可,認可,0 MWh,6.401 MWh
臺北市立萬華國民中學,臺北市立萬華國民中學,太陽能,2026,0,3.447,臺北市萬華區西藏路201號,20.24 kW,臺北市立萬華國民中學,21SP0060-B026000001~5,5/20/26,2026-01-01~2026-03-31,認可,認可,0 MWh,3.447 MWh
羅布森股份有限公司,羅布森股份有限公司(神岡案場一期),太陽能,2026,0,0.11,臺中市神岡區大富路193號,19.875 kW,羅布森股份有限公司,23SP0003-B026000001,4/1/26,2026-01-01~2026-02-28,認可,認可,0 MWh,0.11 MWh
大自然能源電業股份有限公司,NP111034C001(宗冠-岡山二),太陽能,2026,3.308,2.36,高雄市岡山區為隨東路68號,19.845 kW,大自然能源電業股份有限公司,24SP1651-B026000001~7,5/20/26,2026-01-01~2026-03-31,認可,認可,3.308 MWh,2.36 MWh
大自然能源電業股份有限公司,NP111034C002(宗冠-岡山一),太陽能,2026,3.254,2.397,高雄市岡山區為隨東路58巷18號,19.845 kW,大自然能源電業股份有限公司,24SP1656-B026000001~7,5/20/26,2026-01-01~2026-03-31,認可,認可,3.254 MWh,2.397 MWh
茂欣能源股份有限公司,中醫大,太陽能,2026,1.834,0,臺中市北屯區經貿路一段100號,19.84 kW,茂欣能源股份有限公司,25SP1242-B026000001~3,3/25/26,2026-01-01~2026-01-31,認可,認可,1.834 MWh,0 MWh
大自然能源電業股份有限公司,NP081048C002(益川辦公室),太陽能,2026,3.484,2.297,彰化縣線西鄉中央路2段896巷201弄80號1樓、80之1號2樓,19.84 kW,大自然能源電業股份有限公司,25SP0193-B026000001~7,5/20/26,2026-01-01~2026-03-31,認可,認可,3.484 MWh,2.297 MWh
華南商業銀行股份有限公司,華南商業銀行員林分行,太陽能,2026,0,5.968,彰化縣員林市中山路一段753號,19.8 kW,華南商業銀行股份有限公司,23SP0006-B026000001~8,5/20/26,2026-01-01~2026-03-31,認可,認可,0 MWh,5.968 MWh
天能綠電股份有限公司,晶泰-太子路7號太陽光電案場,太陽能,2026,1.794,0,臺南市仁德區太子路689巷7號,19.8 kW,天能綠電股份有限公司,24SP1136-B026000001~2,3/4/26,2026-01-01~2026-01-31,認可,認可,1.794 MWh,0 MWh
耀登科技股份有限公司,耀登科技八德太陽能系統#1,太陽能,2026,0,1.611,桃園市八德區和平路772巷19號,19.8 kW,耀登科技股份有限公司,22SP0048-B026000001~2,4/8/26,2026-01-01~2026-02-28,認可,認可,0 MWh,1.611 MWh
振豪有限公司,振豪有限公司福興鄉自用發電廠,太陽能,2026,0,5.421,彰化縣福興鄉下寮巷臨17之15號,19.76 kW,振豪有限公司,24SP1222-B026000001~7,5/20/26,2026-01-01~2026-03-31,認可,認可,0 MWh,5.421 MWh
艾涅爾電力股份有限公司,聚陽-李明宗PV0220,太陽能,2026,3.666,0,嘉義縣水上鄉大崛村江竹仔脚35之5號,19.72 kW,艾涅爾電力股份有限公司,25SP1528-B026000001~4,4/8/26,2026-01-01~2026-02-28,認可,認可,3.666 MWh,0 MWh
德圳機械股份有限公司,后里德圳機械公司,太陽能,2026,0,1.781,臺中市后里區民生路439號,19.68 kW,德圳機械股份有限公司,24SP0307-B026000001~3,5/20/26,2025-12-01~2026-03-31,認可,認可,0 MWh,1.781 MWh
第一商業銀行(股)有限公司,第一商業銀行股份有限公司太平分公司,太陽能,2026,0,2.845,臺中市太平區中興東路50號,19.53 kW,第一商業銀行(股)有限公司,21SP0007-B026000003~4,5/20/26,2026-01-01~2026-03-31,認可,認可,0 MWh,2.845 MWh
第一商業銀行(股)有限公司,第一商業銀行股份有限公司竹南分公司,太陽能,2026,0,4.392,苗栗縣竹南鎮正南里民族街53號,19.5 kW,第一商業銀行(股)有限公司,21SP0008-B026000001~6,5/20/26,2026-01-01~2026-03-31,認可,認可,0 MWh,4.392 MWh
國立臺灣科技大學,第一學生宿舍太陽能發電站,太陽能,2026,0,4.561,臺北市大安區基隆路 4 段 43 號,19.47 kW,國立臺灣科技大學,22SP0016-B026000001~6,5/20/26,2026-01-01~2026-03-31,認可,認可,0 MWh,4.561 MWh
天能綠電股份有限公司,御鑒科技-高雄旗山嶺口國小地面型光電案場,太陽能,2026,5.15,0,高雄市旗山區嶺口段0313-0000地號,19.47 kW,天能綠電股份有限公司,24SP0262-B026000001~9,5/20/26,2026-01-01~2026-03-31,認可,認可,5.15 MWh,0 MWh
陽光伏特家電力股份有限公司,新光彰化49廠,太陽能,2026,4.534,0,彰化縣大城鄉青埔巷48號,19.2 kW,陽光伏特家電力股份有限公司,24SP2440-B026000001~6,5/20/26,2026-01-01~2026-03-31,認可,認可,4.534 MWh,0 MWh
台灣中油股份有限公司,台南前鋒路加油站,太陽能,2026,0,5.712,臺南市北區前鋒路283號,19 kW,台灣中油股份有限公司,19SP0026-B026000001~7,5/20/26,2026-01-01~2026-03-31,認可,認可,0 MWh,5.712 MWh
阿波羅電力股份有限公司,廣稷倢鋒二期,太陽能,2026,0,4.018,桃園市中壢區南園路5號,19 kW,阿波羅電力股份有限公司,25SP4203-B026000001~6,5/20/26,2026-01-01~2026-03-31,認可,認可,0 MWh,4.018 MWh
台中商業銀行股份有限公司,台中商業銀行股份有限公司(霧峰分公司),太陽能,2026,0,5.389,臺中市霧峰區中正路829號,18.72 kW,台中商業銀行股份有限公司,22SP0106-B026000001~7,5/20/26,2026-01-01~2026-03-31,認可,認可,0 MWh,5.389 MWh
玉山商業銀行股份有限公司,玉山博愛,太陽能,2026,0,5.106,臺北市中正區永綏街5號,18.46 kW,玉山商業銀行股份有限公司,22SP0154-B026000001~6,5/20/26,2025-11-22~2026-03-31,認可,認可,0 MWh,5.106 MWh
第一商業銀行(股)有限公司,第一商業銀行股份有限公司頭份分公司,太陽能,2026,0,3.618,苗栗縣頭份市信義里中正路67號,18.2 kW,第一商業銀行(股)有限公司,21SP0006-B026000002~5,5/20/26,2026-01-01~2026-03-31,認可,認可,0 MWh,3.618 MWh
開陽電力股份有限公司,玖基企業-彰化縣警察局芳苑分局大城分駐所,太陽能,2026,3.599,0,彰化縣大城鄉東城村東平路114號,18.15 kW,開陽電力股份有限公司,25SP2734-B026000001~4,4/1/26,2026-01-01~2026-02-28,認可,認可,3.599 MWh,0 MWh
十萬伏特電力股份有限公司,東勢殯儀館(地面),太陽能,2026,3.03,0,臺中市東勢區東勢段中嵙小段75、992之2地號,17.86 kW,十萬伏特電力股份有限公司,25SP3840-B026000001~4,4/1/26,2026-01-01~2026-02-28,認可,認可,3.03 MWh,0 MWh
第一商業銀行(股)有限公司,第一商業銀行股份有限公司東勢分公司,太陽能,2026,0,5.408,臺中市東勢區豐勢路449號,17.67 kW,第一商業銀行(股)有限公司,21SP0005-B026000001~7,5/20/26,2026-01-01~2026-03-31,認可,認可,0 MWh,5.408 MWh
美吾華股份有限公司,美吾華,太陽能,2026,0,4.622,桃園市楊梅區獅二路12號,17.22 kW,美吾華股份有限公司,25SP3488-B026000001~5,5/20/26,2025-12-04~2026-03-31,認可,認可,0 MWh,4.622 MWh
利宇實業股份有限公司,利宇廠辦,太陽能,2026,0,7.038,臺南市安南區新吉一路38號,17.02 kW,利宇實業股份有限公司,25SP2057-B026000001~9,5/20/26,2025-11-25~2026-03-31,認可,認可,0 MWh,7.038 MWh
天能綠電股份有限公司,竹風能源-惠慶二期桃園市楊梅區泰圳路屋頂型太陽能光電案場,太陽能,2026,3.771,0,桃園市楊梅區泰圳路313巷122號,16.65 kW,天能綠電股份有限公司,24SP1766-B026000001~6,5/20/26,2026-01-01~2026-03-31,認可,認可,3.771 MWh,0 MWh
臺灣水泥股份有限公司台北水泥製品廠,臺灣水泥股份有限公司台北水泥製品廠,太陽能,2026,0,3.402,新北市汐止區大同路一段310號,16.32 kW,臺灣水泥股份有限公司台北水泥製品廠,22SP0093-B026000002~5,5/20/26,2026-01-01~2026-03-31,認可,認可,0 MWh,3.402 MWh
開陽能源股份有限公司,開陽能源股份有限公司,太陽能,2026,0,5.141,雲林縣土庫鎮石廟里石廟13-32號,16.24 kW,開陽能源股份有限公司,19SP0011-B026000001~7,5/20/26,2026-01-01~2026-03-31,認可,認可,0 MWh,5.141 MWh
長興材料工業股份有限公司,長興材料工業股份有限公司屏南廠,太陽能,2026,0,3.326,屏東縣枋寮鄉東海村屏南路23號,15.6 kW,長興材料工業股份有限公司,21SP0030-B026000001~4,3/4/26,2025-11-29~2026-01-31,認可,認可,0 MWh,3.326 MWh
凱銳北區汽車股份有限公司,凱銳汽車新莊廠二期15.4KW,太陽能,2026,0,4.736,新北市新莊區中正路58號,15.4 kW,凱銳北區汽車股份有限公司,21SP0016-B026000001~7,5/20/26,2025-12-01~2026-03-31,認可,認可,0 MWh,4.736 MWh
亞東石化股份有限公司,亞東石化第五案,太陽能,2026,0,0.44,桃園市觀音區工業七路2號,15.4 kW,亞東石化股份有限公司,23SP0366-B026000001~2,5/20/26,2026-01-01~2026-03-31,認可,認可,0 MWh,0.44 MWh
禾原新能源科技股份有限公司,竹東汽修廠,太陽能,2026,0,2.86,新竹縣竹東鎮東峰路357號,15.25 kW,禾原新能源科技股份有限公司,23SP0177-B026000002~3,5/20/26,2026-01-01~2026-03-31,認可,認可,0 MWh,2.86 MWh
天能綠電股份有限公司,震豐_南投碧山南屋頂型,太陽能,2026,4.821,0,南投縣草屯鎮碧山南路65巷32弄63、65號,15.17 kW,天能綠電股份有限公司,25SP3497-B026000001~7,5/20/26,2026-01-01~2026-03-31,認可,認可,4.821 MWh,0 MWh
博仲法律事務所,博仲法律事務所,太陽能,2026,0,2.908,臺北市中正區重慶南路一段80-86號,14.4 kW,博仲法律事務所,19SP0041-B026000003~4,5/20/26,2026-01-01~2026-03-31,認可,認可,0 MWh,2.908 MWh
玉山商業銀行股份有限公司,玉山後龍分行,太陽能,2026,0,4.075,苗栗縣後龍鎮中山路2號,14.06 kW,玉山商業銀行股份有限公司,24SP0256-B026000001~5,5/20/26,2025-12-01~2026-03-31,認可,認可,0 MWh,4.075 MWh
大自然能源電業股份有限公司,NP081048C001(益川廠房),太陽能,2026,2.295,1.582,彰化縣線西鄉中央路2段896巷201弄82號,13.64 kW,大自然能源電業股份有限公司,25SP0209-B026000001~6,5/20/26,2026-01-01~2026-03-31,認可,認可,2.295 MWh,1.582 MWh
永豐商業銀行股份有限公司,永豐商業銀行股份有限公司,太陽能,2026,0,3.999,高雄市左營區裕誠路441號,13.5 kW,永豐商業銀行股份有限公司,23SP0126-B026000001~6,5/20/26,2026-01-01~2026-03-31,認可,認可,0 MWh,3.999 MWh
第一商業銀行(股)有限公司,第一商業銀行(股)公司麻豆分公司,太陽能,2026,0,3.504,臺南市麻豆區興中路12號,13.2 kW,第一商業銀行(股)有限公司,19SP0002-B026000002~5,5/20/26,2026-01-01~2026-03-31,認可,認可,0 MWh,3.504 MWh
新北大眾捷運股份有限公司,淡海輕軌淡水漁人碼頭站,太陽能,2026,0,1.396,新北市淡水區觀海路26號,13.02 kW,新北大眾捷運股份有限公司,22SP0018-B026000001~3,5/20/26,2026-01-01~2026-03-31,認可,認可,0 MWh,1.396 MWh
大自然能源電業股份有限公司,NP081049C002(阮麗芬二期),太陽能,2026,2.18,1.506,彰化縣彰化市彰興路一段165巷39號,13 kW,大自然能源電業股份有限公司,25SP0194-B026000001~6,5/20/26,2026-01-01~2026-03-31,認可,認可,2.18 MWh,1.506 MWh
第一商業銀行(股)有限公司,第一商業銀行股份有限公司東港分行,太陽能,2026,0,4.615,屏東縣東港鎮朝陽街23號,12.825 kW,第一商業銀行(股)有限公司,19SP0018-B026000001~6,5/20/26,2026-01-01~2026-03-31,認可,認可,0 MWh,4.615 MWh
玉山商業銀行股份有限公司,玉山楠梓分行,太陽能,2026,0,4.851,高雄市楠梓區高雄市楠梓區軍校路980號,12.8 kW,玉山商業銀行股份有限公司,24SP1006-B026000001~6,5/20/26,2026-01-01~2026-03-31,認可,認可,0 MWh,4.851 MWh
名竣綠能股份有限公司,台南市柳營區義士路一段373號發電廠,太陽能,2026,1.99,1.223,臺南市柳營區義士路一段373號,12.4 kW,名竣綠能股份有限公司,23SP0083-B026000001~5,5/20/26,2026-01-01~2026-03-31,認可,認可,1.99 MWh,1.223 MWh
艾涅爾電力股份有限公司,日振-黃郭悅治2期PV0707,太陽能,2026,2.227,0,高雄市路竹區聖母街86號,12.2 kW,艾涅爾電力股份有限公司,25SP3682-B026000001~4,4/8/26,2026-01-01~2026-02-28,認可,認可,2.227 MWh,0 MWh
怡和綠電超商股份有限公司,嘉創-竇瑜芬2,太陽能,2026,3.227,0,雲林縣斗六市林頭段0987-0000、0988-0000地號,11.88 kW,怡和綠電超商股份有限公司,25SP2773-B026000001~13,5/20/26,2026-01-01~2026-03-31,認可,認可,3.227 MWh,0 MWh
第一商業銀行(股)有限公司,第一商業銀行股份有限公司恒春分行,太陽能,2026,0,2.414,屏東縣恆春鎮中正路17號,11.4 kW,第一商業銀行(股)有限公司,19SP0017-B026000003~4,5/20/26,2026-01-01~2026-03-31,認可,認可,0 MWh,2.414 MWh
開陽電力股份有限公司,玖基企業-彰化縣消防局第四大隊溪州消防分隊,太陽能,2026,2.123,0,彰化縣溪州鄉中山路三段278號,10.56 kW,開陽電力股份有限公司,25SP1369-B026000001~4,4/1/26,2026-01-01~2026-02-28,認可,認可,2.123 MWh,0 MWh
琩育預拌混凝土股份有限公司,琩育預拌混凝土股份有限公司-斗六市石榴路40號民宅,太陽能,2026,0,0.267,雲林縣斗六市雲林縣斗六市石榴路369巷119弄40號,10.36 kW,琩育預拌混凝土股份有限公司,25SP0577-B026000001,4/15/26,2026-01-01~2026-02-28,認可,認可,0 MWh,0.267 MWh
琩育環保有限公司,琩育環保有限公司-斗六28號民宅,太陽能,2026,0,0.389,雲林縣斗六市石榴路369巷119弄28號,10.36 kW,琩育環保有限公司,25SP0708-B026000001,4/22/26,2026-01-01~2026-02-28,認可,認可,0 MWh,0.389 MWh
天能綠電股份有限公司,豐光16-南投陳俊良二期屋頂型太陽光電案場,太陽能,2026,2.485,0,南投縣名間鄉南投縣名間鄉炭寮巷2之1、2之2、2之3號,10.36 kW,天能綠電股份有限公司,24SP2095-B026000001~17,5/20/26,2026-01-01~2026-03-31,認可,認可,2.485 MWh,0 MWh
陽光伏特家電力股份有限公司,昇太高雄1廠,太陽能,2026,0.966,0,高雄市美濃區復興街二段235號,10.26 kW,陽光伏特家電力股份有限公司,24SP1094-B026000001~70,5/20/26,2026-01-01~2026-03-31,認可,認可,0.966 MWh,0 MWh
高雄市動物保護處,燕巢動物保護關愛園區(行政區),太陽能,2026,0,1.673,高雄市燕巢區師大路98號,10.2 kW,高雄市動物保護處,18SP0044-B026000001~2,4/8/26,2026-01-01~2026-02-28,認可,認可,0 MWh,1.673 MWh
高雄市動物保護處,燕巢動物保護關愛園區(開放區),太陽能,2026,0,1.802,高雄市燕巢區師大路99號,10.2 kW,高雄市動物保護處,18SP0045-B026000001~2,4/8/26,2026-01-01~2026-02-28,認可,認可,0 MWh,1.802 MWh
第一商業銀行(股)有限公司,第一商業銀行股份有限公司鹿港分公司,太陽能,2026,0,2.628,彰化縣鹿港鎮中山路301號,9.92 kW,第一商業銀行(股)有限公司,20SP0015-B026000003~4,5/20/26,2026-01-01~2026-03-31,認可,認可,0 MWh,2.628 MWh
第一商業銀行(股)有限公司,第一商業銀行股份有限公司大灣分行,太陽能,2026,0,2.878,臺南市永康區永大路二段5號,9.92 kW,第一商業銀行(股)有限公司,19SP0047-B026000003~4,5/20/26,2026-01-01~2026-03-31,認可,認可,0 MWh,2.878 MWh
第一商業銀行(股)有限公司,第一商業銀行股份有限公司三民分公司,太陽能,2026,0,1.337,高雄市三民區中華三路291號,9.6 kW,第一商業銀行(股)有限公司,18SP0005-B026000001~3,5/20/26,2026-01-01~2026-03-31,認可,認可,0 MWh,1.337 MWh
第一商業銀行(股)有限公司,第一商業銀行(股)公司竹溪分公司,太陽能,2026,0,2.946,臺南市中西區大同路一段98號,9.6 kW,第一商業銀行(股)有限公司,19SP0004-B026000001~5,5/20/26,2026-01-01~2026-03-31,認可,認可,0 MWh,2.946 MWh
第一商業銀行(股)有限公司,第一商業銀行股份有限公司新興分公司,太陽能,2026,0,2.422,高雄市新興區中正四路17號,9.6 kW,第一商業銀行(股)有限公司,18SP0006-B026000001~3,5/20/26,2026-01-01~2026-03-31,認可,認可,0 MWh,2.422 MWh
國泰人壽保險股份有限公司,國泰人壽保險股份有限公司(屏東內埔服務中心54號),太陽能,2026,0,3.076,屏東縣內埔鄉自強路54號,9.45 kW,國泰人壽保險股份有限公司,24SP0641-B026000003~4,5/20/26,2026-01-01~2026-03-31,認可,認可,0 MWh,3.076 MWh
國泰人壽保險股份有限公司,國泰人壽保險股份有限公司(屏東內埔服務中心56號),太陽能,2026,0,3.082,屏東縣內埔鄉自強路56號,9.45 kW,國泰人壽保險股份有限公司,24SP0594-B026000003~4,5/20/26,2026-01-01~2026-03-31,認可,認可,0 MWh,3.082 MWh
國泰人壽保險股份有限公司,國泰人壽保險股份有限公司(屏東內埔服務中心52號),太陽能,2026,0,2.644,屏東縣內埔鄉自強路52號,9.45 kW,國泰人壽保險股份有限公司,24SP0587-B026000003~4,5/20/26,2026-01-01~2026-03-31,認可,認可,0 MWh,2.644 MWh
漢翔航空工業股份有限公司,台灣先進複材中心,太陽能,2026,0,3.287,臺中市沙鹿區中航路一段66號,9.36 kW,漢翔航空工業股份有限公司,19SP0006-B026000001~6,5/20/26,2026-01-01~2026-03-31,認可,認可,0 MWh,3.287 MWh
德淵企業股份有限公司,德淵企業股份有限公司 總公司,太陽能,2026,0,0.249,新北市五股區五權六路 9 號,9.2 kW,德淵企業股份有限公司,23SP0220-B026000001,3/4/26,2026-01-01~2026-01-31,認可,認可,0 MWh,0.249 MWh
第一商業銀行(股)有限公司,第一商業銀行股份有限公司桃園分行,太陽能,2026,0,0.978,桃園市桃園區民族路55號,9 kW,第一商業銀行(股)有限公司,19SP0003-B026000001~2,5/20/26,2026-01-01~2026-03-31,認可,認可,0 MWh,0.978 MWh
臺北市政府產業發展局,臺北市政府產業發展局,太陽能,2026,0,1.129,臺北市大同區承德路3段287-1號1樓,8.74 kW,臺北市政府產業發展局,17SP0022-B026000001~3,5/20/26,2026-01-01~2026-03-31,認可,認可,0 MWh,1.129 MWh
台灣中油股份有限公司,中油大樓,太陽能,2026,0,2.382,臺北市信義區松仁路3號,8.55 kW,台灣中油股份有限公司,19SP0032-B026000001~3,4/29/26,2025-11-28~2026-02-28,認可,認可,0 MWh,2.382 MWh
國泰人壽保險股份有限公司,國泰人壽保險股份有限公司(屏東內埔服務中心58號),太陽能,2026,0,2.233,屏東縣內埔鄉自強路58號,8.1 kW,國泰人壽保險股份有限公司,24SP0645-B026000001~3,5/20/26,2026-01-01~2026-03-31,認可,認可,0 MWh,2.233 MWh
原生新能源股份有限公司,原生新能源太陽光電發電廠,太陽能,2026,1.126,0,臺北市大同區承德路3段90巷2號,8.04 kW,原生新能源股份有限公司,23SP0440-B026000001~3,5/20/26,2026-01-01~2026-03-31,認可,認可,1.126 MWh,0 MWh
新北大眾捷運股份有限公司,淡海輕軌紅樹林站,太陽能,2026,0,1.283,新北市淡水區中正東路二段68號,6.82 kW,新北大眾捷運股份有限公司,22SP0017-B026000001~3,5/20/26,2026-01-01~2026-03-31,認可,認可,0 MWh,1.283 MWh
第一商業銀行(股)有限公司,第一商業銀行股份有限公司(第一財經辦公大樓),太陽能,2026,0,0.439,臺北市中山區長安東路一段22號(屋頂),6.71 kW,第一商業銀行(股)有限公司,21SP0021-B026000001~3,5/20/26,2026-01-01~2026-03-31,認可,認可,0 MWh,0.439 MWh
臺北市政府消防局,臺北市政府消防局寶橋分隊,太陽能,2026,0,0.273,臺北市文山區樟新街2號,6.195 kW,臺北市政府消防局,21SP0001-B026000001,3/4/26,2026-01-01~2026-01-31,認可,認可,0 MWh,0.273 MWh
財團法人中華民國佛教慈濟慈善事業基金會,慈濟高雄大樹共修處,太陽能,2026,0,1.462,高雄市大樹區高雄市大樹區中正一路385號1-3樓,5.6 kW,財團法人中華民國佛教慈濟慈善事業基金會,23SP0241-B026000001~3,5/20/26,2026-01-01~2026-03-31,認可,認可,0 MWh,1.462 MWh
中國醫藥大學附設醫院,中國醫藥大學附設醫院五權立體停車場,太陽能,2026,0,1.578,臺中市北區五權路499號,5.53 kW,中國醫藥大學附設醫院,21SP0036-B026000001~3,5/20/26,2026-01-01~2026-03-31,認可,認可,0 MWh,1.578 MWh
貝斯特國際實業股份有限公司,貝斯特國際實業股份有限公司,太陽能,2026,0,0.543,臺北市文山區和平東路四段66巷2號,4.5 kW,貝斯特國際實業股份有限公司,24SP0607-B026000001~2,4/1/26,2026-01-01~2026-02-28,認可,認可,0 MWh,0.543 MWh
台灣水泥股份有限公司和平分公司,台灣水泥股份有限公司和平廠(DAKA園區),太陽能,2026,0,0.515,花蓮縣秀林鄉和平村和平263號,4.1125 kW,台灣水泥股份有限公司和平分公司,22SP0041-B026000001~3,5/20/26,2026-01-01~2026-03-31,認可,認可,0 MWh,0.515 MWh
玉山商業銀行股份有限公司,玉山銀行金華分行,太陽能,2026,0,1.016,臺南市南區金華路二段58號,3 kW,玉山商業銀行股份有限公司,25SP0690-B026000001~3,5/20/26,2026-01-01~2026-03-31,認可,認可,0 MWh,1.016 MWh
財團法人中華民國佛教慈濟慈善事業基金會,屏東竹田(日照中心)共修處,太陽能,2026,0,0.666,屏東縣竹田鄉龍崗路130-5號,2.4 kW,財團法人中華民國佛教慈濟慈善事業基金會,23SP0233-B026000001~3,5/20/26,2026-01-01~2026-03-31,認可,認可,0 MWh,0.666 MWh
中華紙漿股份有限公司,中華紙漿股份有限公司花蓮廠,生質能,2026,24730,5868.2,花蓮縣吉安鄉光華街100號,25452 kW,中華紙漿股份有限公司,23BL0001-B026000001~30599,5/20/26,2026-01-01~2026-03-31,認可,認可,"24,730 MWh","5,868.2 MWh"
台灣糖業股份有限公司虎尾糖廠,台糖虎尾糖廠,生質能,2026,0,6408,雲林縣虎尾鎮中山路2號,4000 kW,台灣糖業股份有限公司虎尾糖廠,24BS0001-B026000001~6409,5/20/26,2026-01-01~2026-03-31,認可,認可,0 MWh,"6,408 MWh"
台灣糖業股份有限公司善化糖廠,台糖善化糖廠,生質能,2026,0,2282.4,臺南市善化區溪美里310號,2000 kW,台灣糖業股份有限公司善化糖廠,24BS0002-B026000001~1251,4/1/26,2026-01-01~2026-02-28,認可,認可,0 MWh,"2,282.4 MWh"
上品王食品股份有限公司,石安牧場沼氣發電廠,生質能,2026,0,594.672,高雄市阿蓮區石安里頂安街310巷58號及60號,788 kW,上品王食品股份有限公司,22BG0001-B026000001~596,5/20/26,2026-01-01~2026-03-31,認可,認可,0 MWh,594.672 MWh
薛長興工業股份有限公司,薛長興工業股份有限公司利澤廠,生質能,2026,0,266.11,宜蘭縣五結鄉利工一路二段53號,280 kW,薛長興工業股份有限公司,25BS0001-B026000001~267,4/22/26,2025-12-01~2026-02-28,認可,認可,0 MWh,266.11 MWh
余國璋,盈登畜牧場,生質能,2026,0,5.044,高雄市阿蓮區中路街201巷60弄125號,50 kW,余國璋,24BG0002-B026000001~6,5/20/26,2025-03-26~2026-01-31,認可,認可,0 MWh,5.044 MWh
高志賢,志賢畜牧場,生質能,2026,0,5.437,高雄市阿蓮區中路街201巷78號,30 kW,高志賢,24BG0001-B026000001~6,5/20/26,2025-09-25~2026-02-28,認可,認可,0 MWh,5.437 MWh
花蓮綠能股份有限公司,名間電力股份有限公司 水力發電廠,水力能,2026,410.002,90.839,南投縣名間鄉員集路36之82號,16704 kW,花蓮綠能股份有限公司,22HR0002-B026000002~517,4/15/26,2026-02-01~2026-02-28,認可,認可,410.002 MWh,90.839 MWh
嘉南實業股份有限公司,西口水力發電廠,水力能,2026,10147.547,406.535,臺南市東山區南勢里南勢庄77號,11520 kW,嘉南實業股份有限公司,22HR0003-B026000001~10568,5/20/26,2026-01-01~2026-03-31,認可,認可,"10,147.547 MWh",406.535 MWh
台汽電綠能股份有限公司,烏山頭水力發電廠,水力能,2026,7698.934,0,臺南市官田區嘉南里6鄰68之59號,8750 kW,台汽電綠能股份有限公司,22HR0001-B026000128~7832,5/20/26,2026-01-01~2026-03-31,認可,認可,"7,698.934 MWh",0 MWh
陽光伏特家電力股份有限公司,華芯雲林2廠,水力能,2026,185.035,0,雲林縣林內鄉烏塗段0247-0004地號,250 kW,陽光伏特家電力股份有限公司,24HR0003-B026000001~186,5/20/26,2026-01-01~2026-03-31,認可,認可,185.035 MWh,0 MWh
陽光伏特家電力股份有限公司,華芯雲林1廠,水力能,2026,167.344,0,雲林縣林內鄉烏塗段0247-0004地號,250 kW,陽光伏特家電力股份有限公司,24HR0002-B026000001~169,5/20/26,2026-01-01~2026-03-31,認可,認可,167.344 MWh,0 MWh
豐澕能環股份有限公司,食水嵙溪小水力發電廠,水力能,2026,75.989,0,臺中市石岡區豐勢路1274之1號旁,185 kW,豐澕能環股份有限公司、台達能源股份有限公司,23HR0002-B026000001~77,4/22/26,2026-01-01~2026-02-28,認可,認可,75.989 MWh,0 MWh
大自然能源電業股份有限公司,NP142014C001(利嘉小水力),水力能,2026,200.207,0,臺東縣卑南鄉利泰段1097-0000地號,130 kW,大自然能源電業股份有限公司,24HR0001-B026000001~209,5/20/26,2026-01-01~2026-03-31,認可,認可,200.207 MWh,0 MWh
天能綠電股份有限公司,恆水創電-宜蘭安農溪萬富圳水力發電案場,水力能,2026,59.296,2.13,宜蘭縣三星鄉叭哩沙段502地號、田心段429地號,99 kW,天能綠電股份有限公司,25HR0025-B026000001~63,5/20/26,2026-01-01~2026-03-31,認可,認可,59.296 MWh,2.13 MWh
台灣化學纖維股份有限公司,台灣化學纖維股份有限公司蘭潭管小水電,水力能,2026,0,12.527,嘉義縣新港鄉中洋工業區1號,75 kW,台灣化學纖維股份有限公司,23HS0001-B026000001~14,5/20/26,2026-01-01~2026-03-31,認可,認可,0 MWh,12.527 MWh
農業部農村發展及水土保持署臺北分署,崩山湖微水力發電站,水力能,2026,0,0.373,宜蘭縣員山鄉隘界一段353-2地號,1.5 kW,農業部農村發展及水土保持署臺北分署,23HR0001-B026000001~2,5/20/26,2025-10-29~2026-03-31,認可,認可,0 MWh,0.373 MWh
台灣綠氫股份有限公司,台灣綠氫_餘氫再生系統_2,其他能源,2026,0,0.015,臺南市柳營區環園西路二段40號,115 kW,台灣綠氫股份有限公司,24OH0001-B026000001~3,5/20/26,2026-01-01~2026-03-31,認可,認可,0 MWh,0.015 MWh