出售單位,發電設備,購買者,能源類型,供電種類,總移轉量(MWh),成交日期,成交移轉量(MWh),成交記錄原文
三地怪獸電力股份有限公司,三地能源股份有限公司(台南府城客運屋頂型太陽光電),台灣積體電路製造股份有限公司,太陽能,轉供,37.472,2026-05-13,9.919,於 2026-05-13 移轉 9.919 MWh
三地怪獸電力股份有限公司,三地能源股份有限公司(台南府城客運屋頂型太陽光電),台灣積體電路製造股份有限公司,太陽能,轉供,37.472,2026-05-20,27.553,於 2026-05-20 移轉 27.553 MWh
三地怪獸電力股份有限公司,嘉義汽車客運股份有限公司(嘉義客運屋頂型太陽光電),台灣普利司通股份有限公司,太陽能,轉供,34.025,2026-04-15,34.025,於 2026-04-15 移轉 34.025 MWh
三地怪獸電力股份有限公司,永樂再生能源有限公司(永樂再生屏東縣萬丹鄉屋頂型太陽光電),台灣普利司通股份有限公司,太陽能,轉供,157.661,2026-04-15,157.661,於 2026-04-15 移轉 157.661 MWh
三地怪獸電力股份有限公司,許願樹科技有限公司(許願樹屏東縣萬華段地面型太陽光電),台灣積體電路製造股份有限公司,太陽能,轉供,155.752,2026-05-13,36.813,於 2026-05-13 移轉 36.813 MWh
三地怪獸電力股份有限公司,許願樹科技有限公司(許願樹屏東縣萬華段地面型太陽光電),台灣積體電路製造股份有限公司,太陽能,轉供,155.752,2026-05-20,118.939,於 2026-05-20 移轉 118.939 MWh
三地怪獸電力股份有限公司,許願樹科技有限公司(許願樹屏東縣萬興段屋頂型太陽光電),台灣積體電路製造股份有限公司,太陽能,轉供,136.409,2026-05-13,29.375,於 2026-05-13 移轉 29.375 MWh
三地怪獸電力股份有限公司,許願樹科技有限公司(許願樹屏東縣萬興段屋頂型太陽光電),台灣積體電路製造股份有限公司,太陽能,轉供,136.409,2026-05-20,107.034,於 2026-05-20 移轉 107.034 MWh
三地怪獸電力股份有限公司,許願樹科技有限公司(許願樹屏東縣鳳安路屋頂型太陽光電),台灣積體電路製造股份有限公司,太陽能,轉供,143.12,2026-05-13,32.404,於 2026-05-13 移轉 32.404 MWh
三地怪獸電力股份有限公司,許願樹科技有限公司(許願樹屏東縣鳳安路屋頂型太陽光電),台灣積體電路製造股份有限公司,太陽能,轉供,143.12,2026-05-20,110.716,於 2026-05-20 移轉 110.716 MWh
三地怪獸電力股份有限公司,許願樹科技有限公司(許願樹屏東縣七塊段地面型太陽光電),台灣積體電路製造股份有限公司,太陽能,轉供,81.986,2026-05-13,20.063,於 2026-05-13 移轉 20.063 MWh
三地怪獸電力股份有限公司,許願樹科技有限公司(許願樹屏東縣七塊段地面型太陽光電),台灣積體電路製造股份有限公司,太陽能,轉供,81.986,2026-05-20,61.923,於 2026-05-20 移轉 61.923 MWh
三地怪獸電力股份有限公司,主賞國際有限公司(主賞屏東縣萬丹鄉地面型太陽光電),台灣積體電路製造股份有限公司,太陽能,轉供,98.631,2026-05-13,21.996,於 2026-05-13 移轉 21.996 MWh
三地怪獸電力股份有限公司,主賞國際有限公司(主賞屏東縣萬丹鄉地面型太陽光電),台灣積體電路製造股份有限公司,太陽能,轉供,98.631,2026-05-20,76.635,於 2026-05-20 移轉 76.635 MWh
三地怪獸電力股份有限公司,合豐能源股份有限公司(合豐屏東太陽光電案場),台灣積體電路製造股份有限公司,太陽能,轉供,"11,764.257",2026-05-13,2757.583,"於 2026-05-13 移轉 2,757.583 MWh"
三地怪獸電力股份有限公司,合豐能源股份有限公司(合豐屏東太陽光電案場),台灣積體電路製造股份有限公司,太陽能,轉供,"11,764.257",2026-05-20,9006.674,"於 2026-05-20 移轉 9,006.674 MWh"
三地怪獸電力股份有限公司,南旭電力股份有限公司(南旭第一期漁電共生太陽光電案場),台灣積體電路製造股份有限公司,太陽能,轉供,"9,031.587",2026-05-13,2732.629,"於 2026-05-13 移轉 2,732.629 MWh"
三地怪獸電力股份有限公司,南旭電力股份有限公司(南旭第一期漁電共生太陽光電案場),台灣積體電路製造股份有限公司,太陽能,轉供,"9,031.587",2026-05-20,6298.958,"於 2026-05-20 移轉 6,298.958 MWh"
三地怪獸電力股份有限公司,展昇能源科技有限公司(展昇臺南市新市區屋頂型太陽光電),台灣積體電路製造股份有限公司,太陽能,轉供,119.49,2026-05-13,31.061,於 2026-05-13 移轉 31.061 MWh
三地怪獸電力股份有限公司,展昇能源科技有限公司(展昇臺南市新市區屋頂型太陽光電),台灣積體電路製造股份有限公司,太陽能,轉供,119.49,2026-05-20,88.429,於 2026-05-20 移轉 88.429 MWh
三地怪獸電力股份有限公司,展昇能源科技有限公司(展昇屏東縣高樹鄉地面型太陽光電),台灣積體電路製造股份有限公司,太陽能,轉供,29.296,2026-05-13,6.719,於 2026-05-13 移轉 6.719 MWh
三地怪獸電力股份有限公司,展昇能源科技有限公司(展昇屏東縣高樹鄉地面型太陽光電),台灣積體電路製造股份有限公司,太陽能,轉供,29.296,2026-05-20,22.577,於 2026-05-20 移轉 22.577 MWh
三地怪獸電力股份有限公司,展昇能源科技有限公司(展昇屏東縣高樹鄉屋頂型太陽光電),台灣積體電路製造股份有限公司,太陽能,轉供,77.94,2026-05-13,17.479,於 2026-05-13 移轉 17.479 MWh
三地怪獸電力股份有限公司,展昇能源科技有限公司(展昇屏東縣高樹鄉屋頂型太陽光電),台灣積體電路製造股份有限公司,太陽能,轉供,77.94,2026-05-20,60.461,於 2026-05-20 移轉 60.461 MWh
三地怪獸電力股份有限公司,展昇能源科技有限公司(展昇屏東縣東港鎮屋頂型太陽光電),台灣積體電路製造股份有限公司,太陽能,轉供,104.818,2026-05-13,22.495,於 2026-05-13 移轉 22.495 MWh
三地怪獸電力股份有限公司,展昇能源科技有限公司(展昇屏東縣東港鎮屋頂型太陽光電),台灣積體電路製造股份有限公司,太陽能,轉供,104.818,2026-05-20,82.323,於 2026-05-20 移轉 82.323 MWh
三地怪獸電力股份有限公司,展昇能源科技有限公司(展昇屏東縣恆春鎮地面型太陽光電),台灣積體電路製造股份有限公司,太陽能,轉供,33.943,2026-05-13,8.477,於 2026-05-13 移轉 8.477 MWh
三地怪獸電力股份有限公司,展昇能源科技有限公司(展昇屏東縣恆春鎮地面型太陽光電),台灣積體電路製造股份有限公司,太陽能,轉供,33.943,2026-05-20,25.466,於 2026-05-20 移轉 25.466 MWh
三地怪獸電力股份有限公司,展昇能源科技有限公司(展昇屏東縣九如鄉屋頂型太陽光電),台灣積體電路製造股份有限公司,太陽能,轉供,98.505,2026-05-13,23.208,於 2026-05-13 移轉 23.208 MWh
三地怪獸電力股份有限公司,展昇能源科技有限公司(展昇屏東縣九如鄉屋頂型太陽光電),台灣積體電路製造股份有限公司,太陽能,轉供,98.505,2026-05-20,75.297,於 2026-05-20 移轉 75.297 MWh
三地怪獸電力股份有限公司,展昇能源科技有限公司(展昇高雄市美濃區屋頂型太陽光電),台灣積體電路製造股份有限公司,太陽能,轉供,51.717,2026-05-13,12.165,於 2026-05-13 移轉 12.165 MWh
三地怪獸電力股份有限公司,展昇能源科技有限公司(展昇高雄市美濃區屋頂型太陽光電),台灣積體電路製造股份有限公司,太陽能,轉供,51.717,2026-05-20,39.552,於 2026-05-20 移轉 39.552 MWh
三地怪獸電力股份有限公司,展昇能源科技有限公司(展昇高雄市內門區屋頂型太陽光電),台灣積體電路製造股份有限公司,太陽能,轉供,89.349,2026-05-13,20.259,於 2026-05-13 移轉 20.259 MWh
三地怪獸電力股份有限公司,展昇能源科技有限公司(展昇高雄市內門區屋頂型太陽光電),台灣積體電路製造股份有限公司,太陽能,轉供,89.349,2026-05-20,69.09,於 2026-05-20 移轉 69.09 MWh
中威風力發電股份有限公司,(台中風場),台灣積體電路製造股份有限公司,風力能,轉供,"14,151.727",2026-04-01,477.77,於 2026-04-01 移轉 477.77 MWh
中威風力發電股份有限公司,(台中風場),台灣積體電路製造股份有限公司,風力能,轉供,"14,151.727",2026-04-15,1.443,於 2026-04-15 移轉 1.443 MWh
中威風力發電股份有限公司,(台中風場),台灣積體電路製造股份有限公司,風力能,轉供,"14,151.727",2026-04-22,354.631,於 2026-04-22 移轉 354.631 MWh
中威風力發電股份有限公司,(台中風場),台灣積體電路製造股份有限公司,風力能,轉供,"14,151.727",2026-05-20,13317.883,"於 2026-05-20 移轉 13,317.883 MWh"
中曜股份有限公司,天權智慧能源股份有限公司(中曜股份有限公司),凱基證券股份有限公司,太陽能,轉供,63.952,2026-04-01,63.952,於 2026-04-01 移轉 63.952 MWh
中曜股份有限公司,天權智慧能源股份有限公司(中曜股份有限公司),凱基期貨股份有限公司,太陽能,轉供,23.003,2026-04-01,23.003,於 2026-04-01 移轉 23.003 MWh
中曜股份有限公司,瑤光智慧能源股份有限公司(中曜股份有限公司 ),瑞昱半導體股份有限公司,太陽能,轉供,"2,098.009",2026-04-01,1041.766,"於 2026-04-01 移轉 1,041.766 MWh"
中曜股份有限公司,瑤光智慧能源股份有限公司(中曜股份有限公司 ),瑞昱半導體股份有限公司,太陽能,轉供,"2,098.009",2026-05-13,1056.243,"於 2026-05-13 移轉 1,056.243 MWh"
中曜股份有限公司,開陽智慧能源股份有限公司(中曜股份有限公司 ),香奈兒有限公司,太陽能,轉供,29,2026-03-11,29,於 2026-03-11 移轉 29 MWh
中曜股份有限公司,中晏電業股份有限公司(中晏 86 號),長興材料工業股份有限公司,太陽能,轉供,20.214,2026-04-01,9.804,於 2026-04-01 移轉 9.804 MWh
中曜股份有限公司,中晏電業股份有限公司(中晏 86 號),長興材料工業股份有限公司,太陽能,轉供,20.214,2026-05-13,10.41,於 2026-05-13 移轉 10.41 MWh
中曜股份有限公司,中租迪和股份有限公司(中租 2471 號),金居開發股份有限公司,太陽能,轉供,73.425,2026-04-01,36.482,於 2026-04-01 移轉 36.482 MWh
中曜股份有限公司,中租迪和股份有限公司(中租 2471 號),金居開發股份有限公司,太陽能,轉供,73.425,2026-05-13,36.943,於 2026-05-13 移轉 36.943 MWh
中曜股份有限公司,中租迪和股份有限公司(中租 2285 號),長興材料工業股份有限公司,太陽能,轉供,7.342,2026-04-01,3.777,於 2026-04-01 移轉 3.777 MWh
中曜股份有限公司,中租迪和股份有限公司(中租 2285 號),長興材料工業股份有限公司,太陽能,轉供,7.342,2026-05-13,3.565,於 2026-05-13 移轉 3.565 MWh
中曜股份有限公司,中租迪和股份有限公司(中租 3279 號),長興材料工業股份有限公司,太陽能,轉供,8.589,2026-04-01,4.568,於 2026-04-01 移轉 4.568 MWh
中曜股份有限公司,中租迪和股份有限公司(中租 3279 號),長興材料工業股份有限公司,太陽能,轉供,8.589,2026-05-13,4.021,於 2026-05-13 移轉 4.021 MWh
中曜股份有限公司,中租迪和股份有限公司(中租 2283 號),長興材料工業股份有限公司,太陽能,轉供,5.957,2026-04-01,3.175,於 2026-04-01 移轉 3.175 MWh
中曜股份有限公司,中租迪和股份有限公司(中租 2283 號),長興材料工業股份有限公司,太陽能,轉供,5.957,2026-05-13,2.782,於 2026-05-13 移轉 2.782 MWh
中曜股份有限公司,中租迪和股份有限公司(中租 2282 號),金居開發股份有限公司,太陽能,轉供,31.044,2026-04-01,15.632,於 2026-04-01 移轉 15.632 MWh
中曜股份有限公司,中租迪和股份有限公司(中租 2282 號),金居開發股份有限公司,太陽能,轉供,31.044,2026-05-13,15.412,於 2026-05-13 移轉 15.412 MWh
中曜股份有限公司,中租迪和股份有限公司(中租 1212 號),長興材料工業股份有限公司,太陽能,轉供,12.128,2026-04-01,5.792,於 2026-04-01 移轉 5.792 MWh
中曜股份有限公司,中租迪和股份有限公司(中租 1212 號),長興材料工業股份有限公司,太陽能,轉供,12.128,2026-05-13,6.336,於 2026-05-13 移轉 6.336 MWh
中曜股份有限公司,中租迪和股份有限公司(中租 2286 號),長興材料工業股份有限公司,太陽能,轉供,6.591,2026-04-01,3.464,於 2026-04-01 移轉 3.464 MWh
中曜股份有限公司,中租迪和股份有限公司(中租 2286 號),長興材料工業股份有限公司,太陽能,轉供,6.591,2026-05-13,3.127,於 2026-05-13 移轉 3.127 MWh
中曜股份有限公司,中租迪和股份有限公司(中租 2284號),金居開發股份有限公司,太陽能,轉供,30.531,2026-04-01,15.386,於 2026-04-01 移轉 15.386 MWh
中曜股份有限公司,中租迪和股份有限公司(中租 2284號),金居開發股份有限公司,太陽能,轉供,30.531,2026-05-13,15.145,於 2026-05-13 移轉 15.145 MWh
中曜股份有限公司,中租迪和股份有限公司(中租 1680 號),長興材料工業股份有限公司,太陽能,轉供,9.264,2026-04-01,4.841,於 2026-04-01 移轉 4.841 MWh
中曜股份有限公司,中租迪和股份有限公司(中租 1680 號),長興材料工業股份有限公司,太陽能,轉供,9.264,2026-05-13,4.423,於 2026-05-13 移轉 4.423 MWh
中曜股份有限公司,中租迪和股份有限公司(中租 1858 號),長興材料工業股份有限公司,太陽能,轉供,5.539,2026-04-01,2.891,於 2026-04-01 移轉 2.891 MWh
中曜股份有限公司,中租迪和股份有限公司(中租 1858 號),長興材料工業股份有限公司,太陽能,轉供,5.539,2026-05-13,2.648,於 2026-05-13 移轉 2.648 MWh
中曜股份有限公司,中租迪和股份有限公司(中租 4126 號),長興材料工業股份有限公司,太陽能,轉供,6.836,2026-04-01,3.198,於 2026-04-01 移轉 3.198 MWh
中曜股份有限公司,中租迪和股份有限公司(中租 4126 號),長興材料工業股份有限公司,太陽能,轉供,6.836,2026-05-13,3.638,於 2026-05-13 移轉 3.638 MWh
中曜股份有限公司,中租迪和股份有限公司(中租 1687 號),長興材料工業股份有限公司,太陽能,轉供,6.236,2026-04-01,3.289,於 2026-04-01 移轉 3.289 MWh
中曜股份有限公司,中租迪和股份有限公司(中租 1687 號),長興材料工業股份有限公司,太陽能,轉供,6.236,2026-05-13,2.947,於 2026-05-13 移轉 2.947 MWh
中曜股份有限公司,中租迪和股份有限公司(中租 2324 號),長興材料工業股份有限公司,太陽能,轉供,6.975,2026-04-01,3.515,於 2026-04-01 移轉 3.515 MWh
中曜股份有限公司,中租迪和股份有限公司(中租 2324 號),長興材料工業股份有限公司,太陽能,轉供,6.975,2026-05-13,3.46,於 2026-05-13 移轉 3.46 MWh
中曜股份有限公司,中租迪和股份有限公司(中租 2325 號),長興材料工業股份有限公司,太陽能,轉供,8.456,2026-04-01,4.335,於 2026-04-01 移轉 4.335 MWh
中曜股份有限公司,中租迪和股份有限公司(中租 2325 號),長興材料工業股份有限公司,太陽能,轉供,8.456,2026-05-13,4.121,於 2026-05-13 移轉 4.121 MWh
中曜股份有限公司,中租迪和股份有限公司(中租 1688 號),長興材料工業股份有限公司,太陽能,轉供,5.966,2026-04-01,3.027,於 2026-04-01 移轉 3.027 MWh
中曜股份有限公司,中租迪和股份有限公司(中租 1688 號),長興材料工業股份有限公司,太陽能,轉供,5.966,2026-05-13,2.939,於 2026-05-13 移轉 2.939 MWh
中曜股份有限公司,中租迪和股份有限公司(中租 1860 號),長興材料工業股份有限公司,太陽能,轉供,6.83,2026-04-01,3.418,於 2026-04-01 移轉 3.418 MWh
中曜股份有限公司,中租迪和股份有限公司(中租 1860 號),長興材料工業股份有限公司,太陽能,轉供,6.83,2026-05-13,3.412,於 2026-05-13 移轉 3.412 MWh
中曜股份有限公司,中租迪和股份有限公司(中租 1859 號),長興材料工業股份有限公司,太陽能,轉供,6.656,2026-04-01,3.316,於 2026-04-01 移轉 3.316 MWh
中曜股份有限公司,中租迪和股份有限公司(中租 1859 號),長興材料工業股份有限公司,太陽能,轉供,6.656,2026-05-13,3.34,於 2026-05-13 移轉 3.34 MWh
中曜股份有限公司,中租迪和股份有限公司(中租 1217 號),長興材料工業股份有限公司,太陽能,轉供,4.217,2026-04-01,2.112,於 2026-04-01 移轉 2.112 MWh
中曜股份有限公司,中租迪和股份有限公司(中租 1217 號),長興材料工業股份有限公司,太陽能,轉供,4.217,2026-05-13,2.105,於 2026-05-13 移轉 2.105 MWh
中曜股份有限公司,中租迪和股份有限公司(中租 0563 號),長興材料工業股份有限公司,太陽能,轉供,9.687,2026-04-01,5.007,於 2026-04-01 移轉 5.007 MWh
中曜股份有限公司,中租迪和股份有限公司(中租 0563 號),長興材料工業股份有限公司,太陽能,轉供,9.687,2026-05-13,4.68,於 2026-05-13 移轉 4.68 MWh
中曜股份有限公司,中租迪和股份有限公司(中租 1427 號),長興材料工業股份有限公司,太陽能,轉供,10.071,2026-04-01,4.186,於 2026-04-01 移轉 4.186 MWh
中曜股份有限公司,中租迪和股份有限公司(中租 1427 號),長興材料工業股份有限公司,太陽能,轉供,10.071,2026-05-13,5.885,於 2026-05-13 移轉 5.885 MWh
中曜股份有限公司,中租迪和股份有限公司(中租 0633 號),長興材料工業股份有限公司,太陽能,轉供,7.291,2026-04-01,3.627,於 2026-04-01 移轉 3.627 MWh
中曜股份有限公司,中租迪和股份有限公司(中租 0633 號),長興材料工業股份有限公司,太陽能,轉供,7.291,2026-05-13,3.664,於 2026-05-13 移轉 3.664 MWh
中曜股份有限公司,中租迪和股份有限公司(中租 3506 號),長興材料工業股份有限公司,太陽能,轉供,8.584,2026-04-01,4.36,於 2026-04-01 移轉 4.36 MWh
中曜股份有限公司,中租迪和股份有限公司(中租 3506 號),長興材料工業股份有限公司,太陽能,轉供,8.584,2026-05-13,4.224,於 2026-05-13 移轉 4.224 MWh
中曜股份有限公司,中租迪和股份有限公司(中租 4052 號),長興材料工業股份有限公司,太陽能,轉供,11.974,2026-04-01,5.782,於 2026-04-01 移轉 5.782 MWh
中曜股份有限公司,中租迪和股份有限公司(中租 4052 號),長興材料工業股份有限公司,太陽能,轉供,11.974,2026-05-13,6.192,於 2026-05-13 移轉 6.192 MWh
中曜股份有限公司,永唐有限公司(永唐 98 號),長興材料工業股份有限公司,太陽能,轉供,6.08,2026-04-01,3.045,於 2026-04-01 移轉 3.045 MWh
中曜股份有限公司,永唐有限公司(永唐 98 號),長興材料工業股份有限公司,太陽能,轉供,6.08,2026-05-13,3.035,於 2026-05-13 移轉 3.035 MWh
中曜股份有限公司,中租迪和股份有限公司(中租 854 號),明基材料股份有限公司,太陽能,轉供,67.056,2026-04-01,33.383,於 2026-04-01 移轉 33.383 MWh
中曜股份有限公司,中租迪和股份有限公司(中租 854 號),明基材料股份有限公司,太陽能,轉供,67.056,2026-05-13,33.673,於 2026-05-13 移轉 33.673 MWh
中曜股份有限公司,中租迪和股份有限公司(中租 855 號),明基材料股份有限公司,太陽能,轉供,76.332,2026-04-01,37.741,於 2026-04-01 移轉 37.741 MWh
中曜股份有限公司,中租迪和股份有限公司(中租 855 號),明基材料股份有限公司,太陽能,轉供,76.332,2026-05-13,38.591,於 2026-05-13 移轉 38.591 MWh
中曜股份有限公司,中租迪和股份有限公司(中租 856 號),香奈兒有限公司,太陽能,轉供,28.5,2026-05-13,28.5,於 2026-05-13 移轉 28.5 MWh
中曜股份有限公司,中租迪和股份有限公司(中租 3410 號),明基材料股份有限公司,太陽能,轉供,207.731,2026-04-01,102.738,於 2026-04-01 移轉 102.738 MWh
中曜股份有限公司,中租迪和股份有限公司(中租 3410 號),明基材料股份有限公司,太陽能,轉供,207.731,2026-05-13,104.993,於 2026-05-13 移轉 104.993 MWh
中曜股份有限公司,中租迪和股份有限公司(中租 2743 號),長興材料工業股份有限公司,太陽能,轉供,29.124,2026-04-01,14.895,於 2026-04-01 移轉 14.895 MWh
中曜股份有限公司,中租迪和股份有限公司(中租 2743 號),長興材料工業股份有限公司,太陽能,轉供,29.124,2026-05-13,14.229,於 2026-05-13 移轉 14.229 MWh
中曜股份有限公司,中租迪和股份有限公司(中租 6061 號),長興材料工業股份有限公司,太陽能,轉供,10.127,2026-04-01,4.936,於 2026-04-01 移轉 4.936 MWh
中曜股份有限公司,中租迪和股份有限公司(中租 6061 號),長興材料工業股份有限公司,太陽能,轉供,10.127,2026-05-13,5.191,於 2026-05-13 移轉 5.191 MWh
中曜股份有限公司,中租迪和股份有限公司(中租 2071 號),長興材料工業股份有限公司,太陽能,轉供,5.648,2026-04-01,2.902,於 2026-04-01 移轉 2.902 MWh
中曜股份有限公司,中租迪和股份有限公司(中租 2071 號),長興材料工業股份有限公司,太陽能,轉供,5.648,2026-05-13,2.746,於 2026-05-13 移轉 2.746 MWh
中曜股份有限公司,中租迪和股份有限公司(中租 2072 號),長興材料工業股份有限公司,太陽能,轉供,7.11,2026-04-01,3.654,於 2026-04-01 移轉 3.654 MWh
中曜股份有限公司,中租迪和股份有限公司(中租 2072 號),長興材料工業股份有限公司,太陽能,轉供,7.11,2026-05-13,3.456,於 2026-05-13 移轉 3.456 MWh
中曜股份有限公司,中租迪和股份有限公司(中租 2073 號),長興材料工業股份有限公司,太陽能,轉供,7.212,2026-04-01,3.713,於 2026-04-01 移轉 3.713 MWh
中曜股份有限公司,中租迪和股份有限公司(中租 2073 號),長興材料工業股份有限公司,太陽能,轉供,7.212,2026-05-13,3.499,於 2026-05-13 移轉 3.499 MWh
中曜股份有限公司,中租迪和股份有限公司(中租 2012 號),長興材料工業股份有限公司,太陽能,轉供,8.95,2026-04-01,4.39,於 2026-04-01 移轉 4.39 MWh
中曜股份有限公司,中租迪和股份有限公司(中租 2012 號),長興材料工業股份有限公司,太陽能,轉供,8.95,2026-05-13,4.56,於 2026-05-13 移轉 4.56 MWh
中曜股份有限公司,中租迪和股份有限公司(中租 1191 號),長興材料工業股份有限公司,太陽能,轉供,10.346,2026-04-01,4.981,於 2026-04-01 移轉 4.981 MWh
中曜股份有限公司,中租迪和股份有限公司(中租 1191 號),長興材料工業股份有限公司,太陽能,轉供,10.346,2026-05-13,5.365,於 2026-05-13 移轉 5.365 MWh
中華系統整合股份有限公司,康陽新能源股份有限公司(屏東都計農里港D),臺豪鋼鐵股份有限公司,太陽能,轉供,107.742,2026-05-13,66.761,於 2026-05-13 移轉 66.761 MWh
中華系統整合股份有限公司,康陽新能源股份有限公司(屏東都計農里港D),臺豪鋼鐵股份有限公司,太陽能,轉供,107.742,2026-05-20,40.981,於 2026-05-20 移轉 40.981 MWh
中華系統整合股份有限公司,康陽新能源股份有限公司(屏東都計農里港E),臺豪鋼鐵股份有限公司,太陽能,轉供,93.038,2026-05-13,55.781,於 2026-05-13 移轉 55.781 MWh
中華系統整合股份有限公司,康陽新能源股份有限公司(屏東都計農里港E),臺豪鋼鐵股份有限公司,太陽能,轉供,93.038,2026-05-20,37.257,於 2026-05-20 移轉 37.257 MWh
中鋼光能股份有限公司,(中鋼鋼板工場#02#03庫),中國鋼鐵股份有限公司,太陽能,併網型直供,552.75,2026-03-05,159.162,於 2026-03-05 移轉 159.162 MWh
中鋼光能股份有限公司,(中鋼鋼板工場#02#03庫),中國鋼鐵股份有限公司,太陽能,併網型直供,552.75,2026-04-08,170.075,於 2026-04-08 移轉 170.075 MWh
中鋼光能股份有限公司,(中鋼鋼板工場#02#03庫),中國鋼鐵股份有限公司,太陽能,併網型直供,552.75,2026-05-20,223.513,於 2026-05-20 移轉 223.513 MWh
中鋼光能股份有限公司,(中鋼#09~#11條鋼工廠),中國鋼鐵股份有限公司,太陽能,併網型直供,405.874,2026-03-05,115.398,於 2026-03-05 移轉 115.398 MWh
中鋼光能股份有限公司,(中鋼#09~#11條鋼工廠),中國鋼鐵股份有限公司,太陽能,併網型直供,405.874,2026-04-08,126.038,於 2026-04-08 移轉 126.038 MWh
中鋼光能股份有限公司,(中鋼#09~#11條鋼工廠),中國鋼鐵股份有限公司,太陽能,併網型直供,405.874,2026-05-20,164.438,於 2026-05-20 移轉 164.438 MWh
中鋼光能股份有限公司,(中鋼小鋼胚儲區),中國鋼鐵股份有限公司,太陽能,併網型直供,181.774,2026-03-05,52.511,於 2026-03-05 移轉 52.511 MWh
中鋼光能股份有限公司,(中鋼小鋼胚儲區),中國鋼鐵股份有限公司,太陽能,併網型直供,181.774,2026-04-08,56.424,於 2026-04-08 移轉 56.424 MWh
中鋼光能股份有限公司,(中鋼小鋼胚儲區),中國鋼鐵股份有限公司,太陽能,併網型直供,181.774,2026-05-20,72.839,於 2026-05-20 移轉 72.839 MWh
中鋼光能股份有限公司,(中鋼成品倉庫#25庫),中國鋼鐵股份有限公司,太陽能,併網型直供,285.591,2026-03-05,81.269,於 2026-03-05 移轉 81.269 MWh
中鋼光能股份有限公司,(中鋼成品倉庫#25庫),中國鋼鐵股份有限公司,太陽能,併網型直供,285.591,2026-04-08,88.412,於 2026-04-08 移轉 88.412 MWh
中鋼光能股份有限公司,(中鋼成品倉庫#25庫),中國鋼鐵股份有限公司,太陽能,併網型直供,285.591,2026-05-20,115.91,於 2026-05-20 移轉 115.91 MWh
中鋼光能股份有限公司,(中鋼#17成品倉庫),中國鋼鐵股份有限公司,太陽能,併網型直供,201.01,2026-03-05,59.234,於 2026-03-05 移轉 59.234 MWh
中鋼光能股份有限公司,(中鋼#17成品倉庫),中國鋼鐵股份有限公司,太陽能,併網型直供,201.01,2026-04-08,62.115,於 2026-04-08 移轉 62.115 MWh
中鋼光能股份有限公司,(中鋼#17成品倉庫),中國鋼鐵股份有限公司,太陽能,併網型直供,201.01,2026-05-20,79.661,於 2026-05-20 移轉 79.661 MWh
中鋼光能股份有限公司,(中鋼#20成品倉庫),中國鋼鐵股份有限公司,太陽能,併網型直供,261.491,2026-03-05,72.401,於 2026-03-05 移轉 72.401 MWh
中鋼光能股份有限公司,(中鋼#20成品倉庫),中國鋼鐵股份有限公司,太陽能,併網型直供,261.491,2026-04-08,80.433,於 2026-04-08 移轉 80.433 MWh
中鋼光能股份有限公司,(中鋼#20成品倉庫),中國鋼鐵股份有限公司,太陽能,併網型直供,261.491,2026-05-20,108.657,於 2026-05-20 移轉 108.657 MWh
中鋼光能股份有限公司,(中鋼輕型軋輥課),中國鋼鐵股份有限公司,太陽能,併網型直供,45.585,2026-03-05,13.599,於 2026-03-05 移轉 13.599 MWh
中鋼光能股份有限公司,(中鋼輕型軋輥課),中國鋼鐵股份有限公司,太陽能,併網型直供,45.585,2026-04-08,14.148,於 2026-04-08 移轉 14.148 MWh
中鋼光能股份有限公司,(中鋼輕型軋輥課),中國鋼鐵股份有限公司,太陽能,併網型直供,45.585,2026-05-20,17.838,於 2026-05-20 移轉 17.838 MWh
中鋼光能股份有限公司,(中鋼第二線材水場脫水機房),中國鋼鐵股份有限公司,太陽能,併網型直供,32.361,2026-03-05,9.337,於 2026-03-05 移轉 9.337 MWh
中鋼光能股份有限公司,(中鋼第二線材水場脫水機房),中國鋼鐵股份有限公司,太陽能,併網型直供,32.361,2026-04-08,10.016,於 2026-04-08 移轉 10.016 MWh
中鋼光能股份有限公司,(中鋼第二線材水場脫水機房),中國鋼鐵股份有限公司,太陽能,併網型直供,32.361,2026-05-20,13.008,於 2026-05-20 移轉 13.008 MWh
中鋼光能股份有限公司,(中鋼第二連續退火線(庫),中國鋼鐵股份有限公司,太陽能,併網型直供,196.565,2026-03-05,57.792,於 2026-03-05 移轉 57.792 MWh
中鋼光能股份有限公司,(中鋼第二連續退火線(庫),中國鋼鐵股份有限公司,太陽能,併網型直供,196.565,2026-04-08,59.973,於 2026-04-08 移轉 59.973 MWh
中鋼光能股份有限公司,(中鋼第二連續退火線(庫),中國鋼鐵股份有限公司,太陽能,併網型直供,196.565,2026-05-20,78.8,於 2026-05-20 移轉 78.8 MWh
中鋼光能股份有限公司,(中鋼W3扁鋼胚鑄造精整儲區),中國鋼鐵股份有限公司,太陽能,併網型直供,198.361,2026-03-05,56.372,於 2026-03-05 移轉 56.372 MWh
中鋼光能股份有限公司,(中鋼W3扁鋼胚鑄造精整儲區),中國鋼鐵股份有限公司,太陽能,併網型直供,198.361,2026-04-08,59.74,於 2026-04-08 移轉 59.74 MWh
中鋼光能股份有限公司,(中鋼W3扁鋼胚鑄造精整儲區),中國鋼鐵股份有限公司,太陽能,併網型直供,198.361,2026-05-20,82.249,於 2026-05-20 移轉 82.249 MWh
中鋼光能股份有限公司,(中鋼第二熱軋),中國鋼鐵股份有限公司,太陽能,併網型直供,"1,128.312",2026-03-05,325.487,於 2026-03-05 移轉 325.487 MWh
中鋼光能股份有限公司,(中鋼第二熱軋),中國鋼鐵股份有限公司,太陽能,併網型直供,"1,128.312",2026-04-08,343.522,於 2026-04-08 移轉 343.522 MWh
中鋼光能股份有限公司,(中鋼第二熱軋),中國鋼鐵股份有限公司,太陽能,併網型直供,"1,128.312",2026-05-20,459.303,於 2026-05-20 移轉 459.303 MWh
中鋼光能股份有限公司,(中鋼#34~37庫&冷軋調質工廠),中國鋼鐵股份有限公司,太陽能,併網型直供,"1,225.331",2026-03-05,349.584,於 2026-03-05 移轉 349.584 MWh
中鋼光能股份有限公司,(中鋼#34~37庫&冷軋調質工廠),中國鋼鐵股份有限公司,太陽能,併網型直供,"1,225.331",2026-04-08,374.974,於 2026-04-08 移轉 374.974 MWh
中鋼光能股份有限公司,(中鋼#34~37庫&冷軋調質工廠),中國鋼鐵股份有限公司,太陽能,併網型直供,"1,225.331",2026-05-20,500.773,於 2026-05-20 移轉 500.773 MWh
中鋼光能股份有限公司,(中鋼第一連續退火線&連續塗覆工廠),中國鋼鐵股份有限公司,太陽能,併網型直供,135.18,2026-03-05,39.689,於 2026-03-05 移轉 39.689 MWh
中鋼光能股份有限公司,(中鋼第一連續退火線&連續塗覆工廠),中國鋼鐵股份有限公司,太陽能,併網型直供,135.18,2026-04-08,41.387,於 2026-04-08 移轉 41.387 MWh
中鋼光能股份有限公司,(中鋼第一連續退火線&連續塗覆工廠),中國鋼鐵股份有限公司,太陽能,併網型直供,135.18,2026-05-20,54.104,於 2026-05-20 移轉 54.104 MWh
中鋼光能股份有限公司,(中鋼成品倉庫#39庫&第一熱浸鍍鋅線),中國鋼鐵股份有限公司,太陽能,併網型直供,207.446,2026-03-05,61.338,於 2026-03-05 移轉 61.338 MWh
中鋼光能股份有限公司,(中鋼成品倉庫#39庫&第一熱浸鍍鋅線),中國鋼鐵股份有限公司,太陽能,併網型直供,207.446,2026-04-08,64.238,於 2026-04-08 移轉 64.238 MWh
中鋼光能股份有限公司,(中鋼成品倉庫#39庫&第一熱浸鍍鋅線),中國鋼鐵股份有限公司,太陽能,併網型直供,207.446,2026-05-20,81.87,於 2026-05-20 移轉 81.87 MWh
中鋼光能股份有限公司,(中鋼第一酸洗冷軋線&冷軋軋輥二股),中國鋼鐵股份有限公司,太陽能,併網型直供,140.634,2026-03-05,40.233,於 2026-03-05 移轉 40.233 MWh
中鋼光能股份有限公司,(中鋼第一酸洗冷軋線&冷軋軋輥二股),中國鋼鐵股份有限公司,太陽能,併網型直供,140.634,2026-04-08,43.61,於 2026-04-08 移轉 43.61 MWh
中鋼光能股份有限公司,(中鋼第一酸洗冷軋線&冷軋軋輥二股),中國鋼鐵股份有限公司,太陽能,併網型直供,140.634,2026-05-20,56.791,於 2026-05-20 移轉 56.791 MWh
中鋼光能股份有限公司,(中鋼封盒退火場),中國鋼鐵股份有限公司,太陽能,併網型直供,113.346,2026-03-05,32.207,於 2026-03-05 移轉 32.207 MWh
中鋼光能股份有限公司,(中鋼封盒退火場),中國鋼鐵股份有限公司,太陽能,併網型直供,113.346,2026-04-08,35.206,於 2026-04-08 移轉 35.206 MWh
中鋼光能股份有限公司,(中鋼封盒退火場),中國鋼鐵股份有限公司,太陽能,併網型直供,113.346,2026-05-20,45.933,於 2026-05-20 移轉 45.933 MWh
中鋼光能股份有限公司,(中鋼南站80000T原水池&VC-1F03原水池),中國鋼鐵股份有限公司,太陽能,併網型直供,87.002,2026-03-05,25.342,於 2026-03-05 移轉 25.342 MWh
中鋼光能股份有限公司,(中鋼南站80000T原水池&VC-1F03原水池),中國鋼鐵股份有限公司,太陽能,併網型直供,87.002,2026-04-08,25.185,於 2026-04-08 移轉 25.185 MWh
中鋼光能股份有限公司,(中鋼南站80000T原水池&VC-1F03原水池),中國鋼鐵股份有限公司,太陽能,併網型直供,87.002,2026-05-20,36.475,於 2026-05-20 移轉 36.475 MWh
中鋼光能股份有限公司,(中鋼第一熱軋精整),中國鋼鐵股份有限公司,太陽能,併網型直供,203.014,2026-03-05,61.674,於 2026-03-05 移轉 61.674 MWh
中鋼光能股份有限公司,(中鋼第一熱軋精整),中國鋼鐵股份有限公司,太陽能,併網型直供,203.014,2026-04-08,62.808,於 2026-04-08 移轉 62.808 MWh
中鋼光能股份有限公司,(中鋼第一熱軋精整),中國鋼鐵股份有限公司,太陽能,併網型直供,203.014,2026-05-20,78.532,於 2026-05-20 移轉 78.532 MWh
中鋼光能股份有限公司,(中鋼第一熱軋成品倉庫),中國鋼鐵股份有限公司,太陽能,併網型直供,965.734,2026-03-05,274.726,於 2026-03-05 移轉 274.726 MWh
中鋼光能股份有限公司,(中鋼第一熱軋成品倉庫),中國鋼鐵股份有限公司,太陽能,併網型直供,965.734,2026-04-08,295.168,於 2026-04-08 移轉 295.168 MWh
中鋼光能股份有限公司,(中鋼第一熱軋成品倉庫),中國鋼鐵股份有限公司,太陽能,併網型直供,965.734,2026-05-20,395.84,於 2026-05-20 移轉 395.84 MWh
中鋼光能股份有限公司,(中鋼第一熱軋扁鋼胚精整設備&扁鋼胚精整工場),中國鋼鐵股份有限公司,太陽能,併網型直供,107.5,2026-03-05,30.947,於 2026-03-05 移轉 30.947 MWh
中鋼光能股份有限公司,(中鋼第一熱軋扁鋼胚精整設備&扁鋼胚精整工場),中國鋼鐵股份有限公司,太陽能,併網型直供,107.5,2026-04-08,33.319,於 2026-04-08 移轉 33.319 MWh
中鋼光能股份有限公司,(中鋼第一熱軋扁鋼胚精整設備&扁鋼胚精整工場),中國鋼鐵股份有限公司,太陽能,併網型直供,107.5,2026-05-20,43.234,於 2026-05-20 移轉 43.234 MWh
中鋼光能股份有限公司,(中鋼第一熱軋軋輥&熱軋鋼帶室外冷卻堆置場),中國鋼鐵股份有限公司,太陽能,併網型直供,140.893,2026-03-05,41.619,於 2026-03-05 移轉 41.619 MWh
中鋼光能股份有限公司,(中鋼第一熱軋軋輥&熱軋鋼帶室外冷卻堆置場),中國鋼鐵股份有限公司,太陽能,併網型直供,140.893,2026-04-08,43.42,於 2026-04-08 移轉 43.42 MWh
中鋼光能股份有限公司,(中鋼第一熱軋軋輥&熱軋鋼帶室外冷卻堆置場),中國鋼鐵股份有限公司,太陽能,併網型直供,140.893,2026-05-20,55.854,於 2026-05-20 移轉 55.854 MWh
中鋼光能股份有限公司,(中鋼第一熱軋軋輥&熱軋鋼帶室外冷卻堆置場-增量),中國鋼鐵股份有限公司,太陽能,併網型直供,85.289,2026-03-05,25.912,於 2026-03-05 移轉 25.912 MWh
中鋼光能股份有限公司,(中鋼第一熱軋軋輥&熱軋鋼帶室外冷卻堆置場-增量),中國鋼鐵股份有限公司,太陽能,併網型直供,85.289,2026-04-08,26.625,於 2026-04-08 移轉 26.625 MWh
中鋼光能股份有限公司,(中鋼第一熱軋軋輥&熱軋鋼帶室外冷卻堆置場-增量),中國鋼鐵股份有限公司,太陽能,併網型直供,85.289,2026-05-20,32.752,於 2026-05-20 移轉 32.752 MWh
中鋼光能股份有限公司,(中鋁軋鋁廠),中鋼鋁業股份有限公司,太陽能,併網型直供,880.265,2026-03-05,256.685,於 2026-03-05 移轉 256.685 MWh
中鋼光能股份有限公司,(中鋁軋鋁廠),中鋼鋁業股份有限公司,太陽能,併網型直供,880.265,2026-04-08,260.599,於 2026-04-08 移轉 260.599 MWh
中鋼光能股份有限公司,(中鋁軋鋁廠),中鋼鋁業股份有限公司,太陽能,併網型直供,880.265,2026-05-20,362.981,於 2026-05-20 移轉 362.981 MWh
中鋼光能股份有限公司,(中聯資室內化儲區),中聯資源股份有限公司,太陽能,轉供,97.946,2026-03-04,31.98,於 2026-03-04 移轉 31.98 MWh
中鋼光能股份有限公司,(中聯資室內化儲區),中聯資源股份有限公司,太陽能,轉供,97.946,2026-04-01,27.782,於 2026-04-01 移轉 27.782 MWh
中鋼光能股份有限公司,(中聯資室內化儲區),中聯資源股份有限公司,太陽能,轉供,97.946,2026-05-20,38.184,於 2026-05-20 移轉 38.184 MWh
中鋼光能股份有限公司,(中聯資著磁料場),中聯資源股份有限公司,太陽能,轉供,15.617,2026-03-04,5.442,於 2026-03-04 移轉 5.442 MWh
中鋼光能股份有限公司,(中聯資著磁料場),中聯資源股份有限公司,太陽能,轉供,15.617,2026-04-01,3.688,於 2026-04-01 移轉 3.688 MWh
中鋼光能股份有限公司,(中聯資著磁料場),中聯資源股份有限公司,太陽能,轉供,15.617,2026-05-20,6.487,於 2026-05-20 移轉 6.487 MWh
中鋼光能股份有限公司,(中龍動力場),中龍鋼鐵股份有限公司,太陽能,併網型直供,83.638,2026-03-04,21.66,於 2026-03-04 移轉 21.66 MWh
中鋼光能股份有限公司,(中龍動力場),中龍鋼鐵股份有限公司,太陽能,併網型直供,83.638,2026-04-08,25.798,於 2026-04-08 移轉 25.798 MWh
中鋼光能股份有限公司,(中龍動力場),中龍鋼鐵股份有限公司,太陽能,併網型直供,83.638,2026-05-20,36.18,於 2026-05-20 移轉 36.18 MWh
中鋼光能股份有限公司,(中龍氧氣廠),中龍鋼鐵股份有限公司,太陽能,併網型直供,88.483,2026-03-04,25.614,於 2026-03-04 移轉 25.614 MWh
中鋼光能股份有限公司,(中龍氧氣廠),中龍鋼鐵股份有限公司,太陽能,併網型直供,88.483,2026-04-08,26.539,於 2026-04-08 移轉 26.539 MWh
中鋼光能股份有限公司,(中龍氧氣廠),中龍鋼鐵股份有限公司,太陽能,併網型直供,88.483,2026-05-20,36.33,於 2026-05-20 移轉 36.33 MWh
中鋼光能股份有限公司,(中龍細石料RC屋頂),中龍鋼鐵股份有限公司,太陽能,併網型直供,90.251,2026-03-04,20.708,於 2026-03-04 移轉 20.708 MWh
中鋼光能股份有限公司,(中龍細石料RC屋頂),中龍鋼鐵股份有限公司,太陽能,併網型直供,90.251,2026-04-08,28.863,於 2026-04-08 移轉 28.863 MWh
中鋼光能股份有限公司,(中龍細石料RC屋頂),中龍鋼鐵股份有限公司,太陽能,併網型直供,90.251,2026-05-20,40.68,於 2026-05-20 移轉 40.68 MWh
中鋼光能股份有限公司,(中龍扁鋼胚儲區),中龍鋼鐵股份有限公司,太陽能,併網型直供,234.654,2026-03-04,67.745,於 2026-03-04 移轉 67.745 MWh
中鋼光能股份有限公司,(中龍扁鋼胚儲區),中龍鋼鐵股份有限公司,太陽能,併網型直供,234.654,2026-04-08,70.615,於 2026-04-08 移轉 70.615 MWh
中鋼光能股份有限公司,(中龍扁鋼胚儲區),中龍鋼鐵股份有限公司,太陽能,併網型直供,234.654,2026-05-20,96.294,於 2026-05-20 移轉 96.294 MWh
中鋼光能股份有限公司,(中龍除礦水電氣室),中龍鋼鐵股份有限公司,太陽能,併網型直供,48.881,2026-03-04,13.052,於 2026-03-04 移轉 13.052 MWh
中鋼光能股份有限公司,(中龍除礦水電氣室),中龍鋼鐵股份有限公司,太陽能,併網型直供,48.881,2026-04-08,15.377,於 2026-04-08 移轉 15.377 MWh
中鋼光能股份有限公司,(中龍除礦水電氣室),中龍鋼鐵股份有限公司,太陽能,併網型直供,48.881,2026-05-20,20.452,於 2026-05-20 移轉 20.452 MWh
中鋼光能股份有限公司,(中鋼成品倉庫88庫),中聯資源股份有限公司,太陽能,轉供,255.852,2026-03-04,77.869,於 2026-03-04 移轉 77.869 MWh
中鋼光能股份有限公司,(中鋼成品倉庫88庫),中聯資源股份有限公司,太陽能,轉供,255.852,2026-04-01,82.983,於 2026-04-01 移轉 82.983 MWh
中鋼光能股份有限公司,(中鋼成品倉庫88庫),中聯資源股份有限公司,太陽能,轉供,255.852,2026-05-20,95,於 2026-05-20 移轉 95 MWh
中鋼光能股份有限公司,(中鋼成品倉庫88庫),華新麗華股份有限公司,太陽能,轉供,1.5,2026-03-04,0.5,於 2026-03-04 移轉 0.5 MWh
中鋼光能股份有限公司,(中鋼成品倉庫88庫),華新麗華股份有限公司,太陽能,轉供,1.5,2026-04-01,0.5,於 2026-04-01 移轉 0.5 MWh
中鋼光能股份有限公司,(中鋼成品倉庫88庫),華新麗華股份有限公司,太陽能,轉供,1.5,2026-05-20,0.5,於 2026-05-20 移轉 0.5 MWh
中鋼光能股份有限公司,(中鴻鹿港廠),中鴻鋼鐵股份有限公司,太陽能,轉供,"1,150.503",2026-03-04,310.236,於 2026-03-04 移轉 310.236 MWh
中鋼光能股份有限公司,(中鴻鹿港廠),中鴻鋼鐵股份有限公司,太陽能,轉供,"1,150.503",2026-04-01,354.947,於 2026-04-01 移轉 354.947 MWh
中鋼光能股份有限公司,(中鴻鹿港廠),中鴻鋼鐵股份有限公司,太陽能,轉供,"1,150.503",2026-05-20,485.32,於 2026-05-20 移轉 485.32 MWh
中鋼光能股份有限公司,(中鋼永光儲區),中鋼鋁業股份有限公司,太陽能,轉供,449.012,2026-05-13,188.782,於 2026-05-13 移轉 188.782 MWh
中鋼光能股份有限公司,(中鋼永光儲區),中鋼鋁業股份有限公司,太陽能,轉供,449.012,2026-05-20,260.23,於 2026-05-20 移轉 260.23 MWh
中鋼光能股份有限公司,(中鴻酸鍍廠),中鴻鋼鐵股份有限公司,太陽能,轉供,305.41,2026-03-04,87.064,於 2026-03-04 移轉 87.064 MWh
中鋼光能股份有限公司,(中鴻酸鍍廠),中鴻鋼鐵股份有限公司,太陽能,轉供,305.41,2026-04-01,92.779,於 2026-04-01 移轉 92.779 MWh
中鋼光能股份有限公司,(中鴻酸鍍廠),中鴻鋼鐵股份有限公司,太陽能,轉供,305.41,2026-05-20,125.567,於 2026-05-20 移轉 125.567 MWh
中鋼光能股份有限公司,(中龍扁鋼胚連鑄維護廠房),中龍鋼鐵股份有限公司,太陽能,併網型直供,53.909,2026-03-04,15.783,於 2026-03-04 移轉 15.783 MWh
中鋼光能股份有限公司,(中龍扁鋼胚連鑄維護廠房),中龍鋼鐵股份有限公司,太陽能,併網型直供,53.909,2026-04-08,16.335,於 2026-04-08 移轉 16.335 MWh
中鋼光能股份有限公司,(中龍扁鋼胚連鑄維護廠房),中龍鋼鐵股份有限公司,太陽能,併網型直供,53.909,2026-05-20,21.791,於 2026-05-20 移轉 21.791 MWh
中鋼光能股份有限公司,(中龍第一原水池),中龍鋼鐵股份有限公司,太陽能,併網型直供,139.397,2026-03-04,40.194,於 2026-03-04 移轉 40.194 MWh
中鋼光能股份有限公司,(中龍第一原水池),中龍鋼鐵股份有限公司,太陽能,併網型直供,139.397,2026-04-08,39.876,於 2026-04-08 移轉 39.876 MWh
中鋼光能股份有限公司,(中龍第一原水池),中龍鋼鐵股份有限公司,太陽能,併網型直供,139.397,2026-05-20,59.327,於 2026-05-20 移轉 59.327 MWh
中鋼光能股份有限公司,(中龍熱軋主電氣室),中龍鋼鐵股份有限公司,太陽能,併網型直供,45.895,2026-03-04,13.531,於 2026-03-04 移轉 13.531 MWh
中鋼光能股份有限公司,(中龍熱軋主電氣室),中龍鋼鐵股份有限公司,太陽能,併網型直供,45.895,2026-04-08,13.698,於 2026-04-08 移轉 13.698 MWh
中鋼光能股份有限公司,(中龍熱軋主電氣室),中龍鋼鐵股份有限公司,太陽能,併網型直供,45.895,2026-05-20,18.666,於 2026-05-20 移轉 18.666 MWh
中鋼光能股份有限公司,(中龍煉鐵大樓),中龍鋼鐵股份有限公司,太陽能,併網型直供,24.445,2026-03-04,5.208,於 2026-03-04 移轉 5.208 MWh
中鋼光能股份有限公司,(中龍煉鐵大樓),中龍鋼鐵股份有限公司,太陽能,併網型直供,24.445,2026-04-08,7.847,於 2026-04-08 移轉 7.847 MWh
中鋼光能股份有限公司,(中龍煉鐵大樓),中龍鋼鐵股份有限公司,太陽能,併網型直供,24.445,2026-05-20,11.39,於 2026-05-20 移轉 11.39 MWh
中鋼光能股份有限公司,(中龍室內備品儲區及耐火材料倉庫),中龍鋼鐵股份有限公司,太陽能,併網型直供,170.588,2026-03-04,48.023,於 2026-03-04 移轉 48.023 MWh
中鋼光能股份有限公司,(中龍室內備品儲區及耐火材料倉庫),中龍鋼鐵股份有限公司,太陽能,併網型直供,170.588,2026-04-08,52.745,於 2026-04-08 移轉 52.745 MWh
中鋼光能股份有限公司,(中龍室內備品儲區及耐火材料倉庫),中龍鋼鐵股份有限公司,太陽能,併網型直供,170.588,2026-05-20,69.82,於 2026-05-20 移轉 69.82 MWh
中鋼光能股份有限公司,(中龍窄板改切工場及中龍集塵灰倉庫),中龍鋼鐵股份有限公司,太陽能,併網型直供,394.324,2026-03-04,108.61,於 2026-03-04 移轉 108.61 MWh
中鋼光能股份有限公司,(中龍窄板改切工場及中龍集塵灰倉庫),中龍鋼鐵股份有限公司,太陽能,併網型直供,394.324,2026-04-08,118.284,於 2026-04-08 移轉 118.284 MWh
中鋼光能股份有限公司,(中龍窄板改切工場及中龍集塵灰倉庫),中龍鋼鐵股份有限公司,太陽能,併網型直供,394.324,2026-05-20,167.43,於 2026-05-20 移轉 167.43 MWh
中鋼光能股份有限公司,(中碳屏南生產工廠),中鋼碳素化學股份有限公司,太陽能,併網型直供,132.565,2026-03-04,39.523,於 2026-03-04 移轉 39.523 MWh
中鋼光能股份有限公司,(中碳屏南生產工廠),中鋼碳素化學股份有限公司,太陽能,併網型直供,132.565,2026-04-08,40.246,於 2026-04-08 移轉 40.246 MWh
中鋼光能股份有限公司,(中碳屏南生產工廠),中鋼碳素化學股份有限公司,太陽能,併網型直供,132.565,2026-05-20,52.796,於 2026-05-20 移轉 52.796 MWh
中鋼光能股份有限公司,(中聯資中港廠RC屋頂),中聯資源股份有限公司,太陽能,轉供,11.617,2026-03-04,3.385,於 2026-03-04 移轉 3.385 MWh
中鋼光能股份有限公司,(中聯資中港廠RC屋頂),中聯資源股份有限公司,太陽能,轉供,11.617,2026-04-01,3.532,於 2026-04-01 移轉 3.532 MWh
中鋼光能股份有限公司,(中聯資中港廠RC屋頂),中聯資源股份有限公司,太陽能,轉供,11.617,2026-05-20,4.7,於 2026-05-20 移轉 4.7 MWh
中鋼光能股份有限公司,(中聯資南堤廠),中聯資源股份有限公司,太陽能,轉供,119.034,2026-03-04,32.165,於 2026-03-04 移轉 32.165 MWh
中鋼光能股份有限公司,(中聯資南堤廠),中聯資源股份有限公司,太陽能,轉供,119.034,2026-04-01,36.855,於 2026-04-01 移轉 36.855 MWh
中鋼光能股份有限公司,(中聯資南堤廠),中聯資源股份有限公司,太陽能,轉供,119.034,2026-05-20,50.014,於 2026-05-20 移轉 50.014 MWh
中鋼光能股份有限公司,(中聯資中港廠),中聯資源股份有限公司,太陽能,轉供,90.081,2026-03-04,25.322,於 2026-03-04 移轉 25.322 MWh
中鋼光能股份有限公司,(中聯資中港廠),中聯資源股份有限公司,太陽能,轉供,90.081,2026-04-01,27.733,於 2026-04-01 移轉 27.733 MWh
中鋼光能股份有限公司,(中聯資中港廠),中聯資源股份有限公司,太陽能,轉供,90.081,2026-05-20,37.026,於 2026-05-20 移轉 37.026 MWh
中鋼光能股份有限公司,(興達海基),華新麗華股份有限公司,太陽能,轉供,976.923,2026-03-18,279.8,於 2026-03-18 移轉 279.8 MWh
中鋼光能股份有限公司,(興達海基),華新麗華股份有限公司,太陽能,轉供,976.923,2026-05-13,307.756,於 2026-05-13 移轉 307.756 MWh
中鋼光能股份有限公司,(興達海基),華新麗華股份有限公司,太陽能,轉供,976.923,2026-05-20,389.367,於 2026-05-20 移轉 389.367 MWh
中鋼光能股份有限公司,(興達海基電氣倉庫),華新麗華股份有限公司,太陽能,轉供,59.219,2026-03-18,17.163,於 2026-03-18 移轉 17.163 MWh
中鋼光能股份有限公司,(興達海基電氣倉庫),華新麗華股份有限公司,太陽能,轉供,59.219,2026-05-13,17.748,於 2026-05-13 移轉 17.748 MWh
中鋼光能股份有限公司,(興達海基電氣倉庫),華新麗華股份有限公司,太陽能,轉供,59.219,2026-05-20,24.308,於 2026-05-20 移轉 24.308 MWh
中鋼光能股份有限公司,(中鋼南站80000T原水池&VC-1F03原水池-2),中國鋼鐵股份有限公司,太陽能,併網型直供,229.386,2026-03-05,65.382,於 2026-03-05 移轉 65.382 MWh
中鋼光能股份有限公司,(中鋼南站80000T原水池&VC-1F03原水池-2),中國鋼鐵股份有限公司,太陽能,併網型直供,229.386,2026-04-08,63.643,於 2026-04-08 移轉 63.643 MWh
中鋼光能股份有限公司,(中鋼南站80000T原水池&VC-1F03原水池-2),中國鋼鐵股份有限公司,太陽能,併網型直供,229.386,2026-05-20,100.361,於 2026-05-20 移轉 100.361 MWh
中鋼光能股份有限公司,(中龍熱軋精整廠房及中龍型鋼成品H4庫),中龍鋼鐵股份有限公司,太陽能,併網型直供,541.437,2026-03-04,153.71,於 2026-03-04 移轉 153.71 MWh
中鋼光能股份有限公司,(中龍熱軋精整廠房及中龍型鋼成品H4庫),中龍鋼鐵股份有限公司,太陽能,併網型直供,541.437,2026-04-08,162.819,於 2026-04-08 移轉 162.819 MWh
中鋼光能股份有限公司,(中龍熱軋精整廠房及中龍型鋼成品H4庫),中龍鋼鐵股份有限公司,太陽能,併網型直供,541.437,2026-05-20,224.908,於 2026-05-20 移轉 224.908 MWh
亞惟股份有限公司,(PD2037),台灣大哥大股份有限公司,太陽能,轉供,"1,035.92",2026-03-18,306.852,於 2026-03-18 移轉 306.852 MWh
亞惟股份有限公司,(PD2037),台灣大哥大股份有限公司,太陽能,轉供,"1,035.92",2026-04-22,294.97,於 2026-04-22 移轉 294.97 MWh
亞惟股份有限公司,(PD2037),台灣大哥大股份有限公司,太陽能,轉供,"1,035.92",2026-05-20,434.098,於 2026-05-20 移轉 434.098 MWh
傑傅能源股份有限公司,智捷能源股份有限公司(埔心鄉第六、第八公墓設置太陽光電發電系統（含遷葬整地）標租案-梧鳳段 1087地號),台灣積體電路製造股份有限公司,太陽能,轉供,387.822,2026-04-29,37.14,於 2026-04-29 移轉 37.14 MWh
傑傅能源股份有限公司,智捷能源股份有限公司(埔心鄉第六、第八公墓設置太陽光電發電系統（含遷葬整地）標租案-梧鳳段 1087地號),台灣積體電路製造股份有限公司,太陽能,轉供,387.822,2026-05-13,285.328,於 2026-05-13 移轉 285.328 MWh
傑傅能源股份有限公司,智捷能源股份有限公司(埔心鄉第六、第八公墓設置太陽光電發電系統（含遷葬整地）標租案-梧鳳段 1087地號),台灣積體電路製造股份有限公司,太陽能,轉供,387.822,2026-05-20,65.354,於 2026-05-20 移轉 65.354 MWh
傑傅能源股份有限公司,智捷能源股份有限公司(埤頭鄉設置太陽光電發電系統電廠_和豐段932.935.936地號),台灣積體電路製造股份有限公司,太陽能,轉供,89.067,2026-04-29,7.618,於 2026-04-29 移轉 7.618 MWh
傑傅能源股份有限公司,智捷能源股份有限公司(埤頭鄉設置太陽光電發電系統電廠_和豐段932.935.936地號),台灣積體電路製造股份有限公司,太陽能,轉供,89.067,2026-05-13,46.705,於 2026-05-13 移轉 46.705 MWh
傑傅能源股份有限公司,智捷能源股份有限公司(埤頭鄉設置太陽光電發電系統電廠_和豐段932.935.936地號),台灣積體電路製造股份有限公司,太陽能,轉供,89.067,2026-05-20,34.744,於 2026-05-20 移轉 34.744 MWh
傑傅能源股份有限公司,智捷能源股份有限公司(埔心鄉第六、第八公墓設置太陽光電發電系統（含遷葬整地）標租案-羅厝段427、440地號),台灣積體電路製造股份有限公司,太陽能,轉供,53.642,2026-04-01,26.351,於 2026-04-01 移轉 26.351 MWh
傑傅能源股份有限公司,智捷能源股份有限公司(埔心鄉第六、第八公墓設置太陽光電發電系統（含遷葬整地）標租案-羅厝段427、440地號),台灣積體電路製造股份有限公司,太陽能,轉供,53.642,2026-04-29,27.291,於 2026-04-29 移轉 27.291 MWh
中鋼光能股份有限公司,(中龍熱軋成品倉庫D7+D3),中龍鋼鐵股份有限公司,太陽能,併網型直供,548.696,2026-03-04,158.979,於 2026-03-04 移轉 158.979 MWh
中鋼光能股份有限公司,(中龍熱軋成品倉庫D7+D3),中龍鋼鐵股份有限公司,太陽能,併網型直供,548.696,2026-04-08,166.395,於 2026-04-08 移轉 166.395 MWh
中鋼光能股份有限公司,(中龍熱軋成品倉庫D7+D3),中龍鋼鐵股份有限公司,太陽能,併網型直供,548.696,2026-05-20,223.322,於 2026-05-20 移轉 223.322 MWh
中鋼光能股份有限公司,(中能資中林儲區),華新麗華股份有限公司,太陽能,轉供,1,2026-03-04,1,於 2026-03-04 移轉 1 MWh
中鋼光能股份有限公司,(中龍熱軋軋輥廠房),中龍鋼鐵股份有限公司,太陽能,併網型直供,108.788,2026-03-04,30.849,於 2026-03-04 移轉 30.849 MWh
中鋼光能股份有限公司,(中龍熱軋軋輥廠房),中龍鋼鐵股份有限公司,太陽能,併網型直供,108.788,2026-04-08,32.665,於 2026-04-08 移轉 32.665 MWh
中鋼光能股份有限公司,(中龍熱軋軋輥廠房),中龍鋼鐵股份有限公司,太陽能,併網型直供,108.788,2026-05-20,45.274,於 2026-05-20 移轉 45.274 MWh
十萬伏特電力股份有限公司,環台光電股份有限公司(環台南投永新段案地面型太陽光電發電廠),華泰電子股份有限公司,太陽能,轉供,80.082,2026-03-11,39.089,於 2026-03-11 移轉 39.089 MWh
十萬伏特電力股份有限公司,環台光電股份有限公司(環台南投永新段案地面型太陽光電發電廠),華泰電子股份有限公司,太陽能,轉供,80.082,2026-04-01,40.993,於 2026-04-01 移轉 40.993 MWh
十萬伏特電力股份有限公司,環台光電股份有限公司(環台苗栗高埔段案地面型太陽光電發電廠),華泰電子股份有限公司,太陽能,轉供,277.02,2026-03-11,130.163,於 2026-03-11 移轉 130.163 MWh
十萬伏特電力股份有限公司,環台光電股份有限公司(環台苗栗高埔段案地面型太陽光電發電廠),華泰電子股份有限公司,太陽能,轉供,277.02,2026-04-01,146.857,於 2026-04-01 移轉 146.857 MWh
十萬伏特電力股份有限公司,環台光電股份有限公司(五谷岡段),富鐿實業股份有限公司,太陽能,轉供,80.025,2026-03-04,23.619,於 2026-03-04 移轉 23.619 MWh
十萬伏特電力股份有限公司,環台光電股份有限公司(五谷岡段),富鐿實業股份有限公司,太陽能,轉供,80.025,2026-04-01,25.956,於 2026-04-01 移轉 25.956 MWh
十萬伏特電力股份有限公司,環台光電股份有限公司(五谷岡段),富鐿實業股份有限公司,太陽能,轉供,80.025,2026-05-20,30.45,於 2026-05-20 移轉 30.45 MWh
十萬伏特電力股份有限公司,環台光電股份有限公司(屏東農會),墨達思精密工業股份有限公司,太陽能,轉供,59.493,2026-03-04,17.811,於 2026-03-04 移轉 17.811 MWh
十萬伏特電力股份有限公司,環台光電股份有限公司(屏東農會),墨達思精密工業股份有限公司,太陽能,轉供,59.493,2026-04-01,18.391,於 2026-04-01 移轉 18.391 MWh
十萬伏特電力股份有限公司,環台光電股份有限公司(屏東農會),墨達思精密工業股份有限公司,太陽能,轉供,59.493,2026-05-20,23.291,於 2026-05-20 移轉 23.291 MWh
十萬伏特電力股份有限公司,環台光電股份有限公司(京元電子銅鑼廠),頎邦科技股份有限公司,太陽能,轉供,2.479,2026-03-11,2.479,於 2026-03-11 移轉 2.479 MWh
十萬伏特電力股份有限公司,環台光電股份有限公司(京元電子銅鑼廠),合晶科技股份有限公司楊梅分公司,太陽能,轉供,188.113,2026-03-05,46.918,於 2026-03-05 移轉 46.918 MWh
十萬伏特電力股份有限公司,環台光電股份有限公司(京元電子銅鑼廠),合晶科技股份有限公司楊梅分公司,太陽能,轉供,188.113,2026-04-01,57.237,於 2026-04-01 移轉 57.237 MWh
十萬伏特電力股份有限公司,環台光電股份有限公司(京元電子銅鑼廠),合晶科技股份有限公司楊梅分公司,太陽能,轉供,188.113,2026-05-20,83.958,於 2026-05-20 移轉 83.958 MWh
十萬伏特電力股份有限公司,環台光電股份有限公司(京元電子銅鑼廠),利奇機械工業股份有限公司,太陽能,轉供,4.303,2026-03-05,4.303,於 2026-03-05 移轉 4.303 MWh
十萬伏特電力股份有限公司,環台光電股份有限公司(京元電子銅鑼廠),合晶科技股份有限公司,太陽能,轉供,350.118,2026-03-05,101.382,於 2026-03-05 移轉 101.382 MWh
十萬伏特電力股份有限公司,環台光電股份有限公司(京元電子銅鑼廠),合晶科技股份有限公司,太陽能,轉供,350.118,2026-04-01,117.865,於 2026-04-01 移轉 117.865 MWh
十萬伏特電力股份有限公司,環台光電股份有限公司(京元電子銅鑼廠),合晶科技股份有限公司,太陽能,轉供,350.118,2026-05-20,130.871,於 2026-05-20 移轉 130.871 MWh
十萬伏特電力股份有限公司,金江太陽能有限公司(屏東車城),京元電子股份有限公司銅鑼分公司,太陽能,轉供,859.791,2026-03-11,253.123,於 2026-03-11 移轉 253.123 MWh
十萬伏特電力股份有限公司,金江太陽能有限公司(屏東車城),京元電子股份有限公司銅鑼分公司,太陽能,轉供,859.791,2026-04-08,275.148,於 2026-04-08 移轉 275.148 MWh
十萬伏特電力股份有限公司,金江太陽能有限公司(屏東車城),京元電子股份有限公司銅鑼分公司,太陽能,轉供,859.791,2026-05-20,331.52,於 2026-05-20 移轉 331.52 MWh
十萬伏特電力股份有限公司,環台光電股份有限公司(苙億),鋐光實業股份有限公司,太陽能,轉供,105.403,2026-03-05,30.748,於 2026-03-05 移轉 30.748 MWh
十萬伏特電力股份有限公司,環台光電股份有限公司(苙億),鋐光實業股份有限公司,太陽能,轉供,105.403,2026-04-01,32.641,於 2026-04-01 移轉 32.641 MWh
十萬伏特電力股份有限公司,環台光電股份有限公司(苙億),鋐光實業股份有限公司,太陽能,轉供,105.403,2026-05-20,42.014,於 2026-05-20 移轉 42.014 MWh
十萬伏特電力股份有限公司,環台光電股份有限公司(久津實業),鋐光實業股份有限公司,太陽能,轉供,99.234,2026-03-05,29.026,於 2026-03-05 移轉 29.026 MWh
十萬伏特電力股份有限公司,環台光電股份有限公司(久津實業),鋐光實業股份有限公司,太陽能,轉供,99.234,2026-04-01,30.665,於 2026-04-01 移轉 30.665 MWh
十萬伏特電力股份有限公司,環台光電股份有限公司(久津實業),鋐光實業股份有限公司,太陽能,轉供,99.234,2026-05-20,39.543,於 2026-05-20 移轉 39.543 MWh
十萬伏特電力股份有限公司,環台光電股份有限公司(台勵福),華泰電子股份有限公司,太陽能,轉供,130.293,2026-03-11,63.527,於 2026-03-11 移轉 63.527 MWh
十萬伏特電力股份有限公司,環台光電股份有限公司(台勵福),華泰電子股份有限公司,太陽能,轉供,130.293,2026-04-01,66.766,於 2026-04-01 移轉 66.766 MWh
十萬伏特電力股份有限公司,環台光電股份有限公司(屏東頂柳段園區),頎邦科技股份有限公司,太陽能,轉供,0.892,2026-03-11,0.892,於 2026-03-11 移轉 0.892 MWh
十萬伏特電力股份有限公司,環台光電股份有限公司(屏東頂柳段園區),合晶科技股份有限公司楊梅分公司,太陽能,轉供,34.396,2026-03-05,8.622,於 2026-03-05 移轉 8.622 MWh
十萬伏特電力股份有限公司,環台光電股份有限公司(屏東頂柳段園區),合晶科技股份有限公司楊梅分公司,太陽能,轉供,34.396,2026-04-01,9.711,於 2026-04-01 移轉 9.711 MWh
十萬伏特電力股份有限公司,環台光電股份有限公司(屏東頂柳段園區),合晶科技股份有限公司楊梅分公司,太陽能,轉供,34.396,2026-05-20,16.063,於 2026-05-20 移轉 16.063 MWh
十萬伏特電力股份有限公司,環台光電股份有限公司(屏東頂柳段園區),利奇機械工業股份有限公司,太陽能,轉供,0.768,2026-03-05,0.768,於 2026-03-05 移轉 0.768 MWh
十萬伏特電力股份有限公司,環台光電股份有限公司(屏東頂柳段園區),合晶科技股份有限公司,太陽能,轉供,63.282,2026-03-05,18.66,於 2026-03-05 移轉 18.66 MWh
十萬伏特電力股份有限公司,環台光電股份有限公司(屏東頂柳段園區),合晶科技股份有限公司,太陽能,轉供,63.282,2026-04-01,20.091,於 2026-04-01 移轉 20.091 MWh
十萬伏特電力股份有限公司,環台光電股份有限公司(屏東頂柳段園區),合晶科技股份有限公司,太陽能,轉供,63.282,2026-05-20,24.531,於 2026-05-20 移轉 24.531 MWh
十萬伏特電力股份有限公司,環台光電股份有限公司(曼黛瑪璉),頎邦科技股份有限公司,太陽能,轉供,0.629,2026-03-11,0.629,於 2026-03-11 移轉 0.629 MWh
十萬伏特電力股份有限公司,環台光電股份有限公司(曼黛瑪璉),合晶科技股份有限公司楊梅分公司,太陽能,轉供,26.678,2026-03-05,6.828,於 2026-03-05 移轉 6.828 MWh
十萬伏特電力股份有限公司,環台光電股份有限公司(曼黛瑪璉),合晶科技股份有限公司楊梅分公司,太陽能,轉供,26.678,2026-04-01,7.922,於 2026-04-01 移轉 7.922 MWh
十萬伏特電力股份有限公司,環台光電股份有限公司(曼黛瑪璉),合晶科技股份有限公司楊梅分公司,太陽能,轉供,26.678,2026-05-20,11.928,於 2026-05-20 移轉 11.928 MWh
十萬伏特電力股份有限公司,環台光電股份有限公司(曼黛瑪璉),利奇機械工業股份有限公司,太陽能,轉供,0.628,2026-03-05,0.628,於 2026-03-05 移轉 0.628 MWh
十萬伏特電力股份有限公司,環台光電股份有限公司(曼黛瑪璉),合晶科技股份有限公司,太陽能,轉供,50.655,2026-03-05,14.743,於 2026-03-05 移轉 14.743 MWh
十萬伏特電力股份有限公司,環台光電股份有限公司(曼黛瑪璉),合晶科技股份有限公司,太陽能,轉供,50.655,2026-04-01,16.369,於 2026-04-01 移轉 16.369 MWh
十萬伏特電力股份有限公司,環台光電股份有限公司(曼黛瑪璉),合晶科技股份有限公司,太陽能,轉供,50.655,2026-05-20,19.543,於 2026-05-20 移轉 19.543 MWh
十萬伏特電力股份有限公司,環台光電股份有限公司(屏東里港牧場),二億企業股份有限公司,太陽能,轉供,127.827,2026-03-18,38.326,於 2026-03-18 移轉 38.326 MWh
十萬伏特電力股份有限公司,環台光電股份有限公司(屏東里港牧場),二億企業股份有限公司,太陽能,轉供,127.827,2026-04-22,38.328,於 2026-04-22 移轉 38.328 MWh
十萬伏特電力股份有限公司,環台光電股份有限公司(屏東里港牧場),二億企業股份有限公司,太陽能,轉供,127.827,2026-05-20,51.173,於 2026-05-20 移轉 51.173 MWh
十萬伏特電力股份有限公司,環台光電股份有限公司(頭屋鄉二岡坪段),二億企業股份有限公司,太陽能,轉供,37.047,2026-04-22,37.047,於 2026-04-22 移轉 37.047 MWh
十萬伏特電力股份有限公司,環台光電股份有限公司(東勢殯儀館(地面)),華泰電子股份有限公司,太陽能,轉供,3.03,2026-03-11,1.492,於 2026-03-11 移轉 1.492 MWh
十萬伏特電力股份有限公司,環台光電股份有限公司(東勢殯儀館(地面)),華泰電子股份有限公司,太陽能,轉供,3.03,2026-04-01,1.538,於 2026-04-01 移轉 1.538 MWh
十萬伏特電力股份有限公司,環台光電股份有限公司(東勢殯儀館),華泰電子股份有限公司,太陽能,轉供,25.887,2026-03-11,12.845,於 2026-03-11 移轉 12.845 MWh
十萬伏特電力股份有限公司,環台光電股份有限公司(東勢殯儀館),華泰電子股份有限公司,太陽能,轉供,25.887,2026-04-01,13.042,於 2026-04-01 移轉 13.042 MWh
十萬伏特電力股份有限公司,環台光電股份有限公司(旭光國小),華泰電子股份有限公司,太陽能,轉供,87.891,2026-03-18,42.253,於 2026-03-18 移轉 42.253 MWh
十萬伏特電力股份有限公司,環台光電股份有限公司(旭光國小),華泰電子股份有限公司,太陽能,轉供,87.891,2026-04-01,45.638,於 2026-04-01 移轉 45.638 MWh
十萬伏特電力股份有限公司,環台光電股份有限公司(宜寧中學第三期),華泰電子股份有限公司,太陽能,轉供,58.947,2026-03-11,29.007,於 2026-03-11 移轉 29.007 MWh
十萬伏特電力股份有限公司,環台光電股份有限公司(宜寧中學第三期),華泰電子股份有限公司,太陽能,轉供,58.947,2026-04-01,29.94,於 2026-04-01 移轉 29.94 MWh
十萬伏特電力股份有限公司,環台光電股份有限公司(宜寧中學第四期),華泰電子股份有限公司,太陽能,轉供,55.717,2026-03-11,53.084,於 2026-03-11 移轉 53.084 MWh
十萬伏特電力股份有限公司,環台光電股份有限公司(宜寧中學第四期),華泰電子股份有限公司,太陽能,轉供,55.717,2026-04-01,2.633,於 2026-04-01 移轉 2.633 MWh
十萬伏特電力股份有限公司,環台光電股份有限公司(宏昇機械),華泰電子股份有限公司,太陽能,轉供,18.904,2026-03-18,9.344,於 2026-03-18 移轉 9.344 MWh
十萬伏特電力股份有限公司,環台光電股份有限公司(宏昇機械),華泰電子股份有限公司,太陽能,轉供,18.904,2026-04-01,9.56,於 2026-04-01 移轉 9.56 MWh
十萬伏特電力股份有限公司,環台光電股份有限公司(正豐工業),鋐光實業股份有限公司,太陽能,轉供,91.325,2026-03-05,25.526,於 2026-03-05 移轉 25.526 MWh
十萬伏特電力股份有限公司,環台光電股份有限公司(正豐工業),鋐光實業股份有限公司,太陽能,轉供,91.325,2026-04-01,27.484,於 2026-04-01 移轉 27.484 MWh
十萬伏特電力股份有限公司,環台光電股份有限公司(正豐工業),鋐光實業股份有限公司,太陽能,轉供,91.325,2026-05-20,38.315,於 2026-05-20 移轉 38.315 MWh
十萬伏特電力股份有限公司,環台光電股份有限公司(彰化和美大嘉),丁守科技股份有限公司,太陽能,轉供,11.25,2026-03-05,11.25,於 2026-03-05 移轉 11.25 MWh
十萬伏特電力股份有限公司,環台光電股份有限公司(彰化和美大嘉),丁守企業股份有限公司,太陽能,轉供,9.448,2026-03-04,9.448,於 2026-03-04 移轉 9.448 MWh
十萬伏特電力股份有限公司,環台光電股份有限公司(彰化和美大嘉),彥豪智能科技股份有限公司,太陽能,轉供,37.203,2026-04-01,9.789,於 2026-04-01 移轉 9.789 MWh
十萬伏特電力股份有限公司,環台光電股份有限公司(彰化和美大嘉),彥豪智能科技股份有限公司,太陽能,轉供,37.203,2026-05-20,27.414,於 2026-05-20 移轉 27.414 MWh
十萬伏特電力股份有限公司,環台光電股份有限公司(桃園-平鎮羽球館案),華泰電子股份有限公司,太陽能,轉供,21.398,2026-03-11,10.41,於 2026-03-11 移轉 10.41 MWh
十萬伏特電力股份有限公司,環台光電股份有限公司(桃園-平鎮羽球館案),華泰電子股份有限公司,太陽能,轉供,21.398,2026-04-01,10.988,於 2026-04-01 移轉 10.988 MWh
十萬伏特電力股份有限公司,環台光電股份有限公司(桃園-合晶科技(楊梅廠)案),華泰電子股份有限公司,太陽能,轉供,13.819,2026-03-11,13.819,於 2026-03-11 移轉 13.819 MWh
十萬伏特電力股份有限公司,環台光電股份有限公司(桃園-合晶科技(楊梅廠)案),合晶科技股份有限公司楊梅分公司,太陽能,轉供,11.928,2026-04-01,4.806,於 2026-04-01 移轉 4.806 MWh
十萬伏特電力股份有限公司,環台光電股份有限公司(桃園-合晶科技(楊梅廠)案),合晶科技股份有限公司楊梅分公司,太陽能,轉供,11.928,2026-05-20,7.122,於 2026-05-20 移轉 7.122 MWh
十萬伏特電力股份有限公司,環台光電股份有限公司(桃園-合晶科技(楊梅廠)案),合晶科技股份有限公司,太陽能,轉供,21.73,2026-04-01,9.922,於 2026-04-01 移轉 9.922 MWh
十萬伏特電力股份有限公司,環台光電股份有限公司(桃園-合晶科技(楊梅廠)案),合晶科技股份有限公司,太陽能,轉供,21.73,2026-05-20,11.808,於 2026-05-20 移轉 11.808 MWh
十萬伏特電力股份有限公司,環台光電股份有限公司(高雄-頎邦(南一)案),華泰電子股份有限公司,太陽能,轉供,377.336,2026-03-11,178.157,於 2026-03-11 移轉 178.157 MWh
十萬伏特電力股份有限公司,環台光電股份有限公司(高雄-頎邦(南一)案),華泰電子股份有限公司,太陽能,轉供,377.336,2026-04-01,199.179,於 2026-04-01 移轉 199.179 MWh
十萬伏特電力股份有限公司,環台光電股份有限公司(高雄-鼎紘開發岡山案),華泰電子股份有限公司,太陽能,轉供,93.721,2026-03-11,46.537,於 2026-03-11 移轉 46.537 MWh
十萬伏特電力股份有限公司,環台光電股份有限公司(高雄-鼎紘開發岡山案),華泰電子股份有限公司,太陽能,轉供,93.721,2026-04-01,47.184,於 2026-04-01 移轉 47.184 MWh
十萬伏特電力股份有限公司,環台光電股份有限公司(台中-大豐環保案),華泰電子股份有限公司,太陽能,轉供,5.93,2026-04-22,5.93,於 2026-04-22 移轉 5.93 MWh
十萬伏特電力股份有限公司,環台光電股份有限公司(台中-和大工業(中清廠)案),華泰電子股份有限公司,太陽能,轉供,55.265,2026-04-22,55.265,於 2026-04-22 移轉 55.265 MWh
十萬伏特電力股份有限公司,環台光電股份有限公司(三夏精機一廠案),華泰電子股份有限公司,太陽能,轉供,40.023,2026-04-22,40.023,於 2026-04-22 移轉 40.023 MWh
十萬伏特電力股份有限公司,環台光電股份有限公司(三夏精機二廠案),華泰電子股份有限公司,太陽能,轉供,25.188,2026-04-22,25.188,於 2026-04-22 移轉 25.188 MWh
十萬伏特電力股份有限公司,環台光電股份有限公司(大道國中(誠正樓)案),華泰電子股份有限公司,太陽能,轉供,16.454,2026-04-22,16.454,於 2026-04-22 移轉 16.454 MWh
十萬伏特電力股份有限公司,環台光電股份有限公司(台中-欣榮資產案),華泰電子股份有限公司,太陽能,轉供,27.775,2026-04-22,27.775,於 2026-04-22 移轉 27.775 MWh
十萬伏特電力股份有限公司,環台光電股份有限公司(台中-金棠科技案),華泰電子股份有限公司,太陽能,轉供,78.118,2026-04-22,78.118,於 2026-04-22 移轉 78.118 MWh
十萬伏特電力股份有限公司,環台光電股份有限公司(台中-外埔納骨塔標案),華泰電子股份有限公司,太陽能,轉供,21.139,2026-04-22,21.139,於 2026-04-22 移轉 21.139 MWh
十萬伏特電力股份有限公司,環台光電股份有限公司(台中-鋐光實業(外埔廠)案),鋐光實業股份有限公司,太陽能,轉供,21.974,2026-04-01,9.134,於 2026-04-01 移轉 9.134 MWh
十萬伏特電力股份有限公司,環台光電股份有限公司(台中-鋐光實業(外埔廠)案),鋐光實業股份有限公司,太陽能,轉供,21.974,2026-05-20,12.84,於 2026-05-20 移轉 12.84 MWh
十萬伏特電力股份有限公司,環台光電股份有限公司(台中-溪南國中(風雨球場)案),華泰電子股份有限公司,太陽能,轉供,46.038,2026-04-22,46.038,於 2026-04-22 移轉 46.038 MWh
十萬伏特電力股份有限公司,環台光電股份有限公司(台中-溪南國中(廚房)案),華泰電子股份有限公司,太陽能,轉供,6.256,2026-04-22,6.256,於 2026-04-22 移轉 6.256 MWh
十萬伏特電力股份有限公司,環台光電股份有限公司(台中-大雅納骨塔標案),華泰電子股份有限公司,太陽能,轉供,42.644,2026-04-22,42.644,於 2026-04-22 移轉 42.644 MWh
十萬伏特電力股份有限公司,環台光電股份有限公司(優敏士案),華泰電子股份有限公司,太陽能,轉供,43.883,2026-03-11,22.24,於 2026-03-11 移轉 22.24 MWh
十萬伏特電力股份有限公司,環台光電股份有限公司(優敏士案),華泰電子股份有限公司,太陽能,轉供,43.883,2026-04-01,21.643,於 2026-04-01 移轉 21.643 MWh
十萬伏特電力股份有限公司,環台光電股份有限公司(台南後壁黃阿菊案),華泰電子股份有限公司,太陽能,轉供,18.274,2026-03-11,8.957,於 2026-03-11 移轉 8.957 MWh
十萬伏特電力股份有限公司,環台光電股份有限公司(台南後壁黃阿菊案),華泰電子股份有限公司,太陽能,轉供,18.274,2026-04-01,9.317,於 2026-04-01 移轉 9.317 MWh
十萬伏特電力股份有限公司,環台光電股份有限公司(光宇應用材料案),華泰電子股份有限公司,太陽能,轉供,29.067,2026-03-11,14.103,於 2026-03-11 移轉 14.103 MWh
十萬伏特電力股份有限公司,環台光電股份有限公司(光宇應用材料案),華泰電子股份有限公司,太陽能,轉供,29.067,2026-04-01,14.964,於 2026-04-01 移轉 14.964 MWh
十萬伏特電力股份有限公司,南湖大山太陽能有限公司(林坊霞台南白河案),彥豪智能科技股份有限公司,太陽能,轉供,103.637,2026-04-01,26.45,於 2026-04-01 移轉 26.45 MWh
十萬伏特電力股份有限公司,南湖大山太陽能有限公司(林坊霞台南白河案),彥豪智能科技股份有限公司,太陽能,轉供,103.637,2026-05-20,77.187,於 2026-05-20 移轉 77.187 MWh
十萬伏特電力股份有限公司,環台光電股份有限公司(桃園-合晶科技(龍潭廠)案),合晶科技股份有限公司楊梅分公司,太陽能,轉供,13.391,2026-04-01,5.359,於 2026-04-01 移轉 5.359 MWh
十萬伏特電力股份有限公司,環台光電股份有限公司(桃園-合晶科技(龍潭廠)案),合晶科技股份有限公司楊梅分公司,太陽能,轉供,13.391,2026-05-20,8.032,於 2026-05-20 移轉 8.032 MWh
十萬伏特電力股份有限公司,環台光電股份有限公司(桃園-合晶科技(龍潭廠)案),合晶科技股份有限公司,太陽能,轉供,24.308,2026-04-01,11.061,於 2026-04-01 移轉 11.061 MWh
十萬伏特電力股份有限公司,環台光電股份有限公司(桃園-合晶科技(龍潭廠)案),合晶科技股份有限公司,太陽能,轉供,24.308,2026-05-20,13.247,於 2026-05-20 移轉 13.247 MWh
十萬伏特電力股份有限公司,環台光電股份有限公司(台中-喬堡藝術鍛造案),華泰電子股份有限公司,太陽能,轉供,19.423,2026-04-22,19.423,於 2026-04-22 移轉 19.423 MWh
十萬伏特電力股份有限公司,環台光電股份有限公司(彰化-成興不銹鋼案),華泰電子股份有限公司,太陽能,轉供,19.388,2026-03-11,9.461,於 2026-03-11 移轉 9.461 MWh
十萬伏特電力股份有限公司,環台光電股份有限公司(彰化-成興不銹鋼案),華泰電子股份有限公司,太陽能,轉供,19.388,2026-04-01,9.927,於 2026-04-01 移轉 9.927 MWh
十萬伏特電力股份有限公司,環台光電股份有限公司(彰化-敦仁醫院案),華泰電子股份有限公司,太陽能,轉供,66.846,2026-03-11,33.008,於 2026-03-11 移轉 33.008 MWh
十萬伏特電力股份有限公司,環台光電股份有限公司(彰化-敦仁醫院案),華泰電子股份有限公司,太陽能,轉供,66.846,2026-04-01,33.838,於 2026-04-01 移轉 33.838 MWh
十萬伏特電力股份有限公司,環台光電股份有限公司(彰化-彥豪(二期)案),彥豪智能科技股份有限公司,太陽能,轉供,39.676,2026-03-05,15.948,於 2026-03-05 移轉 15.948 MWh
十萬伏特電力股份有限公司,環台光電股份有限公司(彰化-彥豪(二期)案),彥豪智能科技股份有限公司,太陽能,轉供,39.676,2026-04-01,6.699,於 2026-04-01 移轉 6.699 MWh
十萬伏特電力股份有限公司,環台光電股份有限公司(彰化-彥豪(二期)案),彥豪智能科技股份有限公司,太陽能,轉供,39.676,2026-05-20,17.029,於 2026-05-20 移轉 17.029 MWh
十萬伏特電力股份有限公司,環台光電股份有限公司(彰化-彥豪(三期)案),彥豪智能科技股份有限公司,太陽能,轉供,96.423,2026-03-05,38.249,於 2026-03-05 移轉 38.249 MWh
十萬伏特電力股份有限公司,環台光電股份有限公司(彰化-彥豪(三期)案),彥豪智能科技股份有限公司,太陽能,轉供,96.423,2026-04-01,16.342,於 2026-04-01 移轉 16.342 MWh
十萬伏特電力股份有限公司,環台光電股份有限公司(彰化-彥豪(三期)案),彥豪智能科技股份有限公司,太陽能,轉供,96.423,2026-05-20,41.832,於 2026-05-20 移轉 41.832 MWh
十萬伏特電力股份有限公司,環台光電股份有限公司(彰化-二億案),鋐光實業股份有限公司,太陽能,轉供,30.738,2026-03-11,30.738,於 2026-03-11 移轉 30.738 MWh
十萬伏特電力股份有限公司,環台光電股份有限公司(彰化-二億案),二億企業股份有限公司,太陽能,轉供,73.796,2026-04-22,31.879,於 2026-04-22 移轉 31.879 MWh
十萬伏特電力股份有限公司,環台光電股份有限公司(彰化-二億案),二億企業股份有限公司,太陽能,轉供,73.796,2026-05-20,41.917,於 2026-05-20 移轉 41.917 MWh
十萬伏特電力股份有限公司,環台光電股份有限公司(彰化-弘國竣暘案),丁守科技股份有限公司,太陽能,轉供,9.255,2026-03-04,9.255,於 2026-03-04 移轉 9.255 MWh
十萬伏特電力股份有限公司,環台光電股份有限公司(彰化-弘國竣暘案),丁守企業股份有限公司,太陽能,轉供,7.803,2026-03-04,7.803,於 2026-03-04 移轉 7.803 MWh
十萬伏特電力股份有限公司,環台光電股份有限公司(彰化-弘國竣暘案),彥豪智能科技股份有限公司,太陽能,轉供,30.358,2026-04-01,8.735,於 2026-04-01 移轉 8.735 MWh
十萬伏特電力股份有限公司,環台光電股份有限公司(彰化-弘國竣暘案),彥豪智能科技股份有限公司,太陽能,轉供,30.358,2026-05-20,21.623,於 2026-05-20 移轉 21.623 MWh
十萬伏特電力股份有限公司,環台光電股份有限公司(彰化-丁守企業(大村廠)案),丁守科技股份有限公司,太陽能,轉供,71.595,2026-03-04,22.736,於 2026-03-04 移轉 22.736 MWh
十萬伏特電力股份有限公司,環台光電股份有限公司(彰化-丁守企業(大村廠)案),丁守科技股份有限公司,太陽能,轉供,71.595,2026-04-01,29.54,於 2026-04-01 移轉 29.54 MWh
十萬伏特電力股份有限公司,環台光電股份有限公司(彰化-丁守企業(大村廠)案),丁守科技股份有限公司,太陽能,轉供,71.595,2026-05-20,19.319,於 2026-05-20 移轉 19.319 MWh
十萬伏特電力股份有限公司,環台光電股份有限公司(彰化-丁守企業(大村廠)案),丁守企業股份有限公司,太陽能,轉供,61.301,2026-03-04,19.244,於 2026-03-04 移轉 19.244 MWh
十萬伏特電力股份有限公司,環台光電股份有限公司(彰化-丁守企業(大村廠)案),丁守企業股份有限公司,太陽能,轉供,61.301,2026-04-01,22.057,於 2026-04-01 移轉 22.057 MWh
十萬伏特電力股份有限公司,環台光電股份有限公司(彰化-丁守企業(大村廠)案),丁守企業股份有限公司,太陽能,轉供,61.301,2026-05-20,20,於 2026-05-20 移轉 20 MWh
十萬伏特電力股份有限公司,環台光電股份有限公司(大道國中(效舜樓)案),華泰電子股份有限公司,太陽能,轉供,11.979,2026-04-22,11.979,於 2026-04-22 移轉 11.979 MWh
十萬伏特電力股份有限公司,環台光電股份有限公司(彰化-冠利製襪案),華泰電子股份有限公司,太陽能,轉供,58.863,2026-03-11,28.189,於 2026-03-11 移轉 28.189 MWh
十萬伏特電力股份有限公司,環台光電股份有限公司(彰化-冠利製襪案),華泰電子股份有限公司,太陽能,轉供,58.863,2026-04-01,30.674,於 2026-04-01 移轉 30.674 MWh
十萬伏特電力股份有限公司,環台光電股份有限公司(峰易科技案),華泰電子股份有限公司,太陽能,轉供,12.995,2026-04-22,12.995,於 2026-04-22 移轉 12.995 MWh
十萬伏特電力股份有限公司,環台光電股份有限公司(偉霸工業案),華泰電子股份有限公司,太陽能,轉供,49.475,2026-04-22,49.475,於 2026-04-22 移轉 49.475 MWh
十萬伏特電力股份有限公司,環台光電股份有限公司(台中-日南國中案),華泰電子股份有限公司,太陽能,轉供,82.997,2026-04-22,82.997,於 2026-04-22 移轉 82.997 MWh
十萬伏特電力股份有限公司,環台光電股份有限公司(彰化-冠皇紙業案),華泰電子股份有限公司,太陽能,轉供,54.991,2026-03-11,26.756,於 2026-03-11 移轉 26.756 MWh
十萬伏特電力股份有限公司,環台光電股份有限公司(彰化-冠皇紙業案),華泰電子股份有限公司,太陽能,轉供,54.991,2026-04-01,28.235,於 2026-04-01 移轉 28.235 MWh
十萬伏特電力股份有限公司,環台水泥製品股份有限公司(環台二廠案),華泰電子股份有限公司,太陽能,轉供,59.525,2026-04-22,59.525,於 2026-04-22 移轉 59.525 MWh
十萬伏特電力股份有限公司,環台光電股份有限公司(台中-欣展工業),華泰電子股份有限公司,太陽能,轉供,36.713,2026-04-22,36.713,於 2026-04-22 移轉 36.713 MWh
十萬伏特電力股份有限公司,環台光電股份有限公司(鎂和鋼鐵),鋐光實業股份有限公司,太陽能,轉供,114.57,2026-03-11,34.128,於 2026-03-11 移轉 34.128 MWh
十萬伏特電力股份有限公司,環台光電股份有限公司(鎂和鋼鐵),鋐光實業股份有限公司,太陽能,轉供,114.57,2026-04-01,35.407,於 2026-04-01 移轉 35.407 MWh
十萬伏特電力股份有限公司,環台光電股份有限公司(鎂和鋼鐵),鋐光實業股份有限公司,太陽能,轉供,114.57,2026-05-20,45.035,於 2026-05-20 移轉 45.035 MWh
南方電力股份有限公司,日晶能源科技有限公司(嘉義縣東石鄉栗子崙段388地號太陽光電發電廠),龍邑工程顧問股份有限公司,太陽能,轉供,4.399,2026-03-05,1.465,於 2026-03-05 移轉 1.465 MWh
南方電力股份有限公司,日晶能源科技有限公司(嘉義縣東石鄉栗子崙段388地號太陽光電發電廠),龍邑工程顧問股份有限公司,太陽能,轉供,4.399,2026-04-01,1.434,於 2026-04-01 移轉 1.434 MWh
南方電力股份有限公司,日晶能源科技有限公司(嘉義縣東石鄉栗子崙段388地號太陽光電發電廠),龍邑工程顧問股份有限公司,太陽能,轉供,4.399,2026-05-20,1.5,於 2026-05-20 移轉 1.5 MWh
南方電力股份有限公司,日晶能源科技有限公司(嘉義縣東石鄉栗子崙段388地號太陽光電發電廠),亞福儲能股份有限公司,太陽能,轉供,7.5,2026-03-05,2.5,於 2026-03-05 移轉 2.5 MWh
南方電力股份有限公司,日晶能源科技有限公司(嘉義縣東石鄉栗子崙段388地號太陽光電發電廠),亞福儲能股份有限公司,太陽能,轉供,7.5,2026-04-01,2.5,於 2026-04-01 移轉 2.5 MWh
南方電力股份有限公司,日晶能源科技有限公司(嘉義縣東石鄉栗子崙段388地號太陽光電發電廠),亞福儲能股份有限公司,太陽能,轉供,7.5,2026-05-20,2.5,於 2026-05-20 移轉 2.5 MWh
南方電力股份有限公司,日晶能源科技有限公司(嘉義縣東石鄉栗子崙段388地號太陽光電發電廠),逸盛科技股份有限公司,太陽能,轉供,1.459,2026-03-05,0.5,於 2026-03-05 移轉 0.5 MWh
南方電力股份有限公司,日晶能源科技有限公司(嘉義縣東石鄉栗子崙段388地號太陽光電發電廠),逸盛科技股份有限公司,太陽能,轉供,1.459,2026-04-01,0.459,於 2026-04-01 移轉 0.459 MWh
南方電力股份有限公司,日晶能源科技有限公司(嘉義縣東石鄉栗子崙段388地號太陽光電發電廠),逸盛科技股份有限公司,太陽能,轉供,1.459,2026-05-20,0.5,於 2026-05-20 移轉 0.5 MWh
南方電力股份有限公司,日晶能源科技有限公司(嘉義縣東石鄉栗子崙段388地號太陽光電發電廠),胤源企業有限公司,太陽能,轉供,0.767,2026-04-01,0.436,於 2026-04-01 移轉 0.436 MWh
南方電力股份有限公司,日晶能源科技有限公司(嘉義縣東石鄉栗子崙段388地號太陽光電發電廠),胤源企業有限公司,太陽能,轉供,0.767,2026-05-20,0.331,於 2026-05-20 移轉 0.331 MWh
南方電力股份有限公司,日晶能源科技有限公司(嘉義縣東石鄉栗子崙段388地號太陽光電發電廠),達勝科技股份有限公司,太陽能,轉供,1.5,2026-03-05,0.5,於 2026-03-05 移轉 0.5 MWh
南方電力股份有限公司,日晶能源科技有限公司(嘉義縣東石鄉栗子崙段388地號太陽光電發電廠),達勝科技股份有限公司,太陽能,轉供,1.5,2026-04-01,0.5,於 2026-04-01 移轉 0.5 MWh
南方電力股份有限公司,日晶能源科技有限公司(嘉義縣東石鄉栗子崙段388地號太陽光電發電廠),達勝科技股份有限公司,太陽能,轉供,1.5,2026-05-20,0.5,於 2026-05-20 移轉 0.5 MWh
南方電力股份有限公司,日晶能源科技有限公司(嘉義縣東石鄉栗子崙段388地號太陽光電發電廠),隆宜實業有限公司,太陽能,轉供,19.5,2026-03-05,6.5,於 2026-03-05 移轉 6.5 MWh
南方電力股份有限公司,日晶能源科技有限公司(嘉義縣東石鄉栗子崙段388地號太陽光電發電廠),隆宜實業有限公司,太陽能,轉供,19.5,2026-04-01,6.5,於 2026-04-01 移轉 6.5 MWh
南方電力股份有限公司,日晶能源科技有限公司(嘉義縣東石鄉栗子崙段388地號太陽光電發電廠),隆宜實業有限公司,太陽能,轉供,19.5,2026-05-20,6.5,於 2026-05-20 移轉 6.5 MWh
南方電力股份有限公司,日晶能源科技有限公司(嘉義縣東石鄉栗子崙段388地號太陽光電發電廠),永豐商業銀行股份有限公司,太陽能,轉供,25.15,2026-03-05,7.426,於 2026-03-05 移轉 7.426 MWh
南方電力股份有限公司,日晶能源科技有限公司(嘉義縣東石鄉栗子崙段388地號太陽光電發電廠),永豐商業銀行股份有限公司,太陽能,轉供,25.15,2026-04-01,7.724,於 2026-04-01 移轉 7.724 MWh
南方電力股份有限公司,日晶能源科技有限公司(嘉義縣東石鄉栗子崙段388地號太陽光電發電廠),永豐商業銀行股份有限公司,太陽能,轉供,25.15,2026-05-20,10,於 2026-05-20 移轉 10 MWh
南方電力股份有限公司,日晶能源科技有限公司(嘉義縣東石鄉栗子崙段388地號太陽光電發電廠),王美桃,太陽能,轉供,6.087,2026-03-05,1.817,於 2026-03-05 移轉 1.817 MWh
南方電力股份有限公司,日晶能源科技有限公司(嘉義縣東石鄉栗子崙段388地號太陽光電發電廠),王美桃,太陽能,轉供,6.087,2026-04-01,1.648,於 2026-04-01 移轉 1.648 MWh
南方電力股份有限公司,日晶能源科技有限公司(嘉義縣東石鄉栗子崙段388地號太陽光電發電廠),王美桃,太陽能,轉供,6.087,2026-05-20,2.622,於 2026-05-20 移轉 2.622 MWh
南方電力股份有限公司,欣亞能源有限公司(台南市學甲區宅子港段165-123地號太陽光電發電廠),許志森,太陽能,轉供,0.063,2026-03-04,0.015,於 2026-03-04 移轉 0.015 MWh
南方電力股份有限公司,欣亞能源有限公司(台南市學甲區宅子港段165-123地號太陽光電發電廠),許志森,太陽能,轉供,0.063,2026-04-01,0.022,於 2026-04-01 移轉 0.022 MWh
南方電力股份有限公司,欣亞能源有限公司(台南市學甲區宅子港段165-123地號太陽光電發電廠),許志森,太陽能,轉供,0.063,2026-05-20,0.026,於 2026-05-20 移轉 0.026 MWh
南方電力股份有限公司,欣亞能源有限公司(台南市學甲區宅子港段165-123地號太陽光電發電廠),永豐商業銀行股份有限公司,太陽能,轉供,62.819,2026-03-04,13.089,於 2026-03-04 移轉 13.089 MWh
南方電力股份有限公司,欣亞能源有限公司(台南市學甲區宅子港段165-123地號太陽光電發電廠),永豐商業銀行股份有限公司,太陽能,轉供,62.819,2026-04-01,19.331,於 2026-04-01 移轉 19.331 MWh
南方電力股份有限公司,欣亞能源有限公司(台南市學甲區宅子港段165-123地號太陽光電發電廠),永豐商業銀行股份有限公司,太陽能,轉供,62.819,2026-05-20,30.399,於 2026-05-20 移轉 30.399 MWh
南方電力股份有限公司,欣亞能源有限公司(台南市學甲區宅子港段165-123地號太陽光電發電廠),新加坡商全美世界控股有限公司台灣分公司,太陽能,轉供,5.078,2026-03-04,1.205,於 2026-03-04 移轉 1.205 MWh
南方電力股份有限公司,欣亞能源有限公司(台南市學甲區宅子港段165-123地號太陽光電發電廠),新加坡商全美世界控股有限公司台灣分公司,太陽能,轉供,5.078,2026-04-01,1.481,於 2026-04-01 移轉 1.481 MWh
南方電力股份有限公司,欣亞能源有限公司(台南市學甲區宅子港段165-123地號太陽光電發電廠),新加坡商全美世界控股有限公司台灣分公司,太陽能,轉供,5.078,2026-05-20,2.392,於 2026-05-20 移轉 2.392 MWh
南方電力股份有限公司,泰一能源科技有限公司(屏東鹽埔太陽光電發電廠),台灣積體電路製造股份有限公司,太陽能,轉供,492.832,2026-04-22,299.729,於 2026-04-22 移轉 299.729 MWh
南方電力股份有限公司,泰一能源科技有限公司(屏東鹽埔太陽光電發電廠),台灣積體電路製造股份有限公司,太陽能,轉供,492.832,2026-05-20,193.103,於 2026-05-20 移轉 193.103 MWh
南方電力股份有限公司,泰一能源科技有限公司(瑞隆畜牧場太陽光電發電廠),晟銘電子科技股份有限公司,太陽能,轉供,9.729,2026-03-04,5.667,於 2026-03-04 移轉 5.667 MWh
南方電力股份有限公司,泰一能源科技有限公司(瑞隆畜牧場太陽光電發電廠),晟銘電子科技股份有限公司,太陽能,轉供,9.729,2026-04-01,4.062,於 2026-04-01 移轉 4.062 MWh
南方電力股份有限公司,神州工程有限公司(東寧國小太陽光電發電廠),台灣積體電路製造股份有限公司,太陽能,轉供,112.871,2026-04-22,68.913,於 2026-04-22 移轉 68.913 MWh
南方電力股份有限公司,神州工程有限公司(東寧國小太陽光電發電廠),台灣積體電路製造股份有限公司,太陽能,轉供,112.871,2026-05-20,43.958,於 2026-05-20 移轉 43.958 MWh
南方電力股份有限公司,神州能源有限公司(後庄國小太陽光電發電廠),台灣積體電路製造股份有限公司,太陽能,轉供,32.274,2026-04-22,19.754,於 2026-04-22 移轉 19.754 MWh
南方電力股份有限公司,神州能源有限公司(後庄國小太陽光電發電廠),台灣積體電路製造股份有限公司,太陽能,轉供,32.274,2026-05-20,12.52,於 2026-05-20 移轉 12.52 MWh
南方電力股份有限公司,神州能源有限公司(高樹國小太陽光電發電廠),台灣積體電路製造股份有限公司,太陽能,轉供,100.618,2026-04-22,61.647,於 2026-04-22 移轉 61.647 MWh
南方電力股份有限公司,神州能源有限公司(高樹國小太陽光電發電廠),台灣積體電路製造股份有限公司,太陽能,轉供,100.618,2026-05-20,38.971,於 2026-05-20 移轉 38.971 MWh
南方電力股份有限公司,神州能源有限公司(屏東縣高樹鄉舊寮段0197-0001地號太陽光電發電場),台灣積體電路製造股份有限公司,太陽能,轉供,33.149,2026-04-22,20.376,於 2026-04-22 移轉 20.376 MWh
南方電力股份有限公司,神州能源有限公司(屏東縣高樹鄉舊寮段0197-0001地號太陽光電發電場),台灣積體電路製造股份有限公司,太陽能,轉供,33.149,2026-05-20,12.773,於 2026-05-20 移轉 12.773 MWh
南方電力股份有限公司,神州工程有限公司(屏東縣高樹鄉阿拔泉段0065-0109地號太陽光電發電場),台灣積體電路製造股份有限公司,太陽能,轉供,32.652,2026-04-22,20.111,於 2026-04-22 移轉 20.111 MWh
南方電力股份有限公司,神州工程有限公司(屏東縣高樹鄉阿拔泉段0065-0109地號太陽光電發電場),台灣積體電路製造股份有限公司,太陽能,轉供,32.652,2026-05-20,12.541,於 2026-05-20 移轉 12.541 MWh
南方電力股份有限公司,神州能源有限公司(屏東縣高樹鄉阿拔泉段0065-0224地號太陽光電發電場),台灣積體電路製造股份有限公司,太陽能,轉供,33.504,2026-04-22,20.81,於 2026-04-22 移轉 20.81 MWh
南方電力股份有限公司,神州能源有限公司(屏東縣高樹鄉阿拔泉段0065-0224地號太陽光電發電場),台灣積體電路製造股份有限公司,太陽能,轉供,33.504,2026-05-20,12.694,於 2026-05-20 移轉 12.694 MWh
南方電力股份有限公司,神州綠能有限公司(屏東縣高樹鄉泰和段0534-0000地號太陽光電發電場),台灣積體電路製造股份有限公司,太陽能,轉供,32.157,2026-04-22,20.227,於 2026-04-22 移轉 20.227 MWh
南方電力股份有限公司,神州綠能有限公司(屏東縣高樹鄉泰和段0534-0000地號太陽光電發電場),台灣積體電路製造股份有限公司,太陽能,轉供,32.157,2026-05-20,11.93,於 2026-05-20 移轉 11.93 MWh
南方電力股份有限公司,神州工程有限公司(屏東縣高樹鄉泰和段0535-0000地號太陽光電發電場),台灣積體電路製造股份有限公司,太陽能,轉供,32.457,2026-04-22,20.547,於 2026-04-22 移轉 20.547 MWh
南方電力股份有限公司,神州工程有限公司(屏東縣高樹鄉泰和段0535-0000地號太陽光電發電場),台灣積體電路製造股份有限公司,太陽能,轉供,32.457,2026-05-20,11.91,於 2026-05-20 移轉 11.91 MWh
南方電力股份有限公司,神州工程有限公司(屏東縣高樹鄉舊寮段197地號太陽光電發電場),台灣積體電路製造股份有限公司,太陽能,轉供,32.988,2026-04-22,20.316,於 2026-04-22 移轉 20.316 MWh
南方電力股份有限公司,神州工程有限公司(屏東縣高樹鄉舊寮段197地號太陽光電發電場),台灣積體電路製造股份有限公司,太陽能,轉供,32.988,2026-05-20,12.672,於 2026-05-20 移轉 12.672 MWh
南方電力股份有限公司,神州能源有限公司(屏東縣高樹鄉舊寮段0197-0002地號太陽光電發電場),台灣積體電路製造股份有限公司,太陽能,轉供,32.572,2026-04-22,19.874,於 2026-04-22 移轉 19.874 MWh
南方電力股份有限公司,神州能源有限公司(屏東縣高樹鄉舊寮段0197-0002地號太陽光電發電場),台灣積體電路製造股份有限公司,太陽能,轉供,32.572,2026-05-20,12.698,於 2026-05-20 移轉 12.698 MWh
南方電力股份有限公司,神州工程有限公司(屏東縣高樹鄉舊寮段0197-0003地號太陽光電發電場),台灣積體電路製造股份有限公司,太陽能,轉供,33.107,2026-04-22,20.353,於 2026-04-22 移轉 20.353 MWh
南方電力股份有限公司,神州工程有限公司(屏東縣高樹鄉舊寮段0197-0003地號太陽光電發電場),台灣積體電路製造股份有限公司,太陽能,轉供,33.107,2026-05-20,12.754,於 2026-05-20 移轉 12.754 MWh
南方電力股份有限公司,神州綠能有限公司(屏東縣高樹鄉舊寮段0197-0004地號太陽光電發電場),台灣積體電路製造股份有限公司,太陽能,轉供,32.374,2026-04-22,19.96,於 2026-04-22 移轉 19.96 MWh
南方電力股份有限公司,神州綠能有限公司(屏東縣高樹鄉舊寮段0197-0004地號太陽光電發電場),台灣積體電路製造股份有限公司,太陽能,轉供,32.374,2026-05-20,12.414,於 2026-05-20 移轉 12.414 MWh
南方電力股份有限公司,神州工程有限公司(屏東縣高樹鄉阿拔泉段0065-0223地號太陽光電發電場),台灣積體電路製造股份有限公司,太陽能,轉供,32.72,2026-04-22,20.381,於 2026-04-22 移轉 20.381 MWh
南方電力股份有限公司,神州工程有限公司(屏東縣高樹鄉阿拔泉段0065-0223地號太陽光電發電場),台灣積體電路製造股份有限公司,太陽能,轉供,32.72,2026-05-20,12.339,於 2026-05-20 移轉 12.339 MWh
南方電力股份有限公司,神州綠能有限公司(屏東縣高樹鄉阿拔泉段0065-0225地號太陽光電發電場),台灣積體電路製造股份有限公司,太陽能,轉供,31.889,2026-04-22,20.018,於 2026-04-22 移轉 20.018 MWh
南方電力股份有限公司,神州綠能有限公司(屏東縣高樹鄉阿拔泉段0065-0225地號太陽光電發電場),台灣積體電路製造股份有限公司,太陽能,轉供,31.889,2026-05-20,11.871,於 2026-05-20 移轉 11.871 MWh
南方電力股份有限公司,神州綠能有限公司(屏東縣高樹鄉泰和段0536-0000地號太陽光電發電場),台灣積體電路製造股份有限公司,太陽能,轉供,23.291,2026-04-22,14.711,於 2026-04-22 移轉 14.711 MWh
南方電力股份有限公司,神州綠能有限公司(屏東縣高樹鄉泰和段0536-0000地號太陽光電發電場),台灣積體電路製造股份有限公司,太陽能,轉供,23.291,2026-05-20,8.58,於 2026-05-20 移轉 8.58 MWh
南方電力股份有限公司,神州能源有限公司(南隆國中太陽光電發電廠),台灣積體電路製造股份有限公司,太陽能,轉供,98.937,2026-04-22,59.498,於 2026-04-22 移轉 59.498 MWh
南方電力股份有限公司,神州能源有限公司(南隆國中太陽光電發電廠),台灣積體電路製造股份有限公司,太陽能,轉供,98.937,2026-05-20,39.439,於 2026-05-20 移轉 39.439 MWh
南方電力股份有限公司,神州工程有限公司(青年國中太陽光電發電廠),台灣積體電路製造股份有限公司,太陽能,轉供,30.106,2026-05-20,30.106,於 2026-05-20 移轉 30.106 MWh
南方電力股份有限公司,神州工程有限公司(青年國中太陽光電發電廠),精誠資訊股份有限公司,太陽能,轉供,40.65,2026-03-04,19.411,於 2026-03-04 移轉 19.411 MWh
南方電力股份有限公司,神州工程有限公司(青年國中太陽光電發電廠),精誠資訊股份有限公司,太陽能,轉供,40.65,2026-04-01,21.239,於 2026-04-01 移轉 21.239 MWh
南方電力股份有限公司,神州工程有限公司(青年校舍太陽光電發電廠),精誠資訊股份有限公司,太陽能,轉供,70.987,2026-03-04,20.928,於 2026-03-04 移轉 20.928 MWh
南方電力股份有限公司,神州工程有限公司(青年校舍太陽光電發電廠),精誠資訊股份有限公司,太陽能,轉供,70.987,2026-04-01,21.983,於 2026-04-01 移轉 21.983 MWh
南方電力股份有限公司,神州工程有限公司(青年校舍太陽光電發電廠),精誠資訊股份有限公司,太陽能,轉供,70.987,2026-05-20,28.076,於 2026-05-20 移轉 28.076 MWh
南方電力股份有限公司,神州工程有限公司(青年校舍太陽光電發電廠),聯邦國際租賃股份有限公司,太陽能,轉供,20.656,2026-03-04,5.654,於 2026-03-04 移轉 5.654 MWh
南方電力股份有限公司,神州工程有限公司(青年校舍太陽光電發電廠),聯邦國際租賃股份有限公司,太陽能,轉供,20.656,2026-04-01,6.245,於 2026-04-01 移轉 6.245 MWh
南方電力股份有限公司,神州工程有限公司(青年校舍太陽光電發電廠),聯邦國際租賃股份有限公司,太陽能,轉供,20.656,2026-05-20,8.757,於 2026-05-20 移轉 8.757 MWh
南方電力股份有限公司,神州工程有限公司(田寮連永昌畜牧場太陽光電發電廠),台灣積體電路製造股份有限公司,太陽能,轉供,48.997,2026-04-22,29.931,於 2026-04-22 移轉 29.931 MWh
南方電力股份有限公司,神州工程有限公司(田寮連永昌畜牧場太陽光電發電廠),台灣積體電路製造股份有限公司,太陽能,轉供,48.997,2026-05-20,19.066,於 2026-05-20 移轉 19.066 MWh
南方電力股份有限公司,神州工程有限公司(甲仙國中太陽光電發電廠),台灣積體電路製造股份有限公司,太陽能,轉供,52.828,2026-04-22,31.902,於 2026-04-22 移轉 31.902 MWh
南方電力股份有限公司,神州工程有限公司(甲仙國中太陽光電發電廠),台灣積體電路製造股份有限公司,太陽能,轉供,52.828,2026-05-20,20.926,於 2026-05-20 移轉 20.926 MWh
南方電力股份有限公司,神州工程有限公司(甲仙農會梅子工廠太陽光電發電廠),台灣積體電路製造股份有限公司,太陽能,轉供,65.888,2026-04-22,39.459,於 2026-04-22 移轉 39.459 MWh
南方電力股份有限公司,神州工程有限公司(甲仙農會梅子工廠太陽光電發電廠),台灣積體電路製造股份有限公司,太陽能,轉供,65.888,2026-05-20,26.429,於 2026-05-20 移轉 26.429 MWh
南方電力股份有限公司,神州綠能有限公司(內門國小太陽光電發電廠),台灣積體電路製造股份有限公司,太陽能,轉供,76.087,2026-04-22,46.929,於 2026-04-22 移轉 46.929 MWh
南方電力股份有限公司,神州綠能有限公司(內門國小太陽光電發電廠),台灣積體電路製造股份有限公司,太陽能,轉供,76.087,2026-05-20,29.158,於 2026-05-20 移轉 29.158 MWh
南方電力股份有限公司,葉安惠(杉林農會太陽光電發電廠),台灣積體電路製造股份有限公司,太陽能,轉供,13.803,2026-04-22,8.27,於 2026-04-22 移轉 8.27 MWh
南方電力股份有限公司,葉安惠(杉林農會太陽光電發電廠),台灣積體電路製造股份有限公司,太陽能,轉供,13.803,2026-05-20,5.533,於 2026-05-20 移轉 5.533 MWh
南方電力股份有限公司,普雷嘉工程有限公司(將軍區長榮段太陽光電發電場),台灣積體電路製造股份有限公司,太陽能,轉供,117.462,2026-04-22,70.258,於 2026-04-22 移轉 70.258 MWh
南方電力股份有限公司,普雷嘉工程有限公司(將軍區長榮段太陽光電發電場),台灣積體電路製造股份有限公司,太陽能,轉供,117.462,2026-05-20,47.204,於 2026-05-20 移轉 47.204 MWh
南方電力股份有限公司,日晶能源科技有限公司(屏大附小太陽光電發電廠),臺灣銀行股份有限公司,太陽能,轉供,54.287,2026-03-25,28.368,於 2026-03-25 移轉 28.368 MWh
南方電力股份有限公司,日晶能源科技有限公司(屏大附小太陽光電發電廠),臺灣銀行股份有限公司,太陽能,轉供,54.287,2026-04-01,25.919,於 2026-04-01 移轉 25.919 MWh
南方電力股份有限公司,屏太能源科技有限公司(屏東縣南州鄉七塊段0401-0003地號太陽光電發電場),晟銘電子科技股份有限公司,太陽能,轉供,85.224,2026-03-04,28.582,於 2026-03-04 移轉 28.582 MWh
南方電力股份有限公司,屏太能源科技有限公司(屏東縣南州鄉七塊段0401-0003地號太陽光電發電場),晟銘電子科技股份有限公司,太陽能,轉供,85.224,2026-04-01,23.535,於 2026-04-01 移轉 23.535 MWh
南方電力股份有限公司,屏太能源科技有限公司(屏東縣南州鄉七塊段0401-0003地號太陽光電發電場),晟銘電子科技股份有限公司,太陽能,轉供,85.224,2026-05-20,33.107,於 2026-05-20 移轉 33.107 MWh
南方電力股份有限公司,屏暘能源科技有限公司(屏東縣南州鄉七塊段401-2地號太陽光電發電場),台灣積體電路製造股份有限公司,太陽能,轉供,125.189,2026-04-22,77.187,於 2026-04-22 移轉 77.187 MWh
南方電力股份有限公司,屏暘能源科技有限公司(屏東縣南州鄉七塊段401-2地號太陽光電發電場),台灣積體電路製造股份有限公司,太陽能,轉供,125.189,2026-05-20,48.002,於 2026-05-20 移轉 48.002 MWh
南方電力股份有限公司,屏暘能源科技有限公司(屏東縣枋寮鄉三民段616地號太陽光電發電場),台灣積體電路製造股份有限公司,太陽能,轉供,143.021,2026-04-22,85.343,於 2026-04-22 移轉 85.343 MWh
南方電力股份有限公司,屏暘能源科技有限公司(屏東縣枋寮鄉三民段616地號太陽光電發電場),台灣積體電路製造股份有限公司,太陽能,轉供,143.021,2026-05-20,57.678,於 2026-05-20 移轉 57.678 MWh
南方電力股份有限公司,承暘能源科技有限公司(屏東縣麟洛鄉麟和段0161-0000地號太陽光電發電場),臺灣銀行股份有限公司,太陽能,轉供,11.684,2026-03-04,0.001,於 2026-03-04 移轉 0.001 MWh
南方電力股份有限公司,承暘能源科技有限公司(屏東縣麟洛鄉麟和段0161-0000地號太陽光電發電場),臺灣銀行股份有限公司,太陽能,轉供,11.684,2026-03-25,6.063,於 2026-03-25 移轉 6.063 MWh
南方電力股份有限公司,承暘能源科技有限公司(屏東縣麟洛鄉麟和段0161-0000地號太陽光電發電場),臺灣銀行股份有限公司,太陽能,轉供,11.684,2026-04-01,5.619,於 2026-04-01 移轉 5.619 MWh
南方電力股份有限公司,承暘能源科技有限公司(屏東縣麟洛鄉麟和段0161-0000地號太陽光電發電場),臺灣銀行股份有限公司,太陽能,轉供,11.684,2026-05-20,0.001,於 2026-05-20 移轉 0.001 MWh
南方電力股份有限公司,屏暘能源科技有限公司(屏東縣鹽埔鄉彭南段0413-0000地號太陽光電發電場),台灣積體電路製造股份有限公司,太陽能,轉供,129.562,2026-04-22,78.947,於 2026-04-22 移轉 78.947 MWh
南方電力股份有限公司,屏暘能源科技有限公司(屏東縣鹽埔鄉彭南段0413-0000地號太陽光電發電場),台灣積體電路製造股份有限公司,太陽能,轉供,129.562,2026-05-20,50.615,於 2026-05-20 移轉 50.615 MWh
南方電力股份有限公司,承暘能源科技有限公司(屏東縣新園鄉新南段0109-0000地號太陽光電發電場),台灣積體電路製造股份有限公司,太陽能,轉供,31.238,2026-04-22,18.44,於 2026-04-22 移轉 18.44 MWh
南方電力股份有限公司,承暘能源科技有限公司(屏東縣新園鄉新南段0109-0000地號太陽光電發電場),台灣積體電路製造股份有限公司,太陽能,轉供,31.238,2026-05-20,12.798,於 2026-05-20 移轉 12.798 MWh
南方電力股份有限公司,承暘能源科技有限公司(屏東縣內埔鄉新埔段0974-0000地號太陽光電發電場),台灣積體電路製造股份有限公司,太陽能,轉供,64.918,2026-04-22,39.607,於 2026-04-22 移轉 39.607 MWh
南方電力股份有限公司,承暘能源科技有限公司(屏東縣內埔鄉新埔段0974-0000地號太陽光電發電場),台灣積體電路製造股份有限公司,太陽能,轉供,64.918,2026-05-20,25.311,於 2026-05-20 移轉 25.311 MWh
南方電力股份有限公司,承暘能源科技有限公司(屏東縣長治鄉華榮段0123-0000地號太陽光電發電場),台灣積體電路製造股份有限公司,太陽能,轉供,21.279,2026-04-22,12.979,於 2026-04-22 移轉 12.979 MWh
南方電力股份有限公司,承暘能源科技有限公司(屏東縣長治鄉華榮段0123-0000地號太陽光電發電場),台灣積體電路製造股份有限公司,太陽能,轉供,21.279,2026-05-20,8.3,於 2026-05-20 移轉 8.3 MWh
南方電力股份有限公司,屏暘能源科技有限公司(屏東縣枋山鄉舊庄段509、510地號太陽光電發電場),台灣積體電路製造股份有限公司,太陽能,轉供,173.182,2026-04-22,109.18,於 2026-04-22 移轉 109.18 MWh
南方電力股份有限公司,屏暘能源科技有限公司(屏東縣枋山鄉舊庄段509、510地號太陽光電發電場),台灣積體電路製造股份有限公司,太陽能,轉供,173.182,2026-05-20,64.002,於 2026-05-20 移轉 64.002 MWh
南方電力股份有限公司,承暘能源科技有限公司(屏東縣萬巒鄉萬和段1878-0008地號太陽光電發電場),台灣積體電路製造股份有限公司,太陽能,轉供,13.882,2026-04-22,8.401,於 2026-04-22 移轉 8.401 MWh
南方電力股份有限公司,承暘能源科技有限公司(屏東縣萬巒鄉萬和段1878-0008地號太陽光電發電場),台灣積體電路製造股份有限公司,太陽能,轉供,13.882,2026-05-20,5.481,於 2026-05-20 移轉 5.481 MWh
南方電力股份有限公司,承暘能源科技有限公司(屏東縣南州鄉七塊段0401-0004、0459-0000地號太陽光電發電場),台灣積體電路製造股份有限公司,太陽能,轉供,143.634,2026-04-22,85.25,於 2026-04-22 移轉 85.25 MWh
南方電力股份有限公司,承暘能源科技有限公司(屏東縣南州鄉七塊段0401-0004、0459-0000地號太陽光電發電場),台灣積體電路製造股份有限公司,太陽能,轉供,143.634,2026-05-20,58.384,於 2026-05-20 移轉 58.384 MWh
南方電力股份有限公司,承暘能源科技有限公司(屏東縣南州鄉七塊段0401-0001、0402-0000地號太陽光電發電場),台灣積體電路製造股份有限公司,太陽能,轉供,174.136,2026-04-22,104.123,於 2026-04-22 移轉 104.123 MWh
南方電力股份有限公司,承暘能源科技有限公司(屏東縣南州鄉七塊段0401-0001、0402-0000地號太陽光電發電場),台灣積體電路製造股份有限公司,太陽能,轉供,174.136,2026-05-20,70.013,於 2026-05-20 移轉 70.013 MWh
南方電力股份有限公司,屏暘能源科技有限公司(屏東縣鹽埔鄉彭南段413-2地號太陽光電發電場),台灣積體電路製造股份有限公司,太陽能,轉供,33.661,2026-04-22,20.735,於 2026-04-22 移轉 20.735 MWh
南方電力股份有限公司,屏暘能源科技有限公司(屏東縣鹽埔鄉彭南段413-2地號太陽光電發電場),台灣積體電路製造股份有限公司,太陽能,轉供,33.661,2026-05-20,12.926,於 2026-05-20 移轉 12.926 MWh
南方電力股份有限公司,屏暘能源科技有限公司(屏東縣枋山鄉枋山段116地號太陽光電發電場),台灣積體電路製造股份有限公司,太陽能,轉供,121.87,2026-04-22,75.26,於 2026-04-22 移轉 75.26 MWh
南方電力股份有限公司,屏暘能源科技有限公司(屏東縣枋山鄉枋山段116地號太陽光電發電場),台灣積體電路製造股份有限公司,太陽能,轉供,121.87,2026-05-20,46.61,於 2026-05-20 移轉 46.61 MWh
南方電力股份有限公司,屏暘能源科技有限公司(屏東縣萬巒鄉萬和段1878-0006地號太陽光電發電場),台灣積體電路製造股份有限公司,太陽能,轉供,38.657,2026-05-20,38.657,於 2026-05-20 移轉 38.657 MWh
南方電力股份有限公司,造得科技有限公司(臺南市學甲區大灣70號之50太陽光電發電廠),台灣積體電路製造股份有限公司,太陽能,轉供,40.109,2026-04-22,23.75,於 2026-04-22 移轉 23.75 MWh
南方電力股份有限公司,造得科技有限公司(臺南市學甲區大灣70號之50太陽光電發電廠),台灣積體電路製造股份有限公司,太陽能,轉供,40.109,2026-05-20,16.359,於 2026-05-20 移轉 16.359 MWh
南方電力股份有限公司,躍騰資產開發有限公司(高雄市甲仙區公館段23、24-1地號太陽光電發電廠),永豐商業銀行股份有限公司,太陽能,轉供,24.21,2026-03-04,7.417,於 2026-03-04 移轉 7.417 MWh
南方電力股份有限公司,躍騰資產開發有限公司(高雄市甲仙區公館段23、24-1地號太陽光電發電廠),永豐商業銀行股份有限公司,太陽能,轉供,24.21,2026-04-01,6.856,於 2026-04-01 移轉 6.856 MWh
南方電力股份有限公司,躍騰資產開發有限公司(高雄市甲仙區公館段23、24-1地號太陽光電發電廠),永豐商業銀行股份有限公司,太陽能,轉供,24.21,2026-05-20,9.937,於 2026-05-20 移轉 9.937 MWh
南方電力股份有限公司,躍騰資產開發有限公司(高雄市甲仙區公館段23、24-1地號太陽光電發電廠),欣泰石油氣股份有限公司,太陽能,轉供,5,2026-03-04,4.271,於 2026-03-04 移轉 4.271 MWh
南方電力股份有限公司,躍騰資產開發有限公司(高雄市甲仙區公館段23、24-1地號太陽光電發電廠),欣泰石油氣股份有限公司,太陽能,轉供,5,2026-04-01,0.729,於 2026-04-01 移轉 0.729 MWh
南方電力股份有限公司,茂庭光電有限公司(屏東縣鹽埔鄉民治路175號太陽光電發電廠),新加坡商安富利股份有限公司台灣分公司,太陽能,轉供,30.38,2026-03-04,9.361,於 2026-03-04 移轉 9.361 MWh
南方電力股份有限公司,茂庭光電有限公司(屏東縣鹽埔鄉民治路175號太陽光電發電廠),新加坡商安富利股份有限公司台灣分公司,太陽能,轉供,30.38,2026-04-01,8.714,於 2026-04-01 移轉 8.714 MWh
南方電力股份有限公司,茂庭光電有限公司(屏東縣鹽埔鄉民治路175號太陽光電發電廠),新加坡商安富利股份有限公司台灣分公司,太陽能,轉供,30.38,2026-05-20,12.305,於 2026-05-20 移轉 12.305 MWh
南方電力股份有限公司,神州綠能有限公司(高雄市內門區木柵26號太陽光電發電廠),台灣積體電路製造股份有限公司,太陽能,轉供,12.356,2026-04-22,7.59,於 2026-04-22 移轉 7.59 MWh
南方電力股份有限公司,神州綠能有限公司(高雄市內門區木柵26號太陽光電發電廠),台灣積體電路製造股份有限公司,太陽能,轉供,12.356,2026-05-20,4.766,於 2026-05-20 移轉 4.766 MWh
南方電力股份有限公司,神州綠能有限公司(高雄市美濃區美濃段3408-0002、3413-0000地號太陽光電發電廠),台灣積體電路製造股份有限公司,太陽能,轉供,59.261,2026-04-22,36.399,於 2026-04-22 移轉 36.399 MWh
南方電力股份有限公司,神州綠能有限公司(高雄市美濃區美濃段3408-0002、3413-0000地號太陽光電發電廠),台灣積體電路製造股份有限公司,太陽能,轉供,59.261,2026-05-20,22.862,於 2026-05-20 移轉 22.862 MWh
南方電力股份有限公司,造得科技有限公司(嘉義縣民雄鄉鎮北村土庫子58之1號太陽光電發電廠),桂盟企業股份有限公司,太陽能,轉供,2.786,2026-04-01,2.786,於 2026-04-01 移轉 2.786 MWh
南方電力股份有限公司,造得科技有限公司(嘉義縣民雄鄉鎮北村土庫子58之1號太陽光電發電廠),聯邦國際租賃股份有限公司,太陽能,轉供,19.92,2026-03-04,6.615,於 2026-03-04 移轉 6.615 MWh
南方電力股份有限公司,造得科技有限公司(嘉義縣民雄鄉鎮北村土庫子58之1號太陽光電發電廠),聯邦國際租賃股份有限公司,太陽能,轉供,19.92,2026-04-01,5.06,於 2026-04-01 移轉 5.06 MWh
南方電力股份有限公司,造得科技有限公司(嘉義縣民雄鄉鎮北村土庫子58之1號太陽光電發電廠),聯邦國際租賃股份有限公司,太陽能,轉供,19.92,2026-05-20,8.245,於 2026-05-20 移轉 8.245 MWh
南方電力股份有限公司,新林綠能科技股份有限公司(嘉義市東區保忠一街167號太陽光電發電廠),台灣積體電路製造股份有限公司,太陽能,轉供,122.668,2026-04-22,74.085,於 2026-04-22 移轉 74.085 MWh
南方電力股份有限公司,新林綠能科技股份有限公司(嘉義市東區保忠一街167號太陽光電發電廠),台灣積體電路製造股份有限公司,太陽能,轉供,122.668,2026-05-20,48.583,於 2026-05-20 移轉 48.583 MWh
南方電力股份有限公司,金氏科訊股份有限公司(高雄市大寮區磚子磘段2537-0000地號),台灣積體電路製造股份有限公司,太陽能,轉供,235.542,2026-04-22,139.761,於 2026-04-22 移轉 139.761 MWh
南方電力股份有限公司,金氏科訊股份有限公司(高雄市大寮區磚子磘段2537-0000地號),台灣積體電路製造股份有限公司,太陽能,轉供,235.542,2026-05-20,95.781,於 2026-05-20 移轉 95.781 MWh
南方電力股份有限公司,茂庭光電有限公司(臺中市新社區東湖街1段99巷30號太陽光電發電廠),財團法人綠色和平基金會,太陽能,轉供,3.863,2026-03-04,0.72,於 2026-03-04 移轉 0.72 MWh
南方電力股份有限公司,茂庭光電有限公司(臺中市新社區東湖街1段99巷30號太陽光電發電廠),財團法人綠色和平基金會,太陽能,轉供,3.863,2026-04-22,0.849,於 2026-04-22 移轉 0.849 MWh
南方電力股份有限公司,茂庭光電有限公司(臺中市新社區東湖街1段99巷30號太陽光電發電廠),財團法人綠色和平基金會,太陽能,轉供,3.863,2026-05-20,2.294,於 2026-05-20 移轉 2.294 MWh
南方電力股份有限公司,茂庭光電有限公司(臺中市新社區東湖街1段99巷30號太陽光電發電廠),三義化學工業股份有限公司 桃園海湖廠,太陽能,轉供,45,2026-04-29,30,於 2026-04-29 移轉 30 MWh
南方電力股份有限公司,茂庭光電有限公司(臺中市新社區東湖街1段99巷30號太陽光電發電廠),三義化學工業股份有限公司 桃園海湖廠,太陽能,轉供,45,2026-05-20,15,於 2026-05-20 移轉 15 MWh
南方電力股份有限公司,茂庭光電有限公司(臺中市新社區東湖街1段99巷30號太陽光電發電廠),晟銘電子科技股份有限公司,太陽能,轉供,8.218,2026-03-04,1.68,於 2026-03-04 移轉 1.68 MWh
南方電力股份有限公司,茂庭光電有限公司(臺中市新社區東湖街1段99巷30號太陽光電發電廠),晟銘電子科技股份有限公司,太陽能,轉供,8.218,2026-04-22,1.846,於 2026-04-22 移轉 1.846 MWh
南方電力股份有限公司,茂庭光電有限公司(臺中市新社區東湖街1段99巷30號太陽光電發電廠),晟銘電子科技股份有限公司,太陽能,轉供,8.218,2026-05-20,4.692,於 2026-05-20 移轉 4.692 MWh
南方電力股份有限公司,茂庭光電有限公司(屏東縣長治鄉德協村德新路84、84-2號太陽光電發電廠),台灣積體電路製造股份有限公司,太陽能,轉供,264.576,2026-04-22,155.912,於 2026-04-22 移轉 155.912 MWh
南方電力股份有限公司,茂庭光電有限公司(屏東縣長治鄉德協村德新路84、84-2號太陽光電發電廠),台灣積體電路製造股份有限公司,太陽能,轉供,264.576,2026-05-20,108.664,於 2026-05-20 移轉 108.664 MWh
南方電力股份有限公司,茂庭光電有限公司(高雄市橋頭區里林東路99號太陽光電發電廠),台灣積體電路製造股份有限公司,太陽能,轉供,83.643,2026-04-22,49.619,於 2026-04-22 移轉 49.619 MWh
南方電力股份有限公司,茂庭光電有限公司(高雄市橋頭區里林東路99號太陽光電發電廠),台灣積體電路製造股份有限公司,太陽能,轉供,83.643,2026-05-20,34.024,於 2026-05-20 移轉 34.024 MWh
南方電力股份有限公司,正昀能源科技有限公司(高雄市仁武區鳳仁路277之1號太陽光電發電廠),永豐商業銀行股份有限公司,太陽能,轉供,29.759,2026-03-04,10.304,於 2026-03-04 移轉 10.304 MWh
南方電力股份有限公司,正昀能源科技有限公司(高雄市仁武區鳳仁路277之1號太陽光電發電廠),永豐商業銀行股份有限公司,太陽能,轉供,29.759,2026-04-01,7.761,於 2026-04-01 移轉 7.761 MWh
南方電力股份有限公司,正昀能源科技有限公司(高雄市仁武區鳳仁路277之1號太陽光電發電廠),永豐商業銀行股份有限公司,太陽能,轉供,29.759,2026-05-20,11.694,於 2026-05-20 移轉 11.694 MWh
南方電力股份有限公司,造得科技有限公司(屏東縣萬丹鄉廈北村北興路163號太陽光電發電廠),台灣積體電路製造股份有限公司,太陽能,轉供,27.577,2026-04-22,16.408,於 2026-04-22 移轉 16.408 MWh
南方電力股份有限公司,造得科技有限公司(屏東縣萬丹鄉廈北村北興路163號太陽光電發電廠),台灣積體電路製造股份有限公司,太陽能,轉供,27.577,2026-05-20,11.169,於 2026-05-20 移轉 11.169 MWh
南方電力股份有限公司,造得科技有限公司(屏東縣恆春鎮恒南路22之1號太陽光電發電廠),台灣積體電路製造股份有限公司,太陽能,轉供,17.225,2026-04-22,9.353,於 2026-04-22 移轉 9.353 MWh
南方電力股份有限公司,造得科技有限公司(屏東縣恆春鎮恒南路22之1號太陽光電發電廠),台灣積體電路製造股份有限公司,太陽能,轉供,17.225,2026-05-20,7.872,於 2026-05-20 移轉 7.872 MWh
南方電力股份有限公司,桓晶科技有限公司(桓晶太陽光電發電廠),臺灣銀行股份有限公司,太陽能,轉供,25.726,2026-03-25,13.3,於 2026-03-25 移轉 13.3 MWh
南方電力股份有限公司,桓晶科技有限公司(桓晶太陽光電發電廠),臺灣銀行股份有限公司,太陽能,轉供,25.726,2026-04-01,12.426,於 2026-04-01 移轉 12.426 MWh
南方電力股份有限公司,立豪投資股份有限公司(菇類栽培場太陽光電發電廠),京冠生物科技股份有限公司,太陽能,轉供,47.413,2026-03-04,10.677,於 2026-03-04 移轉 10.677 MWh
南方電力股份有限公司,立豪投資股份有限公司(菇類栽培場太陽光電發電廠),京冠生物科技股份有限公司,太陽能,轉供,47.413,2026-04-01,12.604,於 2026-04-01 移轉 12.604 MWh
南方電力股份有限公司,立豪投資股份有限公司(菇類栽培場太陽光電發電廠),京冠生物科技股份有限公司,太陽能,轉供,47.413,2026-05-20,24.132,於 2026-05-20 移轉 24.132 MWh
南方電力股份有限公司,立豪投資股份有限公司(菇類栽培場太陽光電發電廠),晟銘電子科技股份有限公司,太陽能,轉供,17.814,2026-03-04,4.945,於 2026-03-04 移轉 4.945 MWh
南方電力股份有限公司,立豪投資股份有限公司(菇類栽培場太陽光電發電廠),晟銘電子科技股份有限公司,太陽能,轉供,17.814,2026-04-01,5.144,於 2026-04-01 移轉 5.144 MWh
南方電力股份有限公司,立豪投資股份有限公司(菇類栽培場太陽光電發電廠),晟銘電子科技股份有限公司,太陽能,轉供,17.814,2026-05-20,7.725,於 2026-05-20 移轉 7.725 MWh
南方電力股份有限公司,立豪投資股份有限公司(菇類栽培場太陽光電發電廠),松和工業股份有限公司,太陽能,轉供,20,2026-03-04,10,於 2026-03-04 移轉 10 MWh
南方電力股份有限公司,立豪投資股份有限公司(菇類栽培場太陽光電發電廠),松和工業股份有限公司,太陽能,轉供,20,2026-04-01,10,於 2026-04-01 移轉 10 MWh
南方電力股份有限公司,立豪投資股份有限公司(宏泰國際太陽光電發電廠),臺灣銀行股份有限公司,太陽能,轉供,28.371,2026-03-25,14.42,於 2026-03-25 移轉 14.42 MWh
南方電力股份有限公司,立豪投資股份有限公司(宏泰國際太陽光電發電廠),臺灣銀行股份有限公司,太陽能,轉供,28.371,2026-04-01,13.951,於 2026-04-01 移轉 13.951 MWh
南方電力股份有限公司,立豪投資股份有限公司(鈺陞興業太陽光電發電廠),臺灣銀行股份有限公司,太陽能,轉供,77.761,2026-03-25,41.222,於 2026-03-25 移轉 41.222 MWh
南方電力股份有限公司,立豪投資股份有限公司(鈺陞興業太陽光電發電廠),臺灣銀行股份有限公司,太陽能,轉供,77.761,2026-04-01,36.539,於 2026-04-01 移轉 36.539 MWh
南方電力股份有限公司,豐光潔能有限公司(豐光潔能-王秀菁太陽光電發電廠),台灣積體電路製造股份有限公司,太陽能,轉供,92.256,2026-04-22,55.534,於 2026-04-22 移轉 55.534 MWh
南方電力股份有限公司,豐光潔能有限公司(豐光潔能-王秀菁太陽光電發電廠),台灣積體電路製造股份有限公司,太陽能,轉供,92.256,2026-05-20,36.722,於 2026-05-20 移轉 36.722 MWh
南方電力股份有限公司,光旭盈科技股份有限公司(豐光潔能-田清廉太陽光電發電廠),台灣積體電路製造股份有限公司,太陽能,轉供,130.72,2026-04-22,78.727,於 2026-04-22 移轉 78.727 MWh
南方電力股份有限公司,光旭盈科技股份有限公司(豐光潔能-田清廉太陽光電發電廠),台灣積體電路製造股份有限公司,太陽能,轉供,130.72,2026-05-20,51.993,於 2026-05-20 移轉 51.993 MWh
南方電力股份有限公司,神州工程有限公司(神州龜山太陽光電發電廠),台灣積體電路製造股份有限公司,太陽能,轉供,50.689,2026-04-22,31.804,於 2026-04-22 移轉 31.804 MWh
南方電力股份有限公司,神州工程有限公司(神州龜山太陽光電發電廠),台灣積體電路製造股份有限公司,太陽能,轉供,50.689,2026-05-20,18.885,於 2026-05-20 移轉 18.885 MWh
南方電力股份有限公司,立豪投資股份有限公司(車樂美太陽光電發電廠),臺灣銀行股份有限公司,太陽能,轉供,53.276,2026-03-25,26.618,於 2026-03-25 移轉 26.618 MWh
南方電力股份有限公司,立豪投資股份有限公司(車樂美太陽光電發電廠),臺灣銀行股份有限公司,太陽能,轉供,53.276,2026-04-01,26.658,於 2026-04-01 移轉 26.658 MWh
南方電力股份有限公司,立豪投資股份有限公司(信源產業太陽光電發電廠),臺灣銀行股份有限公司,太陽能,轉供,40.931,2026-03-25,21.282,於 2026-03-25 移轉 21.282 MWh
南方電力股份有限公司,立豪投資股份有限公司(信源產業太陽光電發電廠),臺灣銀行股份有限公司,太陽能,轉供,40.931,2026-04-01,19.649,於 2026-04-01 移轉 19.649 MWh
南方電力股份有限公司,立豪投資股份有限公司(展碩太陽光電發電廠),臺灣銀行股份有限公司,太陽能,轉供,30.722,2026-03-25,15.497,於 2026-03-25 移轉 15.497 MWh
南方電力股份有限公司,立豪投資股份有限公司(展碩太陽光電發電廠),臺灣銀行股份有限公司,太陽能,轉供,30.722,2026-04-01,15.225,於 2026-04-01 移轉 15.225 MWh
南方電力股份有限公司,立豪投資股份有限公司(台灣格瑞特工業太陽光電發電廠),臺灣銀行股份有限公司,太陽能,轉供,160.924,2026-03-05,18.901,於 2026-03-05 移轉 18.901 MWh
南方電力股份有限公司,立豪投資股份有限公司(台灣格瑞特工業太陽光電發電廠),臺灣銀行股份有限公司,太陽能,轉供,160.924,2026-03-25,65.579,於 2026-03-25 移轉 65.579 MWh
南方電力股份有限公司,立豪投資股份有限公司(台灣格瑞特工業太陽光電發電廠),臺灣銀行股份有限公司,太陽能,轉供,160.924,2026-04-01,76.444,於 2026-04-01 移轉 76.444 MWh
南方電力股份有限公司,立豪投資股份有限公司(英發企業二廠太陽光電發電廠),臺灣銀行股份有限公司,太陽能,轉供,37.324,2026-03-25,19.119,於 2026-03-25 移轉 19.119 MWh
南方電力股份有限公司,立豪投資股份有限公司(英發企業二廠太陽光電發電廠),臺灣銀行股份有限公司,太陽能,轉供,37.324,2026-04-01,18.205,於 2026-04-01 移轉 18.205 MWh
南方電力股份有限公司,立豪投資股份有限公司(友基工業太陽光電發電廠),臺灣銀行股份有限公司,太陽能,轉供,28.143,2026-03-25,14.297,於 2026-03-25 移轉 14.297 MWh
南方電力股份有限公司,立豪投資股份有限公司(友基工業太陽光電發電廠),臺灣銀行股份有限公司,太陽能,轉供,28.143,2026-04-01,13.846,於 2026-04-01 移轉 13.846 MWh
南方電力股份有限公司,泓錠能源股份有限公司(泓錠-青年國中腳踏車棚太陽光電發電廠),台灣積體電路製造股份有限公司,太陽能,轉供,41.571,2026-04-22,24.603,於 2026-04-22 移轉 24.603 MWh
南方電力股份有限公司,泓錠能源股份有限公司(泓錠-青年國中腳踏車棚太陽光電發電廠),台灣積體電路製造股份有限公司,太陽能,轉供,41.571,2026-05-20,16.968,於 2026-05-20 移轉 16.968 MWh
南方電力股份有限公司,泓錠能源股份有限公司(泓錠-青年國中汽車停車場太陽光電發電廠),台灣積體電路製造股份有限公司,太陽能,轉供,44.877,2026-04-22,26.443,於 2026-04-22 移轉 26.443 MWh
南方電力股份有限公司,泓錠能源股份有限公司(泓錠-青年國中汽車停車場太陽光電發電廠),台灣積體電路製造股份有限公司,太陽能,轉供,44.877,2026-05-20,18.434,於 2026-05-20 移轉 18.434 MWh
南方電力股份有限公司,泓錠能源股份有限公司(泓錠-青年國中籃球場太陽光電發電廠),台灣積體電路製造股份有限公司,太陽能,轉供,70.22,2026-04-22,41.005,於 2026-04-22 移轉 41.005 MWh
南方電力股份有限公司,泓錠能源股份有限公司(泓錠-青年國中籃球場太陽光電發電廠),台灣積體電路製造股份有限公司,太陽能,轉供,70.22,2026-05-20,29.215,於 2026-05-20 移轉 29.215 MWh
南方電力股份有限公司,旭瀅科技有限公司(旭瀅陳二游太陽光電發電廠),台灣積體電路製造股份有限公司,太陽能,轉供,57.976,2026-04-22,34.625,於 2026-04-22 移轉 34.625 MWh
南方電力股份有限公司,旭瀅科技有限公司(旭瀅陳二游太陽光電發電廠),台灣積體電路製造股份有限公司,太陽能,轉供,57.976,2026-05-20,23.351,於 2026-05-20 移轉 23.351 MWh
南方電力股份有限公司,旭瀅科技有限公司(旭瀅趙振良太陽光電發電廠),台灣積體電路製造股份有限公司,太陽能,轉供,27.816,2026-04-22,16.627,於 2026-04-22 移轉 16.627 MWh
南方電力股份有限公司,旭瀅科技有限公司(旭瀅趙振良太陽光電發電廠),台灣積體電路製造股份有限公司,太陽能,轉供,27.816,2026-05-20,11.189,於 2026-05-20 移轉 11.189 MWh
南方電力股份有限公司,十源工程有限公司(十源加祿段太陽光電發電廠),臺灣銀行股份有限公司,太陽能,轉供,161.941,2026-03-05,0.001,於 2026-03-05 移轉 0.001 MWh
南方電力股份有限公司,十源工程有限公司(十源加祿段太陽光電發電廠),臺灣銀行股份有限公司,太陽能,轉供,161.941,2026-03-25,83.699,於 2026-03-25 移轉 83.699 MWh
南方電力股份有限公司,十源工程有限公司(十源加祿段太陽光電發電廠),臺灣銀行股份有限公司,太陽能,轉供,161.941,2026-04-01,78.24,於 2026-04-01 移轉 78.24 MWh
南方電力股份有限公司,十源工程有限公司(十源加祿段太陽光電發電廠),臺灣銀行股份有限公司,太陽能,轉供,161.941,2026-05-20,0.001,於 2026-05-20 移轉 0.001 MWh
南方電力股份有限公司,世華國際投資股份有限公司(世華國際太陽光電發電廠),台灣積體電路製造股份有限公司,太陽能,轉供,78.259,2026-04-22,46.257,於 2026-04-22 移轉 46.257 MWh
南方電力股份有限公司,世華國際投資股份有限公司(世華國際太陽光電發電廠),台灣積體電路製造股份有限公司,太陽能,轉供,78.259,2026-05-20,32.002,於 2026-05-20 移轉 32.002 MWh
南方電力股份有限公司,通滿晶綠能有限公司(通滿晶-花海段800-2),台灣積體電路製造股份有限公司,太陽能,轉供,37.207,2026-04-22,22.879,於 2026-04-22 移轉 22.879 MWh
南方電力股份有限公司,通滿晶綠能有限公司(通滿晶-花海段800-2),台灣積體電路製造股份有限公司,太陽能,轉供,37.207,2026-05-20,14.328,於 2026-05-20 移轉 14.328 MWh
南方電力股份有限公司,通滿晶綠能有限公司(通滿晶-花海段799-2),台灣積體電路製造股份有限公司,太陽能,轉供,70.972,2026-04-22,43.636,於 2026-04-22 移轉 43.636 MWh
南方電力股份有限公司,通滿晶綠能有限公司(通滿晶-花海段799-2),台灣積體電路製造股份有限公司,太陽能,轉供,70.972,2026-05-20,27.336,於 2026-05-20 移轉 27.336 MWh
南方電力股份有限公司,碩能有限公司(碩能太陽光電發電廠),台灣積體電路製造股份有限公司,太陽能,轉供,138.99,2026-04-22,85.041,於 2026-04-22 移轉 85.041 MWh
南方電力股份有限公司,碩能有限公司(碩能太陽光電發電廠),台灣積體電路製造股份有限公司,太陽能,轉供,138.99,2026-05-20,53.949,於 2026-05-20 移轉 53.949 MWh
南方電力股份有限公司,遠鴻綠能地產開發有限公司(遠鴻綠能地產太陽光電發電廠),友訊科技股份有限公司,太陽能,轉供,60.151,2026-03-04,17.818,於 2026-03-04 移轉 17.818 MWh
南方電力股份有限公司,遠鴻綠能地產開發有限公司(遠鴻綠能地產太陽光電發電廠),友訊科技股份有限公司,太陽能,轉供,60.151,2026-04-01,18.465,於 2026-04-01 移轉 18.465 MWh
南方電力股份有限公司,遠鴻綠能地產開發有限公司(遠鴻綠能地產太陽光電發電廠),友訊科技股份有限公司,太陽能,轉供,60.151,2026-05-20,23.868,於 2026-05-20 移轉 23.868 MWh
南方電力股份有限公司,夏天能源有限公司(夏天能源太陽光電發電廠),台灣積體電路製造股份有限公司,太陽能,轉供,56.305,2026-03-04,0.001,於 2026-03-04 移轉 0.001 MWh
南方電力股份有限公司,夏天能源有限公司(夏天能源太陽光電發電廠),台灣積體電路製造股份有限公司,太陽能,轉供,56.305,2026-04-22,24.4,於 2026-04-22 移轉 24.4 MWh
南方電力股份有限公司,夏天能源有限公司(夏天能源太陽光電發電廠),台灣積體電路製造股份有限公司,太陽能,轉供,56.305,2026-05-20,31.904,於 2026-05-20 移轉 31.904 MWh
南方電力股份有限公司,柏克能源股份有限公司(柏克能源太陽光電發電廠),台灣積體電路製造股份有限公司,太陽能,轉供,80.44,2026-04-22,47.552,於 2026-04-22 移轉 47.552 MWh
南方電力股份有限公司,柏克能源股份有限公司(柏克能源太陽光電發電廠),台灣積體電路製造股份有限公司,太陽能,轉供,80.44,2026-05-20,32.888,於 2026-05-20 移轉 32.888 MWh
南方電力股份有限公司,日昇電能源科技股份有限公司(安南太陽光電發電廠),晟銘電子科技股份有限公司,太陽能,轉供,16.144,2026-03-25,5.689,於 2026-03-25 移轉 5.689 MWh
南方電力股份有限公司,日昇電能源科技股份有限公司(安南太陽光電發電廠),晟銘電子科技股份有限公司,太陽能,轉供,16.144,2026-04-01,4.432,於 2026-04-01 移轉 4.432 MWh
南方電力股份有限公司,日昇電能源科技股份有限公司(安南太陽光電發電廠),晟銘電子科技股份有限公司,太陽能,轉供,16.144,2026-05-20,6.023,於 2026-05-20 移轉 6.023 MWh
南方電力股份有限公司,日昇電能源科技股份有限公司(壽豐太陽光電發電廠),桂盟企業股份有限公司,太陽能,轉供,97.052,2026-03-04,28.932,於 2026-03-04 移轉 28.932 MWh
南方電力股份有限公司,日昇電能源科技股份有限公司(壽豐太陽光電發電廠),桂盟企業股份有限公司,太陽能,轉供,97.052,2026-04-01,30.163,於 2026-04-01 移轉 30.163 MWh
南方電力股份有限公司,日昇電能源科技股份有限公司(壽豐太陽光電發電廠),桂盟企業股份有限公司,太陽能,轉供,97.052,2026-05-20,37.957,於 2026-05-20 移轉 37.957 MWh
南方電力股份有限公司,金氏科訊股份有限公司(金氏大停車場太陽光電發電廠),晟銘電子科技股份有限公司,太陽能,轉供,2.53,2026-04-22,1.517,於 2026-04-22 移轉 1.517 MWh
南方電力股份有限公司,金氏科訊股份有限公司(金氏大停車場太陽光電發電廠),晟銘電子科技股份有限公司,太陽能,轉供,2.53,2026-05-20,1.013,於 2026-05-20 移轉 1.013 MWh
南方電力股份有限公司,立豪投資有限公司(華菱冷氣太陽光電發電廠),臺灣銀行股份有限公司,太陽能,轉供,65.808,2026-03-25,34.377,於 2026-03-25 移轉 34.377 MWh
南方電力股份有限公司,立豪投資有限公司(華菱冷氣太陽光電發電廠),臺灣銀行股份有限公司,太陽能,轉供,65.808,2026-04-01,31.431,於 2026-04-01 移轉 31.431 MWh
南方電力股份有限公司,泓錠能源股份有限公司(泓錠鼓山國小太陽光電發電廠),台灣積體電路製造股份有限公司,太陽能,轉供,14.217,2026-05-20,14.217,於 2026-05-20 移轉 14.217 MWh
南方電力股份有限公司,泓錠能源股份有限公司(泓錠勝利國小太陽光電發電廠),台灣積體電路製造股份有限公司,太陽能,轉供,44.026,2026-05-20,44.026,於 2026-05-20 移轉 44.026 MWh
南方電力股份有限公司,泓錠能源股份有限公司(泓錠興糖國小(案123)太陽光電發電廠),台灣積體電路製造股份有限公司,太陽能,轉供,61.172,2026-05-20,61.172,於 2026-05-20 移轉 61.172 MWh
南方電力股份有限公司,泓錠能源股份有限公司(泓錠興糖國小(案123)太陽光電發電廠),月眉國際開發股份有限公司,太陽能,轉供,38.185,2026-04-01,38.185,於 2026-04-01 移轉 38.185 MWh
南方電力股份有限公司,旭瀅科技有限公司(旭瀅上崙太陽光電發電廠),台灣積體電路製造股份有限公司,太陽能,轉供,40.557,2026-04-22,24.685,於 2026-04-22 移轉 24.685 MWh
南方電力股份有限公司,旭瀅科技有限公司(旭瀅上崙太陽光電發電廠),台灣積體電路製造股份有限公司,太陽能,轉供,40.557,2026-05-20,15.872,於 2026-05-20 移轉 15.872 MWh
南方電力股份有限公司,泓錠能源股份有限公司(泓錠興糖國小(案4)太陽光電發電廠),台灣積體電路製造股份有限公司,太陽能,轉供,10.861,2026-05-20,10.861,於 2026-05-20 移轉 10.861 MWh
南方電力股份有限公司,泓錠能源股份有限公司(泓錠興糖國小(案4)太陽光電發電廠),高雄興亞股份有限公司,太陽能,轉供,4.657,2026-04-01,4.657,於 2026-04-01 移轉 4.657 MWh
南方電力股份有限公司,洋亨企業有限公司(洋亨萬巒鄉太陽光電發電廠),精誠資訊股份有限公司,太陽能,轉供,22.6,2026-05-20,22.6,於 2026-05-20 移轉 22.6 MWh
南方電力股份有限公司,洋亨企業有限公司(洋亨萬巒鄉太陽光電發電廠),雷尼紹股份有限公司,太陽能,轉供,3.021,2026-05-20,3.021,於 2026-05-20 移轉 3.021 MWh
南方電力股份有限公司,永順商業有限公司(永順仁武太陽光電發電廠),台灣積體電路製造股份有限公司,太陽能,轉供,78.096,2026-04-22,46.555,於 2026-04-22 移轉 46.555 MWh
南方電力股份有限公司,永順商業有限公司(永順仁武太陽光電發電廠),台灣積體電路製造股份有限公司,太陽能,轉供,78.096,2026-05-20,31.541,於 2026-05-20 移轉 31.541 MWh
南方電力股份有限公司,夏天能源有限公司(夏天能源(77.08kw)太陽光電發電廠),台灣積體電路製造股份有限公司,太陽能,轉供,7.78,2026-05-20,7.78,於 2026-05-20 移轉 7.78 MWh
南方電力股份有限公司,迎輝科技股份有限公司(迎輝本廠&停車場太陽光電發電場),台灣積體電路製造股份有限公司,太陽能,轉供,125.948,2026-05-20,125.948,於 2026-05-20 移轉 125.948 MWh
南方電力股份有限公司,迎輝科技股份有限公司(迎輝二廠太陽光電發電場),台灣積體電路製造股份有限公司,太陽能,轉供,56.198,2026-05-20,56.198,於 2026-05-20 移轉 56.198 MWh
南方電力股份有限公司,東海青科技股份有限公司(東海青太陽光電發電場),台灣積體電路製造股份有限公司,太陽能,轉供,49.101,2026-05-20,49.101,於 2026-05-20 移轉 49.101 MWh
南方電力股份有限公司,永順商業有限公司(永順鳳山太陽光電發電廠),台灣積體電路製造股份有限公司,太陽能,轉供,55.271,2026-03-04,15.617,於 2026-03-04 移轉 15.617 MWh
南方電力股份有限公司,永順商業有限公司(永順鳳山太陽光電發電廠),台灣積體電路製造股份有限公司,太陽能,轉供,55.271,2026-04-01,16.528,於 2026-04-01 移轉 16.528 MWh
南方電力股份有限公司,永順商業有限公司(永順鳳山太陽光電發電廠),台灣積體電路製造股份有限公司,太陽能,轉供,55.271,2026-05-20,23.126,於 2026-05-20 移轉 23.126 MWh
南方電力股份有限公司,洋亨企業有限公司(洋亨新埤太陽光電發電場),晟銘電子科技股份有限公司,太陽能,轉供,6.285,2026-04-01,2.567,於 2026-04-01 移轉 2.567 MWh
南方電力股份有限公司,洋亨企業有限公司(洋亨新埤太陽光電發電場),晟銘電子科技股份有限公司,太陽能,轉供,6.285,2026-05-20,3.718,於 2026-05-20 移轉 3.718 MWh
博曜電力股份有限公司,沈尚弘(心忠學甲第一型太陽光電發電廠),台達電子工業股份有限公司,太陽能,轉供,"2,236.406",2026-03-04,734.268,於 2026-03-04 移轉 734.268 MWh
博曜電力股份有限公司,沈尚弘(心忠學甲第一型太陽光電發電廠),台達電子工業股份有限公司,太陽能,轉供,"2,236.406",2026-04-01,630.033,於 2026-04-01 移轉 630.033 MWh
博曜電力股份有限公司,沈尚弘(心忠學甲第一型太陽光電發電廠),台達電子工業股份有限公司,太陽能,轉供,"2,236.406",2026-05-20,872.105,於 2026-05-20 移轉 872.105 MWh
博曜電力股份有限公司,沈尚弘(心忠學甲第一型太陽光電發電廠),乾坤科技股份有限公司,太陽能,轉供,766.655,2026-03-04,247.096,於 2026-03-04 移轉 247.096 MWh
博曜電力股份有限公司,沈尚弘(心忠學甲第一型太陽光電發電廠),乾坤科技股份有限公司,太陽能,轉供,766.655,2026-04-01,230.685,於 2026-04-01 移轉 230.685 MWh
博曜電力股份有限公司,沈尚弘(心忠學甲第一型太陽光電發電廠),乾坤科技股份有限公司,太陽能,轉供,766.655,2026-05-20,288.874,於 2026-05-20 移轉 288.874 MWh
博曜電力股份有限公司,沈尚弘(心忠學甲第一型太陽光電發電廠),遊戲橘子數位科技股份有限公司,太陽能,轉供,135.155,2026-03-04,39.639,於 2026-03-04 移轉 39.639 MWh
博曜電力股份有限公司,沈尚弘(心忠學甲第一型太陽光電發電廠),遊戲橘子數位科技股份有限公司,太陽能,轉供,135.155,2026-04-01,42.946,於 2026-04-01 移轉 42.946 MWh
博曜電力股份有限公司,沈尚弘(心忠學甲第一型太陽光電發電廠),遊戲橘子數位科技股份有限公司,太陽能,轉供,135.155,2026-05-20,52.57,於 2026-05-20 移轉 52.57 MWh
博曜電力股份有限公司,沈尚弘(心忠學甲第一型太陽光電發電廠),晶睿通訊股份有限公司,太陽能,轉供,85.242,2026-03-04,29.475,於 2026-03-04 移轉 29.475 MWh
博曜電力股份有限公司,沈尚弘(心忠學甲第一型太陽光電發電廠),晶睿通訊股份有限公司,太陽能,轉供,85.242,2026-04-01,23.522,於 2026-04-01 移轉 23.522 MWh
博曜電力股份有限公司,沈尚弘(心忠學甲第一型太陽光電發電廠),晶睿通訊股份有限公司,太陽能,轉供,85.242,2026-05-20,32.245,於 2026-05-20 移轉 32.245 MWh
博曜電力股份有限公司,冠越科技工程股份有限公司(隆茂太陽光電發電廠),遊戲橘子數位科技股份有限公司,太陽能,轉供,119.232,2026-03-04,33.949,於 2026-03-04 移轉 33.949 MWh
博曜電力股份有限公司,冠越科技工程股份有限公司(隆茂太陽光電發電廠),遊戲橘子數位科技股份有限公司,太陽能,轉供,119.232,2026-04-01,36.274,於 2026-04-01 移轉 36.274 MWh
博曜電力股份有限公司,冠越科技工程股份有限公司(隆茂太陽光電發電廠),遊戲橘子數位科技股份有限公司,太陽能,轉供,119.232,2026-05-20,49.009,於 2026-05-20 移轉 49.009 MWh
厚固光電股份有限公司,(崙尾東二號電廠),聯華電子股份有限公司,太陽能,轉供,"28,371.269",2026-03-11,8246.579,"於 2026-03-11 移轉 8,246.579 MWh"
厚固光電股份有限公司,(崙尾東二號電廠),聯華電子股份有限公司,太陽能,轉供,"28,371.269",2026-04-08,8700.78,"於 2026-04-08 移轉 8,700.78 MWh"
厚固光電股份有限公司,(崙尾東二號電廠),聯華電子股份有限公司,太陽能,轉供,"28,371.269",2026-05-20,11423.91,"於 2026-05-20 移轉 11,423.91 MWh"
原生新能源股份有限公司,(原生新能源太陽光電發電廠),原生智動股份有限公司,太陽能,轉供,1.126,2026-03-05,0.327,於 2026-03-05 移轉 0.327 MWh
原生新能源股份有限公司,(原生新能源太陽光電發電廠),原生智動股份有限公司,太陽能,轉供,1.126,2026-04-15,0.399,於 2026-04-15 移轉 0.399 MWh
原生新能源股份有限公司,(原生新能源太陽光電發電廠),原生智動股份有限公司,太陽能,轉供,1.126,2026-05-20,0.4,於 2026-05-20 移轉 0.4 MWh
友達電力股份有限公司,創勁綠能股份有限公司(創勁-大華國中),達興材料股份有限公司,太陽能,轉供,42,2026-03-04,15,於 2026-03-04 移轉 15 MWh
友達電力股份有限公司,創勁綠能股份有限公司(創勁-大華國中),達興材料股份有限公司,太陽能,轉供,42,2026-04-01,15,於 2026-04-01 移轉 15 MWh
友達電力股份有限公司,創勁綠能股份有限公司(創勁-大華國中),達興材料股份有限公司,太陽能,轉供,42,2026-05-20,12,於 2026-05-20 移轉 12 MWh
台康日能科技股份有限公司,(高雄典寶溪滯洪池),科德寶遠東股份有限公司,太陽能,轉供,499.884,2026-03-25,149.936,於 2026-03-25 移轉 149.936 MWh
台康日能科技股份有限公司,(高雄典寶溪滯洪池),科德寶遠東股份有限公司,太陽能,轉供,499.884,2026-05-13,159.948,於 2026-05-13 移轉 159.948 MWh
台康日能科技股份有限公司,(高雄典寶溪滯洪池),科德寶遠東股份有限公司,太陽能,轉供,499.884,2026-05-20,190,於 2026-05-20 移轉 190 MWh
台康日能科技股份有限公司,(嘉義溪墘滯洪池),緯創資通股份有限公司,太陽能,轉供,"3,083.795",2026-03-25,802.208,於 2026-03-25 移轉 802.208 MWh
台康日能科技股份有限公司,(嘉義溪墘滯洪池),緯創資通股份有限公司,太陽能,轉供,"3,083.795",2026-05-13,938.632,於 2026-05-13 移轉 938.632 MWh
台康日能科技股份有限公司,(嘉義溪墘滯洪池),緯創資通股份有限公司,太陽能,轉供,"3,083.795",2026-05-20,1342.955,"於 2026-05-20 移轉 1,342.955 MWh"
台汽電綠能股份有限公司,苗栗風力股份有限公司(竹南風力發電廠),台灣積體電路製造股份有限公司,風力能,轉供,"1,382.868",2026-04-15,49.771,於 2026-04-15 移轉 49.771 MWh
台汽電綠能股份有限公司,苗栗風力股份有限公司(竹南風力發電廠),台灣積體電路製造股份有限公司,風力能,轉供,"1,382.868",2026-04-22,239.861,於 2026-04-22 移轉 239.861 MWh
台汽電綠能股份有限公司,苗栗風力股份有限公司(竹南風力發電廠),台灣積體電路製造股份有限公司,風力能,轉供,"1,382.868",2026-05-13,19.59,於 2026-05-13 移轉 19.59 MWh
台汽電綠能股份有限公司,苗栗風力股份有限公司(竹南風力發電廠),台灣積體電路製造股份有限公司,風力能,轉供,"1,382.868",2026-05-20,1073.646,"於 2026-05-20 移轉 1,073.646 MWh"
台汽電綠能股份有限公司,苗栗風力股份有限公司(大鵬風力發電廠),台灣積體電路製造股份有限公司,風力能,轉供,"10,242.525",2026-04-15,377.124,於 2026-04-15 移轉 377.124 MWh
台汽電綠能股份有限公司,苗栗風力股份有限公司(大鵬風力發電廠),台灣積體電路製造股份有限公司,風力能,轉供,"10,242.525",2026-04-22,2262.273,"於 2026-04-22 移轉 2,262.273 MWh"
台汽電綠能股份有限公司,苗栗風力股份有限公司(大鵬風力發電廠),台灣積體電路製造股份有限公司,風力能,轉供,"10,242.525",2026-05-13,131.698,於 2026-05-13 移轉 131.698 MWh
台汽電綠能股份有限公司,苗栗風力股份有限公司(大鵬風力發電廠),台灣積體電路製造股份有限公司,風力能,轉供,"10,242.525",2026-05-20,7471.43,"於 2026-05-20 移轉 7,471.43 MWh"
台汽電綠能股份有限公司,鑫光電能有限公司(鑫光電能有限公司),台灣固網股份有限公司,太陽能,轉供,897.587,2026-03-11,269.283,於 2026-03-11 移轉 269.283 MWh
台汽電綠能股份有限公司,鑫光電能有限公司(鑫光電能有限公司),台灣固網股份有限公司,太陽能,轉供,897.587,2026-04-15,262.323,於 2026-04-15 移轉 262.323 MWh
台汽電綠能股份有限公司,鑫光電能有限公司(鑫光電能有限公司),台灣固網股份有限公司,太陽能,轉供,897.587,2026-05-20,365.981,於 2026-05-20 移轉 365.981 MWh
台汽電綠能股份有限公司,鑫光電能有限公司(鑫光電能有限公司),財團法人台灣綜合研究院,太陽能,轉供,7.35,2026-03-11,2.385,於 2026-03-11 移轉 2.385 MWh
台汽電綠能股份有限公司,鑫光電能有限公司(鑫光電能有限公司),財團法人台灣綜合研究院,太陽能,轉供,7.35,2026-04-15,2.141,於 2026-04-15 移轉 2.141 MWh
台汽電綠能股份有限公司,鑫光電能有限公司(鑫光電能有限公司),財團法人台灣綜合研究院,太陽能,轉供,7.35,2026-05-20,2.824,於 2026-05-20 移轉 2.824 MWh
台汽電綠能股份有限公司,鑫光電能有限公司(鑫光電能有限公司),財團法人中華民國證券櫃檯買賣中心,太陽能,轉供,72.648,2026-03-11,22.072,於 2026-03-11 移轉 22.072 MWh
台汽電綠能股份有限公司,鑫光電能有限公司(鑫光電能有限公司),財團法人中華民國證券櫃檯買賣中心,太陽能,轉供,72.648,2026-04-15,21.387,於 2026-04-15 移轉 21.387 MWh
台汽電綠能股份有限公司,鑫光電能有限公司(鑫光電能有限公司),財團法人中華民國證券櫃檯買賣中心,太陽能,轉供,72.648,2026-05-20,29.189,於 2026-05-20 移轉 29.189 MWh
台汽電綠能股份有限公司,鑫光電能有限公司(鑫光電能有限公司),台北富邦商業銀行股份有限公司,太陽能,轉供,132.994,2026-03-11,40.399,於 2026-03-11 移轉 40.399 MWh
台汽電綠能股份有限公司,鑫光電能有限公司(鑫光電能有限公司),台北富邦商業銀行股份有限公司,太陽能,轉供,132.994,2026-04-15,39.355,於 2026-04-15 移轉 39.355 MWh
台汽電綠能股份有限公司,鑫光電能有限公司(鑫光電能有限公司),台北富邦商業銀行股份有限公司,太陽能,轉供,132.994,2026-05-20,53.24,於 2026-05-20 移轉 53.24 MWh
台汽電綠能股份有限公司,星寶電力股份有限公司(星寶風力發電廠),台灣固網股份有限公司,風力能,轉供,"2,415.038",2026-03-18,1109.496,"於 2026-03-18 移轉 1,109.496 MWh"
台汽電綠能股份有限公司,星寶電力股份有限公司(星寶風力發電廠),台灣固網股份有限公司,風力能,轉供,"2,415.038",2026-04-22,647.159,於 2026-04-22 移轉 647.159 MWh
台汽電綠能股份有限公司,星寶電力股份有限公司(星寶風力發電廠),台灣固網股份有限公司,風力能,轉供,"2,415.038",2026-05-20,658.383,於 2026-05-20 移轉 658.383 MWh
台汽電綠能股份有限公司,星寶電力股份有限公司(星寶風力發電廠),台灣大哥大股份有限公司,風力能,轉供,587.008,2026-03-11,1.612,於 2026-03-11 移轉 1.612 MWh
台汽電綠能股份有限公司,星寶電力股份有限公司(星寶風力發電廠),台灣大哥大股份有限公司,風力能,轉供,587.008,2026-03-18,252.847,於 2026-03-18 移轉 252.847 MWh
台汽電綠能股份有限公司,星寶電力股份有限公司(星寶風力發電廠),台灣大哥大股份有限公司,風力能,轉供,587.008,2026-04-15,4.341,於 2026-04-15 移轉 4.341 MWh
台汽電綠能股份有限公司,星寶電力股份有限公司(星寶風力發電廠),台灣大哥大股份有限公司,風力能,轉供,587.008,2026-04-22,154.419,於 2026-04-22 移轉 154.419 MWh
台汽電綠能股份有限公司,星寶電力股份有限公司(星寶風力發電廠),台灣大哥大股份有限公司,風力能,轉供,587.008,2026-05-20,173.789,於 2026-05-20 移轉 173.789 MWh
台汽電綠能股份有限公司,嘉南實業股份有限公司(烏山頭水力發電廠),采鈺科技股份有限公司,水力能,轉供,"7,490.602",2026-03-18,1707.274,"於 2026-03-18 移轉 1,707.274 MWh"
台汽電綠能股份有限公司,嘉南實業股份有限公司(烏山頭水力發電廠),采鈺科技股份有限公司,水力能,轉供,"7,490.602",2026-04-15,2877.097,"於 2026-04-15 移轉 2,877.097 MWh"
台汽電綠能股份有限公司,嘉南實業股份有限公司(烏山頭水力發電廠),采鈺科技股份有限公司,水力能,轉供,"7,490.602",2026-05-20,2906.231,"於 2026-05-20 移轉 2,906.231 MWh"
台汽電綠能股份有限公司,嘉南實業股份有限公司(烏山頭水力發電廠),華美光學科技股份有限公司,水力能,轉供,208.332,2026-04-15,208.332,於 2026-04-15 移轉 208.332 MWh
台汽電綠能股份有限公司,華洋電業開發股份有限公司(力麗企業廠房屋頂太陽光電發電廠),台灣優衣庫有限公司,太陽能,轉供,467.331,2026-03-11,135.9,於 2026-03-11 移轉 135.9 MWh
台汽電綠能股份有限公司,華洋電業開發股份有限公司(力麗企業廠房屋頂太陽光電發電廠),台灣優衣庫有限公司,太陽能,轉供,467.331,2026-04-15,144.113,於 2026-04-15 移轉 144.113 MWh
台汽電綠能股份有限公司,華洋電業開發股份有限公司(力麗企業廠房屋頂太陽光電發電廠),台灣優衣庫有限公司,太陽能,轉供,467.331,2026-05-20,187.318,於 2026-05-20 移轉 187.318 MWh
台汽電綠能股份有限公司,天機電力股份有限公司(天機電力股份有限公司),協勝發鋼鐵廠股份有限公司,太陽能,轉供,913.794,2026-03-18,261.832,於 2026-03-18 移轉 261.832 MWh
台汽電綠能股份有限公司,天機電力股份有限公司(天機電力股份有限公司),協勝發鋼鐵廠股份有限公司,太陽能,轉供,913.794,2026-04-15,304.855,於 2026-04-15 移轉 304.855 MWh
台汽電綠能股份有限公司,天機電力股份有限公司(天機電力股份有限公司),協勝發鋼鐵廠股份有限公司,太陽能,轉供,913.794,2026-05-20,347.107,於 2026-05-20 移轉 347.107 MWh
台汽電綠能股份有限公司,天機電力股份有限公司(天機電力股份有限公司),欣銓科技股份有限公司,太陽能,轉供,"2,436.037",2026-03-11,697.943,於 2026-03-11 移轉 697.943 MWh
台汽電綠能股份有限公司,天機電力股份有限公司(天機電力股份有限公司),欣銓科技股份有限公司,太陽能,轉供,"2,436.037",2026-04-15,812.727,於 2026-04-15 移轉 812.727 MWh
台汽電綠能股份有限公司,天機電力股份有限公司(天機電力股份有限公司),欣銓科技股份有限公司,太陽能,轉供,"2,436.037",2026-05-20,925.367,於 2026-05-20 移轉 925.367 MWh
台汽電綠能股份有限公司,天機電力股份有限公司(天機電力股份有限公司),台北富邦商業銀行股份有限公司,太陽能,轉供,482.038,2026-03-11,139.556,於 2026-03-11 移轉 139.556 MWh
台汽電綠能股份有限公司,天機電力股份有限公司(天機電力股份有限公司),台北富邦商業銀行股份有限公司,太陽能,轉供,482.038,2026-04-15,161.41,於 2026-04-15 移轉 161.41 MWh
台汽電綠能股份有限公司,天機電力股份有限公司(天機電力股份有限公司),台北富邦商業銀行股份有限公司,太陽能,轉供,482.038,2026-05-20,181.072,於 2026-05-20 移轉 181.072 MWh
台汽電綠能股份有限公司,天機電力股份有限公司(天機電力股份有限公司),瑞健股份有限公司,太陽能,轉供,244.008,2026-03-11,69.917,於 2026-03-11 移轉 69.917 MWh
台汽電綠能股份有限公司,天機電力股份有限公司(天機電力股份有限公司),瑞健股份有限公司,太陽能,轉供,244.008,2026-04-15,81.404,於 2026-04-15 移轉 81.404 MWh
台汽電綠能股份有限公司,天機電力股份有限公司(天機電力股份有限公司),瑞健股份有限公司,太陽能,轉供,244.008,2026-05-20,92.687,於 2026-05-20 移轉 92.687 MWh
台汽電綠能股份有限公司,天機電力股份有限公司(天機電力股份有限公司),台灣國際航電股份有限公司,太陽能,轉供,121.511,2026-03-25,34.816,於 2026-03-25 移轉 34.816 MWh
台汽電綠能股份有限公司,天機電力股份有限公司(天機電力股份有限公司),台灣國際航電股份有限公司,太陽能,轉供,121.511,2026-04-15,40.539,於 2026-04-15 移轉 40.539 MWh
台汽電綠能股份有限公司,天機電力股份有限公司(天機電力股份有限公司),台灣國際航電股份有限公司,太陽能,轉供,121.511,2026-05-20,46.156,於 2026-05-20 移轉 46.156 MWh
台汽電綠能股份有限公司,星曄綠能股份有限公司(烏山頭水庫水面型太陽光電發電系統),協勝發鋼鐵廠股份有限公司,太陽能,轉供,356.53,2026-03-18,114.367,於 2026-03-18 移轉 114.367 MWh
台汽電綠能股份有限公司,星曄綠能股份有限公司(烏山頭水庫水面型太陽光電發電系統),協勝發鋼鐵廠股份有限公司,太陽能,轉供,356.53,2026-04-15,111.543,於 2026-04-15 移轉 111.543 MWh
台汽電綠能股份有限公司,星曄綠能股份有限公司(烏山頭水庫水面型太陽光電發電系統),協勝發鋼鐵廠股份有限公司,太陽能,轉供,356.53,2026-05-20,130.62,於 2026-05-20 移轉 130.62 MWh
台汽電綠能股份有限公司,星曄綠能股份有限公司(烏山頭水庫水面型太陽光電發電系統),台北富邦商業銀行股份有限公司,太陽能,轉供,528.572,2026-03-11,169.554,於 2026-03-11 移轉 169.554 MWh
台汽電綠能股份有限公司,星曄綠能股份有限公司(烏山頭水庫水面型太陽光電發電系統),台北富邦商業銀行股份有限公司,太陽能,轉供,528.572,2026-04-15,165.368,於 2026-04-15 移轉 165.368 MWh
台汽電綠能股份有限公司,星曄綠能股份有限公司(烏山頭水庫水面型太陽光電發電系統),台北富邦商業銀行股份有限公司,太陽能,轉供,528.572,2026-05-20,193.65,於 2026-05-20 移轉 193.65 MWh
台汽電綠能股份有限公司,星曄綠能股份有限公司(烏山頭水庫水面型太陽光電發電系統),大統益股份有限公司,太陽能,轉供,228.5,2026-03-11,73.298,於 2026-03-11 移轉 73.298 MWh
台汽電綠能股份有限公司,星曄綠能股份有限公司(烏山頭水庫水面型太陽光電發電系統),大統益股份有限公司,太陽能,轉供,228.5,2026-04-15,71.488,於 2026-04-15 移轉 71.488 MWh
台汽電綠能股份有限公司,星曄綠能股份有限公司(烏山頭水庫水面型太陽光電發電系統),大統益股份有限公司,太陽能,轉供,228.5,2026-05-20,83.714,於 2026-05-20 移轉 83.714 MWh
台汽電綠能股份有限公司,星曄綠能股份有限公司(烏山頭水庫水面型太陽光電發電系統),瑞健股份有限公司,太陽能,轉供,"1,133.726",2026-03-11,364.064,於 2026-03-11 移轉 364.064 MWh
台汽電綠能股份有限公司,星曄綠能股份有限公司(烏山頭水庫水面型太陽光電發電系統),瑞健股份有限公司,太陽能,轉供,"1,133.726",2026-04-15,353.861,於 2026-04-15 移轉 353.861 MWh
台汽電綠能股份有限公司,星曄綠能股份有限公司(烏山頭水庫水面型太陽光電發電系統),瑞健股份有限公司,太陽能,轉供,"1,133.726",2026-05-20,415.801,於 2026-05-20 移轉 415.801 MWh
台汽電綠能股份有限公司,星曄綠能股份有限公司(烏山頭水庫水面型太陽光電發電系統),台灣國際航電股份有限公司,太陽能,轉供,519.235,2026-03-25,166.56,於 2026-03-25 移轉 166.56 MWh
台汽電綠能股份有限公司,星曄綠能股份有限公司(烏山頭水庫水面型太陽光電發電系統),台灣國際航電股份有限公司,太陽能,轉供,519.235,2026-04-15,162.445,於 2026-04-15 移轉 162.445 MWh
台汽電綠能股份有限公司,星曄綠能股份有限公司(烏山頭水庫水面型太陽光電發電系統),台灣國際航電股份有限公司,太陽能,轉供,519.235,2026-05-20,190.23,於 2026-05-20 移轉 190.23 MWh
台汽電綠能股份有限公司,華晶能源股份有限公司(華晶12),炎洲股份有限公司薄膜廠,太陽能,轉供,95.888,2026-03-11,28.161,於 2026-03-11 移轉 28.161 MWh
台汽電綠能股份有限公司,華晶能源股份有限公司(華晶12),炎洲股份有限公司薄膜廠,太陽能,轉供,95.888,2026-04-15,28.27,於 2026-04-15 移轉 28.27 MWh
台汽電綠能股份有限公司,華晶能源股份有限公司(華晶12),炎洲股份有限公司薄膜廠,太陽能,轉供,95.888,2026-05-20,39.457,於 2026-05-20 移轉 39.457 MWh
台汽電綠能股份有限公司,桃旭電力股份有限公司(桃旭電力東和鋼鐵2),友達光電股份有限公司,太陽能,轉供,380.149,2026-03-11,112.322,於 2026-03-11 移轉 112.322 MWh
台汽電綠能股份有限公司,桃旭電力股份有限公司(桃旭電力東和鋼鐵2),友達光電股份有限公司,太陽能,轉供,380.149,2026-04-15,113.775,於 2026-04-15 移轉 113.775 MWh
台汽電綠能股份有限公司,桃旭電力股份有限公司(桃旭電力東和鋼鐵2),友達光電股份有限公司,太陽能,轉供,380.149,2026-05-20,154.052,於 2026-05-20 移轉 154.052 MWh
台汽電綠能股份有限公司,桃旭電力股份有限公司(桃旭電力正隆造紙(燕巢)),友達光電股份有限公司,太陽能,轉供,"1,357.322",2026-03-11,406.812,於 2026-03-11 移轉 406.812 MWh
台汽電綠能股份有限公司,桃旭電力股份有限公司(桃旭電力正隆造紙(燕巢)),友達光電股份有限公司,太陽能,轉供,"1,357.322",2026-04-15,396.798,於 2026-04-15 移轉 396.798 MWh
台汽電綠能股份有限公司,桃旭電力股份有限公司(桃旭電力正隆造紙(燕巢)),友達光電股份有限公司,太陽能,轉供,"1,357.322",2026-05-20,553.712,於 2026-05-20 移轉 553.712 MWh
台汽電綠能股份有限公司,南陽電業股份有限公司(南陽電業北門),友達光電股份有限公司,太陽能,轉供,"1,884.183",2026-03-11,531.169,於 2026-03-11 移轉 531.169 MWh
台汽電綠能股份有限公司,南陽電業股份有限公司(南陽電業北門),友達光電股份有限公司,太陽能,轉供,"1,884.183",2026-04-15,567.311,於 2026-04-15 移轉 567.311 MWh
台汽電綠能股份有限公司,南陽電業股份有限公司(南陽電業北門),友達光電股份有限公司,太陽能,轉供,"1,884.183",2026-05-20,785.703,於 2026-05-20 移轉 785.703 MWh
台汽電綠能股份有限公司,弘泰電力股份有限公司(弘泰電力群創T2),友達光電股份有限公司,太陽能,轉供,"1,326.5",2026-03-11,391.903,於 2026-03-11 移轉 391.903 MWh
台汽電綠能股份有限公司,弘泰電力股份有限公司(弘泰電力群創T2),友達光電股份有限公司,太陽能,轉供,"1,326.5",2026-04-15,421.668,於 2026-04-15 移轉 421.668 MWh
台汽電綠能股份有限公司,弘泰電力股份有限公司(弘泰電力群創T2),友達光電股份有限公司,太陽能,轉供,"1,326.5",2026-05-20,512.929,於 2026-05-20 移轉 512.929 MWh
台汽電綠能股份有限公司,旭忠能源股份有限公司(旭忠能源正新橡膠1-1、1-2、1-3),友達光電股份有限公司,太陽能,轉供,444.227,2026-03-11,120.326,於 2026-03-11 移轉 120.326 MWh
台汽電綠能股份有限公司,旭忠能源股份有限公司(旭忠能源正新橡膠1-1、1-2、1-3),友達光電股份有限公司,太陽能,轉供,444.227,2026-04-15,144.768,於 2026-04-15 移轉 144.768 MWh
台汽電綠能股份有限公司,旭忠能源股份有限公司(旭忠能源正新橡膠1-1、1-2、1-3),友達光電股份有限公司,太陽能,轉供,444.227,2026-05-20,179.133,於 2026-05-20 移轉 179.133 MWh
台汽電綠能股份有限公司,旭忠能源股份有限公司(旭忠能源正新橡膠2-1、2-2),友達光電股份有限公司,太陽能,轉供,273.84,2026-03-11,72.444,於 2026-03-11 移轉 72.444 MWh
台汽電綠能股份有限公司,旭忠能源股份有限公司(旭忠能源正新橡膠2-1、2-2),友達光電股份有限公司,太陽能,轉供,273.84,2026-04-15,90.355,於 2026-04-15 移轉 90.355 MWh
台汽電綠能股份有限公司,旭忠能源股份有限公司(旭忠能源正新橡膠2-1、2-2),友達光電股份有限公司,太陽能,轉供,273.84,2026-05-20,111.041,於 2026-05-20 移轉 111.041 MWh
台汽電綠能股份有限公司,旭忠能源股份有限公司(旭忠能源正新橡膠3),友達光電股份有限公司,太陽能,轉供,102.158,2026-03-11,27.294,於 2026-03-11 移轉 27.294 MWh
台汽電綠能股份有限公司,旭忠能源股份有限公司(旭忠能源正新橡膠3),友達光電股份有限公司,太陽能,轉供,102.158,2026-04-15,33.327,於 2026-04-15 移轉 33.327 MWh
台汽電綠能股份有限公司,旭忠能源股份有限公司(旭忠能源正新橡膠3),友達光電股份有限公司,太陽能,轉供,102.158,2026-05-20,41.537,於 2026-05-20 移轉 41.537 MWh
台汽電綠能股份有限公司,旭忠能源股份有限公司(旭忠能源正新橡膠4),友達光電股份有限公司,太陽能,轉供,40.041,2026-03-11,9.802,於 2026-03-11 移轉 9.802 MWh
台汽電綠能股份有限公司,旭忠能源股份有限公司(旭忠能源正新橡膠4),友達光電股份有限公司,太陽能,轉供,40.041,2026-04-15,12.975,於 2026-04-15 移轉 12.975 MWh
台汽電綠能股份有限公司,旭忠能源股份有限公司(旭忠能源正新橡膠4),友達光電股份有限公司,太陽能,轉供,40.041,2026-05-20,17.264,於 2026-05-20 移轉 17.264 MWh
台汽電綠能股份有限公司,旭忠能源股份有限公司(旭忠能源和美整治地),友達光電股份有限公司,太陽能,轉供,158.211,2026-03-11,44.094,於 2026-03-11 移轉 44.094 MWh
台汽電綠能股份有限公司,旭忠能源股份有限公司(旭忠能源和美整治地),友達光電股份有限公司,太陽能,轉供,158.211,2026-04-15,48.039,於 2026-04-15 移轉 48.039 MWh
台汽電綠能股份有限公司,旭忠能源股份有限公司(旭忠能源和美整治地),友達光電股份有限公司,太陽能,轉供,158.211,2026-05-20,66.078,於 2026-05-20 移轉 66.078 MWh
台汽電綠能股份有限公司,弘泰能源股份有限公司(弘泰能源群創T1(1~4)),協勝發鋼鐵廠股份有限公司,太陽能,轉供,0.016,2026-03-11,0.016,於 2026-03-11 移轉 0.016 MWh
台灣碳資產電業股份有限公司,存量能源股份有限公司(存量能源-台中靖鎰電廠),華南商業銀行股份有限公司,太陽能,轉供,84.971,2026-03-04,24.474,於 2026-03-04 移轉 24.474 MWh
台灣碳資產電業股份有限公司,存量能源股份有限公司(存量能源-台中靖鎰電廠),華南商業銀行股份有限公司,太陽能,轉供,84.971,2026-04-01,25.134,於 2026-04-01 移轉 25.134 MWh
台灣碳資產電業股份有限公司,存量能源股份有限公司(存量能源-台中靖鎰電廠),華南商業銀行股份有限公司,太陽能,轉供,84.971,2026-05-20,35.363,於 2026-05-20 移轉 35.363 MWh
台灣碳資產電業股份有限公司,存量能源股份有限公司(存量能源-台中壯佳果電廠),華南商業銀行股份有限公司,太陽能,轉供,290.171,2026-03-04,83.804,於 2026-03-04 移轉 83.804 MWh
台灣碳資產電業股份有限公司,存量能源股份有限公司(存量能源-台中壯佳果電廠),華南商業銀行股份有限公司,太陽能,轉供,290.171,2026-04-01,89.354,於 2026-04-01 移轉 89.354 MWh
台灣碳資產電業股份有限公司,存量能源股份有限公司(存量能源-台中壯佳果電廠),華南商業銀行股份有限公司,太陽能,轉供,290.171,2026-05-20,117.013,於 2026-05-20 移轉 117.013 MWh
台灣碳資產電業股份有限公司,存量能源股份有限公司(彰化全興創新GSK地面型案),華南商業銀行股份有限公司,太陽能,轉供,25.301,2026-03-04,6.882,於 2026-03-04 移轉 6.882 MWh
台灣碳資產電業股份有限公司,存量能源股份有限公司(彰化全興創新GSK地面型案),華南商業銀行股份有限公司,太陽能,轉供,25.301,2026-04-01,7.544,於 2026-04-01 移轉 7.544 MWh
台灣碳資產電業股份有限公司,存量能源股份有限公司(彰化全興創新GSK地面型案),華南商業銀行股份有限公司,太陽能,轉供,25.301,2026-05-20,10.875,於 2026-05-20 移轉 10.875 MWh
台灣碳資產電業股份有限公司,傑能光電系統有限公司(元長李雲石1期 & 2期),北港武德宮,太陽能,轉供,36.081,2026-03-04,36.081,於 2026-03-04 移轉 36.081 MWh
台灣碳資產電業股份有限公司,大昇科技有限公司(猴子園),中友百貨股份有限公司,太陽能,轉供,40.022,2026-03-04,11.865,於 2026-03-04 移轉 11.865 MWh
台灣碳資產電業股份有限公司,大昇科技有限公司(猴子園),中友百貨股份有限公司,太陽能,轉供,40.022,2026-04-01,12.783,於 2026-04-01 移轉 12.783 MWh
台灣碳資產電業股份有限公司,大昇科技有限公司(猴子園),中友百貨股份有限公司,太陽能,轉供,40.022,2026-05-20,15.374,於 2026-05-20 移轉 15.374 MWh
台灣碳資產電業股份有限公司,萬陽能源科技股份有限公司(奇磐大里廠),廣獲企業股份有限公司,太陽能,轉供,26.278,2026-03-04,8.452,於 2026-03-04 移轉 8.452 MWh
台灣碳資產電業股份有限公司,萬陽能源科技股份有限公司(奇磐大里廠),廣獲企業股份有限公司,太陽能,轉供,26.278,2026-04-01,7.456,於 2026-04-01 移轉 7.456 MWh
台灣碳資產電業股份有限公司,萬陽能源科技股份有限公司(奇磐大里廠),廣獲企業股份有限公司,太陽能,轉供,26.278,2026-05-20,10.37,於 2026-05-20 移轉 10.37 MWh
台灣碳資產電業股份有限公司,永豐太陽能能源有限公司(林振源),大豐膠囊工業股份有限公司,太陽能,轉供,26.889,2026-03-04,8.643,於 2026-03-04 移轉 8.643 MWh
台灣碳資產電業股份有限公司,永豐太陽能能源有限公司(林振源),大豐膠囊工業股份有限公司,太陽能,轉供,26.889,2026-04-01,8.804,於 2026-04-01 移轉 8.804 MWh
台灣碳資產電業股份有限公司,永豐太陽能能源有限公司(林振源),大豐膠囊工業股份有限公司,太陽能,轉供,26.889,2026-05-20,9.442,於 2026-05-20 移轉 9.442 MWh
台灣碳資產電業股份有限公司,永豐太陽能能源有限公司(瑞峰藝術彩鏡有限公司-2期),大豐膠囊工業股份有限公司,太陽能,轉供,7.468,2026-03-04,2.414,於 2026-03-04 移轉 2.414 MWh
台灣碳資產電業股份有限公司,永豐太陽能能源有限公司(瑞峰藝術彩鏡有限公司-2期),大豐膠囊工業股份有限公司,太陽能,轉供,7.468,2026-04-01,2.496,於 2026-04-01 移轉 2.496 MWh
台灣碳資產電業股份有限公司,永豐太陽能能源有限公司(瑞峰藝術彩鏡有限公司-2期),大豐膠囊工業股份有限公司,太陽能,轉供,7.468,2026-05-20,2.558,於 2026-05-20 移轉 2.558 MWh
台灣碳資產電業股份有限公司,六維有限公司(六維南投),台灣伊莎貝爾食品股份有限公司,太陽能,轉供,47.339,2026-03-04,13.873,於 2026-03-04 移轉 13.873 MWh
台灣碳資產電業股份有限公司,六維有限公司(六維南投),台灣伊莎貝爾食品股份有限公司,太陽能,轉供,47.339,2026-04-01,14.281,於 2026-04-01 移轉 14.281 MWh
台灣碳資產電業股份有限公司,六維有限公司(六維南投),台灣伊莎貝爾食品股份有限公司,太陽能,轉供,47.339,2026-05-20,19.185,於 2026-05-20 移轉 19.185 MWh
台灣碳資產電業股份有限公司,炬陽能源有限公司(周茂霖),誌建企業股份有限公司,太陽能,轉供,140.495,2026-03-04,45.384,於 2026-03-04 移轉 45.384 MWh
台灣碳資產電業股份有限公司,炬陽能源有限公司(周茂霖),誌建企業股份有限公司,太陽能,轉供,140.495,2026-04-01,40.152,於 2026-04-01 移轉 40.152 MWh
台灣碳資產電業股份有限公司,炬陽能源有限公司(周茂霖),誌建企業股份有限公司,太陽能,轉供,140.495,2026-05-20,54.959,於 2026-05-20 移轉 54.959 MWh
台灣碳資產電業股份有限公司,銘光綠能有限公司(吳秉昌),廣獲企業股份有限公司,太陽能,轉供,77.48,2026-03-04,26.867,於 2026-03-04 移轉 26.867 MWh
台灣碳資產電業股份有限公司,銘光綠能有限公司(吳秉昌),廣獲企業股份有限公司,太陽能,轉供,77.48,2026-04-01,21.286,於 2026-04-01 移轉 21.286 MWh
台灣碳資產電業股份有限公司,銘光綠能有限公司(吳秉昌),廣獲企業股份有限公司,太陽能,轉供,77.48,2026-05-20,29.327,於 2026-05-20 移轉 29.327 MWh
台灣碳資產電業股份有限公司,銘峻企業社(渡子頭99場),廣獲企業股份有限公司,太陽能,轉供,30.606,2026-03-04,9.892,於 2026-03-04 移轉 9.892 MWh
台灣碳資產電業股份有限公司,銘峻企業社(渡子頭99場),廣獲企業股份有限公司,太陽能,轉供,30.606,2026-04-01,8.675,於 2026-04-01 移轉 8.675 MWh
台灣碳資產電業股份有限公司,銘峻企業社(渡子頭99場),廣獲企業股份有限公司,太陽能,轉供,30.606,2026-05-20,12.039,於 2026-05-20 移轉 12.039 MWh
台灣碳資產電業股份有限公司,存量能源股份有限公司(福東段477地號(一) (二) (三)),高雄銀行股份有限公司,太陽能,轉供,126.599,2026-03-04,37.82,於 2026-03-04 移轉 37.82 MWh
台灣碳資產電業股份有限公司,存量能源股份有限公司(福東段477地號(一) (二) (三)),高雄銀行股份有限公司,太陽能,轉供,126.599,2026-04-01,29.929,於 2026-04-01 移轉 29.929 MWh
台灣碳資產電業股份有限公司,存量能源股份有限公司(福東段477地號(一) (二) (三)),高雄銀行股份有限公司,太陽能,轉供,126.599,2026-05-13,5.384,於 2026-05-13 移轉 5.384 MWh
台灣碳資產電業股份有限公司,存量能源股份有限公司(福東段477地號(一) (二) (三)),高雄銀行股份有限公司,太陽能,轉供,126.599,2026-05-20,53.466,於 2026-05-20 移轉 53.466 MWh
台灣艾貴太陽能源股份有限公司,(台灣艾貴義竹發電廠),台灣積體電路製造股份有限公司,太陽能,轉供,"19,405.94",2026-03-25,18.562,於 2026-03-25 移轉 18.562 MWh
台灣艾貴太陽能源股份有限公司,(台灣艾貴義竹發電廠),台灣積體電路製造股份有限公司,太陽能,轉供,"19,405.94",2026-04-01,2164.156,"於 2026-04-01 移轉 2,164.156 MWh"
台灣艾貴太陽能源股份有限公司,(台灣艾貴義竹發電廠),台灣積體電路製造股份有限公司,太陽能,轉供,"19,405.94",2026-04-08,112.222,於 2026-04-08 移轉 112.222 MWh
台灣艾貴太陽能源股份有限公司,(台灣艾貴義竹發電廠),台灣積體電路製造股份有限公司,太陽能,轉供,"19,405.94",2026-04-15,1071.505,"於 2026-04-15 移轉 1,071.505 MWh"
台灣艾貴太陽能源股份有限公司,(台灣艾貴義竹發電廠),台灣積體電路製造股份有限公司,太陽能,轉供,"19,405.94",2026-04-22,6009.084,"於 2026-04-22 移轉 6,009.084 MWh"
台灣艾貴太陽能源股份有限公司,(台灣艾貴義竹發電廠),台灣積體電路製造股份有限公司,太陽能,轉供,"19,405.94",2026-04-29,335.962,於 2026-04-29 移轉 335.962 MWh
台灣艾貴太陽能源股份有限公司,(台灣艾貴義竹發電廠),台灣積體電路製造股份有限公司,太陽能,轉供,"19,405.94",2026-05-13,5546.632,"於 2026-05-13 移轉 5,546.632 MWh"
台灣艾貴太陽能源股份有限公司,(台灣艾貴義竹發電廠),台灣積體電路製造股份有限公司,太陽能,轉供,"19,405.94",2026-05-20,4147.817,"於 2026-05-20 移轉 4,147.817 MWh"
台灣速力綠能股份有限公司,(速力綠能芳苑發電廠第二機組),世界先進積體電路股份有限公司,太陽能,轉供,"1,209.603",2026-03-25,356.896,於 2026-03-25 移轉 356.896 MWh
台灣速力綠能股份有限公司,(速力綠能芳苑發電廠第二機組),世界先進積體電路股份有限公司,太陽能,轉供,"1,209.603",2026-04-08,380.636,於 2026-04-08 移轉 380.636 MWh
台灣速力綠能股份有限公司,(速力綠能芳苑發電廠第二機組),世界先進積體電路股份有限公司,太陽能,轉供,"1,209.603",2026-05-20,472.071,於 2026-05-20 移轉 472.071 MWh
台灣速力綠能股份有限公司,(速力綠能芳苑發電廠第一機組),世界先進積體電路股份有限公司,太陽能,轉供,"1,596.307",2026-03-25,484.979,於 2026-03-25 移轉 484.979 MWh
台灣速力綠能股份有限公司,(速力綠能芳苑發電廠第一機組),世界先進積體電路股份有限公司,太陽能,轉供,"1,596.307",2026-04-08,485.656,於 2026-04-08 移轉 485.656 MWh
台灣速力綠能股份有限公司,(速力綠能芳苑發電廠第一機組),世界先進積體電路股份有限公司,太陽能,轉供,"1,596.307",2026-05-20,625.672,於 2026-05-20 移轉 625.672 MWh
台達能源股份有限公司,豐澕能環股份有限公司(食水嵙溪小水力發電廠),欣銓科技股份有限公司,水力能,轉供,75.989,2026-03-11,21.222,於 2026-03-11 移轉 21.222 MWh
台達能源股份有限公司,豐澕能環股份有限公司(食水嵙溪小水力發電廠),欣銓科技股份有限公司,水力能,轉供,75.989,2026-04-22,54.767,於 2026-04-22 移轉 54.767 MWh
名竣綠能股份有限公司,名竣能源科技股份有限公司(台南市柳營區義士路一段373號發電廠),名竣能源科技股份有限公司,太陽能,轉供,1.99,2026-05-13,1.99,於 2026-05-13 移轉 1.99 MWh
和潤電力股份有限公司,和潤電能股份有限公司(彰化汙染地1064號380.16kW地面型太陽光電),和潤企業股份有限公司,太陽能,轉供,0.235,2026-03-19,0.235,於 2026-03-19 移轉 0.235 MWh
和潤電力股份有限公司,和潤電能股份有限公司(彰化汙染地2174號320.76kW地面型太陽光電),和潤企業股份有限公司,太陽能,轉供,23.951,2026-03-19,23.951,於 2026-03-19 移轉 23.951 MWh
和潤電力股份有限公司,和潤電能股份有限公司(彰化汙染地2194號487.08kW地面型太陽光電),和潤企業股份有限公司,太陽能,轉供,0.6,2026-03-19,0.6,於 2026-03-19 移轉 0.6 MWh
嘉南實業股份有限公司,(西口水力發電廠),台灣積體電路製造股份有限公司,水力能,轉供,"10,147.547",2026-03-11,358.03,於 2026-03-11 移轉 358.03 MWh
嘉南實業股份有限公司,(西口水力發電廠),台灣積體電路製造股份有限公司,水力能,轉供,"10,147.547",2026-04-01,2732.813,"於 2026-04-01 移轉 2,732.813 MWh"
嘉南實業股份有限公司,(西口水力發電廠),台灣積體電路製造股份有限公司,水力能,轉供,"10,147.547",2026-04-08,191.361,於 2026-04-08 移轉 191.361 MWh
嘉南實業股份有限公司,(西口水力發電廠),台灣積體電路製造股份有限公司,水力能,轉供,"10,147.547",2026-04-15,48.224,於 2026-04-15 移轉 48.224 MWh
嘉南實業股份有限公司,(西口水力發電廠),台灣積體電路製造股份有限公司,水力能,轉供,"10,147.547",2026-04-22,653.429,於 2026-04-22 移轉 653.429 MWh
嘉南實業股份有限公司,(西口水力發電廠),台灣積體電路製造股份有限公司,水力能,轉供,"10,147.547",2026-04-29,568.637,於 2026-04-29 移轉 568.637 MWh
嘉南實業股份有限公司,(西口水力發電廠),台灣積體電路製造股份有限公司,水力能,轉供,"10,147.547",2026-05-13,2291.53,"於 2026-05-13 移轉 2,291.53 MWh"
嘉南實業股份有限公司,(西口水力發電廠),台灣積體電路製造股份有限公司,水力能,轉供,"10,147.547",2026-05-20,3303.523,"於 2026-05-20 移轉 3,303.523 MWh"
國碩能源股份有限公司,聯碩能源股份有限公司(高雄榮民之家),國碩科技工業股份有限公司,太陽能,轉供,8.123,2026-05-13,8.123,於 2026-05-13 移轉 8.123 MWh
國碩能源股份有限公司,聯碩能源股份有限公司(永欣益),國碩科技工業股份有限公司,太陽能,轉供,6.466,2026-05-13,6.466,於 2026-05-13 移轉 6.466 MWh
國碩能源股份有限公司,聯碩能源股份有限公司(美麗四季),合作金庫商業銀行,太陽能,轉供,10.16,2026-05-20,10.16,於 2026-05-20 移轉 10.16 MWh
國碩能源股份有限公司,聯碩能源股份有限公司(交通局停車場),合作金庫商業銀行,太陽能,轉供,4.135,2026-05-20,4.135,於 2026-05-20 移轉 4.135 MWh
城市發展電業股份有限公司,(屏東林邊鎮安太陽光電發電廠-第一~五期),台北富邦商業銀行股份有限公司,太陽能,轉供,909.754,2026-04-01,247.468,於 2026-04-01 移轉 247.468 MWh
城市發展電業股份有限公司,(屏東林邊鎮安太陽光電發電廠-第一~五期),台北富邦商業銀行股份有限公司,太陽能,轉供,909.754,2026-05-20,662.286,於 2026-05-20 移轉 662.286 MWh
城市發展電業股份有限公司,(屏東林邊鎮安太陽光電發電廠-第一~五期),寶晶能源股份有限公司,太陽能,轉供,1.018,2026-04-01,0.324,於 2026-04-01 移轉 0.324 MWh
城市發展電業股份有限公司,(屏東林邊鎮安太陽光電發電廠-第一~五期),寶晶能源股份有限公司,太陽能,轉供,1.018,2026-05-20,0.694,於 2026-05-20 移轉 0.694 MWh
城市發展電業股份有限公司,(屏東林邊鎮安太陽光電發電廠-第一~五期),崇越電通股份有限公司,太陽能,轉供,12.545,2026-04-01,3.053,於 2026-04-01 移轉 3.053 MWh
城市發展電業股份有限公司,(屏東林邊鎮安太陽光電發電廠-第一~五期),崇越電通股份有限公司,太陽能,轉供,12.545,2026-05-20,9.492,於 2026-05-20 移轉 9.492 MWh
城市發展電業股份有限公司,(屏東林邊鎮安太陽光電發電廠-第一~五期),富邦產物保險股份有限公司,太陽能,轉供,101.705,2026-04-01,23.203,於 2026-04-01 移轉 23.203 MWh
城市發展電業股份有限公司,(屏東林邊鎮安太陽光電發電廠-第一~五期),富邦產物保險股份有限公司,太陽能,轉供,101.705,2026-05-20,78.502,於 2026-05-20 移轉 78.502 MWh
城市發展電業股份有限公司,(屏東林邊鎮安太陽光電發電廠-第一~五期),瑞振工業股份有限公司,太陽能,轉供,136.503,2026-04-01,33.189,於 2026-04-01 移轉 33.189 MWh
城市發展電業股份有限公司,(屏東林邊鎮安太陽光電發電廠-第一~五期),瑞振工業股份有限公司,太陽能,轉供,136.503,2026-05-20,103.314,於 2026-05-20 移轉 103.314 MWh
城市發展電業股份有限公司,(屏東林邊鎮安太陽光電發電廠-第一~五期),富邦綜合證券股份有限公司,太陽能,轉供,138.576,2026-04-01,36.971,於 2026-04-01 移轉 36.971 MWh
城市發展電業股份有限公司,(屏東林邊鎮安太陽光電發電廠-第一~五期),富邦綜合證券股份有限公司,太陽能,轉供,138.576,2026-05-20,101.605,於 2026-05-20 移轉 101.605 MWh
城市發展電業股份有限公司,(屏東林邊鎮安太陽光電發電廠-第一~五期),遠雄巨蛋事業股份有限公司,太陽能,轉供,"1,825",2026-03-04,625,於 2026-03-04 移轉 625 MWh
城市發展電業股份有限公司,(屏東林邊鎮安太陽光電發電廠-第一~五期),遠雄巨蛋事業股份有限公司,太陽能,轉供,"1,825",2026-04-01,850,於 2026-04-01 移轉 850 MWh
城市發展電業股份有限公司,(屏東林邊鎮安太陽光電發電廠-第一~五期),遠雄巨蛋事業股份有限公司,太陽能,轉供,"1,825",2026-05-20,350,於 2026-05-20 移轉 350 MWh
大創電力股份有限公司,大創綠能股份有限公司(岡山大德停車場屋頂型專案),裕鐵企業股份有限公司,太陽能,轉供,2.651,2026-03-18,2.651,於 2026-03-18 移轉 2.651 MWh
大同智能股份有限公司,同陽能源股份有限公司(臺北大眾捷運股份有限公司-蘆洲機廠屋頂型太陽光電系統),三福氣體股份有限公司,太陽能,轉供,1,2026-03-11,1,於 2026-03-11 移轉 1 MWh
大同智能股份有限公司,同陽能源股份有限公司(臺北大眾捷運股份有限公司-土城機廠屋頂型太陽光電系統),台灣茂矽電子股份有限公司,太陽能,轉供,1,2026-03-11,1,於 2026-03-11 移轉 1 MWh
大同智能股份有限公司,同陽能源股份有限公司(臺北大眾捷運股份有限公司-土城機廠屋頂型太陽光電系統),三福氣體股份有限公司,太陽能,轉供,0.001,2026-03-11,0.001,於 2026-03-11 移轉 0.001 MWh
大同智能股份有限公司,同陽能源股份有限公司(臺北大眾捷運股份有限公司-土城機廠屋頂型太陽光電系統),環鴻科技股份有限公司,太陽能,轉供,1,2026-04-01,1,於 2026-04-01 移轉 1 MWh
大同智能股份有限公司,智新能源股份有限公司(彰化縣汙染農地太陽光電系統-振興段973地號),中部汽車股份有限公司,太陽能,轉供,18.615,2026-05-20,18.615,於 2026-05-20 移轉 18.615 MWh
大同智能股份有限公司,同陽能源股份有限公司(臺北大眾捷運股份有限公司-新莊機廠屋頂型太陽光電系統),環鴻科技股份有限公司,太陽能,轉供,0.897,2026-04-01,0.897,於 2026-04-01 移轉 0.897 MWh
大同智能股份有限公司,同陽能源股份有限公司(臺北大眾捷運股份有限公司-新莊機廠屋頂型太陽光電系統),滙豐（台灣）商業銀行股份有限公司,太陽能,轉供,218.92,2026-03-05,52.611,於 2026-03-05 移轉 52.611 MWh
大同智能股份有限公司,同陽能源股份有限公司(臺北大眾捷運股份有限公司-新莊機廠屋頂型太陽光電系統),滙豐（台灣）商業銀行股份有限公司,太陽能,轉供,218.92,2026-04-01,112.476,於 2026-04-01 移轉 112.476 MWh
大同智能股份有限公司,同陽能源股份有限公司(臺北大眾捷運股份有限公司-新莊機廠屋頂型太陽光電系統),滙豐（台灣）商業銀行股份有限公司,太陽能,轉供,218.92,2026-05-13,53.833,於 2026-05-13 移轉 53.833 MWh
大同智能股份有限公司,同陽能源股份有限公司(臺北大眾捷運股份有限公司-木柵機廠屋頂型太陽光電系統),三福氣體股份有限公司,太陽能,轉供,0.017,2026-03-11,0.004,於 2026-03-11 移轉 0.004 MWh
大同智能股份有限公司,同陽能源股份有限公司(臺北大眾捷運股份有限公司-木柵機廠屋頂型太陽光電系統),三福氣體股份有限公司,太陽能,轉供,0.017,2026-04-01,0.006,於 2026-04-01 移轉 0.006 MWh
大同智能股份有限公司,同陽能源股份有限公司(臺北大眾捷運股份有限公司-木柵機廠屋頂型太陽光電系統),三福氣體股份有限公司,太陽能,轉供,0.017,2026-05-20,0.007,於 2026-05-20 移轉 0.007 MWh
大同智能股份有限公司,同陽能源股份有限公司(臺北大眾捷運股份有限公司-木柵機廠屋頂型太陽光電系統),中部汽車股份有限公司,太陽能,轉供,71.862,2026-03-11,36.14,於 2026-03-11 移轉 36.14 MWh
大同智能股份有限公司,同陽能源股份有限公司(臺北大眾捷運股份有限公司-木柵機廠屋頂型太陽光電系統),中部汽車股份有限公司,太陽能,轉供,71.862,2026-04-01,35.722,於 2026-04-01 移轉 35.722 MWh
大同智能股份有限公司,同陽能源股份有限公司(臺北大眾捷運股份有限公司-內湖機廠屋頂型太陽光電系統),三福氣體股份有限公司,太陽能,轉供,0.026,2026-03-11,0.006,於 2026-03-11 移轉 0.006 MWh
大同智能股份有限公司,同陽能源股份有限公司(臺北大眾捷運股份有限公司-內湖機廠屋頂型太陽光電系統),三福氣體股份有限公司,太陽能,轉供,0.026,2026-04-01,0.008,於 2026-04-01 移轉 0.008 MWh
大同智能股份有限公司,同陽能源股份有限公司(臺北大眾捷運股份有限公司-內湖機廠屋頂型太陽光電系統),三福氣體股份有限公司,太陽能,轉供,0.026,2026-05-20,0.012,於 2026-05-20 移轉 0.012 MWh
大同智能股份有限公司,同陽能源股份有限公司(臺北大眾捷運股份有限公司-內湖機廠屋頂型太陽光電系統),中部汽車股份有限公司,太陽能,轉供,117.918,2026-03-11,59.803,於 2026-03-11 移轉 59.803 MWh
大同智能股份有限公司,同陽能源股份有限公司(臺北大眾捷運股份有限公司-內湖機廠屋頂型太陽光電系統),中部汽車股份有限公司,太陽能,轉供,117.918,2026-04-01,58.115,於 2026-04-01 移轉 58.115 MWh
大同智能股份有限公司,智新能源股份有限公司(台南市屋頂型太陽光電系統- 南臺科技大學),三福氣體股份有限公司,太陽能,轉供,141.096,2026-03-11,39.714,於 2026-03-11 移轉 39.714 MWh
大同智能股份有限公司,智新能源股份有限公司(台南市屋頂型太陽光電系統- 南臺科技大學),三福氣體股份有限公司,太陽能,轉供,141.096,2026-04-01,41.673,於 2026-04-01 移轉 41.673 MWh
大同智能股份有限公司,智新能源股份有限公司(台南市屋頂型太陽光電系統- 南臺科技大學),三福氣體股份有限公司,太陽能,轉供,141.096,2026-05-20,59.709,於 2026-05-20 移轉 59.709 MWh
大同智能股份有限公司,挺新能源股份有限公司(高雄市屋頂型太陽光電系統-連盛皮革廠),三福氣體股份有限公司,太陽能,轉供,140.276,2026-03-11,40.657,於 2026-03-11 移轉 40.657 MWh
大同智能股份有限公司,挺新能源股份有限公司(高雄市屋頂型太陽光電系統-連盛皮革廠),三福氣體股份有限公司,太陽能,轉供,140.276,2026-04-01,42.6,於 2026-04-01 移轉 42.6 MWh
大同智能股份有限公司,挺新能源股份有限公司(高雄市屋頂型太陽光電系統-連盛皮革廠),三福氣體股份有限公司,太陽能,轉供,140.276,2026-05-20,57.019,於 2026-05-20 移轉 57.019 MWh
大同智能股份有限公司,尚新能源股份有限公司(台南市屋頂型太陽光電系統-佳里榮譽國民之家),三福氣體股份有限公司,太陽能,轉供,321.997,2026-03-11,89.197,於 2026-03-11 移轉 89.197 MWh
大同智能股份有限公司,尚新能源股份有限公司(台南市屋頂型太陽光電系統-佳里榮譽國民之家),三福氣體股份有限公司,太陽能,轉供,321.997,2026-04-01,96.751,於 2026-04-01 移轉 96.751 MWh
大同智能股份有限公司,尚新能源股份有限公司(台南市屋頂型太陽光電系統-佳里榮譽國民之家),三福氣體股份有限公司,太陽能,轉供,321.997,2026-05-20,136.049,於 2026-05-20 移轉 136.049 MWh
大同智能股份有限公司,尚新能源股份有限公司(台中市屋頂型太陽光電系統-台中二中(校舍)),三福氣體股份有限公司,太陽能,轉供,148.092,2026-03-11,44.237,於 2026-03-11 移轉 44.237 MWh
大同智能股份有限公司,尚新能源股份有限公司(台中市屋頂型太陽光電系統-台中二中(校舍)),三福氣體股份有限公司,太陽能,轉供,148.092,2026-04-01,46.214,於 2026-04-01 移轉 46.214 MWh
大同智能股份有限公司,尚新能源股份有限公司(台中市屋頂型太陽光電系統-台中二中(校舍)),三福氣體股份有限公司,太陽能,轉供,148.092,2026-05-20,57.641,於 2026-05-20 移轉 57.641 MWh
大同智能股份有限公司,尚新能源股份有限公司(台中市屋頂型太陽光電系統-台中二中(體育館)),三福氣體股份有限公司,太陽能,轉供,86.972,2026-03-11,25.977,於 2026-03-11 移轉 25.977 MWh
大同智能股份有限公司,尚新能源股份有限公司(台中市屋頂型太陽光電系統-台中二中(體育館)),三福氣體股份有限公司,太陽能,轉供,86.972,2026-04-01,27.518,於 2026-04-01 移轉 27.518 MWh
大同智能股份有限公司,尚新能源股份有限公司(台中市屋頂型太陽光電系統-台中二中(體育館)),三福氣體股份有限公司,太陽能,轉供,86.972,2026-05-20,33.477,於 2026-05-20 移轉 33.477 MWh
大同智能股份有限公司,智新能源股份有限公司(彰化縣汙染農地太陽光電系統-鹿港鎮振興段2196地號),三福氣體股份有限公司,太陽能,轉供,108.905,2026-03-11,32.483,於 2026-03-11 移轉 32.483 MWh
大同智能股份有限公司,智新能源股份有限公司(彰化縣汙染農地太陽光電系統-鹿港鎮振興段2196地號),三福氣體股份有限公司,太陽能,轉供,108.905,2026-04-01,34.082,於 2026-04-01 移轉 34.082 MWh
大同智能股份有限公司,智新能源股份有限公司(彰化縣汙染農地太陽光電系統-鹿港鎮振興段2196地號),三福氣體股份有限公司,太陽能,轉供,108.905,2026-05-20,42.34,於 2026-05-20 移轉 42.34 MWh
大同智能股份有限公司,智新能源股份有限公司(彰化縣汙染農地太陽光電系統-和美鎮大雅段524地號),三福氣體股份有限公司,太陽能,轉供,150.084,2026-03-11,43.708,於 2026-03-11 移轉 43.708 MWh
大同智能股份有限公司,智新能源股份有限公司(彰化縣汙染農地太陽光電系統-和美鎮大雅段524地號),三福氣體股份有限公司,太陽能,轉供,150.084,2026-04-01,46.844,於 2026-04-01 移轉 46.844 MWh
大同智能股份有限公司,智新能源股份有限公司(彰化縣汙染農地太陽光電系統-和美鎮大雅段524地號),三福氣體股份有限公司,太陽能,轉供,150.084,2026-05-20,59.532,於 2026-05-20 移轉 59.532 MWh
大同智能股份有限公司,智新能源股份有限公司(彰化縣汙染農地太陽光電系統-和美鎮大榮段298地號),三福氣體股份有限公司,太陽能,轉供,144.324,2026-03-11,43.372,於 2026-03-11 移轉 43.372 MWh
大同智能股份有限公司,智新能源股份有限公司(彰化縣汙染農地太陽光電系統-和美鎮大榮段298地號),三福氣體股份有限公司,太陽能,轉供,144.324,2026-04-01,45.055,於 2026-04-01 移轉 45.055 MWh
大同智能股份有限公司,智新能源股份有限公司(彰化縣汙染農地太陽光電系統-和美鎮大榮段298地號),三福氣體股份有限公司,太陽能,轉供,144.324,2026-05-20,55.897,於 2026-05-20 移轉 55.897 MWh
大同智能股份有限公司,智新能源股份有限公司(彰化縣汙染農地太陽光電系統-和美鎮大榮段916地號),三福氣體股份有限公司,太陽能,轉供,86.256,2026-03-11,26.081,於 2026-03-11 移轉 26.081 MWh
大同智能股份有限公司,智新能源股份有限公司(彰化縣汙染農地太陽光電系統-和美鎮大榮段916地號),三福氣體股份有限公司,太陽能,轉供,86.256,2026-04-01,26.973,於 2026-04-01 移轉 26.973 MWh
大同智能股份有限公司,智新能源股份有限公司(彰化縣汙染農地太陽光電系統-和美鎮大榮段916地號),三福氣體股份有限公司,太陽能,轉供,86.256,2026-05-20,33.202,於 2026-05-20 移轉 33.202 MWh
大同智能股份有限公司,智新能源股份有限公司(彰化縣汙染農地太陽光電系統-和美鎮大榮段1712地號),三福氣體股份有限公司,太陽能,轉供,108.411,2026-03-11,32.613,於 2026-03-11 移轉 32.613 MWh
大同智能股份有限公司,智新能源股份有限公司(彰化縣汙染農地太陽光電系統-和美鎮大榮段1712地號),三福氣體股份有限公司,太陽能,轉供,108.411,2026-04-01,33.906,於 2026-04-01 移轉 33.906 MWh
大同智能股份有限公司,智新能源股份有限公司(彰化縣汙染農地太陽光電系統-和美鎮大榮段1712地號),三福氣體股份有限公司,太陽能,轉供,108.411,2026-05-20,41.892,於 2026-05-20 移轉 41.892 MWh
大同智能股份有限公司,智新能源股份有限公司(彰化縣汙染農地太陽光電系統-彰化市彰興段188地號),三福氣體股份有限公司,太陽能,轉供,50.123,2026-03-11,13.953,於 2026-03-11 移轉 13.953 MWh
大同智能股份有限公司,智新能源股份有限公司(彰化縣汙染農地太陽光電系統-彰化市彰興段188地號),三福氣體股份有限公司,太陽能,轉供,50.123,2026-04-01,15.39,於 2026-04-01 移轉 15.39 MWh
大同智能股份有限公司,智新能源股份有限公司(彰化縣汙染農地太陽光電系統-彰化市彰興段188地號),三福氣體股份有限公司,太陽能,轉供,50.123,2026-05-20,20.78,於 2026-05-20 移轉 20.78 MWh
大同智能股份有限公司,智新能源股份有限公司(彰化縣汙染農地太陽光電系統-彰化市彰興段190地號),三福氣體股份有限公司,太陽能,轉供,152.622,2026-03-11,42.874,於 2026-03-11 移轉 42.874 MWh
大同智能股份有限公司,智新能源股份有限公司(彰化縣汙染農地太陽光電系統-彰化市彰興段190地號),三福氣體股份有限公司,太陽能,轉供,152.622,2026-04-01,47.063,於 2026-04-01 移轉 47.063 MWh
大同智能股份有限公司,智新能源股份有限公司(彰化縣汙染農地太陽光電系統-彰化市彰興段190地號),三福氣體股份有限公司,太陽能,轉供,152.622,2026-05-20,62.685,於 2026-05-20 移轉 62.685 MWh
大同智能股份有限公司,智新能源股份有限公司(彰化縣汙染農地太陽光電系統-和美鎮大嘉段551、552地號),三福氣體股份有限公司,太陽能,轉供,180.296,2026-03-11,55.35,於 2026-03-11 移轉 55.35 MWh
大同智能股份有限公司,智新能源股份有限公司(彰化縣汙染農地太陽光電系統-和美鎮大嘉段551、552地號),三福氣體股份有限公司,太陽能,轉供,180.296,2026-04-01,55.656,於 2026-04-01 移轉 55.656 MWh
大同智能股份有限公司,智新能源股份有限公司(彰化縣汙染農地太陽光電系統-和美鎮大嘉段551、552地號),三福氣體股份有限公司,太陽能,轉供,180.296,2026-05-20,69.29,於 2026-05-20 移轉 69.29 MWh
大同智能股份有限公司,智新能源股份有限公司(彰化汙染農地太陽能建置案第三批-和美鎮大榮段525地號),三福氣體股份有限公司,太陽能,轉供,109.602,2026-03-11,33.079,於 2026-03-11 移轉 33.079 MWh
大同智能股份有限公司,智新能源股份有限公司(彰化汙染農地太陽能建置案第三批-和美鎮大榮段525地號),三福氣體股份有限公司,太陽能,轉供,109.602,2026-04-01,34.246,於 2026-04-01 移轉 34.246 MWh
大同智能股份有限公司,智新能源股份有限公司(彰化汙染農地太陽能建置案第三批-和美鎮大榮段525地號),三福氣體股份有限公司,太陽能,轉供,109.602,2026-05-20,42.277,於 2026-05-20 移轉 42.277 MWh
大同智能股份有限公司,智新能源股份有限公司(彰化汙染農地太陽能建置案第三批-和美鎮大榮段703地號),三福氣體股份有限公司,太陽能,轉供,87.785,2026-03-11,26.549,於 2026-03-11 移轉 26.549 MWh
大同智能股份有限公司,智新能源股份有限公司(彰化汙染農地太陽能建置案第三批-和美鎮大榮段703地號),三福氣體股份有限公司,太陽能,轉供,87.785,2026-04-01,27.448,於 2026-04-01 移轉 27.448 MWh
大同智能股份有限公司,智新能源股份有限公司(彰化汙染農地太陽能建置案第三批-和美鎮大榮段703地號),三福氣體股份有限公司,太陽能,轉供,87.785,2026-05-20,33.788,於 2026-05-20 移轉 33.788 MWh
大同智能股份有限公司,智新能源股份有限公司(彰化汙染農地太陽能建置案第三批-和美鎮大榮段1034地號),三福氣體股份有限公司,太陽能,轉供,116.633,2026-03-11,35.038,於 2026-03-11 移轉 35.038 MWh
大同智能股份有限公司,智新能源股份有限公司(彰化汙染農地太陽能建置案第三批-和美鎮大榮段1034地號),三福氣體股份有限公司,太陽能,轉供,116.633,2026-04-01,36.487,於 2026-04-01 移轉 36.487 MWh
大同智能股份有限公司,智新能源股份有限公司(彰化汙染農地太陽能建置案第三批-和美鎮大榮段1034地號),三福氣體股份有限公司,太陽能,轉供,116.633,2026-05-20,45.108,於 2026-05-20 移轉 45.108 MWh
大同智能股份有限公司,智新能源股份有限公司(彰化汙染農地太陽能建置案第三批-和美鎮大雅段520地號),三福氣體股份有限公司,太陽能,轉供,86.788,2026-03-11,26.271,於 2026-03-11 移轉 26.271 MWh
大同智能股份有限公司,智新能源股份有限公司(彰化汙染農地太陽能建置案第三批-和美鎮大雅段520地號),三福氣體股份有限公司,太陽能,轉供,86.788,2026-04-01,26.646,於 2026-04-01 移轉 26.646 MWh
大同智能股份有限公司,智新能源股份有限公司(彰化汙染農地太陽能建置案第三批-和美鎮大雅段520地號),三福氣體股份有限公司,太陽能,轉供,86.788,2026-05-20,33.871,於 2026-05-20 移轉 33.871 MWh
大同智能股份有限公司,智新能源股份有限公司(彰化汙染農地太陽能建置案第三批-和美鎮大霞段1807、1809地號),三福氣體股份有限公司,太陽能,轉供,95.258,2026-03-11,28.904,於 2026-03-11 移轉 28.904 MWh
大同智能股份有限公司,智新能源股份有限公司(彰化汙染農地太陽能建置案第三批-和美鎮大霞段1807、1809地號),三福氣體股份有限公司,太陽能,轉供,95.258,2026-04-01,29.777,於 2026-04-01 移轉 29.777 MWh
大同智能股份有限公司,智新能源股份有限公司(彰化汙染農地太陽能建置案第三批-和美鎮大霞段1807、1809地號),三福氣體股份有限公司,太陽能,轉供,95.258,2026-05-20,36.577,於 2026-05-20 移轉 36.577 MWh
大同智能股份有限公司,智新能源股份有限公司(彰化汙染農地太陽能建置案第三批-和美鎮大榮段267地號),三福氣體股份有限公司,太陽能,轉供,157.048,2026-03-11,47.419,於 2026-03-11 移轉 47.419 MWh
大同智能股份有限公司,智新能源股份有限公司(彰化汙染農地太陽能建置案第三批-和美鎮大榮段267地號),三福氣體股份有限公司,太陽能,轉供,157.048,2026-04-01,49.159,於 2026-04-01 移轉 49.159 MWh
大同智能股份有限公司,智新能源股份有限公司(彰化汙染農地太陽能建置案第三批-和美鎮大榮段267地號),三福氣體股份有限公司,太陽能,轉供,157.048,2026-05-20,60.47,於 2026-05-20 移轉 60.47 MWh
大同智能股份有限公司,智新能源股份有限公司(彰化汙染農地太陽能建置案第三批-彰化市彰興段13地號),三福氣體股份有限公司,太陽能,轉供,65.089,2026-03-11,19.699,於 2026-03-11 移轉 19.699 MWh
大同智能股份有限公司,智新能源股份有限公司(彰化汙染農地太陽能建置案第三批-彰化市彰興段13地號),三福氣體股份有限公司,太陽能,轉供,65.089,2026-04-01,20.319,於 2026-04-01 移轉 20.319 MWh
大同智能股份有限公司,智新能源股份有限公司(彰化汙染農地太陽能建置案第三批-彰化市彰興段13地號),三福氣體股份有限公司,太陽能,轉供,65.089,2026-05-20,25.071,於 2026-05-20 移轉 25.071 MWh
大同智能股份有限公司,智新能源股份有限公司(彰化汙染農地太陽能建置案第三批-彰化市彰興段106地號),三福氣體股份有限公司,太陽能,轉供,61.924,2026-03-11,18.596,於 2026-03-11 移轉 18.596 MWh
大同智能股份有限公司,智新能源股份有限公司(彰化汙染農地太陽能建置案第三批-彰化市彰興段106地號),三福氣體股份有限公司,太陽能,轉供,61.924,2026-04-01,19.5,於 2026-04-01 移轉 19.5 MWh
大同智能股份有限公司,智新能源股份有限公司(彰化汙染農地太陽能建置案第三批-彰化市彰興段106地號),三福氣體股份有限公司,太陽能,轉供,61.924,2026-05-20,23.828,於 2026-05-20 移轉 23.828 MWh
大同智能股份有限公司,智新能源股份有限公司(彰化縣汙染農地太陽光電系統-和美鎮大榮段888地號),三福氣體股份有限公司,太陽能,轉供,166.698,2026-03-11,50.486,於 2026-03-11 移轉 50.486 MWh
大同智能股份有限公司,智新能源股份有限公司(彰化縣汙染農地太陽光電系統-和美鎮大榮段888地號),三福氣體股份有限公司,太陽能,轉供,166.698,2026-04-01,52.119,於 2026-04-01 移轉 52.119 MWh
大同智能股份有限公司,智新能源股份有限公司(彰化縣汙染農地太陽光電系統-和美鎮大榮段888地號),三福氣體股份有限公司,太陽能,轉供,166.698,2026-05-20,64.093,於 2026-05-20 移轉 64.093 MWh
大同智能股份有限公司,尚新能源股份有限公司(台中市屋頂型太陽光電系統-大德國中),中部汽車股份有限公司,太陽能,轉供,41.358,2026-03-11,22.082,於 2026-03-11 移轉 22.082 MWh
大同智能股份有限公司,尚新能源股份有限公司(台中市屋頂型太陽光電系統-大德國中),中部汽車股份有限公司,太陽能,轉供,41.358,2026-04-01,19.276,於 2026-04-01 移轉 19.276 MWh
大同智能股份有限公司,尚新能源股份有限公司(台中市屋頂型太陽光電系統-長安國小),藍海氣體工業股份有限公司,太陽能,轉供,107.738,2026-03-11,32.032,於 2026-03-11 移轉 32.032 MWh
大同智能股份有限公司,尚新能源股份有限公司(台中市屋頂型太陽光電系統-長安國小),藍海氣體工業股份有限公司,太陽能,轉供,107.738,2026-04-01,32.496,於 2026-04-01 移轉 32.496 MWh
大同智能股份有限公司,尚新能源股份有限公司(台中市屋頂型太陽光電系統-長安國小),藍海氣體工業股份有限公司,太陽能,轉供,107.738,2026-05-20,43.21,於 2026-05-20 移轉 43.21 MWh
大同智能股份有限公司,尚新能源股份有限公司(台中市屋頂型太陽光電系統-忠明國小),藍海氣體工業股份有限公司,太陽能,轉供,135.958,2026-03-11,40.847,於 2026-03-11 移轉 40.847 MWh
大同智能股份有限公司,尚新能源股份有限公司(台中市屋頂型太陽光電系統-忠明國小),藍海氣體工業股份有限公司,太陽能,轉供,135.958,2026-04-01,41.95,於 2026-04-01 移轉 41.95 MWh
大同智能股份有限公司,尚新能源股份有限公司(台中市屋頂型太陽光電系統-忠明國小),藍海氣體工業股份有限公司,太陽能,轉供,135.958,2026-05-20,53.161,於 2026-05-20 移轉 53.161 MWh
大同智能股份有限公司,尚新能源股份有限公司(台中市屋頂型太陽光電系統-進德國小),中部汽車股份有限公司,太陽能,轉供,46.188,2026-03-11,16.865,於 2026-03-11 移轉 16.865 MWh
大同智能股份有限公司,尚新能源股份有限公司(台中市屋頂型太陽光電系統-進德國小),中部汽車股份有限公司,太陽能,轉供,46.188,2026-04-01,13.249,於 2026-04-01 移轉 13.249 MWh
大同智能股份有限公司,尚新能源股份有限公司(台中市屋頂型太陽光電系統-進德國小),中部汽車股份有限公司,太陽能,轉供,46.188,2026-05-20,16.074,於 2026-05-20 移轉 16.074 MWh
大同智能股份有限公司,尚新能源股份有限公司(台中市屋頂型太陽光電系統-惠文高中(二期)),中部汽車股份有限公司,太陽能,轉供,56.07,2026-03-11,18.619,於 2026-03-11 移轉 18.619 MWh
大同智能股份有限公司,尚新能源股份有限公司(台中市屋頂型太陽光電系統-惠文高中(二期)),中部汽車股份有限公司,太陽能,轉供,56.07,2026-04-01,14.872,於 2026-04-01 移轉 14.872 MWh
大同智能股份有限公司,尚新能源股份有限公司(台中市屋頂型太陽光電系統-惠文高中(二期)),中部汽車股份有限公司,太陽能,轉供,56.07,2026-05-20,22.579,於 2026-05-20 移轉 22.579 MWh
大同智能股份有限公司,尚新能源股份有限公司(台中市屋頂型太陽光電系統-益民國小),三福氣體股份有限公司,太陽能,轉供,72.546,2026-03-11,21.063,於 2026-03-11 移轉 21.063 MWh
大同智能股份有限公司,尚新能源股份有限公司(台中市屋頂型太陽光電系統-益民國小),三福氣體股份有限公司,太陽能,轉供,72.546,2026-04-01,22.881,於 2026-04-01 移轉 22.881 MWh
大同智能股份有限公司,尚新能源股份有限公司(台中市屋頂型太陽光電系統-益民國小),三福氣體股份有限公司,太陽能,轉供,72.546,2026-05-20,28.602,於 2026-05-20 移轉 28.602 MWh
大同智能股份有限公司,尚新能源股份有限公司(台中市屋頂型太陽光電系統-德化國小(擴充)),中部汽車股份有限公司,太陽能,轉供,18.549,2026-03-11,10.384,於 2026-03-11 移轉 10.384 MWh
大同智能股份有限公司,尚新能源股份有限公司(台中市屋頂型太陽光電系統-德化國小(擴充)),中部汽車股份有限公司,太陽能,轉供,18.549,2026-04-01,8.165,於 2026-04-01 移轉 8.165 MWh
大同智能股份有限公司,尚新能源股份有限公司(台中市屋頂型太陽光電系統-東勢高工(擴充)),三福氣體股份有限公司,太陽能,轉供,144.082,2026-03-11,44.498,於 2026-03-11 移轉 44.498 MWh
大同智能股份有限公司,尚新能源股份有限公司(台中市屋頂型太陽光電系統-東勢高工(擴充)),三福氣體股份有限公司,太陽能,轉供,144.082,2026-04-01,44.383,於 2026-04-01 移轉 44.383 MWh
大同智能股份有限公司,尚新能源股份有限公司(台中市屋頂型太陽光電系統-東勢高工(擴充)),三福氣體股份有限公司,太陽能,轉供,144.082,2026-05-20,55.201,於 2026-05-20 移轉 55.201 MWh
大同智能股份有限公司,尚新能源股份有限公司(台中市屋頂型太陽光電系統-成功國中),中部汽車股份有限公司,太陽能,轉供,23.334,2026-03-11,12.319,於 2026-03-11 移轉 12.319 MWh
大同智能股份有限公司,尚新能源股份有限公司(台中市屋頂型太陽光電系統-成功國中),中部汽車股份有限公司,太陽能,轉供,23.334,2026-04-01,11.014,於 2026-04-01 移轉 11.014 MWh
大同智能股份有限公司,尚新能源股份有限公司(台中市屋頂型太陽光電系統-成功國中),中部汽車股份有限公司,太陽能,轉供,23.334,2026-05-20,0.001,於 2026-05-20 移轉 0.001 MWh
大同智能股份有限公司,尚新能源股份有限公司(台中市屋頂型太陽光電系統-東峰國中),三福氣體股份有限公司,太陽能,轉供,67.458,2026-03-11,19.967,於 2026-03-11 移轉 19.967 MWh
大同智能股份有限公司,尚新能源股份有限公司(台中市屋頂型太陽光電系統-東峰國中),三福氣體股份有限公司,太陽能,轉供,67.458,2026-04-01,21.025,於 2026-04-01 移轉 21.025 MWh
大同智能股份有限公司,尚新能源股份有限公司(台中市屋頂型太陽光電系統-東峰國中),三福氣體股份有限公司,太陽能,轉供,67.458,2026-05-20,26.466,於 2026-05-20 移轉 26.466 MWh
大同智能股份有限公司,尚新能源股份有限公司(台中市屋頂型太陽光電系統-太平國中二期),中部汽車股份有限公司,太陽能,轉供,162.61,2026-03-11,51.067,於 2026-03-11 移轉 51.067 MWh
大同智能股份有限公司,尚新能源股份有限公司(台中市屋頂型太陽光電系統-太平國中二期),中部汽車股份有限公司,太陽能,轉供,162.61,2026-04-01,45.855,於 2026-04-01 移轉 45.855 MWh
大同智能股份有限公司,尚新能源股份有限公司(台中市屋頂型太陽光電系統-太平國中二期),中部汽車股份有限公司,太陽能,轉供,162.61,2026-05-20,65.688,於 2026-05-20 移轉 65.688 MWh
大同智能股份有限公司,尚新能源股份有限公司(台中市屋頂型太陽光電系統-大雅國中(二期)),藍海氣體工業股份有限公司,太陽能,轉供,32.849,2026-03-11,10.537,於 2026-03-11 移轉 10.537 MWh
大同智能股份有限公司,尚新能源股份有限公司(台中市屋頂型太陽光電系統-大雅國中(二期)),藍海氣體工業股份有限公司,太陽能,轉供,32.849,2026-04-01,9.786,於 2026-04-01 移轉 9.786 MWh
大同智能股份有限公司,尚新能源股份有限公司(台中市屋頂型太陽光電系統-大雅國中(二期)),藍海氣體工業股份有限公司,太陽能,轉供,32.849,2026-05-20,12.526,於 2026-05-20 移轉 12.526 MWh
大同智能股份有限公司,尚新能源股份有限公司(台中市屋頂型太陽光電系統-大雅國中),三福氣體股份有限公司,太陽能,轉供,141.807,2026-03-11,42.547,於 2026-03-11 移轉 42.547 MWh
大同智能股份有限公司,尚新能源股份有限公司(台中市屋頂型太陽光電系統-大雅國中),三福氣體股份有限公司,太陽能,轉供,141.807,2026-04-01,43.01,於 2026-04-01 移轉 43.01 MWh
大同智能股份有限公司,尚新能源股份有限公司(台中市屋頂型太陽光電系統-大雅國中),三福氣體股份有限公司,太陽能,轉供,141.807,2026-05-20,56.25,於 2026-05-20 移轉 56.25 MWh
大同智能股份有限公司,尚新能源股份有限公司(台中市屋頂型太陽光電系統-大仁國小),中部汽車股份有限公司,太陽能,轉供,35.774,2026-03-11,11.149,於 2026-03-11 移轉 11.149 MWh
大同智能股份有限公司,尚新能源股份有限公司(台中市屋頂型太陽光電系統-大仁國小),中部汽車股份有限公司,太陽能,轉供,35.774,2026-04-01,9.645,於 2026-04-01 移轉 9.645 MWh
大同智能股份有限公司,尚新能源股份有限公司(台中市屋頂型太陽光電系統-大仁國小),中部汽車股份有限公司,太陽能,轉供,35.774,2026-05-20,14.98,於 2026-05-20 移轉 14.98 MWh
大同智能股份有限公司,尚新能源股份有限公司(台中市屋頂型太陽光電系統-清海國中二期),三福氣體股份有限公司,太陽能,轉供,64.81,2026-03-11,18.201,於 2026-03-11 移轉 18.201 MWh
大同智能股份有限公司,尚新能源股份有限公司(台中市屋頂型太陽光電系統-清海國中二期),三福氣體股份有限公司,太陽能,轉供,64.81,2026-04-01,19.398,於 2026-04-01 移轉 19.398 MWh
大同智能股份有限公司,尚新能源股份有限公司(台中市屋頂型太陽光電系統-清海國中二期),三福氣體股份有限公司,太陽能,轉供,64.81,2026-05-20,27.211,於 2026-05-20 移轉 27.211 MWh
大同智能股份有限公司,尚新能源股份有限公司(台中市屋頂型太陽光電系統-居仁國中),中部汽車股份有限公司,太陽能,轉供,34.822,2026-03-11,18.611,於 2026-03-11 移轉 18.611 MWh
大同智能股份有限公司,尚新能源股份有限公司(台中市屋頂型太陽光電系統-居仁國中),中部汽車股份有限公司,太陽能,轉供,34.822,2026-04-01,16.211,於 2026-04-01 移轉 16.211 MWh
大同智能股份有限公司,尚新能源股份有限公司(台中市屋頂型太陽光電系統-東勢區成功國小),三福氣體股份有限公司,太陽能,轉供,53.961,2026-03-11,16.359,於 2026-03-11 移轉 16.359 MWh
大同智能股份有限公司,尚新能源股份有限公司(台中市屋頂型太陽光電系統-東勢區成功國小),三福氣體股份有限公司,太陽能,轉供,53.961,2026-04-01,16.545,於 2026-04-01 移轉 16.545 MWh
大同智能股份有限公司,尚新能源股份有限公司(台中市屋頂型太陽光電系統-東勢區成功國小),三福氣體股份有限公司,太陽能,轉供,53.961,2026-05-20,21.057,於 2026-05-20 移轉 21.057 MWh
大同智能股份有限公司,尚新能源股份有限公司(台中市屋頂型太陽光電系統-新平國小),三福氣體股份有限公司,太陽能,轉供,30.534,2026-03-11,9.061,於 2026-03-11 移轉 9.061 MWh
大同智能股份有限公司,尚新能源股份有限公司(台中市屋頂型太陽光電系統-新平國小),三福氣體股份有限公司,太陽能,轉供,30.534,2026-04-01,9.541,於 2026-04-01 移轉 9.541 MWh
大同智能股份有限公司,尚新能源股份有限公司(台中市屋頂型太陽光電系統-新平國小),三福氣體股份有限公司,太陽能,轉供,30.534,2026-05-20,11.932,於 2026-05-20 移轉 11.932 MWh
大同智能股份有限公司,尚新能源股份有限公司(台中市屋頂型太陽光電系統-大同國小),中部汽車股份有限公司,太陽能,轉供,50.006,2026-03-11,20.179,於 2026-03-11 移轉 20.179 MWh
大同智能股份有限公司,尚新能源股份有限公司(台中市屋頂型太陽光電系統-大同國小),中部汽車股份有限公司,太陽能,轉供,50.006,2026-04-01,17.492,於 2026-04-01 移轉 17.492 MWh
大同智能股份有限公司,尚新能源股份有限公司(台中市屋頂型太陽光電系統-大同國小),中部汽車股份有限公司,太陽能,轉供,50.006,2026-05-20,12.335,於 2026-05-20 移轉 12.335 MWh
大同智能股份有限公司,尚新能源股份有限公司(台中市屋頂型太陽光電系統-大德國中(擴充)),中部汽車股份有限公司,太陽能,轉供,26.77,2026-03-11,15.05,於 2026-03-11 移轉 15.05 MWh
大同智能股份有限公司,尚新能源股份有限公司(台中市屋頂型太陽光電系統-大德國中(擴充)),中部汽車股份有限公司,太陽能,轉供,26.77,2026-04-01,11.72,於 2026-04-01 移轉 11.72 MWh
大同智能股份有限公司,尚新能源股份有限公司(台中市屋頂型太陽光電系統-居仁國中(二期)),中部汽車股份有限公司,太陽能,轉供,24.133,2026-03-11,13.508,於 2026-03-11 移轉 13.508 MWh
大同智能股份有限公司,尚新能源股份有限公司(台中市屋頂型太陽光電系統-居仁國中(二期)),中部汽車股份有限公司,太陽能,轉供,24.133,2026-04-01,10.625,於 2026-04-01 移轉 10.625 MWh
大同智能股份有限公司,尚新能源股份有限公司(台中市屋頂型太陽光電系統-居仁國中(三期)),三福氣體股份有限公司,太陽能,轉供,47.635,2026-04-01,29.092,於 2026-04-01 移轉 29.092 MWh
大同智能股份有限公司,尚新能源股份有限公司(台中市屋頂型太陽光電系統-居仁國中(三期)),三福氣體股份有限公司,太陽能,轉供,47.635,2026-05-20,18.543,於 2026-05-20 移轉 18.543 MWh
大同智能股份有限公司,挺新能源股份有限公司(彰化縣汙染農地太陽光電系統-和美鎮大榮段1033地號),三福氣體股份有限公司,太陽能,轉供,102.115,2026-03-11,30.663,於 2026-03-11 移轉 30.663 MWh
大同智能股份有限公司,挺新能源股份有限公司(彰化縣汙染農地太陽光電系統-和美鎮大榮段1033地號),三福氣體股份有限公司,太陽能,轉供,102.115,2026-04-01,31.992,於 2026-04-01 移轉 31.992 MWh
大同智能股份有限公司,挺新能源股份有限公司(彰化縣汙染農地太陽光電系統-和美鎮大榮段1033地號),三福氣體股份有限公司,太陽能,轉供,102.115,2026-05-20,39.46,於 2026-05-20 移轉 39.46 MWh
大同智能股份有限公司,挺新能源股份有限公司(彰化縣汙染農地太陽光電系統-和美鎮大雅段521、522地號),三福氣體股份有限公司,太陽能,轉供,127.495,2026-03-11,37.119,於 2026-03-11 移轉 37.119 MWh
大同智能股份有限公司,挺新能源股份有限公司(彰化縣汙染農地太陽光電系統-和美鎮大雅段521、522地號),三福氣體股份有限公司,太陽能,轉供,127.495,2026-04-01,39.815,於 2026-04-01 移轉 39.815 MWh
大同智能股份有限公司,挺新能源股份有限公司(彰化縣汙染農地太陽光電系統-和美鎮大雅段521、522地號),三福氣體股份有限公司,太陽能,轉供,127.495,2026-05-20,50.561,於 2026-05-20 移轉 50.561 MWh
大同智能股份有限公司,沅碁光電股份有限公司(沅碁光電_高雄文化中心(一、二、三期)),三福氣體股份有限公司,太陽能,轉供,611.427,2026-03-11,180.969,於 2026-03-11 移轉 180.969 MWh
大同智能股份有限公司,沅碁光電股份有限公司(沅碁光電_高雄文化中心(一、二、三期)),三福氣體股份有限公司,太陽能,轉供,611.427,2026-04-01,189.152,於 2026-04-01 移轉 189.152 MWh
大同智能股份有限公司,沅碁光電股份有限公司(沅碁光電_高雄文化中心(一、二、三期)),三福氣體股份有限公司,太陽能,轉供,611.427,2026-05-20,241.306,於 2026-05-20 移轉 241.306 MWh
大同智能股份有限公司,沅碁光電股份有限公司(沅碁光電_後庄國小(屋頂型一期、二期)),三福氣體股份有限公司,太陽能,轉供,148.995,2026-03-11,43.829,於 2026-03-11 移轉 43.829 MWh
大同智能股份有限公司,沅碁光電股份有限公司(沅碁光電_後庄國小(屋頂型一期、二期)),三福氣體股份有限公司,太陽能,轉供,148.995,2026-04-01,45.643,於 2026-04-01 移轉 45.643 MWh
大同智能股份有限公司,沅碁光電股份有限公司(沅碁光電_後庄國小(屋頂型一期、二期)),三福氣體股份有限公司,太陽能,轉供,148.995,2026-05-20,59.523,於 2026-05-20 移轉 59.523 MWh
大同智能股份有限公司,沅碁光電股份有限公司(沅碁光電_南成國小(屋頂型一、二期)),三福氣體股份有限公司,太陽能,轉供,163.065,2026-03-11,46.615,於 2026-03-11 移轉 46.615 MWh
大同智能股份有限公司,沅碁光電股份有限公司(沅碁光電_南成國小(屋頂型一、二期)),三福氣體股份有限公司,太陽能,轉供,163.065,2026-04-01,49.28,於 2026-04-01 移轉 49.28 MWh
大同智能股份有限公司,沅碁光電股份有限公司(沅碁光電_南成國小(屋頂型一、二期)),三福氣體股份有限公司,太陽能,轉供,163.065,2026-05-20,67.17,於 2026-05-20 移轉 67.17 MWh
大同智能股份有限公司,尚新能源股份有限公司(台中市屋頂型太陽光電系統-新平國小(二期)),藍海氣體工業股份有限公司,太陽能,轉供,125.295,2026-04-01,77.275,於 2026-04-01 移轉 77.275 MWh
大同智能股份有限公司,尚新能源股份有限公司(台中市屋頂型太陽光電系統-新平國小(二期)),藍海氣體工業股份有限公司,太陽能,轉供,125.295,2026-05-20,48.02,於 2026-05-20 移轉 48.02 MWh
大同智能股份有限公司,尚新能源股份有限公司(台中市屋頂型太陽光電系統-清水幼兒園高西分部(擴充)),藍海氣體工業股份有限公司,太陽能,轉供,47.326,2026-03-11,13.367,於 2026-03-11 移轉 13.367 MWh
大同智能股份有限公司,尚新能源股份有限公司(台中市屋頂型太陽光電系統-清水幼兒園高西分部(擴充)),藍海氣體工業股份有限公司,太陽能,轉供,47.326,2026-04-01,14.135,於 2026-04-01 移轉 14.135 MWh
大同智能股份有限公司,尚新能源股份有限公司(台中市屋頂型太陽光電系統-清水幼兒園高西分部(擴充)),藍海氣體工業股份有限公司,太陽能,轉供,47.326,2026-05-20,19.824,於 2026-05-20 移轉 19.824 MWh
大同智能股份有限公司,尚新能源股份有限公司(台中市屋頂型太陽光電系統-清水幼兒園園本部(擴充)),藍海氣體工業股份有限公司,太陽能,轉供,32.612,2026-03-11,9.797,於 2026-03-11 移轉 9.797 MWh
大同智能股份有限公司,尚新能源股份有限公司(台中市屋頂型太陽光電系統-清水幼兒園園本部(擴充)),藍海氣體工業股份有限公司,太陽能,轉供,32.612,2026-04-01,9.84,於 2026-04-01 移轉 9.84 MWh
大同智能股份有限公司,尚新能源股份有限公司(台中市屋頂型太陽光電系統-清水幼兒園園本部(擴充)),藍海氣體工業股份有限公司,太陽能,轉供,32.612,2026-05-20,12.975,於 2026-05-20 移轉 12.975 MWh
大同智能股份有限公司,大同股份有限公司(台中市屋頂型太陽光電系統-東勢高工),京元電子股份有限公司竹南分公司,太陽能,轉供,131.717,2026-03-11,42.989,於 2026-03-11 移轉 42.989 MWh
大同智能股份有限公司,大同股份有限公司(台中市屋頂型太陽光電系統-東勢高工),京元電子股份有限公司竹南分公司,太陽能,轉供,131.717,2026-04-01,39.862,於 2026-04-01 移轉 39.862 MWh
大同智能股份有限公司,大同股份有限公司(台中市屋頂型太陽光電系統-東勢高工),京元電子股份有限公司竹南分公司,太陽能,轉供,131.717,2026-05-20,48.866,於 2026-05-20 移轉 48.866 MWh
大同智能股份有限公司,大同股份有限公司(台中市屋頂型太陽光電系統-台中高工一期),中興紡織廠股份有限公司,太陽能,轉供,106.844,2026-03-11,32.423,於 2026-03-11 移轉 32.423 MWh
大同智能股份有限公司,大同股份有限公司(台中市屋頂型太陽光電系統-台中高工一期),中興紡織廠股份有限公司,太陽能,轉供,106.844,2026-04-01,33.068,於 2026-04-01 移轉 33.068 MWh
大同智能股份有限公司,大同股份有限公司(台中市屋頂型太陽光電系統-台中高工一期),中興紡織廠股份有限公司,太陽能,轉供,106.844,2026-05-20,41.353,於 2026-05-20 移轉 41.353 MWh
大同智能股份有限公司,大同股份有限公司(台中市屋頂型太陽光電系統-台中高工-二三期),中興紡織廠股份有限公司,太陽能,轉供,293.394,2026-03-11,90.013,於 2026-03-11 移轉 90.013 MWh
大同智能股份有限公司,大同股份有限公司(台中市屋頂型太陽光電系統-台中高工-二三期),中興紡織廠股份有限公司,太陽能,轉供,293.394,2026-04-01,91.367,於 2026-04-01 移轉 91.367 MWh
大同智能股份有限公司,大同股份有限公司(台中市屋頂型太陽光電系統-台中高工-二三期),中興紡織廠股份有限公司,太陽能,轉供,293.394,2026-05-20,112.014,於 2026-05-20 移轉 112.014 MWh
大同智能股份有限公司,智新能源股份有限公司(台中市屋頂型太陽光電系統-引春物流倉儲股份有限公司二廠),環鴻科技股份有限公司,太陽能,轉供,305.674,2026-04-01,180.165,於 2026-04-01 移轉 180.165 MWh
大同智能股份有限公司,智新能源股份有限公司(台中市屋頂型太陽光電系統-引春物流倉儲股份有限公司二廠),環鴻科技股份有限公司,太陽能,轉供,305.674,2026-05-20,125.509,於 2026-05-20 移轉 125.509 MWh
大同智能股份有限公司,智新能源股份有限公司(台中市屋頂型太陽光電系統-引春物流倉儲股份有限公司一廠),環鴻科技股份有限公司,太陽能,轉供,368.205,2026-04-01,214.108,於 2026-04-01 移轉 214.108 MWh
大同智能股份有限公司,智新能源股份有限公司(台中市屋頂型太陽光電系統-引春物流倉儲股份有限公司一廠),環鴻科技股份有限公司,太陽能,轉供,368.205,2026-05-20,154.097,於 2026-05-20 移轉 154.097 MWh
大同智能股份有限公司,大同股份有限公司(桃園殯葬用地-第四公墓),葡萄王生技股份有限公司,太陽能,轉供,260.325,2026-03-11,70,於 2026-03-11 移轉 70 MWh
大同智能股份有限公司,大同股份有限公司(桃園殯葬用地-第四公墓),葡萄王生技股份有限公司,太陽能,轉供,260.325,2026-04-01,70,於 2026-04-01 移轉 70 MWh
大同智能股份有限公司,大同股份有限公司(桃園殯葬用地-第四公墓),葡萄王生技股份有限公司,太陽能,轉供,260.325,2026-05-20,120.325,於 2026-05-20 移轉 120.325 MWh
大同智能股份有限公司,大同股份有限公司(桃園殯葬用地-第七公墓),中興紡織廠股份有限公司,太陽能,轉供,292.576,2026-03-11,84.019,於 2026-03-11 移轉 84.019 MWh
大同智能股份有限公司,大同股份有限公司(桃園殯葬用地-第七公墓),中興紡織廠股份有限公司,太陽能,轉供,292.576,2026-04-01,91.56,於 2026-04-01 移轉 91.56 MWh
大同智能股份有限公司,大同股份有限公司(桃園殯葬用地-第七公墓),中興紡織廠股份有限公司,太陽能,轉供,292.576,2026-05-20,116.997,於 2026-05-20 移轉 116.997 MWh
大同智能股份有限公司,大同股份有限公司(桃園殯葬用地-第八公墓),葡萄王生技股份有限公司,太陽能,轉供,67.427,2026-03-11,10,於 2026-03-11 移轉 10 MWh
大同智能股份有限公司,大同股份有限公司(桃園殯葬用地-第八公墓),葡萄王生技股份有限公司,太陽能,轉供,67.427,2026-04-01,10,於 2026-04-01 移轉 10 MWh
大同智能股份有限公司,大同股份有限公司(桃園殯葬用地-第八公墓),葡萄王生技股份有限公司,太陽能,轉供,67.427,2026-05-20,47.427,於 2026-05-20 移轉 47.427 MWh
大同智能股份有限公司,沅碁光電股份有限公司(沅碁光電_高雄大東藝術文化中心(一、二期)),三福氣體股份有限公司,太陽能,轉供,324.278,2026-03-11,94.502,於 2026-03-11 移轉 94.502 MWh
大同智能股份有限公司,沅碁光電股份有限公司(沅碁光電_高雄大東藝術文化中心(一、二期)),三福氣體股份有限公司,太陽能,轉供,324.278,2026-04-01,98.35,於 2026-04-01 移轉 98.35 MWh
大同智能股份有限公司,沅碁光電股份有限公司(沅碁光電_高雄大東藝術文化中心(一、二期)),三福氣體股份有限公司,太陽能,轉供,324.278,2026-05-20,131.426,於 2026-05-20 移轉 131.426 MWh
大同智能股份有限公司,沅碁光電股份有限公司(沅碁光電_高雄岡山文化中心(一、二期)),三福氣體股份有限公司,太陽能,轉供,170.696,2026-03-11,49.754,於 2026-03-11 移轉 49.754 MWh
大同智能股份有限公司,沅碁光電股份有限公司(沅碁光電_高雄岡山文化中心(一、二期)),三福氣體股份有限公司,太陽能,轉供,170.696,2026-04-01,51.578,於 2026-04-01 移轉 51.578 MWh
大同智能股份有限公司,沅碁光電股份有限公司(沅碁光電_高雄岡山文化中心(一、二期)),三福氣體股份有限公司,太陽能,轉供,170.696,2026-05-20,69.364,於 2026-05-20 移轉 69.364 MWh
大同智能股份有限公司,沅碁光電股份有限公司(沅碁光電_小港國小(屋頂型一、四期)),三福氣體股份有限公司,太陽能,轉供,109.041,2026-03-11,31.587,於 2026-03-11 移轉 31.587 MWh
大同智能股份有限公司,沅碁光電股份有限公司(沅碁光電_小港國小(屋頂型一、四期)),三福氣體股份有限公司,太陽能,轉供,109.041,2026-04-01,33.587,於 2026-04-01 移轉 33.587 MWh
大同智能股份有限公司,沅碁光電股份有限公司(沅碁光電_小港國小(屋頂型一、四期)),三福氣體股份有限公司,太陽能,轉供,109.041,2026-05-20,43.867,於 2026-05-20 移轉 43.867 MWh
大同智能股份有限公司,沅碁光電股份有限公司(沅碁光電_小港國小(屋頂型二、三期)),三福氣體股份有限公司,太陽能,轉供,165.183,2026-03-11,46.601,於 2026-03-11 移轉 46.601 MWh
大同智能股份有限公司,沅碁光電股份有限公司(沅碁光電_小港國小(屋頂型二、三期)),三福氣體股份有限公司,太陽能,轉供,165.183,2026-04-01,50.704,於 2026-04-01 移轉 50.704 MWh
大同智能股份有限公司,沅碁光電股份有限公司(沅碁光電_小港國小(屋頂型二、三期)),三福氣體股份有限公司,太陽能,轉供,165.183,2026-05-20,67.878,於 2026-05-20 移轉 67.878 MWh
大同智能股份有限公司,沅碁光電股份有限公司(沅碁光電_三民家商(一、二、三期)),三福氣體股份有限公司,太陽能,轉供,177.63,2026-03-11,52.075,於 2026-03-11 移轉 52.075 MWh
大同智能股份有限公司,沅碁光電股份有限公司(沅碁光電_三民家商(一、二、三期)),三福氣體股份有限公司,太陽能,轉供,177.63,2026-04-01,54.384,於 2026-04-01 移轉 54.384 MWh
大同智能股份有限公司,沅碁光電股份有限公司(沅碁光電_三民家商(一、二、三期)),三福氣體股份有限公司,太陽能,轉供,177.63,2026-05-20,71.171,於 2026-05-20 移轉 71.171 MWh
大同智能股份有限公司,沅碁光電股份有限公司(沅碁光電_三民家商(四、五期)),三福氣體股份有限公司,太陽能,轉供,136.527,2026-03-11,40.035,於 2026-03-11 移轉 40.035 MWh
大同智能股份有限公司,沅碁光電股份有限公司(沅碁光電_三民家商(四、五期)),三福氣體股份有限公司,太陽能,轉供,136.527,2026-04-01,41.739,於 2026-04-01 移轉 41.739 MWh
大同智能股份有限公司,沅碁光電股份有限公司(沅碁光電_三民家商(四、五期)),三福氣體股份有限公司,太陽能,轉供,136.527,2026-05-20,54.753,於 2026-05-20 移轉 54.753 MWh
大同智能股份有限公司,沅碁光電股份有限公司(沅碁光電_三民家商(六期)),三福氣體股份有限公司,太陽能,轉供,38.579,2026-03-11,11.124,於 2026-03-11 移轉 11.124 MWh
大同智能股份有限公司,沅碁光電股份有限公司(沅碁光電_三民家商(六期)),三福氣體股份有限公司,太陽能,轉供,38.579,2026-04-01,11.802,於 2026-04-01 移轉 11.802 MWh
大同智能股份有限公司,沅碁光電股份有限公司(沅碁光電_三民家商(六期)),三福氣體股份有限公司,太陽能,轉供,38.579,2026-05-20,15.653,於 2026-05-20 移轉 15.653 MWh
大同智能股份有限公司,沅碁光電股份有限公司(沅碁光電_三民家商(七期)),三福氣體股份有限公司,太陽能,轉供,32.736,2026-03-11,9.494,於 2026-03-11 移轉 9.494 MWh
大同智能股份有限公司,沅碁光電股份有限公司(沅碁光電_三民家商(七期)),三福氣體股份有限公司,太陽能,轉供,32.736,2026-04-01,9.991,於 2026-04-01 移轉 9.991 MWh
大同智能股份有限公司,沅碁光電股份有限公司(沅碁光電_三民家商(七期)),三福氣體股份有限公司,太陽能,轉供,32.736,2026-05-20,13.251,於 2026-05-20 移轉 13.251 MWh
大同智能股份有限公司,沅碁光電股份有限公司(沅碁光電_大同國小),三福氣體股份有限公司,太陽能,轉供,44.965,2026-03-11,13.511,於 2026-03-11 移轉 13.511 MWh
大同智能股份有限公司,沅碁光電股份有限公司(沅碁光電_大同國小),三福氣體股份有限公司,太陽能,轉供,44.965,2026-04-01,13.449,於 2026-04-01 移轉 13.449 MWh
大同智能股份有限公司,沅碁光電股份有限公司(沅碁光電_大同國小),三福氣體股份有限公司,太陽能,轉供,44.965,2026-05-20,18.005,於 2026-05-20 移轉 18.005 MWh
大同智能股份有限公司,沅碁光電股份有限公司(沅碁光電_大同國小停車場(地面型)),三福氣體股份有限公司,太陽能,轉供,53.699,2026-03-11,14.93,於 2026-03-11 移轉 14.93 MWh
大同智能股份有限公司,沅碁光電股份有限公司(沅碁光電_大同國小停車場(地面型)),三福氣體股份有限公司,太陽能,轉供,53.699,2026-04-01,16.318,於 2026-04-01 移轉 16.318 MWh
大同智能股份有限公司,沅碁光電股份有限公司(沅碁光電_大同國小停車場(地面型)),三福氣體股份有限公司,太陽能,轉供,53.699,2026-05-20,22.451,於 2026-05-20 移轉 22.451 MWh
大同智能股份有限公司,沅碁光電股份有限公司(沅碁光電_阿蓮國小(四、五、六期)),三福氣體股份有限公司,太陽能,轉供,85.204,2026-03-11,25.141,於 2026-03-11 移轉 25.141 MWh
大同智能股份有限公司,沅碁光電股份有限公司(沅碁光電_阿蓮國小(四、五、六期)),三福氣體股份有限公司,太陽能,轉供,85.204,2026-04-01,25.879,於 2026-04-01 移轉 25.879 MWh
大同智能股份有限公司,沅碁光電股份有限公司(沅碁光電_阿蓮國小(四、五、六期)),三福氣體股份有限公司,太陽能,轉供,85.204,2026-05-20,34.184,於 2026-05-20 移轉 34.184 MWh
大同智能股份有限公司,沅碁光電股份有限公司(沅碁光電_阿蓮國小峰山分校),三福氣體股份有限公司,太陽能,轉供,22.158,2026-03-11,6.551,於 2026-03-11 移轉 6.551 MWh
大同智能股份有限公司,沅碁光電股份有限公司(沅碁光電_阿蓮國小峰山分校),三福氣體股份有限公司,太陽能,轉供,22.158,2026-04-01,6.773,於 2026-04-01 移轉 6.773 MWh
大同智能股份有限公司,沅碁光電股份有限公司(沅碁光電_阿蓮國小峰山分校),三福氣體股份有限公司,太陽能,轉供,22.158,2026-05-20,8.834,於 2026-05-20 移轉 8.834 MWh
大同智能股份有限公司,沅碁光電股份有限公司(沅碁光電_東門國小-屋頂型一期),三福氣體股份有限公司,太陽能,轉供,37.848,2026-03-11,11.209,於 2026-03-11 移轉 11.209 MWh
大同智能股份有限公司,沅碁光電股份有限公司(沅碁光電_東門國小-屋頂型一期),三福氣體股份有限公司,太陽能,轉供,37.848,2026-04-01,11.513,於 2026-04-01 移轉 11.513 MWh
大同智能股份有限公司,沅碁光電股份有限公司(沅碁光電_東門國小-屋頂型一期),三福氣體股份有限公司,太陽能,轉供,37.848,2026-05-20,15.126,於 2026-05-20 移轉 15.126 MWh
大同智能股份有限公司,沅碁光電股份有限公司(沅碁光電_美濃國小(一、二、三期)),三福氣體股份有限公司,太陽能,轉供,117.456,2026-03-11,34.578,於 2026-03-11 移轉 34.578 MWh
大同智能股份有限公司,沅碁光電股份有限公司(沅碁光電_美濃國小(一、二、三期)),三福氣體股份有限公司,太陽能,轉供,117.456,2026-04-01,35.693,於 2026-04-01 移轉 35.693 MWh
大同智能股份有限公司,沅碁光電股份有限公司(沅碁光電_美濃國小(一、二、三期)),三福氣體股份有限公司,太陽能,轉供,117.456,2026-05-20,47.185,於 2026-05-20 移轉 47.185 MWh
大同智能股份有限公司,桐新能源股份有限公司(臺鐵高雄貨運服務所潮州新廠(一期)),藍海氣體工業股份有限公司,太陽能,轉供,355.275,2026-03-11,104.078,於 2026-03-11 移轉 104.078 MWh
大同智能股份有限公司,桐新能源股份有限公司(臺鐵高雄貨運服務所潮州新廠(一期)),藍海氣體工業股份有限公司,太陽能,轉供,355.275,2026-04-01,108.108,於 2026-04-01 移轉 108.108 MWh
大同智能股份有限公司,桐新能源股份有限公司(臺鐵高雄貨運服務所潮州新廠(一期)),藍海氣體工業股份有限公司,太陽能,轉供,355.275,2026-05-20,143.089,於 2026-05-20 移轉 143.089 MWh
大同智能股份有限公司,桐新能源股份有限公司(臺鐵高雄貨運服務所潮州新廠(二期)),三福氣體股份有限公司,太陽能,轉供,896.079,2026-03-11,268.459,於 2026-03-11 移轉 268.459 MWh
大同智能股份有限公司,桐新能源股份有限公司(臺鐵高雄貨運服務所潮州新廠(二期)),三福氣體股份有限公司,太陽能,轉供,896.079,2026-04-01,269.643,於 2026-04-01 移轉 269.643 MWh
大同智能股份有限公司,桐新能源股份有限公司(臺鐵高雄貨運服務所潮州新廠(二期)),三福氣體股份有限公司,太陽能,轉供,896.079,2026-05-20,357.977,於 2026-05-20 移轉 357.977 MWh
大同智能股份有限公司,尚新能源股份有限公司(台中市屋頂型太陽光電系統-后里國中(擴充)),中部汽車股份有限公司,太陽能,轉供,39.014,2026-03-11,20.85,於 2026-03-11 移轉 20.85 MWh
大同智能股份有限公司,尚新能源股份有限公司(台中市屋頂型太陽光電系統-后里國中(擴充)),中部汽車股份有限公司,太陽能,轉供,39.014,2026-04-01,18.162,於 2026-04-01 移轉 18.162 MWh
大同智能股份有限公司,尚新能源股份有限公司(台中市屋頂型太陽光電系統-后里國中(擴充)),中部汽車股份有限公司,太陽能,轉供,39.014,2026-05-20,0.002,於 2026-05-20 移轉 0.002 MWh
大同智能股份有限公司,雅博國際股份有限公司(雅博國際_外埔農會),中部汽車股份有限公司,太陽能,轉供,9.177,2026-05-20,9.177,於 2026-05-20 移轉 9.177 MWh
大同智能股份有限公司,雅博國際股份有限公司(雅博國際_外埔農會),滙豐（台灣）商業銀行股份有限公司,太陽能,轉供,8.91,2026-03-05,2.332,於 2026-03-05 移轉 2.332 MWh
大同智能股份有限公司,雅博國際股份有限公司(雅博國際_外埔農會),滙豐（台灣）商業銀行股份有限公司,太陽能,轉供,8.91,2026-04-01,4.486,於 2026-04-01 移轉 4.486 MWh
大同智能股份有限公司,雅博國際股份有限公司(雅博國際_外埔農會),滙豐（台灣）商業銀行股份有限公司,太陽能,轉供,8.91,2026-05-13,2.092,於 2026-05-13 移轉 2.092 MWh
大同智能股份有限公司,雅博國際股份有限公司(雅博國際_日富塑膠),中部汽車股份有限公司,太陽能,轉供,9.053,2026-05-20,9.053,於 2026-05-20 移轉 9.053 MWh
大同智能股份有限公司,雅博國際股份有限公司(雅博國際_日富塑膠),滙豐（台灣）商業銀行股份有限公司,太陽能,轉供,9.377,2026-03-05,2.543,於 2026-03-05 移轉 2.543 MWh
大同智能股份有限公司,雅博國際股份有限公司(雅博國際_日富塑膠),滙豐（台灣）商業銀行股份有限公司,太陽能,轉供,9.377,2026-04-01,4.579,於 2026-04-01 移轉 4.579 MWh
大同智能股份有限公司,雅博國際股份有限公司(雅博國際_日富塑膠),滙豐（台灣）商業銀行股份有限公司,太陽能,轉供,9.377,2026-05-13,2.255,於 2026-05-13 移轉 2.255 MWh
大同智能股份有限公司,大同股份有限公司(南投縣屋頂型太陽光電系統-內政部消防署訓練中心(一期)),三福氣體股份有限公司,太陽能,轉供,16.853,2026-04-01,10.383,於 2026-04-01 移轉 10.383 MWh
大同智能股份有限公司,大同股份有限公司(南投縣屋頂型太陽光電系統-內政部消防署訓練中心(一期)),三福氣體股份有限公司,太陽能,轉供,16.853,2026-05-20,6.47,於 2026-05-20 移轉 6.47 MWh
大同智能股份有限公司,大同股份有限公司(南投縣屋頂型太陽光電系統-南投內政部消防署訓練中心(四期)),三福氣體股份有限公司,太陽能,轉供,128.054,2026-04-01,78.361,於 2026-04-01 移轉 78.361 MWh
大同智能股份有限公司,大同股份有限公司(南投縣屋頂型太陽光電系統-南投內政部消防署訓練中心(四期)),三福氣體股份有限公司,太陽能,轉供,128.054,2026-05-20,49.693,於 2026-05-20 移轉 49.693 MWh
大同智能股份有限公司,大同股份有限公司(南投縣屋頂型太陽光電系統-南投內政部消防署(三期)),三福氣體股份有限公司,太陽能,轉供,64.628,2026-04-01,39.742,於 2026-04-01 移轉 39.742 MWh
大同智能股份有限公司,大同股份有限公司(南投縣屋頂型太陽光電系統-南投內政部消防署(三期)),三福氣體股份有限公司,太陽能,轉供,64.628,2026-05-20,24.886,於 2026-05-20 移轉 24.886 MWh
大同智能股份有限公司,大同股份有限公司(南投縣屋頂型太陽光電系統-南投內政部消防署(二期)),三福氣體股份有限公司,太陽能,轉供,58.295,2026-04-01,35.693,於 2026-04-01 移轉 35.693 MWh
大同智能股份有限公司,大同股份有限公司(南投縣屋頂型太陽光電系統-南投內政部消防署(二期)),三福氣體股份有限公司,太陽能,轉供,58.295,2026-05-20,22.602,於 2026-05-20 移轉 22.602 MWh
大自然能源電業股份有限公司,佳冬能源股份有限公司(佳冬第一期太陽光電發電廠),聯詠科技股份有限公司,太陽能,轉供,606.255,2026-03-04,189.071,於 2026-03-04 移轉 189.071 MWh
大自然能源電業股份有限公司,佳冬能源股份有限公司(佳冬第一期太陽光電發電廠),聯詠科技股份有限公司,太陽能,轉供,606.255,2026-04-01,190.562,於 2026-04-01 移轉 190.562 MWh
大自然能源電業股份有限公司,佳冬能源股份有限公司(佳冬第一期太陽光電發電廠),聯詠科技股份有限公司,太陽能,轉供,606.255,2026-05-20,226.622,於 2026-05-20 移轉 226.622 MWh
大自然能源電業股份有限公司,恆升能源有限公司(嘉義義竹-1881.6KW),野寶科技股份有限公司,太陽能,轉供,20.385,2026-03-04,6.052,於 2026-03-04 移轉 6.052 MWh
大自然能源電業股份有限公司,恆升能源有限公司(嘉義義竹-1881.6KW),野寶科技股份有限公司,太陽能,轉供,20.385,2026-04-01,8.324,於 2026-04-01 移轉 8.324 MWh
大自然能源電業股份有限公司,恆升能源有限公司(嘉義義竹-1881.6KW),野寶科技股份有限公司,太陽能,轉供,20.385,2026-05-20,6.009,於 2026-05-20 移轉 6.009 MWh
大自然能源電業股份有限公司,恆升能源有限公司(嘉義義竹-1881.6KW),新世紀資通股份有限公司,太陽能,轉供,0.005,2026-03-04,0.005,於 2026-03-04 移轉 0.005 MWh
大自然能源電業股份有限公司,恆升能源有限公司(嘉義義竹-1881.6KW),南山人壽保險股份有限公司,太陽能,轉供,50.263,2026-03-04,15.274,於 2026-03-04 移轉 15.274 MWh
大自然能源電業股份有限公司,恆升能源有限公司(嘉義義竹-1881.6KW),南山人壽保險股份有限公司,太陽能,轉供,50.263,2026-04-01,12.549,於 2026-04-01 移轉 12.549 MWh
大自然能源電業股份有限公司,恆升能源有限公司(嘉義義竹-1881.6KW),南山人壽保險股份有限公司,太陽能,轉供,50.263,2026-05-20,22.44,於 2026-05-20 移轉 22.44 MWh
大自然能源電業股份有限公司,恆升能源有限公司(嘉義義竹-1881.6KW),聯詠科技股份有限公司,太陽能,轉供,444.599,2026-03-04,123.773,於 2026-03-04 移轉 123.773 MWh
大自然能源電業股份有限公司,恆升能源有限公司(嘉義義竹-1881.6KW),聯詠科技股份有限公司,太陽能,轉供,444.599,2026-04-01,130.984,於 2026-04-01 移轉 130.984 MWh
大自然能源電業股份有限公司,恆升能源有限公司(嘉義義竹-1881.6KW),聯詠科技股份有限公司,太陽能,轉供,444.599,2026-05-20,189.842,於 2026-05-20 移轉 189.842 MWh
大自然能源電業股份有限公司,恆升能源有限公司(嘉義義竹-1881.6KW),臺灣銀行股份有限公司,太陽能,轉供,0.001,2026-03-04,0.001,於 2026-03-04 移轉 0.001 MWh
大自然能源電業股份有限公司,恆升能源有限公司(嘉義義竹-1881.6KW),宏匯新北股份有限公司,太陽能,轉供,53.397,2026-03-04,15.485,於 2026-03-04 移轉 15.485 MWh
大自然能源電業股份有限公司,恆升能源有限公司(嘉義義竹-1881.6KW),宏匯新北股份有限公司,太陽能,轉供,53.397,2026-04-01,21.214,於 2026-04-01 移轉 21.214 MWh
大自然能源電業股份有限公司,恆升能源有限公司(嘉義義竹-1881.6KW),宏匯新北股份有限公司,太陽能,轉供,53.397,2026-05-20,16.698,於 2026-05-20 移轉 16.698 MWh
大自然能源電業股份有限公司,凱勤能源股份有限公司(勤益物流園區一-三期),力旺電子股份有限公司,太陽能,轉供,42,2026-04-22,42,於 2026-04-22 移轉 42 MWh
大自然能源電業股份有限公司,凱勤能源股份有限公司(勤益物流園區一-三期),聯詠科技股份有限公司竹北分公司,太陽能,轉供,31.647,2026-05-20,31.647,於 2026-05-20 移轉 31.647 MWh
大自然能源電業股份有限公司,福欣金屬有限公司(NP0610C002福欣金屬(福欣)),台灣積體電路製造股份有限公司,太陽能,轉供,113.044,2026-04-01,35.57,於 2026-04-01 移轉 35.57 MWh
大自然能源電業股份有限公司,福欣金屬有限公司(NP0610C002福欣金屬(福欣)),台灣積體電路製造股份有限公司,太陽能,轉供,113.044,2026-04-29,8.884,於 2026-04-29 移轉 8.884 MWh
大自然能源電業股份有限公司,福欣金屬有限公司(NP0610C002福欣金屬(福欣)),台灣積體電路製造股份有限公司,太陽能,轉供,113.044,2026-05-13,25.6,於 2026-05-13 移轉 25.6 MWh
大自然能源電業股份有限公司,福欣金屬有限公司(NP0610C002福欣金屬(福欣)),台灣積體電路製造股份有限公司,太陽能,轉供,113.044,2026-05-20,42.99,於 2026-05-20 移轉 42.99 MWh
大自然能源電業股份有限公司,承達實業有限公司(NP181006C001承達實業(承達)),台灣積體電路製造股份有限公司,太陽能,轉供,36.804,2026-04-01,7.793,於 2026-04-01 移轉 7.793 MWh
大自然能源電業股份有限公司,承達實業有限公司(NP181006C001承達實業(承達)),台灣積體電路製造股份有限公司,太陽能,轉供,36.804,2026-04-29,2.812,於 2026-04-29 移轉 2.812 MWh
大自然能源電業股份有限公司,承達實業有限公司(NP181006C001承達實業(承達)),台灣積體電路製造股份有限公司,太陽能,轉供,36.804,2026-05-13,10.572,於 2026-05-13 移轉 10.572 MWh
大自然能源電業股份有限公司,承達實業有限公司(NP181006C001承達實業(承達)),台灣積體電路製造股份有限公司,太陽能,轉供,36.804,2026-05-20,15.627,於 2026-05-20 移轉 15.627 MWh
大自然能源電業股份有限公司,佳益能源股份有限公司(NP041004C001佳益能源(伍享)),南山人壽保險股份有限公司,太陽能,轉供,54.22,2026-03-04,16.363,於 2026-03-04 移轉 16.363 MWh
大自然能源電業股份有限公司,佳益能源股份有限公司(NP041004C001佳益能源(伍享)),南山人壽保險股份有限公司,太陽能,轉供,54.22,2026-04-01,16.676,於 2026-04-01 移轉 16.676 MWh
大自然能源電業股份有限公司,佳益能源股份有限公司(NP041004C001佳益能源(伍享)),南山人壽保險股份有限公司,太陽能,轉供,54.22,2026-05-20,21.181,於 2026-05-20 移轉 21.181 MWh
大自然能源電業股份有限公司,佳益能源股份有限公司(NP191004C008佳益能源(躍羚)),南山人壽保險股份有限公司,太陽能,轉供,49.696,2026-03-04,15.914,於 2026-03-04 移轉 15.914 MWh
大自然能源電業股份有限公司,佳益能源股份有限公司(NP191004C008佳益能源(躍羚)),南山人壽保險股份有限公司,太陽能,轉供,49.696,2026-04-01,14.687,於 2026-04-01 移轉 14.687 MWh
大自然能源電業股份有限公司,佳益能源股份有限公司(NP191004C008佳益能源(躍羚)),南山人壽保險股份有限公司,太陽能,轉供,49.696,2026-05-20,19.095,於 2026-05-20 移轉 19.095 MWh
大自然能源電業股份有限公司,佳益能源股份有限公司(NP101004C006佳益能源(六曜)),聯詠科技股份有限公司竹北分公司,太陽能,轉供,13.435,2026-05-20,13.435,於 2026-05-20 移轉 13.435 MWh
大自然能源電業股份有限公司,佳益能源股份有限公司(NP101004C006佳益能源(六曜)),南港軟體工業園區二期管理委員會,太陽能,轉供,43.386,2026-03-04,37.612,於 2026-03-04 移轉 37.612 MWh
大自然能源電業股份有限公司,佳益能源股份有限公司(NP101004C006佳益能源(六曜)),南港軟體工業園區二期管理委員會,太陽能,轉供,43.386,2026-04-01,5.774,於 2026-04-01 移轉 5.774 MWh
大自然能源電業股份有限公司,佳益能源股份有限公司(NP091004C009佳益能源(良鎮)),南山人壽保險股份有限公司,太陽能,轉供,52.792,2026-05-20,52.792,於 2026-05-20 移轉 52.792 MWh
大自然能源電業股份有限公司,佳益能源股份有限公司(NP041004C003佳益能源(嘉聯益一)),新世紀資通股份有限公司,太陽能,轉供,35.798,2026-03-11,35.798,於 2026-03-11 移轉 35.798 MWh
大自然能源電業股份有限公司,佳益能源股份有限公司(NP041004C004佳益能源(嘉聯益二)),南山人壽保險股份有限公司,太陽能,轉供,96.137,2026-03-04,29.763,於 2026-03-04 移轉 29.763 MWh
大自然能源電業股份有限公司,佳益能源股份有限公司(NP041004C004佳益能源(嘉聯益二)),南山人壽保險股份有限公司,太陽能,轉供,96.137,2026-04-01,27.341,於 2026-04-01 移轉 27.341 MWh
大自然能源電業股份有限公司,佳益能源股份有限公司(NP041004C004佳益能源(嘉聯益二)),南山人壽保險股份有限公司,太陽能,轉供,96.137,2026-05-20,39.033,於 2026-05-20 移轉 39.033 MWh
大自然能源電業股份有限公司,佳益能源股份有限公司(NP041004C005佳益能源(嘉聯益三)),南山人壽保險股份有限公司,太陽能,轉供,51.554,2026-03-04,16.065,於 2026-03-04 移轉 16.065 MWh
大自然能源電業股份有限公司,佳益能源股份有限公司(NP041004C005佳益能源(嘉聯益三)),南山人壽保險股份有限公司,太陽能,轉供,51.554,2026-04-01,15.308,於 2026-04-01 移轉 15.308 MWh
大自然能源電業股份有限公司,佳益能源股份有限公司(NP041004C005佳益能源(嘉聯益三)),南山人壽保險股份有限公司,太陽能,轉供,51.554,2026-05-20,20.181,於 2026-05-20 移轉 20.181 MWh
大自然能源電業股份有限公司,佳益能源股份有限公司(NP121004C007佳益能源(枋山)),新世紀資通股份有限公司,太陽能,轉供,8.066,2026-03-11,8.066,於 2026-03-11 移轉 8.066 MWh
大自然能源電業股份有限公司,佳益能源股份有限公司(NP101004C002佳益能源(冠東)),新世紀資通股份有限公司,太陽能,轉供,27.206,2026-03-11,27.206,於 2026-03-11 移轉 27.206 MWh
大自然能源電業股份有限公司,星鋐能源科技有限公司(NP121009C001星鋐),南山人壽保險股份有限公司,太陽能,轉供,100.931,2026-03-04,33.473,於 2026-03-04 移轉 33.473 MWh
大自然能源電業股份有限公司,星鋐能源科技有限公司(NP121009C001星鋐),南山人壽保險股份有限公司,太陽能,轉供,100.931,2026-04-01,27.735,於 2026-04-01 移轉 27.735 MWh
大自然能源電業股份有限公司,星鋐能源科技有限公司(NP121009C001星鋐),南山人壽保險股份有限公司,太陽能,轉供,100.931,2026-05-20,39.723,於 2026-05-20 移轉 39.723 MWh
大自然能源電業股份有限公司,向陽能源科技股份有限公司 (NP201005C002向陽能源(佳朋)),新世紀資通股份有限公司,太陽能,轉供,92.896,2026-03-04,0.004,於 2026-03-04 移轉 0.004 MWh
大自然能源電業股份有限公司,向陽能源科技股份有限公司 (NP201005C002向陽能源(佳朋)),新世紀資通股份有限公司,太陽能,轉供,92.896,2026-03-11,45.868,於 2026-03-11 移轉 45.868 MWh
大自然能源電業股份有限公司,向陽能源科技股份有限公司 (NP201005C002向陽能源(佳朋)),新世紀資通股份有限公司,太陽能,轉供,92.896,2026-04-01,47.024,於 2026-04-01 移轉 47.024 MWh
大自然能源電業股份有限公司,向陽能源科技股份有限公司 (NP0510C003向陽能源(貴舍)),南山人壽保險股份有限公司,太陽能,轉供,79.543,2026-03-04,22.645,於 2026-03-04 移轉 22.645 MWh
大自然能源電業股份有限公司,向陽能源科技股份有限公司 (NP0510C003向陽能源(貴舍)),南山人壽保險股份有限公司,太陽能,轉供,79.543,2026-04-01,24.134,於 2026-04-01 移轉 24.134 MWh
大自然能源電業股份有限公司,向陽能源科技股份有限公司 (NP0510C003向陽能源(貴舍)),南山人壽保險股份有限公司,太陽能,轉供,79.543,2026-05-20,32.764,於 2026-05-20 移轉 32.764 MWh
大自然能源電業股份有限公司,向陽能源科技股份有限公司 (NP081005C001向陽能源(白成元)),新世紀資通股份有限公司,太陽能,轉供,96.529,2026-03-11,46.739,於 2026-03-11 移轉 46.739 MWh
大自然能源電業股份有限公司,向陽能源科技股份有限公司 (NP081005C001向陽能源(白成元)),新世紀資通股份有限公司,太陽能,轉供,96.529,2026-04-01,49.79,於 2026-04-01 移轉 49.79 MWh
大自然能源電業股份有限公司,錦軒能源有限公司(NP081008C004錦軒能源(益碁橡膠)),新世紀資通股份有限公司,太陽能,轉供,0.001,2026-03-04,0.001,於 2026-03-04 移轉 0.001 MWh
大自然能源電業股份有限公司,錦軒能源有限公司(NP081008C004錦軒能源(益碁橡膠)),聯詠科技股份有限公司,太陽能,轉供,230.666,2026-05-20,230.666,於 2026-05-20 移轉 230.666 MWh
大自然能源電業股份有限公司,錦軒能源有限公司(NP041008C003錦軒能源(優頻科技)),野寶科技股份有限公司,太陽能,轉供,5.368,2026-03-04,1.732,於 2026-03-04 移轉 1.732 MWh
大自然能源電業股份有限公司,錦軒能源有限公司(NP041008C003錦軒能源(優頻科技)),野寶科技股份有限公司,太陽能,轉供,5.368,2026-04-01,2.134,於 2026-04-01 移轉 2.134 MWh
大自然能源電業股份有限公司,錦軒能源有限公司(NP041008C003錦軒能源(優頻科技)),野寶科技股份有限公司,太陽能,轉供,5.368,2026-05-20,1.502,於 2026-05-20 移轉 1.502 MWh
大自然能源電業股份有限公司,錦軒能源有限公司(NP041008C003錦軒能源(優頻科技)),南山人壽保險股份有限公司,太陽能,轉供,12.534,2026-03-04,3.726,於 2026-03-04 移轉 3.726 MWh
大自然能源電業股份有限公司,錦軒能源有限公司(NP041008C003錦軒能源(優頻科技)),南山人壽保險股份有限公司,太陽能,轉供,12.534,2026-04-01,3.268,於 2026-04-01 移轉 3.268 MWh
大自然能源電業股份有限公司,錦軒能源有限公司(NP041008C003錦軒能源(優頻科技)),南山人壽保險股份有限公司,太陽能,轉供,12.534,2026-05-20,5.54,於 2026-05-20 移轉 5.54 MWh
大自然能源電業股份有限公司,錦軒能源有限公司(NP041008C003錦軒能源(優頻科技)),聯詠科技股份有限公司,太陽能,轉供,115.372,2026-03-04,33.201,於 2026-03-04 移轉 33.201 MWh
大自然能源電業股份有限公司,錦軒能源有限公司(NP041008C003錦軒能源(優頻科技)),聯詠科技股份有限公司,太陽能,轉供,115.372,2026-04-01,34.639,於 2026-04-01 移轉 34.639 MWh
大自然能源電業股份有限公司,錦軒能源有限公司(NP041008C003錦軒能源(優頻科技)),聯詠科技股份有限公司,太陽能,轉供,115.372,2026-05-20,47.532,於 2026-05-20 移轉 47.532 MWh
大自然能源電業股份有限公司,錦軒能源有限公司(NP041008C003錦軒能源(優頻科技)),宏匯新北股份有限公司,太陽能,轉供,12.165,2026-03-04,3.491,於 2026-03-04 移轉 3.491 MWh
大自然能源電業股份有限公司,錦軒能源有限公司(NP041008C003錦軒能源(優頻科技)),宏匯新北股份有限公司,太陽能,轉供,12.165,2026-04-01,4.98,於 2026-04-01 移轉 4.98 MWh
大自然能源電業股份有限公司,錦軒能源有限公司(NP041008C003錦軒能源(優頻科技)),宏匯新北股份有限公司,太陽能,轉供,12.165,2026-05-20,3.694,於 2026-05-20 移轉 3.694 MWh
大自然能源電業股份有限公司,錦軒能源有限公司(NP171008C001錦軒能源(僑建國小)),南山人壽保險股份有限公司,太陽能,轉供,19.817,2026-03-04,6.233,於 2026-03-04 移轉 6.233 MWh
大自然能源電業股份有限公司,錦軒能源有限公司(NP171008C001錦軒能源(僑建國小)),南山人壽保險股份有限公司,太陽能,轉供,19.817,2026-04-01,5.793,於 2026-04-01 移轉 5.793 MWh
大自然能源電業股份有限公司,錦軒能源有限公司(NP171008C001錦軒能源(僑建國小)),南山人壽保險股份有限公司,太陽能,轉供,19.817,2026-05-20,7.791,於 2026-05-20 移轉 7.791 MWh
大自然能源電業股份有限公司,錦軒能源有限公司(NP171008C002錦軒能源(鳳鳴國中)),南山人壽保險股份有限公司,太陽能,轉供,21.087,2026-03-04,6.794,於 2026-03-04 移轉 6.794 MWh
大自然能源電業股份有限公司,錦軒能源有限公司(NP171008C002錦軒能源(鳳鳴國中)),南山人壽保險股份有限公司,太陽能,轉供,21.087,2026-04-01,6.353,於 2026-04-01 移轉 6.353 MWh
大自然能源電業股份有限公司,錦軒能源有限公司(NP171008C002錦軒能源(鳳鳴國中)),南山人壽保險股份有限公司,太陽能,轉供,21.087,2026-05-20,7.94,於 2026-05-20 移轉 7.94 MWh
大自然能源電業股份有限公司,錦軒能源有限公司(NP041008C005錦軒能源(惠芳)),南山人壽保險股份有限公司,太陽能,轉供,24.753,2026-03-04,7.354,於 2026-03-04 移轉 7.354 MWh
大自然能源電業股份有限公司,錦軒能源有限公司(NP041008C005錦軒能源(惠芳)),南山人壽保險股份有限公司,太陽能,轉供,24.753,2026-04-01,7.304,於 2026-04-01 移轉 7.304 MWh
大自然能源電業股份有限公司,錦軒能源有限公司(NP041008C005錦軒能源(惠芳)),南山人壽保險股份有限公司,太陽能,轉供,24.753,2026-05-20,10.095,於 2026-05-20 移轉 10.095 MWh
大自然能源電業股份有限公司,卓越能源有限公司(NP081010C001卓越),新世紀資通股份有限公司,太陽能,轉供,0.001,2026-03-04,0.001,於 2026-03-04 移轉 0.001 MWh
大自然能源電業股份有限公司,卓越能源有限公司(NP081010C001卓越),南港軟體工業園區二期管理委員會,太陽能,轉供,182.577,2026-03-04,182.577,於 2026-03-04 移轉 182.577 MWh
大自然能源電業股份有限公司,錦軒能源有限公司(NP081008C006錦軒能源(蔡誌忠)),新世紀資通股份有限公司,太陽能,轉供,16.857,2026-03-11,8.144,於 2026-03-11 移轉 8.144 MWh
大自然能源電業股份有限公司,錦軒能源有限公司(NP081008C006錦軒能源(蔡誌忠)),新世紀資通股份有限公司,太陽能,轉供,16.857,2026-04-01,8.713,於 2026-04-01 移轉 8.713 MWh
大自然能源電業股份有限公司,光普實業股份有限公司(NP201012C001光普實業(海埤)),野寶科技股份有限公司,太陽能,轉供,7.779,2026-03-04,3.739,於 2026-03-04 移轉 3.739 MWh
大自然能源電業股份有限公司,光普實業股份有限公司(NP201012C001光普實業(海埤)),野寶科技股份有限公司,太陽能,轉供,7.779,2026-04-01,0.002,於 2026-04-01 移轉 0.002 MWh
大自然能源電業股份有限公司,光普實業股份有限公司(NP201012C001光普實業(海埤)),野寶科技股份有限公司,太陽能,轉供,7.779,2026-05-20,4.038,於 2026-05-20 移轉 4.038 MWh
大自然能源電業股份有限公司,光普實業股份有限公司(NP201012C001光普實業(海埤)),南山人壽保險股份有限公司,太陽能,轉供,27.301,2026-03-04,10.451,於 2026-03-04 移轉 10.451 MWh
大自然能源電業股份有限公司,光普實業股份有限公司(NP201012C001光普實業(海埤)),南山人壽保險股份有限公司,太陽能,轉供,27.301,2026-04-01,2.479,於 2026-04-01 移轉 2.479 MWh
大自然能源電業股份有限公司,光普實業股份有限公司(NP201012C001光普實業(海埤)),南山人壽保險股份有限公司,太陽能,轉供,27.301,2026-05-20,14.371,於 2026-05-20 移轉 14.371 MWh
大自然能源電業股份有限公司,光普實業股份有限公司(NP201012C001光普實業(海埤)),力旺電子股份有限公司,太陽能,轉供,0.9,2026-03-04,0.769,於 2026-03-04 移轉 0.769 MWh
大自然能源電業股份有限公司,光普實業股份有限公司(NP201012C001光普實業(海埤)),力旺電子股份有限公司,太陽能,轉供,0.9,2026-04-01,0.131,於 2026-04-01 移轉 0.131 MWh
大自然能源電業股份有限公司,光普實業股份有限公司(NP201012C001光普實業(海埤)),聯詠科技股份有限公司,太陽能,轉供,211.323,2026-03-04,72.474,於 2026-03-04 移轉 72.474 MWh
大自然能源電業股份有限公司,光普實業股份有限公司(NP201012C001光普實業(海埤)),聯詠科技股份有限公司,太陽能,轉供,211.323,2026-04-01,16.046,於 2026-04-01 移轉 16.046 MWh
大自然能源電業股份有限公司,光普實業股份有限公司(NP201012C001光普實業(海埤)),聯詠科技股份有限公司,太陽能,轉供,211.323,2026-05-20,122.803,於 2026-05-20 移轉 122.803 MWh
大自然能源電業股份有限公司,光普實業股份有限公司(NP201012C001光普實業(海埤)),宏匯新北股份有限公司,太陽能,轉供,19.066,2026-03-04,9.926,於 2026-03-04 移轉 9.926 MWh
大自然能源電業股份有限公司,光普實業股份有限公司(NP201012C001光普實業(海埤)),宏匯新北股份有限公司,太陽能,轉供,19.066,2026-05-20,9.14,於 2026-05-20 移轉 9.14 MWh
大自然能源電業股份有限公司,光普實業股份有限公司(NP121012C002周繼光(1038)),野寶科技股份有限公司,太陽能,轉供,1.076,2026-03-04,0.326,於 2026-03-04 移轉 0.326 MWh
大自然能源電業股份有限公司,光普實業股份有限公司(NP121012C002周繼光(1038)),野寶科技股份有限公司,太陽能,轉供,1.076,2026-04-01,0.429,於 2026-04-01 移轉 0.429 MWh
大自然能源電業股份有限公司,光普實業股份有限公司(NP121012C002周繼光(1038)),野寶科技股份有限公司,太陽能,轉供,1.076,2026-05-20,0.321,於 2026-05-20 移轉 0.321 MWh
大自然能源電業股份有限公司,光普實業股份有限公司(NP121012C002周繼光(1038)),南山人壽保險股份有限公司,太陽能,轉供,2.665,2026-03-04,0.867,於 2026-03-04 移轉 0.867 MWh
大自然能源電業股份有限公司,光普實業股份有限公司(NP121012C002周繼光(1038)),南山人壽保險股份有限公司,太陽能,轉供,2.665,2026-04-01,0.65,於 2026-04-01 移轉 0.65 MWh
大自然能源電業股份有限公司,光普實業股份有限公司(NP121012C002周繼光(1038)),南山人壽保險股份有限公司,太陽能,轉供,2.665,2026-05-20,1.148,於 2026-05-20 移轉 1.148 MWh
大自然能源電業股份有限公司,光普實業股份有限公司(NP121012C002周繼光(1038)),聯詠科技股份有限公司,太陽能,轉供,23.034,2026-03-04,6.798,於 2026-03-04 移轉 6.798 MWh
大自然能源電業股份有限公司,光普實業股份有限公司(NP121012C002周繼光(1038)),聯詠科技股份有限公司,太陽能,轉供,23.034,2026-04-01,6.715,於 2026-04-01 移轉 6.715 MWh
大自然能源電業股份有限公司,光普實業股份有限公司(NP121012C002周繼光(1038)),聯詠科技股份有限公司,太陽能,轉供,23.034,2026-05-20,9.521,於 2026-05-20 移轉 9.521 MWh
大自然能源電業股份有限公司,光普實業股份有限公司(NP121012C002周繼光(1038)),宏匯新北股份有限公司,太陽能,轉供,2.846,2026-03-04,0.787,於 2026-03-04 移轉 0.787 MWh
大自然能源電業股份有限公司,光普實業股份有限公司(NP121012C002周繼光(1038)),宏匯新北股份有限公司,太陽能,轉供,2.846,2026-04-01,1.198,於 2026-04-01 移轉 1.198 MWh
大自然能源電業股份有限公司,光普實業股份有限公司(NP121012C002周繼光(1038)),宏匯新北股份有限公司,太陽能,轉供,2.846,2026-05-20,0.861,於 2026-05-20 移轉 0.861 MWh
大自然能源電業股份有限公司,光普實業股份有限公司(NP121012C003周繼光(1039)),野寶科技股份有限公司,太陽能,轉供,1.188,2026-03-04,0.348,於 2026-03-04 移轉 0.348 MWh
大自然能源電業股份有限公司,光普實業股份有限公司(NP121012C003周繼光(1039)),野寶科技股份有限公司,太陽能,轉供,1.188,2026-04-01,0.469,於 2026-04-01 移轉 0.469 MWh
大自然能源電業股份有限公司,光普實業股份有限公司(NP121012C003周繼光(1039)),野寶科技股份有限公司,太陽能,轉供,1.188,2026-05-20,0.371,於 2026-05-20 移轉 0.371 MWh
大自然能源電業股份有限公司,光普實業股份有限公司(NP121012C003周繼光(1039)),南山人壽保險股份有限公司,太陽能,轉供,2.898,2026-03-04,0.952,於 2026-03-04 移轉 0.952 MWh
大自然能源電業股份有限公司,光普實業股份有限公司(NP121012C003周繼光(1039)),南山人壽保險股份有限公司,太陽能,轉供,2.898,2026-04-01,0.716,於 2026-04-01 移轉 0.716 MWh
大自然能源電業股份有限公司,光普實業股份有限公司(NP121012C003周繼光(1039)),南山人壽保險股份有限公司,太陽能,轉供,2.898,2026-05-20,1.23,於 2026-05-20 移轉 1.23 MWh
大自然能源電業股份有限公司,光普實業股份有限公司(NP121012C003周繼光(1039)),聯詠科技股份有限公司,太陽能,轉供,25.009,2026-03-04,7.443,於 2026-03-04 移轉 7.443 MWh
大自然能源電業股份有限公司,光普實業股份有限公司(NP121012C003周繼光(1039)),聯詠科技股份有限公司,太陽能,轉供,25.009,2026-04-01,7.36,於 2026-04-01 移轉 7.36 MWh
大自然能源電業股份有限公司,光普實業股份有限公司(NP121012C003周繼光(1039)),聯詠科技股份有限公司,太陽能,轉供,25.009,2026-05-20,10.206,於 2026-05-20 移轉 10.206 MWh
大自然能源電業股份有限公司,光普實業股份有限公司(NP121012C003周繼光(1039)),宏匯新北股份有限公司,太陽能,轉供,3.111,2026-03-04,0.847,於 2026-03-04 移轉 0.847 MWh
大自然能源電業股份有限公司,光普實業股份有限公司(NP121012C003周繼光(1039)),宏匯新北股份有限公司,太陽能,轉供,3.111,2026-04-01,1.29,於 2026-04-01 移轉 1.29 MWh
大自然能源電業股份有限公司,光普實業股份有限公司(NP121012C003周繼光(1039)),宏匯新北股份有限公司,太陽能,轉供,3.111,2026-05-20,0.974,於 2026-05-20 移轉 0.974 MWh
大自然能源電業股份有限公司,億事達環保科技有限公司(NP121011C003林麗娟(58-12)),台灣積體電路製造股份有限公司,太陽能,轉供,10.922,2026-04-01,5.497,於 2026-04-01 移轉 5.497 MWh
大自然能源電業股份有限公司,億事達環保科技有限公司(NP121011C003林麗娟(58-12)),台灣積體電路製造股份有限公司,太陽能,轉供,10.922,2026-04-29,5.425,於 2026-04-29 移轉 5.425 MWh
大自然能源電業股份有限公司,億事達環保科技有限公司(NP121011C002林麗娟(58-13)),台灣積體電路製造股份有限公司,太陽能,轉供,15.218,2026-04-01,7.692,於 2026-04-01 移轉 7.692 MWh
大自然能源電業股份有限公司,億事達環保科技有限公司(NP121011C002林麗娟(58-13)),台灣積體電路製造股份有限公司,太陽能,轉供,15.218,2026-04-29,7.526,於 2026-04-29 移轉 7.526 MWh
大自然能源電業股份有限公司,億事達環保科技有限公司(NP101011C001光普實業(豪金)),台灣積體電路製造股份有限公司,太陽能,轉供,12.515,2026-04-01,6.229,於 2026-04-01 移轉 6.229 MWh
大自然能源電業股份有限公司,億事達環保科技有限公司(NP101011C001光普實業(豪金)),台灣積體電路製造股份有限公司,太陽能,轉供,12.515,2026-04-29,6.286,於 2026-04-29 移轉 6.286 MWh
大自然能源電業股份有限公司,洪偉能源有限公司(NP121013C001(洪偉-漢晶)),南山人壽保險股份有限公司,太陽能,轉供,12.394,2026-03-04,8.926,於 2026-03-04 移轉 8.926 MWh
大自然能源電業股份有限公司,洪偉能源有限公司(NP121013C001(洪偉-漢晶)),南山人壽保險股份有限公司,太陽能,轉供,12.394,2026-04-01,3.468,於 2026-04-01 移轉 3.468 MWh
大自然能源電業股份有限公司,洪偉能源有限公司(NP121013C001(洪偉-漢晶)),力旺電子股份有限公司,太陽能,轉供,7.551,2026-03-04,0.004,於 2026-03-04 移轉 0.004 MWh
大自然能源電業股份有限公司,洪偉能源有限公司(NP121013C001(洪偉-漢晶)),力旺電子股份有限公司,太陽能,轉供,7.551,2026-04-22,7.547,於 2026-04-22 移轉 7.547 MWh
大自然能源電業股份有限公司,韋峰能源股份有限公司(NP142014C001(利嘉小水力)),力旺電子股份有限公司,水力能,轉供,0.005,2026-03-04,0.005,於 2026-03-04 移轉 0.005 MWh
大自然能源電業股份有限公司,韋峰能源股份有限公司(NP142014C001(利嘉小水力)),臺灣銀行股份有限公司,水力能,轉供,199.627,2026-03-04,74.529,於 2026-03-04 移轉 74.529 MWh
大自然能源電業股份有限公司,韋峰能源股份有限公司(NP142014C001(利嘉小水力)),臺灣銀行股份有限公司,水力能,轉供,199.627,2026-04-01,64.359,於 2026-04-01 移轉 64.359 MWh
大自然能源電業股份有限公司,韋峰能源股份有限公司(NP142014C001(利嘉小水力)),臺灣銀行股份有限公司,水力能,轉供,199.627,2026-05-20,60.739,於 2026-05-20 移轉 60.739 MWh
大自然能源電業股份有限公司,韋峰能源股份有限公司(NP142014C001(利嘉小水力)),大自然能源電業股份有限公司,水力能,轉供,0.575,2026-03-04,0.177,於 2026-03-04 移轉 0.177 MWh
大自然能源電業股份有限公司,韋峰能源股份有限公司(NP142014C001(利嘉小水力)),大自然能源電業股份有限公司,水力能,轉供,0.575,2026-04-01,0.157,於 2026-04-01 移轉 0.157 MWh
大自然能源電業股份有限公司,韋峰能源股份有限公司(NP142014C001(利嘉小水力)),大自然能源電業股份有限公司,水力能,轉供,0.575,2026-05-20,0.241,於 2026-05-20 移轉 0.241 MWh
大自然能源電業股份有限公司,華爵國際有限公司(NP171015C001華爵國際(連陽)),南山人壽保險股份有限公司,太陽能,轉供,0.005,2026-03-04,0.005,於 2026-03-04 移轉 0.005 MWh
大自然能源電業股份有限公司,華爵國際有限公司(NP171015C001華爵國際(連陽)),力旺電子股份有限公司,太陽能,轉供,13.775,2026-03-04,0.971,於 2026-03-04 移轉 0.971 MWh
大自然能源電業股份有限公司,華爵國際有限公司(NP171015C001華爵國際(連陽)),力旺電子股份有限公司,太陽能,轉供,13.775,2026-04-22,12.804,於 2026-04-22 移轉 12.804 MWh
大自然能源電業股份有限公司,華爵國際有限公司(NP171015C001華爵國際(連陽)),臺灣銀行股份有限公司,太陽能,轉供,0.001,2026-03-04,0.001,於 2026-03-04 移轉 0.001 MWh
大自然能源電業股份有限公司,華爵國際有限公司(NP171015C001華爵國際(連陽)),遠東巨城購物中心股份有限公司新竹分公司,太陽能,轉供,0.001,2026-03-04,0.001,於 2026-03-04 移轉 0.001 MWh
大自然能源電業股份有限公司,鑫興能源有限公司(NP081016C001鑫興能源(彰化鹿草)),野寶科技股份有限公司,太陽能,轉供,8.83,2026-03-04,2.679,於 2026-03-04 移轉 2.679 MWh
大自然能源電業股份有限公司,鑫興能源有限公司(NP081016C001鑫興能源(彰化鹿草)),野寶科技股份有限公司,太陽能,轉供,8.83,2026-04-01,3.517,於 2026-04-01 移轉 3.517 MWh
大自然能源電業股份有限公司,鑫興能源有限公司(NP081016C001鑫興能源(彰化鹿草)),野寶科技股份有限公司,太陽能,轉供,8.83,2026-05-20,2.634,於 2026-05-20 移轉 2.634 MWh
大自然能源電業股份有限公司,鑫興能源有限公司(NP081016C001鑫興能源(彰化鹿草)),南山人壽保險股份有限公司,太陽能,轉供,20.983,2026-03-04,6.639,於 2026-03-04 移轉 6.639 MWh
大自然能源電業股份有限公司,鑫興能源有限公司(NP081016C001鑫興能源(彰化鹿草)),南山人壽保險股份有限公司,太陽能,轉供,20.983,2026-04-01,5.279,於 2026-04-01 移轉 5.279 MWh
大自然能源電業股份有限公司,鑫興能源有限公司(NP081016C001鑫興能源(彰化鹿草)),南山人壽保險股份有限公司,太陽能,轉供,20.983,2026-05-20,9.065,於 2026-05-20 移轉 9.065 MWh
大自然能源電業股份有限公司,鑫興能源有限公司(NP081016C001鑫興能源(彰化鹿草)),聯詠科技股份有限公司,太陽能,轉供,189.129,2026-03-04,54.824,於 2026-03-04 移轉 54.824 MWh
大自然能源電業股份有限公司,鑫興能源有限公司(NP081016C001鑫興能源(彰化鹿草)),聯詠科技股份有限公司,太陽能,轉供,189.129,2026-04-01,56.083,於 2026-04-01 移轉 56.083 MWh
大自然能源電業股份有限公司,鑫興能源有限公司(NP081016C001鑫興能源(彰化鹿草)),聯詠科技股份有限公司,太陽能,轉供,189.129,2026-05-20,78.222,於 2026-05-20 移轉 78.222 MWh
大自然能源電業股份有限公司,鑫興能源有限公司(NP081016C001鑫興能源(彰化鹿草)),宏匯新北股份有限公司,太陽能,轉供,21.915,2026-03-04,6.964,於 2026-03-04 移轉 6.964 MWh
大自然能源電業股份有限公司,鑫興能源有限公司(NP081016C001鑫興能源(彰化鹿草)),宏匯新北股份有限公司,太陽能,轉供,21.915,2026-04-01,8.818,於 2026-04-01 移轉 8.818 MWh
大自然能源電業股份有限公司,鑫興能源有限公司(NP081016C001鑫興能源(彰化鹿草)),宏匯新北股份有限公司,太陽能,轉供,21.915,2026-05-20,6.133,於 2026-05-20 移轉 6.133 MWh
大自然能源電業股份有限公司,叡朋科技股份有限公司(NP101018C005叡朋(永康金統)),新世紀資通股份有限公司,太陽能,轉供,26.965,2026-03-11,26.965,於 2026-03-11 移轉 26.965 MWh
大自然能源電業股份有限公司,叡朋科技股份有限公司(NP191018C006叡朋(虎尾林敏圓)),新世紀資通股份有限公司,太陽能,轉供,7.803,2026-03-11,7.803,於 2026-03-11 移轉 7.803 MWh
大自然能源電業股份有限公司,叡朋科技股份有限公司(NP201018C007叡朋(後壁林俊耀一)),南山人壽保險股份有限公司,太陽能,轉供,65.571,2026-03-04,20.818,於 2026-03-04 移轉 20.818 MWh
大自然能源電業股份有限公司,叡朋科技股份有限公司(NP201018C007叡朋(後壁林俊耀一)),南山人壽保險股份有限公司,太陽能,轉供,65.571,2026-04-01,18.643,於 2026-04-01 移轉 18.643 MWh
大自然能源電業股份有限公司,叡朋科技股份有限公司(NP201018C007叡朋(後壁林俊耀一)),南山人壽保險股份有限公司,太陽能,轉供,65.571,2026-05-20,26.11,於 2026-05-20 移轉 26.11 MWh
大自然能源電業股份有限公司,叡朋科技股份有限公司(NP201018C002叡朋(後壁李重慶)),新世紀資通股份有限公司,太陽能,轉供,45.087,2026-03-04,0.004,於 2026-03-04 移轉 0.004 MWh
大自然能源電業股份有限公司,叡朋科技股份有限公司(NP201018C002叡朋(後壁李重慶)),新世紀資通股份有限公司,太陽能,轉供,45.087,2026-03-11,45.083,於 2026-03-11 移轉 45.083 MWh
大自然能源電業股份有限公司,叡朋科技股份有限公司(NP201018C001叡朋(後壁林俊耀二)),新世紀資通股份有限公司,太陽能,轉供,23.076,2026-03-11,23.076,於 2026-03-11 移轉 23.076 MWh
大自然能源電業股份有限公司,叡朋科技股份有限公司(NP101018C003叡朋(山上一甲)),新世紀資通股份有限公司,太陽能,轉供,22.24,2026-03-11,22.24,於 2026-03-11 移轉 22.24 MWh
大自然能源電業股份有限公司,叡朋科技股份有限公司(NP101018C004叡朋(永康一水)),新世紀資通股份有限公司,太陽能,轉供,25.838,2026-03-11,25.838,於 2026-03-11 移轉 25.838 MWh
大自然能源電業股份有限公司,凱銳能源（股）公司(NP211026C002凱銳（亨龍）),新世紀資通股份有限公司,太陽能,轉供,36.231,2026-03-11,17.052,於 2026-03-11 移轉 17.052 MWh
大自然能源電業股份有限公司,凱銳能源（股）公司(NP211026C002凱銳（亨龍）),新世紀資通股份有限公司,太陽能,轉供,36.231,2026-04-01,19.179,於 2026-04-01 移轉 19.179 MWh
大自然能源電業股份有限公司,凱銳能源（股）公司(NP081026C005凱銳（冠彰）),新世紀資通股份有限公司,太陽能,轉供,15.622,2026-03-11,7.562,於 2026-03-11 移轉 7.562 MWh
大自然能源電業股份有限公司,凱銳能源（股）公司(NP081026C005凱銳（冠彰）),新世紀資通股份有限公司,太陽能,轉供,15.622,2026-04-01,8.06,於 2026-04-01 移轉 8.06 MWh
大自然能源電業股份有限公司,凱銳能源（股）公司(NP081026C006凱銳（美全）),新世紀資通股份有限公司,太陽能,轉供,14.891,2026-03-11,7.246,於 2026-03-11 移轉 7.246 MWh
大自然能源電業股份有限公司,凱銳能源（股）公司(NP081026C006凱銳（美全）),新世紀資通股份有限公司,太陽能,轉供,14.891,2026-04-01,7.645,於 2026-04-01 移轉 7.645 MWh
大自然能源電業股份有限公司,凱銳能源（股）公司(NP041026C003凱銳（全風幼一）),新世紀資通股份有限公司,太陽能,轉供,40.166,2026-03-11,19.551,於 2026-03-11 移轉 19.551 MWh
大自然能源電業股份有限公司,凱銳能源（股）公司(NP041026C003凱銳（全風幼一）),新世紀資通股份有限公司,太陽能,轉供,40.166,2026-04-01,20.615,於 2026-04-01 移轉 20.615 MWh
大自然能源電業股份有限公司,凱銳能源（股）公司(NP071026C001凱銳(力勁)),新世紀資通股份有限公司,太陽能,轉供,42.72,2026-03-11,21.001,於 2026-03-11 移轉 21.001 MWh
大自然能源電業股份有限公司,凱銳能源（股）公司(NP071026C001凱銳(力勁)),新世紀資通股份有限公司,太陽能,轉供,42.72,2026-04-01,21.719,於 2026-04-01 移轉 21.719 MWh
大自然能源電業股份有限公司,凱銳能源（股）公司(NP091026C004凱銳(黃文彬)),新世紀資通股份有限公司,太陽能,轉供,18.066,2026-03-11,8.459,於 2026-03-11 移轉 8.459 MWh
大自然能源電業股份有限公司,凱銳能源（股）公司(NP091026C004凱銳(黃文彬)),新世紀資通股份有限公司,太陽能,轉供,18.066,2026-04-01,9.607,於 2026-04-01 移轉 9.607 MWh
大自然能源電業股份有限公司,煌昕科技股份有限公司(NP091027C001大林水頭段案場),台灣積體電路製造股份有限公司,太陽能,轉供,352.866,2026-04-01,173.469,於 2026-04-01 移轉 173.469 MWh
大自然能源電業股份有限公司,煌昕科技股份有限公司(NP091027C001大林水頭段案場),台灣積體電路製造股份有限公司,太陽能,轉供,352.866,2026-04-29,179.397,於 2026-04-29 移轉 179.397 MWh
大自然能源電業股份有限公司,光耀企業社即負責人黃耀德(NP191025C001光耀(黃耀德一期)),台灣積體電路製造股份有限公司,太陽能,轉供,3.705,2026-04-01,1.706,於 2026-04-01 移轉 1.706 MWh
大自然能源電業股份有限公司,光耀企業社即負責人黃耀德(NP191025C001光耀(黃耀德一期)),台灣積體電路製造股份有限公司,太陽能,轉供,3.705,2026-04-29,1.999,於 2026-04-29 移轉 1.999 MWh
大自然能源電業股份有限公司,領航開發股份有限公司(NP201023C002領航(學甲信義121)),台灣積體電路製造股份有限公司,太陽能,轉供,45.023,2026-04-01,21.23,於 2026-04-01 移轉 21.23 MWh
大自然能源電業股份有限公司,領航開發股份有限公司(NP201023C002領航(學甲信義121)),台灣積體電路製造股份有限公司,太陽能,轉供,45.023,2026-04-29,23.793,於 2026-04-29 移轉 23.793 MWh
大自然能源電業股份有限公司,領航開發股份有限公司(NP201023C001領航(學甲大順)),台灣積體電路製造股份有限公司,太陽能,轉供,74.741,2026-04-01,36.018,於 2026-04-01 移轉 36.018 MWh
大自然能源電業股份有限公司,領航開發股份有限公司(NP201023C001領航(學甲大順)),台灣積體電路製造股份有限公司,太陽能,轉供,74.741,2026-04-29,38.723,於 2026-04-29 移轉 38.723 MWh
大自然能源電業股份有限公司,領航開發股份有限公司(NP201023C003領航(學甲信義126)),台灣積體電路製造股份有限公司,太陽能,轉供,52.661,2026-04-01,25.578,於 2026-04-01 移轉 25.578 MWh
大自然能源電業股份有限公司,領航開發股份有限公司(NP201023C003領航(學甲信義126)),台灣積體電路製造股份有限公司,太陽能,轉供,52.661,2026-04-29,27.083,於 2026-04-29 移轉 27.083 MWh
大自然能源電業股份有限公司,光耀企業社即負責人黃耀德(NP191025C002光耀(黃耀德二期)),台灣積體電路製造股份有限公司,太陽能,轉供,16.305,2026-04-01,7.757,於 2026-04-01 移轉 7.757 MWh
大自然能源電業股份有限公司,光耀企業社即負責人黃耀德(NP191025C002光耀(黃耀德二期)),台灣積體電路製造股份有限公司,太陽能,轉供,16.305,2026-04-29,8.548,於 2026-04-29 移轉 8.548 MWh
大自然能源電業股份有限公司,同力營造股份有限公司(NP201020C001同力(麻豆口)),台灣積體電路製造股份有限公司,太陽能,轉供,51.763,2026-04-01,25.037,於 2026-04-01 移轉 25.037 MWh
大自然能源電業股份有限公司,同力營造股份有限公司(NP201020C001同力(麻豆口)),台灣積體電路製造股份有限公司,太陽能,轉供,51.763,2026-04-29,26.726,於 2026-04-29 移轉 26.726 MWh
大自然能源電業股份有限公司,同力營造股份有限公司(NP181020C002同力(慶富)),台灣積體電路製造股份有限公司,太陽能,轉供,27.626,2026-04-01,13.511,於 2026-04-01 移轉 13.511 MWh
大自然能源電業股份有限公司,同力營造股份有限公司(NP181020C002同力(慶富)),台灣積體電路製造股份有限公司,太陽能,轉供,27.626,2026-04-29,14.115,於 2026-04-29 移轉 14.115 MWh
大自然能源電業股份有限公司,吉日和有限公司(NP191035C001吉日和(斗南停車場)),新世紀資通股份有限公司,太陽能,轉供,0.001,2026-03-04,0.001,於 2026-03-04 移轉 0.001 MWh
大自然能源電業股份有限公司,吉日和有限公司(NP191035C001吉日和(斗南停車場)),力旺電子股份有限公司,太陽能,轉供,0.005,2026-03-04,0.005,於 2026-03-04 移轉 0.005 MWh
大自然能源電業股份有限公司,吉日和有限公司(NP191035C001吉日和(斗南停車場)),博聚實業股份有限公司,太陽能,轉供,64.869,2026-03-04,18.579,於 2026-03-04 移轉 18.579 MWh
大自然能源電業股份有限公司,吉日和有限公司(NP191035C001吉日和(斗南停車場)),博聚實業股份有限公司,太陽能,轉供,64.869,2026-04-01,16.929,於 2026-04-01 移轉 16.929 MWh
大自然能源電業股份有限公司,吉日和有限公司(NP191035C001吉日和(斗南停車場)),博聚實業股份有限公司,太陽能,轉供,64.869,2026-05-20,29.361,於 2026-05-20 移轉 29.361 MWh
大自然能源電業股份有限公司,領航開發股份有限公司(NP201023C004領航(學甲農棚)),台灣積體電路製造股份有限公司,太陽能,轉供,15.226,2026-04-01,7.381,於 2026-04-01 移轉 7.381 MWh
大自然能源電業股份有限公司,領航開發股份有限公司(NP201023C004領航(學甲農棚)),台灣積體電路製造股份有限公司,太陽能,轉供,15.226,2026-04-29,7.845,於 2026-04-29 移轉 7.845 MWh
大自然能源電業股份有限公司,向南能源科技有限公司(NP191019C001(向南-盛義)),新世紀資通股份有限公司,太陽能,轉供,21.069,2026-03-11,21.069,於 2026-03-11 移轉 21.069 MWh
大自然能源電業股份有限公司,向南能源科技有限公司(NP191019C004(向南-吳朝祥)),新世紀資通股份有限公司,太陽能,轉供,9.581,2026-03-11,9.581,於 2026-03-11 移轉 9.581 MWh
大自然能源電業股份有限公司,"向南能源科技有限公司(NP091019C003(向南-黃國明一,二))",新世紀資通股份有限公司,太陽能,轉供,27.288,2026-03-11,27.288,於 2026-03-11 移轉 27.288 MWh
大自然能源電業股份有限公司,向陽能源科技股份有限公司(NP091005C004輝煌綠能),台灣積體電路製造股份有限公司,太陽能,轉供,47.131,2026-04-01,23.847,於 2026-04-01 移轉 23.847 MWh
大自然能源電業股份有限公司,向陽能源科技股份有限公司(NP091005C004輝煌綠能),台灣積體電路製造股份有限公司,太陽能,轉供,47.131,2026-04-29,23.284,於 2026-04-29 移轉 23.284 MWh
大自然能源電業股份有限公司,向南能源科技有限公司(NP191019C006(向南王民科)),新世紀資通股份有限公司,太陽能,轉供,20.471,2026-03-11,20.471,於 2026-03-11 移轉 20.471 MWh
大自然能源電業股份有限公司,向南能源科技有限公司(NP191019C005(向南-吳偉誠)),新世紀資通股份有限公司,太陽能,轉供,13.872,2026-03-11,13.872,於 2026-03-11 移轉 13.872 MWh
大自然能源電業股份有限公司,向南能源科技有限公司(NP191019C007(向南-廖振甫)),新世紀資通股份有限公司,太陽能,轉供,13.163,2026-03-11,13.163,於 2026-03-11 移轉 13.163 MWh
大自然能源電業股份有限公司,佳典能源有限公司(NP101036C003(農場段0709-0000地號)),應美盛股份有限公司,太陽能,轉供,0.003,2026-03-04,0.003,於 2026-03-04 移轉 0.003 MWh
大自然能源電業股份有限公司,文陽有限公司(NP091031C001文陽-楊景山),台灣積體電路製造股份有限公司,太陽能,轉供,58.073,2026-04-01,26.604,於 2026-04-01 移轉 26.604 MWh
大自然能源電業股份有限公司,文陽有限公司(NP091031C001文陽-楊景山),台灣積體電路製造股份有限公司,太陽能,轉供,58.073,2026-04-29,31.469,於 2026-04-29 移轉 31.469 MWh
大自然能源電業股份有限公司,向南能源科技有限公司(NP191019C002(向南-李建德)),新世紀資通股份有限公司,太陽能,轉供,16.413,2026-03-11,16.413,於 2026-03-11 移轉 16.413 MWh
大自然能源電業股份有限公司,光合作用綠能有限公司(NP091032C001光合作用-楊茂),台灣積體電路製造股份有限公司,太陽能,轉供,60.069,2026-04-01,29.085,於 2026-04-01 移轉 29.085 MWh
大自然能源電業股份有限公司,光合作用綠能有限公司(NP091032C001光合作用-楊茂),台灣積體電路製造股份有限公司,太陽能,轉供,60.069,2026-04-29,30.984,於 2026-04-29 移轉 30.984 MWh
大自然能源電業股份有限公司,向南能源科技有限公司(NP091019C008(向南-陳炳南)),新世紀資通股份有限公司,太陽能,轉供,19.355,2026-03-11,19.355,於 2026-03-11 移轉 19.355 MWh
大自然能源電業股份有限公司,光合作用綠能有限公司(NP091032C002光合作用-李憲仁),台灣積體電路製造股份有限公司,太陽能,轉供,32.091,2026-04-01,15.622,於 2026-04-01 移轉 15.622 MWh
大自然能源電業股份有限公司,光合作用綠能有限公司(NP091032C002光合作用-李憲仁),台灣積體電路製造股份有限公司,太陽能,轉供,32.091,2026-04-29,16.469,於 2026-04-29 移轉 16.469 MWh
大自然能源電業股份有限公司,光合作用綠能有限公司(NP091032C003光合作用-洪偉哲2期),台灣積體電路製造股份有限公司,太陽能,轉供,30.781,2026-04-01,15.105,於 2026-04-01 移轉 15.105 MWh
大自然能源電業股份有限公司,光合作用綠能有限公司(NP091032C003光合作用-洪偉哲2期),台灣積體電路製造股份有限公司,太陽能,轉供,30.781,2026-04-29,15.676,於 2026-04-29 移轉 15.676 MWh
大自然能源電業股份有限公司,向南能源科技有限公司(NP091019C16向南-趙美智),台灣積體電路製造股份有限公司,太陽能,轉供,44.069,2026-04-01,22.288,於 2026-04-01 移轉 22.288 MWh
大自然能源電業股份有限公司,向南能源科技有限公司(NP091019C16向南-趙美智),台灣積體電路製造股份有限公司,太陽能,轉供,44.069,2026-04-29,21.781,於 2026-04-29 移轉 21.781 MWh
大自然能源電業股份有限公司,向南能源科技有限公司(NP091019C15向南-陳丁訓2期),台灣積體電路製造股份有限公司,太陽能,轉供,37.796,2026-04-01,18.664,於 2026-04-01 移轉 18.664 MWh
大自然能源電業股份有限公司,向南能源科技有限公司(NP091019C15向南-陳丁訓2期),台灣積體電路製造股份有限公司,太陽能,轉供,37.796,2026-04-29,19.132,於 2026-04-29 移轉 19.132 MWh
大自然能源電業股份有限公司,向南能源科技有限公司(NP091019C009向南-上詰鋁業),台灣積體電路製造股份有限公司,太陽能,轉供,42.496,2026-04-01,20.924,於 2026-04-01 移轉 20.924 MWh
大自然能源電業股份有限公司,向南能源科技有限公司(NP091019C009向南-上詰鋁業),台灣積體電路製造股份有限公司,太陽能,轉供,42.496,2026-04-29,21.572,於 2026-04-29 移轉 21.572 MWh
大自然能源電業股份有限公司,向南能源科技有限公司(NP091019C10向南-何諸政1期),台灣積體電路製造股份有限公司,太陽能,轉供,57.676,2026-04-01,29.141,於 2026-04-01 移轉 29.141 MWh
大自然能源電業股份有限公司,向南能源科技有限公司(NP091019C10向南-何諸政1期),台灣積體電路製造股份有限公司,太陽能,轉供,57.676,2026-04-29,28.535,於 2026-04-29 移轉 28.535 MWh
大自然能源電業股份有限公司,日光電科技股份有限公司(NP201033C001下營區中正北路),台灣積體電路製造股份有限公司,太陽能,轉供,93.995,2026-04-01,45.934,於 2026-04-01 移轉 45.934 MWh
大自然能源電業股份有限公司,日光電科技股份有限公司(NP201033C001下營區中正北路),台灣積體電路製造股份有限公司,太陽能,轉供,93.995,2026-04-29,48.061,於 2026-04-29 移轉 48.061 MWh
大自然能源電業股份有限公司,日光電科技股份有限公司(NP111033C002華陸案場),台灣積體電路製造股份有限公司,太陽能,轉供,69.152,2026-04-01,33.247,於 2026-04-01 移轉 33.247 MWh
大自然能源電業股份有限公司,日光電科技股份有限公司(NP111033C002華陸案場),台灣積體電路製造股份有限公司,太陽能,轉供,69.152,2026-04-29,35.905,於 2026-04-29 移轉 35.905 MWh
大自然能源電業股份有限公司,向南能源科技有限公司(NP091019C10向南-何諸政2期),台灣積體電路製造股份有限公司,太陽能,轉供,33.363,2026-04-01,16.839,於 2026-04-01 移轉 16.839 MWh
大自然能源電業股份有限公司,向南能源科技有限公司(NP091019C10向南-何諸政2期),台灣積體電路製造股份有限公司,太陽能,轉供,33.363,2026-04-29,16.524,於 2026-04-29 移轉 16.524 MWh
大自然能源電業股份有限公司,向南能源科技有限公司(NP091019C12向南-呂明欣),台灣積體電路製造股份有限公司,太陽能,轉供,52.155,2026-04-01,25.675,於 2026-04-01 移轉 25.675 MWh
大自然能源電業股份有限公司,向南能源科技有限公司(NP091019C12向南-呂明欣),台灣積體電路製造股份有限公司,太陽能,轉供,52.155,2026-04-29,26.48,於 2026-04-29 移轉 26.48 MWh
大自然能源電業股份有限公司,向南能源科技有限公司(NP091019C13向南-張文章),台灣積體電路製造股份有限公司,太陽能,轉供,28.912,2026-04-01,14.156,於 2026-04-01 移轉 14.156 MWh
大自然能源電業股份有限公司,向南能源科技有限公司(NP091019C13向南-張文章),台灣積體電路製造股份有限公司,太陽能,轉供,28.912,2026-04-29,14.756,於 2026-04-29 移轉 14.756 MWh
大自然能源電業股份有限公司,向南能源科技有限公司(NP091019C17向南-蔡金美),台灣積體電路製造股份有限公司,太陽能,轉供,39.644,2026-04-01,19.84,於 2026-04-01 移轉 19.84 MWh
大自然能源電業股份有限公司,向南能源科技有限公司(NP091019C17向南-蔡金美),台灣積體電路製造股份有限公司,太陽能,轉供,39.644,2026-04-29,19.804,於 2026-04-29 移轉 19.804 MWh
大自然能源電業股份有限公司,向南能源科技有限公司(NP091019C14向南-張懷恩),台灣積體電路製造股份有限公司,太陽能,轉供,40.628,2026-04-01,19.974,於 2026-04-01 移轉 19.974 MWh
大自然能源電業股份有限公司,向南能源科技有限公司(NP091019C14向南-張懷恩),台灣積體電路製造股份有限公司,太陽能,轉供,40.628,2026-04-29,20.654,於 2026-04-29 移轉 20.654 MWh
大自然能源電業股份有限公司,瀚鑫能源有限公司(NP201024C002官田區富強路案場),大連化學工業股份有限公司高雄廠,太陽能,轉供,6.07,2026-04-08,4.325,於 2026-04-08 移轉 4.325 MWh
大自然能源電業股份有限公司,瀚鑫能源有限公司(NP201024C002官田區富強路案場),大連化學工業股份有限公司高雄廠,太陽能,轉供,6.07,2026-05-20,1.745,於 2026-05-20 移轉 1.745 MWh
大自然能源電業股份有限公司,瀚鑫能源有限公司(NP201024C002官田區富強路案場),長春石油化學股份有限公司苗栗廠,太陽能,轉供,27.726,2026-03-04,6.963,於 2026-03-04 移轉 6.963 MWh
大自然能源電業股份有限公司,瀚鑫能源有限公司(NP201024C002官田區富強路案場),長春石油化學股份有限公司苗栗廠,太陽能,轉供,27.726,2026-04-08,9.001,於 2026-04-08 移轉 9.001 MWh
大自然能源電業股份有限公司,瀚鑫能源有限公司(NP201024C002官田區富強路案場),長春石油化學股份有限公司苗栗廠,太陽能,轉供,27.726,2026-05-20,11.762,於 2026-05-20 移轉 11.762 MWh
大自然能源電業股份有限公司,瀚鑫能源有限公司(NP201024C002官田區富強路案場),信昌化學工業股份有限公司林園廠,太陽能,轉供,1.048,2026-03-04,0.324,於 2026-03-04 移轉 0.324 MWh
大自然能源電業股份有限公司,瀚鑫能源有限公司(NP201024C002官田區富強路案場),信昌化學工業股份有限公司林園廠,太陽能,轉供,1.048,2026-04-08,0.302,於 2026-04-08 移轉 0.302 MWh
大自然能源電業股份有限公司,瀚鑫能源有限公司(NP201024C002官田區富強路案場),信昌化學工業股份有限公司林園廠,太陽能,轉供,1.048,2026-05-20,0.422,於 2026-05-20 移轉 0.422 MWh
大自然能源電業股份有限公司,瀚鑫能源有限公司(NP201024C002官田區富強路案場),長春石油化學股份有限公司台北辦公室,太陽能,轉供,13.682,2026-03-04,3.274,於 2026-03-04 移轉 3.274 MWh
大自然能源電業股份有限公司,瀚鑫能源有限公司(NP201024C002官田區富強路案場),長春石油化學股份有限公司台北辦公室,太陽能,轉供,13.682,2026-04-08,3.978,於 2026-04-08 移轉 3.978 MWh
大自然能源電業股份有限公司,瀚鑫能源有限公司(NP201024C002官田區富強路案場),長春石油化學股份有限公司台北辦公室,太陽能,轉供,13.682,2026-05-20,6.43,於 2026-05-20 移轉 6.43 MWh
大自然能源電業股份有限公司,瀚鑫能源有限公司(NP201024C002官田區富強路案場),大連化學工業股份有限公司台北辦公室,太陽能,轉供,1.571,2026-03-04,0.366,於 2026-03-04 移轉 0.366 MWh
大自然能源電業股份有限公司,瀚鑫能源有限公司(NP201024C002官田區富強路案場),大連化學工業股份有限公司台北辦公室,太陽能,轉供,1.571,2026-04-08,0.461,於 2026-04-08 移轉 0.461 MWh
大自然能源電業股份有限公司,瀚鑫能源有限公司(NP201024C002官田區富強路案場),大連化學工業股份有限公司台北辦公室,太陽能,轉供,1.571,2026-05-20,0.744,於 2026-05-20 移轉 0.744 MWh
大自然能源電業股份有限公司,天楓實業有限公司(NP191028C001三間厝案場),台灣積體電路製造股份有限公司,太陽能,轉供,225.761,2026-04-01,109.312,於 2026-04-01 移轉 109.312 MWh
大自然能源電業股份有限公司,天楓實業有限公司(NP191028C001三間厝案場),台灣積體電路製造股份有限公司,太陽能,轉供,225.761,2026-04-29,116.449,於 2026-04-29 移轉 116.449 MWh
大自然能源電業股份有限公司,天楓實業有限公司(NP091028C002三合里案場),台灣積體電路製造股份有限公司,太陽能,轉供,46.589,2026-04-01,22.916,於 2026-04-01 移轉 22.916 MWh
大自然能源電業股份有限公司,天楓實業有限公司(NP091028C002三合里案場),台灣積體電路製造股份有限公司,太陽能,轉供,46.589,2026-04-29,23.673,於 2026-04-29 移轉 23.673 MWh
大自然能源電業股份有限公司,瀚鑫能源有限公司(NP071024C001南屯區精科南路案場),台灣積體電路製造股份有限公司,太陽能,轉供,19.406,2026-04-01,9.629,於 2026-04-01 移轉 9.629 MWh
大自然能源電業股份有限公司,瀚鑫能源有限公司(NP071024C001南屯區精科南路案場),台灣積體電路製造股份有限公司,太陽能,轉供,19.406,2026-04-29,9.777,於 2026-04-29 移轉 9.777 MWh
大自然能源電業股份有限公司,晶紘能源有限公司(NP171029C001南投埔里),台灣積體電路製造股份有限公司,太陽能,轉供,81.621,2026-04-01,40.608,於 2026-04-01 移轉 40.608 MWh
大自然能源電業股份有限公司,晶紘能源有限公司(NP171029C001南投埔里),台灣積體電路製造股份有限公司,太陽能,轉供,81.621,2026-04-29,41.013,於 2026-04-29 移轉 41.013 MWh
大自然能源電業股份有限公司,金華興企業社(NP091039C001(東石下蔦松5-10號)),大連化學工業股份有限公司高雄廠,太陽能,轉供,57.956,2026-04-08,36.492,於 2026-04-08 移轉 36.492 MWh
大自然能源電業股份有限公司,金華興企業社(NP091039C001(東石下蔦松5-10號)),大連化學工業股份有限公司高雄廠,太陽能,轉供,57.956,2026-05-20,21.464,於 2026-05-20 移轉 21.464 MWh
大自然能源電業股份有限公司,金華興企業社(NP091039C001(東石下蔦松5-10號)),長春石油化學股份有限公司苗栗廠,太陽能,轉供,101.479,2026-03-04,29.131,於 2026-03-04 移轉 29.131 MWh
大自然能源電業股份有限公司,金華興企業社(NP091039C001(東石下蔦松5-10號)),長春石油化學股份有限公司苗栗廠,太陽能,轉供,101.479,2026-04-08,30.298,於 2026-04-08 移轉 30.298 MWh
大自然能源電業股份有限公司,金華興企業社(NP091039C001(東石下蔦松5-10號)),長春石油化學股份有限公司苗栗廠,太陽能,轉供,101.479,2026-05-20,42.05,於 2026-05-20 移轉 42.05 MWh
大自然能源電業股份有限公司,金華興企業社(NP091039C001(東石下蔦松5-10號)),信昌化學工業股份有限公司林園廠,太陽能,轉供,0.001,2026-03-19,0.001,於 2026-03-19 移轉 0.001 MWh
大自然能源電業股份有限公司,晶紘能源有限公司(NP081029C002彰化芳苑),台灣積體電路製造股份有限公司,太陽能,轉供,35.447,2026-04-01,17.304,於 2026-04-01 移轉 17.304 MWh
大自然能源電業股份有限公司,晶紘能源有限公司(NP081029C002彰化芳苑),台灣積體電路製造股份有限公司,太陽能,轉供,35.447,2026-04-29,18.143,於 2026-04-29 移轉 18.143 MWh
大自然能源電業股份有限公司,關鍵應用科技股份有限公司(NP061030C001大同瓷器),台灣積體電路製造股份有限公司,太陽能,轉供,298.012,2026-04-01,144.886,於 2026-04-01 移轉 144.886 MWh
大自然能源電業股份有限公司,關鍵應用科技股份有限公司(NP061030C001大同瓷器),台灣積體電路製造股份有限公司,太陽能,轉供,298.012,2026-04-29,153.126,於 2026-04-29 移轉 153.126 MWh
大自然能源電業股份有限公司,同力營造股份有限公司(NP121020C003同力-南糖段114),新世紀資通股份有限公司,太陽能,轉供,39.443,2026-03-11,19.994,於 2026-03-11 移轉 19.994 MWh
大自然能源電業股份有限公司,同力營造股份有限公司(NP121020C003同力-南糖段114),新世紀資通股份有限公司,太陽能,轉供,39.443,2026-04-01,19.449,於 2026-04-01 移轉 19.449 MWh
大自然能源電業股份有限公司,同力營造股份有限公司(NP121020C004神農段418),新世紀資通股份有限公司,太陽能,轉供,47.858,2026-03-11,23.701,於 2026-03-11 移轉 23.701 MWh
大自然能源電業股份有限公司,同力營造股份有限公司(NP121020C004神農段418),新世紀資通股份有限公司,太陽能,轉供,47.858,2026-04-01,24.157,於 2026-04-01 移轉 24.157 MWh
大自然能源電業股份有限公司,鑫興能源有限公司(NP071031C002台中農會文山段案場),台灣積體電路製造股份有限公司,太陽能,轉供,94.892,2026-04-01,47.203,於 2026-04-01 移轉 47.203 MWh
大自然能源電業股份有限公司,鑫興能源有限公司(NP071031C002台中農會文山段案場),台灣積體電路製造股份有限公司,太陽能,轉供,94.892,2026-04-29,47.689,於 2026-04-29 移轉 47.689 MWh
大自然能源電業股份有限公司,同力營造股份有限公司(NP121020C005同力大仁125地號),新世紀資通股份有限公司,太陽能,轉供,20.302,2026-03-11,10.027,於 2026-03-11 移轉 10.027 MWh
大自然能源電業股份有限公司,同力營造股份有限公司(NP121020C005同力大仁125地號),新世紀資通股份有限公司,太陽能,轉供,20.302,2026-04-01,10.275,於 2026-04-01 移轉 10.275 MWh
大自然能源電業股份有限公司,鑫興能源有限公司(NP071031C003台中農會鎮南段案場),台灣積體電路製造股份有限公司,太陽能,轉供,87.482,2026-04-01,42.925,於 2026-04-01 移轉 42.925 MWh
大自然能源電業股份有限公司,鑫興能源有限公司(NP071031C003台中農會鎮南段案場),台灣積體電路製造股份有限公司,太陽能,轉供,87.482,2026-04-29,44.557,於 2026-04-29 移轉 44.557 MWh
大自然能源電業股份有限公司,鑫興能源有限公司(NP071031C004烏日6號案場),台灣積體電路製造股份有限公司,太陽能,轉供,11.538,2026-04-01,5.619,於 2026-04-01 移轉 5.619 MWh
大自然能源電業股份有限公司,鑫興能源有限公司(NP071031C004烏日6號案場),台灣積體電路製造股份有限公司,太陽能,轉供,11.538,2026-04-29,5.919,於 2026-04-29 移轉 5.919 MWh
大自然能源電業股份有限公司,鑫興能源有限公司(NP071031C005烏日8號案場),台灣積體電路製造股份有限公司,太陽能,轉供,7.671,2026-04-01,3.721,於 2026-04-01 移轉 3.721 MWh
大自然能源電業股份有限公司,鑫興能源有限公司(NP071031C005烏日8號案場),台灣積體電路製造股份有限公司,太陽能,轉供,7.671,2026-04-29,3.95,於 2026-04-29 移轉 3.95 MWh
大自然能源電業股份有限公司,鑫興能源有限公司(NP071031C006三發製網),台灣積體電路製造股份有限公司,太陽能,轉供,150.36,2026-04-01,74.314,於 2026-04-01 移轉 74.314 MWh
大自然能源電業股份有限公司,鑫興能源有限公司(NP071031C006三發製網),台灣積體電路製造股份有限公司,太陽能,轉供,150.36,2026-04-29,76.046,於 2026-04-29 移轉 76.046 MWh
大自然能源電業股份有限公司,鑫興能源有限公司(NP071031C007彰化鋐洲案場),台灣積體電路製造股份有限公司,太陽能,轉供,33.628,2026-04-01,16.137,於 2026-04-01 移轉 16.137 MWh
大自然能源電業股份有限公司,鑫興能源有限公司(NP071031C007彰化鋐洲案場),台灣積體電路製造股份有限公司,太陽能,轉供,33.628,2026-04-29,17.491,於 2026-04-29 移轉 17.491 MWh
大自然能源電業股份有限公司,尼克細胞生物醫學股份有限公司 (NP141040C001(廣原段1165-0000地號)),大連化學工業股份有限公司高雄廠,太陽能,轉供,96.478,2026-04-08,60.302,於 2026-04-08 移轉 60.302 MWh
大自然能源電業股份有限公司,尼克細胞生物醫學股份有限公司 (NP141040C001(廣原段1165-0000地號)),大連化學工業股份有限公司高雄廠,太陽能,轉供,96.478,2026-05-20,36.176,於 2026-05-20 移轉 36.176 MWh
大自然能源電業股份有限公司,尼克細胞生物醫學股份有限公司 (NP141040C001(廣原段1165-0000地號)),長春石油化學股份有限公司苗栗廠,太陽能,轉供,175.988,2026-03-04,48.016,於 2026-03-04 移轉 48.016 MWh
大自然能源電業股份有限公司,尼克細胞生物醫學股份有限公司 (NP141040C001(廣原段1165-0000地號)),長春石油化學股份有限公司苗栗廠,太陽能,轉供,175.988,2026-04-08,51.245,於 2026-04-08 移轉 51.245 MWh
大自然能源電業股份有限公司,尼克細胞生物醫學股份有限公司 (NP141040C001(廣原段1165-0000地號)),長春石油化學股份有限公司苗栗廠,太陽能,轉供,175.988,2026-05-20,76.727,於 2026-05-20 移轉 76.727 MWh
大自然能源電業股份有限公司,尼克細胞生物醫學股份有限公司 (NP141040C001(廣原段1165-0000地號)),信昌化學工業股份有限公司林園廠,太陽能,轉供,0.003,2026-03-19,0.003,於 2026-03-19 移轉 0.003 MWh
大自然能源電業股份有限公司,潔力能源事業有限公司(NP121034C007大仁段126地號),新世紀資通股份有限公司,太陽能,轉供,17.282,2026-03-11,8.058,於 2026-03-11 移轉 8.058 MWh
大自然能源電業股份有限公司,潔力能源事業有限公司(NP121034C007大仁段126地號),新世紀資通股份有限公司,太陽能,轉供,17.282,2026-04-01,9.224,於 2026-04-01 移轉 9.224 MWh
大自然能源電業股份有限公司,潔力能源事業有限公司(NP201034C010學甲-信義段890、895),新世紀資通股份有限公司,太陽能,轉供,49.091,2026-03-11,23.62,於 2026-03-11 移轉 23.62 MWh
大自然能源電業股份有限公司,潔力能源事業有限公司(NP201034C010學甲-信義段890、895),新世紀資通股份有限公司,太陽能,轉供,49.091,2026-04-01,25.471,於 2026-04-01 移轉 25.471 MWh
大自然能源電業股份有限公司,潔力能源事業有限公司(NP201034C011學甲-信義段898),新世紀資通股份有限公司,太陽能,轉供,33.377,2026-03-11,16.104,於 2026-03-11 移轉 16.104 MWh
大自然能源電業股份有限公司,潔力能源事業有限公司(NP201034C011學甲-信義段898),新世紀資通股份有限公司,太陽能,轉供,33.377,2026-04-01,17.273,於 2026-04-01 移轉 17.273 MWh
大自然能源電業股份有限公司,潔力能源事業有限公司(NP121034C006竹田-神農段405地號),新世紀資通股份有限公司,太陽能,轉供,53.485,2026-03-11,26.269,於 2026-03-11 移轉 26.269 MWh
大自然能源電業股份有限公司,潔力能源事業有限公司(NP121034C006竹田-神農段405地號),新世紀資通股份有限公司,太陽能,轉供,53.485,2026-04-01,27.216,於 2026-04-01 移轉 27.216 MWh
大自然能源電業股份有限公司,潔力能源事業有限公司(NP121034C004竹田-神農段420地號),新世紀資通股份有限公司,太陽能,轉供,65.908,2026-03-11,32.871,於 2026-03-11 移轉 32.871 MWh
大自然能源電業股份有限公司,潔力能源事業有限公司(NP121034C004竹田-神農段420地號),新世紀資通股份有限公司,太陽能,轉供,65.908,2026-04-01,33.037,於 2026-04-01 移轉 33.037 MWh
大自然能源電業股份有限公司,潔力能源事業有限公司(NP121034C005竹田-神農段428地號),新世紀資通股份有限公司,太陽能,轉供,68.827,2026-03-11,34.556,於 2026-03-11 移轉 34.556 MWh
大自然能源電業股份有限公司,潔力能源事業有限公司(NP121034C005竹田-神農段428地號),新世紀資通股份有限公司,太陽能,轉供,68.827,2026-04-01,34.271,於 2026-04-01 移轉 34.271 MWh
大自然能源電業股份有限公司,潔力能源事業有限公司(NP121034C001新園-新生段),新世紀資通股份有限公司,太陽能,轉供,31.951,2026-03-11,15.563,於 2026-03-11 移轉 15.563 MWh
大自然能源電業股份有限公司,潔力能源事業有限公司(NP121034C001新園-新生段),新世紀資通股份有限公司,太陽能,轉供,31.951,2026-04-01,16.388,於 2026-04-01 移轉 16.388 MWh
大自然能源電業股份有限公司,潔力能源事業有限公司(NP181034C009永覲),新世紀資通股份有限公司,太陽能,轉供,60.009,2026-03-11,28.556,於 2026-03-11 移轉 28.556 MWh
大自然能源電業股份有限公司,潔力能源事業有限公司(NP181034C009永覲),新世紀資通股份有限公司,太陽能,轉供,60.009,2026-04-01,31.453,於 2026-04-01 移轉 31.453 MWh
大自然能源電業股份有限公司,潔力能源事業有限公司(NP121034C008菩提寵物樂園),新世紀資通股份有限公司,太陽能,轉供,40.238,2026-03-11,20.307,於 2026-03-11 移轉 20.307 MWh
大自然能源電業股份有限公司,潔力能源事業有限公司(NP121034C008菩提寵物樂園),新世紀資通股份有限公司,太陽能,轉供,40.238,2026-04-01,19.931,於 2026-04-01 移轉 19.931 MWh
大自然能源電業股份有限公司,潔力能源事業有限公司(NP121034C002東港-關帝段),新世紀資通股份有限公司,太陽能,轉供,56.926,2026-03-11,28.828,於 2026-03-11 移轉 28.828 MWh
大自然能源電業股份有限公司,潔力能源事業有限公司(NP121034C002東港-關帝段),新世紀資通股份有限公司,太陽能,轉供,56.926,2026-04-01,28.098,於 2026-04-01 移轉 28.098 MWh
大自然能源電業股份有限公司,潔力能源事業有限公司(NP121034C003龍泉水(1-5期)),新世紀資通股份有限公司,太陽能,轉供,325.231,2026-03-04,0.004,於 2026-03-04 移轉 0.004 MWh
大自然能源電業股份有限公司,潔力能源事業有限公司(NP121034C003龍泉水(1-5期)),新世紀資通股份有限公司,太陽能,轉供,325.231,2026-03-11,166.659,於 2026-03-11 移轉 166.659 MWh
大自然能源電業股份有限公司,潔力能源事業有限公司(NP121034C003龍泉水(1-5期)),新世紀資通股份有限公司,太陽能,轉供,325.231,2026-04-01,158.568,於 2026-04-01 移轉 158.568 MWh
大自然能源電業股份有限公司,和創能源科技股份有限公司(NP091043C001(林炳宏2)),台灣積體電路製造股份有限公司,太陽能,轉供,336.471,2026-04-01,166.055,於 2026-04-01 移轉 166.055 MWh
大自然能源電業股份有限公司,和創能源科技股份有限公司(NP091043C001(林炳宏2)),台灣積體電路製造股份有限公司,太陽能,轉供,336.471,2026-04-29,170.416,於 2026-04-29 移轉 170.416 MWh
大自然能源電業股份有限公司,旭日綠能有限公司(NP121041C001(忠義路7號)),大連化學工業股份有限公司高雄廠,太陽能,轉供,8.907,2026-04-08,5.448,於 2026-04-08 移轉 5.448 MWh
大自然能源電業股份有限公司,旭日綠能有限公司(NP121041C001(忠義路7號)),大連化學工業股份有限公司高雄廠,太陽能,轉供,8.907,2026-05-20,3.459,於 2026-05-20 移轉 3.459 MWh
大自然能源電業股份有限公司,旭日綠能有限公司(NP121041C001(忠義路7號)),長春石油化學股份有限公司苗栗廠,太陽能,轉供,15.029,2026-03-04,4.12,於 2026-03-04 移轉 4.12 MWh
大自然能源電業股份有限公司,旭日綠能有限公司(NP121041C001(忠義路7號)),長春石油化學股份有限公司苗栗廠,太陽能,轉供,15.029,2026-04-08,4.664,於 2026-04-08 移轉 4.664 MWh
大自然能源電業股份有限公司,旭日綠能有限公司(NP121041C001(忠義路7號)),長春石油化學股份有限公司苗栗廠,太陽能,轉供,15.029,2026-05-20,6.245,於 2026-05-20 移轉 6.245 MWh
大自然能源電業股份有限公司,旭日綠能有限公司(NP121041C002(自強路8號)),大連化學工業股份有限公司高雄廠,太陽能,轉供,11.813,2026-04-08,7.359,於 2026-04-08 移轉 7.359 MWh
大自然能源電業股份有限公司,旭日綠能有限公司(NP121041C002(自強路8號)),大連化學工業股份有限公司高雄廠,太陽能,轉供,11.813,2026-05-20,4.454,於 2026-05-20 移轉 4.454 MWh
大自然能源電業股份有限公司,旭日綠能有限公司(NP121041C002(自強路8號)),長春石油化學股份有限公司苗栗廠,太陽能,轉供,20.539,2026-03-04,5.824,於 2026-03-04 移轉 5.824 MWh
大自然能源電業股份有限公司,旭日綠能有限公司(NP121041C002(自強路8號)),長春石油化學股份有限公司苗栗廠,太陽能,轉供,20.539,2026-04-08,6.324,於 2026-04-08 移轉 6.324 MWh
大自然能源電業股份有限公司,旭日綠能有限公司(NP121041C002(自強路8號)),長春石油化學股份有限公司苗栗廠,太陽能,轉供,20.539,2026-05-20,8.391,於 2026-05-20 移轉 8.391 MWh
大自然能源電業股份有限公司,旭日綠能有限公司(NP121041C002(自強路8號)),信昌化學工業股份有限公司林園廠,太陽能,轉供,0.001,2026-03-19,0.001,於 2026-03-19 移轉 0.001 MWh
大自然能源電業股份有限公司,旭日綠能有限公司(NP121041C003(頓物段18-1地號)),大連化學工業股份有限公司高雄廠,太陽能,轉供,24.866,2026-04-08,15.624,於 2026-04-08 移轉 15.624 MWh
大自然能源電業股份有限公司,旭日綠能有限公司(NP121041C003(頓物段18-1地號)),大連化學工業股份有限公司高雄廠,太陽能,轉供,24.866,2026-05-20,9.242,於 2026-05-20 移轉 9.242 MWh
大自然能源電業股份有限公司,旭日綠能有限公司(NP121041C003(頓物段18-1地號)),長春石油化學股份有限公司苗栗廠,太陽能,轉供,43.321,2026-03-04,12.547,於 2026-03-04 移轉 12.547 MWh
大自然能源電業股份有限公司,旭日綠能有限公司(NP121041C003(頓物段18-1地號)),長春石油化學股份有限公司苗栗廠,太陽能,轉供,43.321,2026-04-08,13.262,於 2026-04-08 移轉 13.262 MWh
大自然能源電業股份有限公司,旭日綠能有限公司(NP121041C003(頓物段18-1地號)),長春石油化學股份有限公司苗栗廠,太陽能,轉供,43.321,2026-05-20,17.512,於 2026-05-20 移轉 17.512 MWh
大自然能源電業股份有限公司,旭日綠能有限公司(NP121041C004(頓物段18-2地號)),大連化學工業股份有限公司高雄廠,太陽能,轉供,22.356,2026-04-08,14.019,於 2026-04-08 移轉 14.019 MWh
大自然能源電業股份有限公司,旭日綠能有限公司(NP121041C004(頓物段18-2地號)),大連化學工業股份有限公司高雄廠,太陽能,轉供,22.356,2026-05-20,8.337,於 2026-05-20 移轉 8.337 MWh
大自然能源電業股份有限公司,旭日綠能有限公司(NP121041C004(頓物段18-2地號)),長春石油化學股份有限公司苗栗廠,太陽能,轉供,38.642,2026-03-04,10.989,於 2026-03-04 移轉 10.989 MWh
大自然能源電業股份有限公司,旭日綠能有限公司(NP121041C004(頓物段18-2地號)),長春石油化學股份有限公司苗栗廠,太陽能,轉供,38.642,2026-04-08,12.069,於 2026-04-08 移轉 12.069 MWh
大自然能源電業股份有限公司,旭日綠能有限公司(NP121041C004(頓物段18-2地號)),長春石油化學股份有限公司苗栗廠,太陽能,轉供,38.642,2026-05-20,15.584,於 2026-05-20 移轉 15.584 MWh
大自然能源電業股份有限公司,旭日綠能有限公司(NP121041C005(頓物段10-4地號)),大連化學工業股份有限公司高雄廠,太陽能,轉供,15.42,2026-04-08,9.796,於 2026-04-08 移轉 9.796 MWh
大自然能源電業股份有限公司,旭日綠能有限公司(NP121041C005(頓物段10-4地號)),大連化學工業股份有限公司高雄廠,太陽能,轉供,15.42,2026-05-20,5.624,於 2026-05-20 移轉 5.624 MWh
大自然能源電業股份有限公司,旭日綠能有限公司(NP121041C005(頓物段10-4地號)),長春石油化學股份有限公司苗栗廠,太陽能,轉供,27.38,2026-03-04,7.73,於 2026-03-04 移轉 7.73 MWh
大自然能源電業股份有限公司,旭日綠能有限公司(NP121041C005(頓物段10-4地號)),長春石油化學股份有限公司苗栗廠,太陽能,轉供,27.38,2026-04-08,8.525,於 2026-04-08 移轉 8.525 MWh
大自然能源電業股份有限公司,旭日綠能有限公司(NP121041C005(頓物段10-4地號)),長春石油化學股份有限公司苗栗廠,太陽能,轉供,27.38,2026-05-20,11.125,於 2026-05-20 移轉 11.125 MWh
大自然能源電業股份有限公司,東昇開發有限公司(NP121042C001(頓物段49地號)),大連化學工業股份有限公司高雄廠,太陽能,轉供,37.791,2026-04-08,23.693,於 2026-04-08 移轉 23.693 MWh
大自然能源電業股份有限公司,東昇開發有限公司(NP121042C001(頓物段49地號)),大連化學工業股份有限公司高雄廠,太陽能,轉供,37.791,2026-05-20,14.098,於 2026-05-20 移轉 14.098 MWh
大自然能源電業股份有限公司,東昇開發有限公司(NP121042C001(頓物段49地號)),長春石油化學股份有限公司苗栗廠,太陽能,轉供,65.971,2026-03-04,19.149,於 2026-03-04 移轉 19.149 MWh
大自然能源電業股份有限公司,東昇開發有限公司(NP121042C001(頓物段49地號)),長春石油化學股份有限公司苗栗廠,太陽能,轉供,65.971,2026-04-08,20.116,於 2026-04-08 移轉 20.116 MWh
大自然能源電業股份有限公司,東昇開發有限公司(NP121042C001(頓物段49地號)),長春石油化學股份有限公司苗栗廠,太陽能,轉供,65.971,2026-05-20,26.706,於 2026-05-20 移轉 26.706 MWh
大自然能源電業股份有限公司,東昇開發有限公司(NP121042C002(頓物段18-6地號)),大連化學工業股份有限公司高雄廠,太陽能,轉供,17.35,2026-04-08,10.821,於 2026-04-08 移轉 10.821 MWh
大自然能源電業股份有限公司,東昇開發有限公司(NP121042C002(頓物段18-6地號)),大連化學工業股份有限公司高雄廠,太陽能,轉供,17.35,2026-05-20,6.529,於 2026-05-20 移轉 6.529 MWh
大自然能源電業股份有限公司,東昇開發有限公司(NP121042C002(頓物段18-6地號)),長春石油化學股份有限公司苗栗廠,太陽能,轉供,29.877,2026-03-04,8.444,於 2026-03-04 移轉 8.444 MWh
大自然能源電業股份有限公司,東昇開發有限公司(NP121042C002(頓物段18-6地號)),長春石油化學股份有限公司苗栗廠,太陽能,轉供,29.877,2026-04-08,9.294,於 2026-04-08 移轉 9.294 MWh
大自然能源電業股份有限公司,東昇開發有限公司(NP121042C002(頓物段18-6地號)),長春石油化學股份有限公司苗栗廠,太陽能,轉供,29.877,2026-05-20,12.139,於 2026-05-20 移轉 12.139 MWh
大自然能源電業股份有限公司,東昇開發有限公司(NP121042C003(水源段300-302地號)),大連化學工業股份有限公司高雄廠,太陽能,轉供,59.158,2026-04-08,36.988,於 2026-04-08 移轉 36.988 MWh
大自然能源電業股份有限公司,東昇開發有限公司(NP121042C003(水源段300-302地號)),大連化學工業股份有限公司高雄廠,太陽能,轉供,59.158,2026-05-20,22.17,於 2026-05-20 移轉 22.17 MWh
大自然能源電業股份有限公司,東昇開發有限公司(NP121042C003(水源段300-302地號)),長春石油化學股份有限公司苗栗廠,太陽能,轉供,103.056,2026-03-04,29.05,於 2026-03-04 移轉 29.05 MWh
大自然能源電業股份有限公司,東昇開發有限公司(NP121042C003(水源段300-302地號)),長春石油化學股份有限公司苗栗廠,太陽能,轉供,103.056,2026-04-08,32.084,於 2026-04-08 移轉 32.084 MWh
大自然能源電業股份有限公司,東昇開發有限公司(NP121042C003(水源段300-302地號)),長春石油化學股份有限公司苗栗廠,太陽能,轉供,103.056,2026-05-20,41.922,於 2026-05-20 移轉 41.922 MWh
大自然能源電業股份有限公司,盛禾開發股份有限公司(NP091044C001(蘇俊宏牧場87-8號)),新世紀資通股份有限公司,太陽能,轉供,64.831,2026-03-11,31.437,於 2026-03-11 移轉 31.437 MWh
大自然能源電業股份有限公司,盛禾開發股份有限公司(NP091044C001(蘇俊宏牧場87-8號)),新世紀資通股份有限公司,太陽能,轉供,64.831,2026-04-01,33.394,於 2026-04-01 移轉 33.394 MWh
大自然能源電業股份有限公司,潔力能源事業有限公司(NP111034C001(宗冠-岡山二)),台灣積體電路製造股份有限公司,太陽能,轉供,3.308,2026-04-01,1.636,於 2026-04-01 移轉 1.636 MWh
大自然能源電業股份有限公司,潔力能源事業有限公司(NP111034C001(宗冠-岡山二)),台灣積體電路製造股份有限公司,太陽能,轉供,3.308,2026-04-29,1.672,於 2026-04-29 移轉 1.672 MWh
大自然能源電業股份有限公司,潔力能源事業有限公司(NP111034C002(宗冠-岡山一)),台灣積體電路製造股份有限公司,太陽能,轉供,3.254,2026-04-01,1.551,於 2026-04-01 移轉 1.551 MWh
大自然能源電業股份有限公司,潔力能源事業有限公司(NP111034C002(宗冠-岡山一)),台灣積體電路製造股份有限公司,太陽能,轉供,3.254,2026-04-29,1.703,於 2026-04-29 移轉 1.703 MWh
大自然能源電業股份有限公司,潔力能源事業有限公司(NP181034C001(宗冠-仁武一)),台灣積體電路製造股份有限公司,太陽能,轉供,6.743,2026-04-01,3.329,於 2026-04-01 移轉 3.329 MWh
大自然能源電業股份有限公司,潔力能源事業有限公司(NP181034C001(宗冠-仁武一)),台灣積體電路製造股份有限公司,太陽能,轉供,6.743,2026-04-29,3.414,於 2026-04-29 移轉 3.414 MWh
大自然能源電業股份有限公司,潔力能源事業有限公司(NP181034C002(宗冠-仁武二)),台灣積體電路製造股份有限公司,太陽能,轉供,6.846,2026-04-01,3.388,於 2026-04-01 移轉 3.388 MWh
大自然能源電業股份有限公司,潔力能源事業有限公司(NP181034C002(宗冠-仁武二)),台灣積體電路製造股份有限公司,太陽能,轉供,6.846,2026-04-29,3.458,於 2026-04-29 移轉 3.458 MWh
大自然能源電業股份有限公司,潔力能源事業有限公司(NP111034C003(宗冠-路竹)),台灣積體電路製造股份有限公司,太陽能,轉供,15.129,2026-04-01,7.453,於 2026-04-01 移轉 7.453 MWh
大自然能源電業股份有限公司,潔力能源事業有限公司(NP111034C003(宗冠-路竹)),台灣積體電路製造股份有限公司,太陽能,轉供,15.129,2026-04-29,7.676,於 2026-04-29 移轉 7.676 MWh
大自然能源電業股份有限公司,潔力能源事業有限公司(NP121034C009(南糖-新)),台灣積體電路製造股份有限公司,太陽能,轉供,18.288,2026-04-01,9.278,於 2026-04-01 移轉 9.278 MWh
大自然能源電業股份有限公司,潔力能源事業有限公司(NP121034C009(南糖-新)),台灣積體電路製造股份有限公司,太陽能,轉供,18.288,2026-04-29,9.01,於 2026-04-29 移轉 9.01 MWh
大自然能源電業股份有限公司,木春實業社(NP201045C001(木春實業社)),台灣積體電路製造股份有限公司,太陽能,轉供,32.733,2026-04-01,15.815,於 2026-04-01 移轉 15.815 MWh
大自然能源電業股份有限公司,木春實業社(NP201045C001(木春實業社)),台灣積體電路製造股份有限公司,太陽能,轉供,32.733,2026-04-29,16.918,於 2026-04-29 移轉 16.918 MWh
大自然能源電業股份有限公司,兆桉有限公司(NP081046C001(兆桉)),台灣積體電路製造股份有限公司,太陽能,轉供,42.753,2026-03-18,0.802,於 2026-03-18 移轉 0.802 MWh
大自然能源電業股份有限公司,兆桉有限公司(NP081046C001(兆桉)),台灣積體電路製造股份有限公司,太陽能,轉供,42.753,2026-04-01,7.949,於 2026-04-01 移轉 7.949 MWh
大自然能源電業股份有限公司,兆桉有限公司(NP081046C001(兆桉)),台灣積體電路製造股份有限公司,太陽能,轉供,42.753,2026-04-29,1.487,於 2026-04-29 移轉 1.487 MWh
大自然能源電業股份有限公司,兆桉有限公司(NP081046C001(兆桉)),台灣積體電路製造股份有限公司,太陽能,轉供,42.753,2026-05-13,11.079,於 2026-05-13 移轉 11.079 MWh
大自然能源電業股份有限公司,兆桉有限公司(NP081046C001(兆桉)),台灣積體電路製造股份有限公司,太陽能,轉供,42.753,2026-05-20,21.436,於 2026-05-20 移轉 21.436 MWh
大自然能源電業股份有限公司,磐碩開發有限公司(NP111047C001(沅笙)),信昌化學工業股份有限公司林園廠,太陽能,轉供,9.613,2026-03-19,5.369,於 2026-03-19 移轉 5.369 MWh
大自然能源電業股份有限公司,磐碩開發有限公司(NP111047C001(沅笙)),信昌化學工業股份有限公司林園廠,太陽能,轉供,9.613,2026-04-29,4.244,於 2026-04-29 移轉 4.244 MWh
大自然能源電業股份有限公司,磐碩開發有限公司(NP121047C003(神農段-0428-0001地號)),信昌化學工業股份有限公司林園廠,太陽能,轉供,53.53,2026-03-19,26.927,於 2026-03-19 移轉 26.927 MWh
大自然能源電業股份有限公司,磐碩開發有限公司(NP121047C003(神農段-0428-0001地號)),信昌化學工業股份有限公司林園廠,太陽能,轉供,53.53,2026-04-29,26.603,於 2026-04-29 移轉 26.603 MWh
大自然能源電業股份有限公司,磐碩開發有限公司(NP091047C001(嘉馬)),信昌化學工業股份有限公司林園廠,太陽能,轉供,17.294,2026-03-19,8.437,於 2026-03-19 移轉 8.437 MWh
大自然能源電業股份有限公司,磐碩開發有限公司(NP091047C001(嘉馬)),信昌化學工業股份有限公司林園廠,太陽能,轉供,17.294,2026-04-29,8.857,於 2026-04-29 移轉 8.857 MWh
大自然能源電業股份有限公司,磐碩開發有限公司 (NP121047C004(賴家段555地號)),信昌化學工業股份有限公司林園廠,太陽能,轉供,19.391,2026-03-19,9.676,於 2026-03-19 移轉 9.676 MWh
大自然能源電業股份有限公司,磐碩開發有限公司 (NP121047C004(賴家段555地號)),信昌化學工業股份有限公司林園廠,太陽能,轉供,19.391,2026-04-29,9.715,於 2026-04-29 移轉 9.715 MWh
大自然能源電業股份有限公司,磐碩開發有限公司 (NP121047C005(龍泉水1~3期)),信昌化學工業股份有限公司林園廠,太陽能,轉供,223.307,2026-03-19,114.316,於 2026-03-19 移轉 114.316 MWh
大自然能源電業股份有限公司,磐碩開發有限公司 (NP121047C005(龍泉水1~3期)),信昌化學工業股份有限公司林園廠,太陽能,轉供,223.307,2026-04-29,108.991,於 2026-04-29 移轉 108.991 MWh
大自然能源電業股份有限公司,炙陽光電有限公司(NP081049C001(莊政昭二期)),信昌化學工業股份有限公司林園廠,太陽能,轉供,3.547,2026-03-19,1.729,於 2026-03-19 移轉 1.729 MWh
大自然能源電業股份有限公司,炙陽光電有限公司(NP081049C001(莊政昭二期)),信昌化學工業股份有限公司林園廠,太陽能,轉供,3.547,2026-04-29,1.818,於 2026-04-29 移轉 1.818 MWh
大自然能源電業股份有限公司,晴鈦朗光電有限公司(NP081048C001(益川廠房)),信昌化學工業股份有限公司林園廠,太陽能,轉供,2.295,2026-03-19,1.119,於 2026-03-19 移轉 1.119 MWh
大自然能源電業股份有限公司,晴鈦朗光電有限公司(NP081048C001(益川廠房)),信昌化學工業股份有限公司林園廠,太陽能,轉供,2.295,2026-04-29,1.176,於 2026-04-29 移轉 1.176 MWh
大自然能源電業股份有限公司,晴鈦朗光電有限公司(NP081048C002(益川辦公室)),信昌化學工業股份有限公司林園廠,太陽能,轉供,3.484,2026-03-19,1.694,於 2026-03-19 移轉 1.694 MWh
大自然能源電業股份有限公司,晴鈦朗光電有限公司(NP081048C002(益川辦公室)),信昌化學工業股份有限公司林園廠,太陽能,轉供,3.484,2026-04-29,1.79,於 2026-04-29 移轉 1.79 MWh
大自然能源電業股份有限公司,炙陽光電有限公司(NP081049C002(阮麗芬二期)),信昌化學工業股份有限公司林園廠,太陽能,轉供,2.18,2026-03-19,1.099,於 2026-03-19 移轉 1.099 MWh
大自然能源電業股份有限公司,炙陽光電有限公司(NP081049C002(阮麗芬二期)),信昌化學工業股份有限公司林園廠,太陽能,轉供,2.18,2026-04-29,1.081,於 2026-04-29 移轉 1.081 MWh
大自然能源電業股份有限公司,磐碩開發有限公司(NP121047C001(神農段 0418-0001等地號)),信昌化學工業股份有限公司林園廠,太陽能,轉供,60.868,2026-03-19,30.81,於 2026-03-19 移轉 30.81 MWh
大自然能源電業股份有限公司,磐碩開發有限公司(NP121047C001(神農段 0418-0001等地號)),信昌化學工業股份有限公司林園廠,太陽能,轉供,60.868,2026-04-29,30.058,於 2026-04-29 移轉 30.058 MWh
大自然能源電業股份有限公司,磐碩開發有限公司(NP121047C002(神農段-0405-0001地號)),信昌化學工業股份有限公司林園廠,太陽能,轉供,26.928,2026-03-19,13.536,於 2026-03-19 移轉 13.536 MWh
大自然能源電業股份有限公司,磐碩開發有限公司(NP121047C002(神農段-0405-0001地號)),信昌化學工業股份有限公司林園廠,太陽能,轉供,26.928,2026-04-29,13.392,於 2026-04-29 移轉 13.392 MWh
大自然能源電業股份有限公司,力鑫投資股份有限公司(NP191053C001(易利興鋼鐵)),台灣積體電路製造股份有限公司,太陽能,轉供,140.175,2026-04-01,67.296,於 2026-04-01 移轉 67.296 MWh
大自然能源電業股份有限公司,力鑫投資股份有限公司(NP191053C001(易利興鋼鐵)),台灣積體電路製造股份有限公司,太陽能,轉供,140.175,2026-04-29,72.879,於 2026-04-29 移轉 72.879 MWh
大自然能源電業股份有限公司,中勝峰能源有限公司(NP101017C001中勝峰漚汪案場),南山人壽保險股份有限公司,太陽能,轉供,101.13,2026-03-04,32.394,於 2026-03-04 移轉 32.394 MWh
大自然能源電業股份有限公司,中勝峰能源有限公司(NP101017C001中勝峰漚汪案場),南山人壽保險股份有限公司,太陽能,轉供,101.13,2026-04-01,28.451,於 2026-04-01 移轉 28.451 MWh
大自然能源電業股份有限公司,中勝峰能源有限公司(NP101017C001中勝峰漚汪案場),南山人壽保險股份有限公司,太陽能,轉供,101.13,2026-05-20,40.285,於 2026-05-20 移轉 40.285 MWh
大自然能源電業股份有限公司,暘陽有限公司(NP071052C001(臺中市龍井農會一期)),台灣積體電路製造股份有限公司,太陽能,轉供,40.244,2026-04-01,19.652,於 2026-04-01 移轉 19.652 MWh
大自然能源電業股份有限公司,暘陽有限公司(NP071052C001(臺中市龍井農會一期)),台灣積體電路製造股份有限公司,太陽能,轉供,40.244,2026-04-29,20.592,於 2026-04-29 移轉 20.592 MWh
大自然能源電業股份有限公司,暘陽有限公司(NP071052C001(臺中市龍井農會二期)),台灣積體電路製造股份有限公司,太陽能,轉供,14.532,2026-04-01,7.129,於 2026-04-01 移轉 7.129 MWh
大自然能源電業股份有限公司,暘陽有限公司(NP071052C001(臺中市龍井農會二期)),台灣積體電路製造股份有限公司,太陽能,轉供,14.532,2026-04-29,7.403,於 2026-04-29 移轉 7.403 MWh
大自然能源電業股份有限公司,裕暘能源股份有限公司(NP071055C002(臺中市龍井農會三期)),台灣積體電路製造股份有限公司,太陽能,轉供,21.797,2026-04-01,10.796,於 2026-04-01 移轉 10.796 MWh
大自然能源電業股份有限公司,裕暘能源股份有限公司(NP071055C002(臺中市龍井農會三期)),台灣積體電路製造股份有限公司,太陽能,轉供,21.797,2026-04-29,11.001,於 2026-04-29 移轉 11.001 MWh
大自然能源電業股份有限公司,裕暘能源股份有限公司(NP071055C001(臺中市龍井農會市場)),台灣積體電路製造股份有限公司,太陽能,轉供,16.574,2026-04-01,8.141,於 2026-04-01 移轉 8.141 MWh
大自然能源電業股份有限公司,裕暘能源股份有限公司(NP071055C001(臺中市龍井農會市場)),台灣積體電路製造股份有限公司,太陽能,轉供,16.574,2026-04-29,8.433,於 2026-04-29 移轉 8.433 MWh
大自然能源電業股份有限公司,裕暘能源股份有限公司(NP071055C002(詹玉山)),台灣積體電路製造股份有限公司,太陽能,轉供,6.453,2026-04-01,3.191,於 2026-04-01 移轉 3.191 MWh
大自然能源電業股份有限公司,裕暘能源股份有限公司(NP071055C002(詹玉山)),台灣積體電路製造股份有限公司,太陽能,轉供,6.453,2026-04-29,3.262,於 2026-04-29 移轉 3.262 MWh
大自然能源電業股份有限公司,福展綠能股份有限公司(NP101055C004(南榮科大)),新世紀資通股份有限公司,太陽能,轉供,21.944,2026-03-11,10.926,於 2026-03-11 移轉 10.926 MWh
大自然能源電業股份有限公司,福展綠能股份有限公司(NP101055C004(南榮科大)),新世紀資通股份有限公司,太陽能,轉供,21.944,2026-04-01,11.018,於 2026-04-01 移轉 11.018 MWh
大自然能源電業股份有限公司,福展綠能股份有限公司(NP091055C003(富茂)),新世紀資通股份有限公司,太陽能,轉供,60.524,2026-03-11,29.275,於 2026-03-11 移轉 29.275 MWh
大自然能源電業股份有限公司,福展綠能股份有限公司(NP091055C003(富茂)),新世紀資通股份有限公司,太陽能,轉供,60.524,2026-04-01,31.249,於 2026-04-01 移轉 31.249 MWh
大自然能源電業股份有限公司,福展綠能股份有限公司(NP091055C001(宏美)),新世紀資通股份有限公司,太陽能,轉供,9.829,2026-03-11,4.931,於 2026-03-11 移轉 4.931 MWh
大自然能源電業股份有限公司,福展綠能股份有限公司(NP091055C001(宏美)),新世紀資通股份有限公司,太陽能,轉供,9.829,2026-04-01,4.898,於 2026-04-01 移轉 4.898 MWh
大自然能源電業股份有限公司,福展綠能股份有限公司(NP091055C002(海灣)),新世紀資通股份有限公司,太陽能,轉供,25.805,2026-03-11,12.616,於 2026-03-11 移轉 12.616 MWh
大自然能源電業股份有限公司,福展綠能股份有限公司(NP091055C002(海灣)),新世紀資通股份有限公司,太陽能,轉供,25.805,2026-04-01,13.189,於 2026-04-01 移轉 13.189 MWh
大自然能源電業股份有限公司,福展綠能股份有限公司(NP111055C005福展(介隆興)),新世紀資通股份有限公司,太陽能,轉供,65.126,2026-03-11,31.72,於 2026-03-11 移轉 31.72 MWh
大自然能源電業股份有限公司,福展綠能股份有限公司(NP111055C005福展(介隆興)),新世紀資通股份有限公司,太陽能,轉供,65.126,2026-04-01,33.406,於 2026-04-01 移轉 33.406 MWh
大自然能源電業股份有限公司,福展綠能股份有限公司(NP121055C006福展(獅子鄉857-18地號)),新世紀資通股份有限公司,太陽能,轉供,17.067,2026-03-11,8.267,於 2026-03-11 移轉 8.267 MWh
大自然能源電業股份有限公司,福展綠能股份有限公司(NP121055C006福展(獅子鄉857-18地號)),新世紀資通股份有限公司,太陽能,轉供,17.067,2026-04-01,8.8,於 2026-04-01 移轉 8.8 MWh
大自然能源電業股份有限公司,龍光綠能科技股份有限公司(NP121056C001龍光(獅子鄉865地號)),新世紀資通股份有限公司,太陽能,轉供,15.175,2026-03-11,7.343,於 2026-03-11 移轉 7.343 MWh
大自然能源電業股份有限公司,龍光綠能科技股份有限公司(NP121056C001龍光(獅子鄉865地號)),新世紀資通股份有限公司,太陽能,轉供,15.175,2026-04-01,7.832,於 2026-04-01 移轉 7.832 MWh
大自然能源電業股份有限公司,福展綠能股份有限公司(NP091055C007福展(品宗化工)),新世紀資通股份有限公司,太陽能,轉供,21.898,2026-03-11,10.746,於 2026-03-11 移轉 10.746 MWh
大自然能源電業股份有限公司,福展綠能股份有限公司(NP091055C007福展(品宗化工)),新世紀資通股份有限公司,太陽能,轉供,21.898,2026-04-01,11.152,於 2026-04-01 移轉 11.152 MWh
大自然能源電業股份有限公司,福展綠能股份有限公司(NP201055C008福展(鹽水大埔段)),新世紀資通股份有限公司,太陽能,轉供,18.896,2026-03-11,9.123,於 2026-03-11 移轉 9.123 MWh
大自然能源電業股份有限公司,福展綠能股份有限公司(NP201055C008福展(鹽水大埔段)),新世紀資通股份有限公司,太陽能,轉供,18.896,2026-04-01,9.773,於 2026-04-01 移轉 9.773 MWh
大自然能源電業股份有限公司,福展綠能股份有限公司(NP111055C009福展(昇航造船)),新世紀資通股份有限公司,太陽能,轉供,57.92,2026-03-11,28.257,於 2026-03-11 移轉 28.257 MWh
大自然能源電業股份有限公司,福展綠能股份有限公司(NP111055C009福展(昇航造船)),新世紀資通股份有限公司,太陽能,轉供,57.92,2026-04-01,29.663,於 2026-04-01 移轉 29.663 MWh
大自然能源電業股份有限公司,福展綠能股份有限公司(NP181055C010福展(史都特)),新世紀資通股份有限公司,太陽能,轉供,28.255,2026-03-11,13.983,於 2026-03-11 移轉 13.983 MWh
大自然能源電業股份有限公司,福展綠能股份有限公司(NP181055C010福展(史都特)),新世紀資通股份有限公司,太陽能,轉供,28.255,2026-04-01,14.272,於 2026-04-01 移轉 14.272 MWh
大自然能源電業股份有限公司,妙爾尼爾能源股份有限公司(NP081057C001福壽鹿港案場),台灣積體電路製造股份有限公司,太陽能,轉供,220.587,2026-04-01,106.273,於 2026-04-01 移轉 106.273 MWh
大自然能源電業股份有限公司,妙爾尼爾能源股份有限公司(NP081057C001福壽鹿港案場),台灣積體電路製造股份有限公司,太陽能,轉供,220.587,2026-04-29,114.314,於 2026-04-29 移轉 114.314 MWh
大自然能源電業股份有限公司,妙爾尼爾能源股份有限公司(NP081057C002紳岱案場),台灣積體電路製造股份有限公司,太陽能,轉供,84.554,2026-04-01,40.492,於 2026-04-01 移轉 40.492 MWh
大自然能源電業股份有限公司,妙爾尼爾能源股份有限公司(NP081057C002紳岱案場),台灣積體電路製造股份有限公司,太陽能,轉供,84.554,2026-04-29,44.062,於 2026-04-29 移轉 44.062 MWh
大自然能源電業股份有限公司,強日能源有限公司(NP121058C001 高樹埔田),台灣積體電路製造股份有限公司,太陽能,轉供,217.575,2026-04-01,106.944,於 2026-04-01 移轉 106.944 MWh
大自然能源電業股份有限公司,強日能源有限公司(NP121058C001 高樹埔田),台灣積體電路製造股份有限公司,太陽能,轉供,217.575,2026-04-29,110.631,於 2026-04-29 移轉 110.631 MWh
大自然能源電業股份有限公司,慶穎貿易有限公司(NP081059C001 春滿),台灣積體電路製造股份有限公司,太陽能,轉供,46.95,2026-04-01,22.716,於 2026-04-01 移轉 22.716 MWh
大自然能源電業股份有限公司,慶穎貿易有限公司(NP081059C001 春滿),台灣積體電路製造股份有限公司,太陽能,轉供,46.95,2026-04-29,24.234,於 2026-04-29 移轉 24.234 MWh
大自然能源電業股份有限公司,日頭光電有限公司(NP191060C001 雲林莿桐),台灣積體電路製造股份有限公司,太陽能,轉供,61.608,2026-04-01,29.37,於 2026-04-01 移轉 29.37 MWh
大自然能源電業股份有限公司,日頭光電有限公司(NP191060C001 雲林莿桐),台灣積體電路製造股份有限公司,太陽能,轉供,61.608,2026-04-29,32.238,於 2026-04-29 移轉 32.238 MWh
大自然能源電業股份有限公司,日頭光電有限公司(NP081060C001 彰化二林),台灣積體電路製造股份有限公司,太陽能,轉供,56.642,2026-04-01,27.404,於 2026-04-01 移轉 27.404 MWh
大自然能源電業股份有限公司,日頭光電有限公司(NP081060C001 彰化二林),台灣積體電路製造股份有限公司,太陽能,轉供,56.642,2026-04-29,29.238,於 2026-04-29 移轉 29.238 MWh
大自然能源電業股份有限公司,日頭光電有限公司(NP081060C002 福崙),台灣積體電路製造股份有限公司,太陽能,轉供,42.549,2026-04-01,21.09,於 2026-04-01 移轉 21.09 MWh
大自然能源電業股份有限公司,日頭光電有限公司(NP081060C002 福崙),台灣積體電路製造股份有限公司,太陽能,轉供,42.549,2026-04-29,21.459,於 2026-04-29 移轉 21.459 MWh
大自然能源電業股份有限公司,綠大地科技有限公司(NP111061C001 金信昌一廠),台灣積體電路製造股份有限公司,太陽能,轉供,17.578,2026-04-29,17.578,於 2026-04-29 移轉 17.578 MWh
大自然能源電業股份有限公司,綠大地科技有限公司(NP111061C002 彥辰工業),台灣積體電路製造股份有限公司,太陽能,轉供,54.333,2026-04-29,54.333,於 2026-04-29 移轉 54.333 MWh
大自然能源電業股份有限公司,綠大地科技有限公司(NP111061C003 瑞展釣具),台灣積體電路製造股份有限公司,太陽能,轉供,36.396,2026-04-29,36.396,於 2026-04-29 移轉 36.396 MWh
大自然能源電業股份有限公司,亞細亞食品股份有限公司(NP181062C001 亞細亞食品),臺灣銀行股份有限公司,太陽能,轉供,94.564,2026-03-04,27.715,於 2026-03-04 移轉 27.715 MWh
大自然能源電業股份有限公司,亞細亞食品股份有限公司(NP181062C001 亞細亞食品),臺灣銀行股份有限公司,太陽能,轉供,94.564,2026-04-01,26.144,於 2026-04-01 移轉 26.144 MWh
大自然能源電業股份有限公司,亞細亞食品股份有限公司(NP181062C001 亞細亞食品),臺灣銀行股份有限公司,太陽能,轉供,94.564,2026-05-20,40.705,於 2026-05-20 移轉 40.705 MWh
大自然能源電業股份有限公司,"低碳科技有限公司(NP081063C001低碳(興業1,2))",臺灣銀行股份有限公司,太陽能,轉供,11.494,2026-03-04,3.317,於 2026-03-04 移轉 3.317 MWh
大自然能源電業股份有限公司,"低碳科技有限公司(NP081063C001低碳(興業1,2))",臺灣銀行股份有限公司,太陽能,轉供,11.494,2026-04-01,3.406,於 2026-04-01 移轉 3.406 MWh
大自然能源電業股份有限公司,"低碳科技有限公司(NP081063C001低碳(興業1,2))",臺灣銀行股份有限公司,太陽能,轉供,11.494,2026-05-20,4.771,於 2026-05-20 移轉 4.771 MWh
大自然能源電業股份有限公司,低碳科技有限公司(NP081063C003低碳(鈺麒)),臺灣銀行股份有限公司,太陽能,轉供,66.846,2026-03-04,19.706,於 2026-03-04 移轉 19.706 MWh
大自然能源電業股份有限公司,低碳科技有限公司(NP081063C003低碳(鈺麒)),臺灣銀行股份有限公司,太陽能,轉供,66.846,2026-04-01,20.031,於 2026-04-01 移轉 20.031 MWh
大自然能源電業股份有限公司,低碳科技有限公司(NP081063C003低碳(鈺麒)),臺灣銀行股份有限公司,太陽能,轉供,66.846,2026-05-20,27.109,於 2026-05-20 移轉 27.109 MWh
大自然能源電業股份有限公司,低碳科技有限公司(NP101063C009低碳(崙金(二)),力旺電子股份有限公司,太陽能,轉供,0.005,2026-03-04,0.005,於 2026-03-04 移轉 0.005 MWh
大自然能源電業股份有限公司,低碳科技有限公司(NP101063C009低碳(崙金(二)),聯詠科技股份有限公司,太陽能,轉供,0.001,2026-03-04,0.001,於 2026-03-04 移轉 0.001 MWh
大自然能源電業股份有限公司,低碳科技有限公司(NP101063C009低碳(崙金(二)),臺灣銀行股份有限公司,太陽能,轉供,86.787,2026-03-04,25.659,於 2026-03-04 移轉 25.659 MWh
大自然能源電業股份有限公司,低碳科技有限公司(NP101063C009低碳(崙金(二)),臺灣銀行股份有限公司,太陽能,轉供,86.787,2026-04-01,25.997,於 2026-04-01 移轉 25.997 MWh
大自然能源電業股份有限公司,低碳科技有限公司(NP101063C009低碳(崙金(二)),臺灣銀行股份有限公司,太陽能,轉供,86.787,2026-05-20,35.131,於 2026-05-20 移轉 35.131 MWh
大自然能源電業股份有限公司,低碳科技有限公司(NP071063C010低碳(鐵碳)),臺灣銀行股份有限公司,太陽能,轉供,76.024,2026-03-04,22.083,於 2026-03-04 移轉 22.083 MWh
大自然能源電業股份有限公司,低碳科技有限公司(NP071063C010低碳(鐵碳)),臺灣銀行股份有限公司,太陽能,轉供,76.024,2026-04-01,22.302,於 2026-04-01 移轉 22.302 MWh
大自然能源電業股份有限公司,低碳科技有限公司(NP071063C010低碳(鐵碳)),臺灣銀行股份有限公司,太陽能,轉供,76.024,2026-05-20,31.639,於 2026-05-20 移轉 31.639 MWh
大自然能源電業股份有限公司,低碳科技有限公司(NP081063C005低碳(鑫鹿(三)),臺灣銀行股份有限公司,太陽能,轉供,31.776,2026-03-04,9.433,於 2026-03-04 移轉 9.433 MWh
大自然能源電業股份有限公司,低碳科技有限公司(NP081063C005低碳(鑫鹿(三)),臺灣銀行股份有限公司,太陽能,轉供,31.776,2026-04-01,9.554,於 2026-04-01 移轉 9.554 MWh
大自然能源電業股份有限公司,低碳科技有限公司(NP081063C005低碳(鑫鹿(三)),臺灣銀行股份有限公司,太陽能,轉供,31.776,2026-05-20,12.789,於 2026-05-20 移轉 12.789 MWh
大自然能源電業股份有限公司,低碳科技有限公司(NP081063C006低碳(遠東(一)),臺灣銀行股份有限公司,太陽能,轉供,112.479,2026-03-04,33.555,於 2026-03-04 移轉 33.555 MWh
大自然能源電業股份有限公司,低碳科技有限公司(NP081063C006低碳(遠東(一)),臺灣銀行股份有限公司,太陽能,轉供,112.479,2026-04-01,33.406,於 2026-04-01 移轉 33.406 MWh
大自然能源電業股份有限公司,低碳科技有限公司(NP081063C006低碳(遠東(一)),臺灣銀行股份有限公司,太陽能,轉供,112.479,2026-05-20,45.518,於 2026-05-20 移轉 45.518 MWh
大自然能源電業股份有限公司,低碳科技有限公司(NP081063C007低碳(遠東(二)),臺灣銀行股份有限公司,太陽能,轉供,35.293,2026-03-04,10.448,於 2026-03-04 移轉 10.448 MWh
大自然能源電業股份有限公司,低碳科技有限公司(NP081063C007低碳(遠東(二)),臺灣銀行股份有限公司,太陽能,轉供,35.293,2026-04-01,10.444,於 2026-04-01 移轉 10.444 MWh
大自然能源電業股份有限公司,低碳科技有限公司(NP081063C007低碳(遠東(二)),臺灣銀行股份有限公司,太陽能,轉供,35.293,2026-05-20,14.401,於 2026-05-20 移轉 14.401 MWh
大自然能源電業股份有限公司,低碳科技有限公司(NP081063C008低碳(華興)),臺灣銀行股份有限公司,太陽能,轉供,51.299,2026-03-04,15.281,於 2026-03-04 移轉 15.281 MWh
大自然能源電業股份有限公司,低碳科技有限公司(NP081063C008低碳(華興)),臺灣銀行股份有限公司,太陽能,轉供,51.299,2026-04-01,15.39,於 2026-04-01 移轉 15.39 MWh
大自然能源電業股份有限公司,低碳科技有限公司(NP081063C008低碳(華興)),臺灣銀行股份有限公司,太陽能,轉供,51.299,2026-05-20,20.628,於 2026-05-20 移轉 20.628 MWh
大自然能源電業股份有限公司,低碳科技有限公司(NP081063C004低碳(好金二廠)),臺灣銀行股份有限公司,太陽能,轉供,49.897,2026-03-04,14.847,於 2026-03-04 移轉 14.847 MWh
大自然能源電業股份有限公司,低碳科技有限公司(NP081063C004低碳(好金二廠)),臺灣銀行股份有限公司,太陽能,轉供,49.897,2026-04-01,15.146,於 2026-04-01 移轉 15.146 MWh
大自然能源電業股份有限公司,低碳科技有限公司(NP081063C004低碳(好金二廠)),臺灣銀行股份有限公司,太陽能,轉供,49.897,2026-05-20,19.904,於 2026-05-20 移轉 19.904 MWh
大自然能源電業股份有限公司,林葳有限公司(NP121065C001林葳),南山人壽保險股份有限公司,太陽能,轉供,47.713,2026-03-04,15.505,於 2026-03-04 移轉 15.505 MWh
大自然能源電業股份有限公司,林葳有限公司(NP121065C001林葳),南山人壽保險股份有限公司,太陽能,轉供,47.713,2026-04-01,13.401,於 2026-04-01 移轉 13.401 MWh
大自然能源電業股份有限公司,林葳有限公司(NP121065C001林葳),南山人壽保險股份有限公司,太陽能,轉供,47.713,2026-05-20,18.807,於 2026-05-20 移轉 18.807 MWh
大自然能源電業股份有限公司,阿沙企業有限公司(NP091064C001阿沙),臺灣銀行股份有限公司,太陽能,轉供,44.11,2026-03-04,13.277,於 2026-03-04 移轉 13.277 MWh
大自然能源電業股份有限公司,阿沙企業有限公司(NP091064C001阿沙),臺灣銀行股份有限公司,太陽能,轉供,44.11,2026-04-01,13.041,於 2026-04-01 移轉 13.041 MWh
大自然能源電業股份有限公司,阿沙企業有限公司(NP091064C001阿沙),臺灣銀行股份有限公司,太陽能,轉供,44.11,2026-05-20,17.792,於 2026-05-20 移轉 17.792 MWh
大自然能源電業股份有限公司,低碳科技有限公司(NP081063C002低碳(安泰本廠)),臺灣銀行股份有限公司,太陽能,轉供,42.67,2026-03-04,12.67,於 2026-03-04 移轉 12.67 MWh
大自然能源電業股份有限公司,低碳科技有限公司(NP081063C002低碳(安泰本廠)),臺灣銀行股份有限公司,太陽能,轉供,42.67,2026-04-01,12.879,於 2026-04-01 移轉 12.879 MWh
大自然能源電業股份有限公司,低碳科技有限公司(NP081063C002低碳(安泰本廠)),臺灣銀行股份有限公司,太陽能,轉供,42.67,2026-05-20,17.121,於 2026-05-20 移轉 17.121 MWh
大自然能源電業股份有限公司,瓦度能源科技股份有限公司(NP191054C001瓦度(雲林牛舍一、二期)),台灣積體電路製造股份有限公司,太陽能,轉供,79.607,2026-04-01,38.359,於 2026-04-01 移轉 38.359 MWh
大自然能源電業股份有限公司,瓦度能源科技股份有限公司(NP191054C001瓦度(雲林牛舍一、二期)),台灣積體電路製造股份有限公司,太陽能,轉供,79.607,2026-04-29,41.248,於 2026-04-29 移轉 41.248 MWh
大自然能源電業股份有限公司,瓦度能源科技股份有限公司(NP121054C004瓦度(屏東內埔A)),台灣積體電路製造股份有限公司,太陽能,轉供,40.849,2026-04-01,20.442,於 2026-04-01 移轉 20.442 MWh
大自然能源電業股份有限公司,瓦度能源科技股份有限公司(NP121054C004瓦度(屏東內埔A)),台灣積體電路製造股份有限公司,太陽能,轉供,40.849,2026-04-29,20.407,於 2026-04-29 移轉 20.407 MWh
大自然能源電業股份有限公司,瓦度能源科技股份有限公司(NP121054C005瓦度(崁頂民宿)),台灣積體電路製造股份有限公司,太陽能,轉供,13.876,2026-04-01,7.058,於 2026-04-01 移轉 7.058 MWh
大自然能源電業股份有限公司,瓦度能源科技股份有限公司(NP121054C005瓦度(崁頂民宿)),台灣積體電路製造股份有限公司,太陽能,轉供,13.876,2026-04-29,6.818,於 2026-04-29 移轉 6.818 MWh
大自然能源電業股份有限公司,瓦度能源科技股份有限公司(NP091054C006瓦度(嘉義貴舍)),遠東巨城購物中心股份有限公司新竹分公司,太陽能,轉供,11.456,2026-04-01,5.64,於 2026-04-01 移轉 5.64 MWh
大自然能源電業股份有限公司,瓦度能源科技股份有限公司(NP091054C006瓦度(嘉義貴舍)),遠東巨城購物中心股份有限公司新竹分公司,太陽能,轉供,11.456,2026-04-29,5.816,於 2026-04-29 移轉 5.816 MWh
大自然能源電業股份有限公司,瓦度能源科技股份有限公司(NP101054C008瓦度(永康順天心)),遠東巨城購物中心股份有限公司新竹分公司,太陽能,轉供,10.903,2026-04-01,5.54,於 2026-04-01 移轉 5.54 MWh
大自然能源電業股份有限公司,瓦度能源科技股份有限公司(NP101054C008瓦度(永康順天心)),遠東巨城購物中心股份有限公司新竹分公司,太陽能,轉供,10.903,2026-04-29,5.363,於 2026-04-29 移轉 5.363 MWh
大自然能源電業股份有限公司,瓦度能源科技股份有限公司(NP101054C010瓦度(公學路全聯)),遠東巨城購物中心股份有限公司新竹分公司,太陽能,轉供,18.798,2026-04-01,8.892,於 2026-04-01 移轉 8.892 MWh
大自然能源電業股份有限公司,瓦度能源科技股份有限公司(NP101054C010瓦度(公學路全聯)),遠東巨城購物中心股份有限公司新竹分公司,太陽能,轉供,18.798,2026-04-29,9.906,於 2026-04-29 移轉 9.906 MWh
大自然能源電業股份有限公司,瓦度能源科技股份有限公司(NP181054C012瓦度(老人照顧中心)),聯詠科技股份有限公司,太陽能,轉供,38.579,2026-05-20,38.579,於 2026-05-20 移轉 38.579 MWh
大自然能源電業股份有限公司,瓦度能源科技股份有限公司(NP181054C013瓦度(湧力)),遠東巨城購物中心股份有限公司新竹分公司,太陽能,轉供,23.821,2026-04-01,11.724,於 2026-04-01 移轉 11.724 MWh
大自然能源電業股份有限公司,瓦度能源科技股份有限公司(NP181054C013瓦度(湧力)),遠東巨城購物中心股份有限公司新竹分公司,太陽能,轉供,23.821,2026-04-29,12.097,於 2026-04-29 移轉 12.097 MWh
大自然能源電業股份有限公司,瓦度能源科技股份有限公司(NP121054C015瓦度(恒春建地)),南山人壽保險股份有限公司,太陽能,轉供,40.588,2026-03-04,16.531,於 2026-03-04 移轉 16.531 MWh
大自然能源電業股份有限公司,瓦度能源科技股份有限公司(NP121054C015瓦度(恒春建地)),南山人壽保險股份有限公司,太陽能,轉供,40.588,2026-04-01,6.035,於 2026-04-01 移轉 6.035 MWh
大自然能源電業股份有限公司,瓦度能源科技股份有限公司(NP121054C015瓦度(恒春建地)),南山人壽保險股份有限公司,太陽能,轉供,40.588,2026-05-20,18.022,於 2026-05-20 移轉 18.022 MWh
大自然能源電業股份有限公司,瓦度能源科技股份有限公司(NP121054C015瓦度(恒春建地)),臺灣銀行股份有限公司,太陽能,轉供,0.001,2026-03-04,0.001,於 2026-03-04 移轉 0.001 MWh
大自然能源電業股份有限公司,暘光能源有限公司(NP191051C002暘光(黃耀德畜牧場三期)),台灣積體電路製造股份有限公司,太陽能,轉供,24.539,2026-04-01,11.74,於 2026-04-01 移轉 11.74 MWh
大自然能源電業股份有限公司,暘光能源有限公司(NP191051C002暘光(黃耀德畜牧場三期)),台灣積體電路製造股份有限公司,太陽能,轉供,24.539,2026-04-29,12.799,於 2026-04-29 移轉 12.799 MWh
大自然能源電業股份有限公司,暘光能源有限公司(NP191051C001暘光(吳明學畜牧場)),台灣積體電路製造股份有限公司,太陽能,轉供,8.019,2026-04-01,3.691,於 2026-04-01 移轉 3.691 MWh
大自然能源電業股份有限公司,暘光能源有限公司(NP191051C001暘光(吳明學畜牧場)),台灣積體電路製造股份有限公司,太陽能,轉供,8.019,2026-04-29,4.328,於 2026-04-29 移轉 4.328 MWh
大自然能源電業股份有限公司,巨鍕能源工業有限公司(NP081067C002巨鍕(富貴三期)),台灣積體電路製造股份有限公司,太陽能,轉供,145.152,2026-04-29,145.152,於 2026-04-29 移轉 145.152 MWh
大自然能源電業股份有限公司,"巨鍕能源工業有限公司(NP081067C001巨鍕(富貴一,二期))",台灣積體電路製造股份有限公司,太陽能,轉供,158.696,2026-04-29,158.696,於 2026-04-29 移轉 158.696 MWh
大自然能源電業股份有限公司,超群企業社(NP081068C001超群(芳苑)),遠東巨城購物中心股份有限公司新竹分公司,太陽能,轉供,67.544,2026-04-01,31.59,於 2026-04-01 移轉 31.59 MWh
大自然能源電業股份有限公司,超群企業社(NP081068C001超群(芳苑)),遠東巨城購物中心股份有限公司新竹分公司,太陽能,轉供,67.544,2026-04-29,35.954,於 2026-04-29 移轉 35.954 MWh
大自然能源電業股份有限公司,瓦度能源科技股份有限公司(NP101054C009瓦度(明興保修廠)),遠東巨城購物中心股份有限公司新竹分公司,太陽能,轉供,8.996,2026-04-01,4.322,於 2026-04-01 移轉 4.322 MWh
大自然能源電業股份有限公司,瓦度能源科技股份有限公司(NP101054C009瓦度(明興保修廠)),遠東巨城購物中心股份有限公司新竹分公司,太陽能,轉供,8.996,2026-04-29,4.674,於 2026-04-29 移轉 4.674 MWh
大自然能源電業股份有限公司,瓦度能源科技股份有限公司(NP101054C002瓦度(友俊一、二期)),台灣積體電路製造股份有限公司,太陽能,轉供,223.759,2026-04-01,111.141,於 2026-04-01 移轉 111.141 MWh
大自然能源電業股份有限公司,瓦度能源科技股份有限公司(NP101054C002瓦度(友俊一、二期)),台灣積體電路製造股份有限公司,太陽能,轉供,223.759,2026-04-29,112.618,於 2026-04-29 移轉 112.618 MWh
大自然能源電業股份有限公司,瓦度能源科技股份有限公司(NP111054C003瓦度(道隆寺)),台灣積體電路製造股份有限公司,太陽能,轉供,11.514,2026-04-01,5.622,於 2026-04-01 移轉 5.622 MWh
大自然能源電業股份有限公司,瓦度能源科技股份有限公司(NP111054C003瓦度(道隆寺)),台灣積體電路製造股份有限公司,太陽能,轉供,11.514,2026-04-29,5.892,於 2026-04-29 移轉 5.892 MWh
大自然能源電業股份有限公司,瓦度能源科技股份有限公司(NP121054C014瓦度(屏東內埔B)),南山人壽保險股份有限公司,太陽能,轉供,29.683,2026-03-04,11.289,於 2026-03-04 移轉 11.289 MWh
大自然能源電業股份有限公司,瓦度能源科技股份有限公司(NP121054C014瓦度(屏東內埔B)),南山人壽保險股份有限公司,太陽能,轉供,29.683,2026-04-01,7.482,於 2026-04-01 移轉 7.482 MWh
大自然能源電業股份有限公司,瓦度能源科技股份有限公司(NP121054C014瓦度(屏東內埔B)),南山人壽保險股份有限公司,太陽能,轉供,29.683,2026-05-20,10.912,於 2026-05-20 移轉 10.912 MWh
大自然能源電業股份有限公司,瓦度能源科技股份有限公司(NP201054C007瓦度(新營詠益)),遠東巨城購物中心股份有限公司新竹分公司,太陽能,轉供,17.2,2026-04-01,8.35,於 2026-04-01 移轉 8.35 MWh
大自然能源電業股份有限公司,瓦度能源科技股份有限公司(NP201054C007瓦度(新營詠益)),遠東巨城購物中心股份有限公司新竹分公司,太陽能,轉供,17.2,2026-04-29,8.85,於 2026-04-29 移轉 8.85 MWh
大自然能源電業股份有限公司,瓦度能源科技股份有限公司(NP111054C011瓦度(誠泰)),聯詠科技股份有限公司,太陽能,轉供,17.556,2026-05-20,17.556,於 2026-05-20 移轉 17.556 MWh
大自然能源電業股份有限公司,慧同企業有限公司(NP101069C001慧同),台灣積體電路製造股份有限公司,太陽能,轉供,89.573,2026-04-01,18.6,於 2026-04-01 移轉 18.6 MWh
大自然能源電業股份有限公司,慧同企業有限公司(NP101069C001慧同),台灣積體電路製造股份有限公司,太陽能,轉供,89.573,2026-04-29,6.996,於 2026-04-29 移轉 6.996 MWh
大自然能源電業股份有限公司,慧同企業有限公司(NP101069C001慧同),台灣積體電路製造股份有限公司,太陽能,轉供,89.573,2026-05-13,26.975,於 2026-05-13 移轉 26.975 MWh
大自然能源電業股份有限公司,慧同企業有限公司(NP101069C001慧同),台灣積體電路製造股份有限公司,太陽能,轉供,89.573,2026-05-20,37.002,於 2026-05-20 移轉 37.002 MWh
大自然能源電業股份有限公司,諾可綠電企業有限公司(NP111066COO2諾可(信和)),台灣積體電路製造股份有限公司,太陽能,轉供,172.022,2026-04-01,38.078,於 2026-04-01 移轉 38.078 MWh
大自然能源電業股份有限公司,諾可綠電企業有限公司(NP111066COO2諾可(信和)),台灣積體電路製造股份有限公司,太陽能,轉供,172.022,2026-04-29,12.907,於 2026-04-29 移轉 12.907 MWh
大自然能源電業股份有限公司,諾可綠電企業有限公司(NP111066COO2諾可(信和)),台灣積體電路製造股份有限公司,太陽能,轉供,172.022,2026-05-13,54.615,於 2026-05-13 移轉 54.615 MWh
大自然能源電業股份有限公司,諾可綠電企業有限公司(NP111066COO2諾可(信和)),台灣積體電路製造股份有限公司,太陽能,轉供,172.022,2026-05-20,66.422,於 2026-05-20 移轉 66.422 MWh
大自然能源電業股份有限公司,諾可綠電企業有限公司(NP041066COO1諾可(呈定)),台灣積體電路製造股份有限公司,太陽能,轉供,31.308,2026-04-01,9.036,於 2026-04-01 移轉 9.036 MWh
大自然能源電業股份有限公司,諾可綠電企業有限公司(NP041066COO1諾可(呈定)),台灣積體電路製造股份有限公司,太陽能,轉供,31.308,2026-04-29,3.513,於 2026-04-29 移轉 3.513 MWh
大自然能源電業股份有限公司,諾可綠電企業有限公司(NP041066COO1諾可(呈定)),台灣積體電路製造股份有限公司,太陽能,轉供,31.308,2026-05-13,13.989,於 2026-05-13 移轉 13.989 MWh
大自然能源電業股份有限公司,諾可綠電企業有限公司(NP041066COO1諾可(呈定)),台灣積體電路製造股份有限公司,太陽能,轉供,31.308,2026-05-20,4.77,於 2026-05-20 移轉 4.77 MWh
大自然能源電業股份有限公司,高光綠能股份有限公司(NP121070C001(誠大精密)),台灣積體電路製造股份有限公司,太陽能,轉供,79.356,2026-04-01,16.882,於 2026-04-01 移轉 16.882 MWh
大自然能源電業股份有限公司,高光綠能股份有限公司(NP121070C001(誠大精密)),台灣積體電路製造股份有限公司,太陽能,轉供,79.356,2026-04-29,6.492,於 2026-04-29 移轉 6.492 MWh
大自然能源電業股份有限公司,高光綠能股份有限公司(NP121070C001(誠大精密)),台灣積體電路製造股份有限公司,太陽能,轉供,79.356,2026-05-13,24.294,於 2026-05-13 移轉 24.294 MWh
大自然能源電業股份有限公司,高光綠能股份有限公司(NP121070C001(誠大精密)),台灣積體電路製造股份有限公司,太陽能,轉供,79.356,2026-05-20,31.688,於 2026-05-20 移轉 31.688 MWh
大自然能源電業股份有限公司,瀚鑫能源有限公司(NP041024C007(繼德科技-伍仕電子)),長春石油化學股份有限公司苗栗廠,太陽能,轉供,102.609,2026-03-18,29.971,於 2026-03-18 移轉 29.971 MWh
大自然能源電業股份有限公司,瀚鑫能源有限公司(NP041024C007(繼德科技-伍仕電子)),長春石油化學股份有限公司苗栗廠,太陽能,轉供,102.609,2026-04-08,31.294,於 2026-04-08 移轉 31.294 MWh
大自然能源電業股份有限公司,瀚鑫能源有限公司(NP041024C007(繼德科技-伍仕電子)),長春石油化學股份有限公司苗栗廠,太陽能,轉供,102.609,2026-05-20,41.344,於 2026-05-20 移轉 41.344 MWh
大自然能源電業股份有限公司,友齊有限公司(NP201075C001友齊),台灣積體電路製造股份有限公司,太陽能,轉供,54.967,2026-04-01,13.382,於 2026-04-01 移轉 13.382 MWh
大自然能源電業股份有限公司,友齊有限公司(NP201075C001友齊),台灣積體電路製造股份有限公司,太陽能,轉供,54.967,2026-04-29,4.18,於 2026-04-29 移轉 4.18 MWh
大自然能源電業股份有限公司,友齊有限公司(NP201075C001友齊),台灣積體電路製造股份有限公司,太陽能,轉供,54.967,2026-05-13,16.978,於 2026-05-13 移轉 16.978 MWh
大自然能源電業股份有限公司,友齊有限公司(NP201075C001友齊),台灣積體電路製造股份有限公司,太陽能,轉供,54.967,2026-05-20,20.427,於 2026-05-20 移轉 20.427 MWh
大自然能源電業股份有限公司,光合作用綠能有限公司(NP091032C004(後壁1302地號)),台灣積體電路製造股份有限公司,太陽能,轉供,100.865,2026-04-01,49.519,於 2026-04-01 移轉 49.519 MWh
大自然能源電業股份有限公司,光合作用綠能有限公司(NP091032C004(後壁1302地號)),台灣積體電路製造股份有限公司,太陽能,轉供,100.865,2026-04-29,51.346,於 2026-04-29 移轉 51.346 MWh
大自然能源電業股份有限公司,光合作用綠能有限公司(NP091032C005(後壁1325地號)),台灣積體電路製造股份有限公司,太陽能,轉供,43.545,2026-04-01,21.357,於 2026-04-01 移轉 21.357 MWh
大自然能源電業股份有限公司,光合作用綠能有限公司(NP091032C005(後壁1325地號)),台灣積體電路製造股份有限公司,太陽能,轉供,43.545,2026-04-29,22.188,於 2026-04-29 移轉 22.188 MWh
大自然能源電業股份有限公司,銘光綠能有限公司(NP201072C006(戴聰全)),台灣積體電路製造股份有限公司,太陽能,轉供,41.547,2026-04-29,41.547,於 2026-04-29 移轉 41.547 MWh
大自然能源電業股份有限公司,鑫宏昌股份有限公司(NP071074C001(鑫輪工業)),新世紀資通股份有限公司,太陽能,轉供,26.247,2026-03-11,26.247,於 2026-03-11 移轉 26.247 MWh
大自然能源電業股份有限公司,瀚鑫能源有限公司(NP041024C003(振陽雷射)),長春石油化學股份有限公司苗栗廠,太陽能,轉供,33.566,2026-03-18,9.735,於 2026-03-18 移轉 9.735 MWh
大自然能源電業股份有限公司,瀚鑫能源有限公司(NP041024C003(振陽雷射)),長春石油化學股份有限公司苗栗廠,太陽能,轉供,33.566,2026-04-08,10.414,於 2026-04-08 移轉 10.414 MWh
大自然能源電業股份有限公司,瀚鑫能源有限公司(NP041024C003(振陽雷射)),長春石油化學股份有限公司苗栗廠,太陽能,轉供,33.566,2026-05-20,13.417,於 2026-05-20 移轉 13.417 MWh
大自然能源電業股份有限公司,瀚鑫能源有限公司(NP041024C004(順陽鋼鐵)),長春石油化學股份有限公司苗栗廠,太陽能,轉供,56.145,2026-03-18,16.305,於 2026-03-18 移轉 16.305 MWh
大自然能源電業股份有限公司,瀚鑫能源有限公司(NP041024C004(順陽鋼鐵)),長春石油化學股份有限公司苗栗廠,太陽能,轉供,56.145,2026-04-08,17.4,於 2026-04-08 移轉 17.4 MWh
大自然能源電業股份有限公司,瀚鑫能源有限公司(NP041024C004(順陽鋼鐵)),長春石油化學股份有限公司苗栗廠,太陽能,轉供,56.145,2026-05-20,22.44,於 2026-05-20 移轉 22.44 MWh
大自然能源電業股份有限公司,"瀚鑫能源有限公司(NP031024C005瀚鑫(叡麟一期,二期))",長春石油化學股份有限公司苗栗廠,太陽能,轉供,167.427,2026-03-18,33.122,於 2026-03-18 移轉 33.122 MWh
大自然能源電業股份有限公司,"瀚鑫能源有限公司(NP031024C005瀚鑫(叡麟一期,二期))",長春石油化學股份有限公司苗栗廠,太陽能,轉供,167.427,2026-04-08,58.441,於 2026-04-08 移轉 58.441 MWh
大自然能源電業股份有限公司,"瀚鑫能源有限公司(NP031024C005瀚鑫(叡麟一期,二期))",長春石油化學股份有限公司苗栗廠,太陽能,轉供,167.427,2026-05-20,75.864,於 2026-05-20 移轉 75.864 MWh
大自然能源電業股份有限公司,昶昇能源產業有限公司(NP191073C001東庄段0224地號),台灣積體電路製造股份有限公司,太陽能,轉供,170.344,2026-04-01,43.956,於 2026-04-01 移轉 43.956 MWh
大自然能源電業股份有限公司,昶昇能源產業有限公司(NP191073C001東庄段0224地號),台灣積體電路製造股份有限公司,太陽能,轉供,170.344,2026-04-29,12.883,於 2026-04-29 移轉 12.883 MWh
大自然能源電業股份有限公司,昶昇能源產業有限公司(NP191073C001東庄段0224地號),台灣積體電路製造股份有限公司,太陽能,轉供,170.344,2026-05-13,56.717,於 2026-05-13 移轉 56.717 MWh
大自然能源電業股份有限公司,昶昇能源產業有限公司(NP191073C001東庄段0224地號),台灣積體電路製造股份有限公司,太陽能,轉供,170.344,2026-05-20,56.788,於 2026-05-20 移轉 56.788 MWh
大自然能源電業股份有限公司,怡陽能源有限公司(NP081071C001怡陽(福興畜舍)),南山人壽保險股份有限公司,太陽能,轉供,176.987,2026-03-04,54.613,於 2026-03-04 移轉 54.613 MWh
大自然能源電業股份有限公司,怡陽能源有限公司(NP081071C001怡陽(福興畜舍)),南山人壽保險股份有限公司,太陽能,轉供,176.987,2026-04-01,50.415,於 2026-04-01 移轉 50.415 MWh
大自然能源電業股份有限公司,怡陽能源有限公司(NP081071C001怡陽(福興畜舍)),南山人壽保險股份有限公司,太陽能,轉供,176.987,2026-05-20,71.959,於 2026-05-20 移轉 71.959 MWh
大自然能源電業股份有限公司,高光綠能股份有限公司(NP101070C002(矽原)),台灣積體電路製造股份有限公司,太陽能,轉供,26.011,2026-03-04,0.736,於 2026-03-04 移轉 0.736 MWh
大自然能源電業股份有限公司,高光綠能股份有限公司(NP101070C002(矽原)),台灣積體電路製造股份有限公司,太陽能,轉供,26.011,2026-04-01,5.641,於 2026-04-01 移轉 5.641 MWh
大自然能源電業股份有限公司,高光綠能股份有限公司(NP101070C002(矽原)),台灣積體電路製造股份有限公司,太陽能,轉供,26.011,2026-04-08,1,於 2026-04-08 移轉 1 MWh
大自然能源電業股份有限公司,高光綠能股份有限公司(NP101070C002(矽原)),台灣積體電路製造股份有限公司,太陽能,轉供,26.011,2026-05-13,7.369,於 2026-05-13 移轉 7.369 MWh
大自然能源電業股份有限公司,高光綠能股份有限公司(NP101070C002(矽原)),台灣積體電路製造股份有限公司,太陽能,轉供,26.011,2026-05-20,11.265,於 2026-05-20 移轉 11.265 MWh
大自然能源電業股份有限公司,銘光綠能有限公司(NP101072C008 (蘇伯千)),台灣積體電路製造股份有限公司,太陽能,轉供,19.76,2026-04-29,19.76,於 2026-04-29 移轉 19.76 MWh
大自然能源電業股份有限公司,銘光綠能有限公司(NP121072C007 (鍾建廷)),台灣積體電路製造股份有限公司,太陽能,轉供,36.265,2026-04-29,36.265,於 2026-04-29 移轉 36.265 MWh
大自然能源電業股份有限公司,銘光綠能有限公司(NP201072C005(陳佑全)),台灣積體電路製造股份有限公司,太陽能,轉供,25.876,2026-04-29,25.876,於 2026-04-29 移轉 25.876 MWh
大自然能源電業股份有限公司,銘光綠能有限公司(NP201072C001沈得團),台灣積體電路製造股份有限公司,太陽能,轉供,35.882,2026-04-29,35.882,於 2026-04-29 移轉 35.882 MWh
大自然能源電業股份有限公司,銘光綠能有限公司(NP201072C004 (沈寶麟)),台灣積體電路製造股份有限公司,太陽能,轉供,56.936,2026-04-29,56.936,於 2026-04-29 移轉 56.936 MWh
大自然能源電業股份有限公司,銘光綠能有限公司(NP101072C003汪春隆),台灣積體電路製造股份有限公司,太陽能,轉供,34.264,2026-04-29,34.264,於 2026-04-29 移轉 34.264 MWh
大自然能源電業股份有限公司,銘光綠能有限公司(NP201072C002吳清泉),台灣積體電路製造股份有限公司,太陽能,轉供,21.733,2026-04-29,21.733,於 2026-04-29 移轉 21.733 MWh
大自然能源電業股份有限公司,總福塑膠工業股份有限公司(NP071076C001總福),長春石油化學股份有限公司苗栗廠,太陽能,轉供,89.698,2026-03-18,27.005,於 2026-03-18 移轉 27.005 MWh
大自然能源電業股份有限公司,總福塑膠工業股份有限公司(NP071076C001總福),長春石油化學股份有限公司苗栗廠,太陽能,轉供,89.698,2026-04-08,28.042,於 2026-04-08 移轉 28.042 MWh
大自然能源電業股份有限公司,總福塑膠工業股份有限公司(NP071076C001總福),長春石油化學股份有限公司苗栗廠,太陽能,轉供,89.698,2026-05-20,34.651,於 2026-05-20 移轉 34.651 MWh
大自然能源電業股份有限公司,綠大地科技有限公司(NP111061C005 橋德鋼鐵二廠),台灣積體電路製造股份有限公司,太陽能,轉供,45.228,2026-04-01,10.308,於 2026-04-01 移轉 10.308 MWh
大自然能源電業股份有限公司,綠大地科技有限公司(NP111061C005 橋德鋼鐵二廠),台灣積體電路製造股份有限公司,太陽能,轉供,45.228,2026-04-29,3.837,於 2026-04-29 移轉 3.837 MWh
大自然能源電業股份有限公司,綠大地科技有限公司(NP111061C005 橋德鋼鐵二廠),台灣積體電路製造股份有限公司,太陽能,轉供,45.228,2026-05-13,15.124,於 2026-05-13 移轉 15.124 MWh
大自然能源電業股份有限公司,綠大地科技有限公司(NP111061C005 橋德鋼鐵二廠),台灣積體電路製造股份有限公司,太陽能,轉供,45.228,2026-05-20,15.959,於 2026-05-20 移轉 15.959 MWh
大自然能源電業股份有限公司,綠大地科技有限公司(NP111061C004 金信昌二廠),台灣積體電路製造股份有限公司,太陽能,轉供,70.294,2026-04-01,15.532,於 2026-04-01 移轉 15.532 MWh
大自然能源電業股份有限公司,綠大地科技有限公司(NP111061C004 金信昌二廠),台灣積體電路製造股份有限公司,太陽能,轉供,70.294,2026-04-29,5.517,於 2026-04-29 移轉 5.517 MWh
大自然能源電業股份有限公司,綠大地科技有限公司(NP111061C004 金信昌二廠),台灣積體電路製造股份有限公司,太陽能,轉供,70.294,2026-05-13,21.871,於 2026-05-13 移轉 21.871 MWh
大自然能源電業股份有限公司,綠大地科技有限公司(NP111061C004 金信昌二廠),台灣積體電路製造股份有限公司,太陽能,轉供,70.294,2026-05-20,27.374,於 2026-05-20 移轉 27.374 MWh
大自然能源電業股份有限公司,慶穎貿易有限公司(NP181059C002 均一食品),台灣積體電路製造股份有限公司,太陽能,轉供,55.958,2026-04-01,11.564,於 2026-04-01 移轉 11.564 MWh
大自然能源電業股份有限公司,慶穎貿易有限公司(NP181059C002 均一食品),台灣積體電路製造股份有限公司,太陽能,轉供,55.958,2026-04-29,4.19,於 2026-04-29 移轉 4.19 MWh
大自然能源電業股份有限公司,慶穎貿易有限公司(NP181059C002 均一食品),台灣積體電路製造股份有限公司,太陽能,轉供,55.958,2026-05-13,16.427,於 2026-05-13 移轉 16.427 MWh
大自然能源電業股份有限公司,慶穎貿易有限公司(NP181059C002 均一食品),台灣積體電路製造股份有限公司,太陽能,轉供,55.958,2026-05-20,23.777,於 2026-05-20 移轉 23.777 MWh
大自然能源電業股份有限公司,磐碩開發有限公司(NP111047C006(樹德科大)),長春石油化學股份有限公司苗栗廠,太陽能,轉供,344.572,2026-03-18,104.5,於 2026-03-18 移轉 104.5 MWh
大自然能源電業股份有限公司,磐碩開發有限公司(NP111047C006(樹德科大)),長春石油化學股份有限公司苗栗廠,太陽能,轉供,344.572,2026-04-08,97.655,於 2026-04-08 移轉 97.655 MWh
大自然能源電業股份有限公司,磐碩開發有限公司(NP111047C006(樹德科大)),長春石油化學股份有限公司苗栗廠,太陽能,轉供,344.572,2026-05-20,142.417,於 2026-05-20 移轉 142.417 MWh
大自然能源電業股份有限公司,力鑫投資股份有限公司(NP111053C004(善地)),新世紀資通股份有限公司,太陽能,轉供,6.059,2026-03-25,6.059,於 2026-03-25 移轉 6.059 MWh
大自然能源電業股份有限公司,力鑫投資股份有限公司(NP111053C002(豐雪成功路)),新世紀資通股份有限公司,太陽能,轉供,8.333,2026-03-25,8.333,於 2026-03-25 移轉 8.333 MWh
大自然能源電業股份有限公司,力鑫投資股份有限公司(NP111053C003(豐雪嘉新西路)),新世紀資通股份有限公司,太陽能,轉供,6.2,2026-03-25,6.2,於 2026-03-25 移轉 6.2 MWh
大自然能源電業股份有限公司,怡陽能源有限公司(NP081071C002(王敏男畜舍)),台灣積體電路製造股份有限公司,太陽能,轉供,164.772,2026-04-29,164.772,於 2026-04-29 移轉 164.772 MWh
大自然能源電業股份有限公司,臻鼎投資股份有限公司(NP111084C002(高加)),長春石油化學股份有限公司苗栗廠,太陽能,轉供,152.117,2026-03-18,41.469,於 2026-03-18 移轉 41.469 MWh
大自然能源電業股份有限公司,臻鼎投資股份有限公司(NP111084C002(高加)),長春石油化學股份有限公司苗栗廠,太陽能,轉供,152.117,2026-04-08,47.201,於 2026-04-08 移轉 47.201 MWh
大自然能源電業股份有限公司,臻鼎投資股份有限公司(NP111084C002(高加)),長春石油化學股份有限公司苗栗廠,太陽能,轉供,152.117,2026-05-20,63.447,於 2026-05-20 移轉 63.447 MWh
大自然能源電業股份有限公司,臻鼎投資股份有限公司(NP181084C001(南星)),長春石油化學股份有限公司苗栗廠,太陽能,轉供,135.051,2026-03-18,37.732,於 2026-03-18 移轉 37.732 MWh
大自然能源電業股份有限公司,臻鼎投資股份有限公司(NP181084C001(南星)),長春石油化學股份有限公司苗栗廠,太陽能,轉供,135.051,2026-04-08,38.807,於 2026-04-08 移轉 38.807 MWh
大自然能源電業股份有限公司,臻鼎投資股份有限公司(NP181084C001(南星)),長春石油化學股份有限公司苗栗廠,太陽能,轉供,135.051,2026-05-20,58.512,於 2026-05-20 移轉 58.512 MWh
大自然能源電業股份有限公司,保證責任彰化縣冬瓜合作社(NP081078C001(冬瓜)),新世紀資通股份有限公司,太陽能,轉供,32.32,2026-03-11,32.32,於 2026-03-11 移轉 32.32 MWh
大自然能源電業股份有限公司,高雄海港物流股份有限公司(NP181085C001(63倉二期)),台灣積體電路製造股份有限公司,太陽能,轉供,81.844,2026-04-01,16.491,於 2026-04-01 移轉 16.491 MWh
大自然能源電業股份有限公司,高雄海港物流股份有限公司(NP181085C001(63倉二期)),台灣積體電路製造股份有限公司,太陽能,轉供,81.844,2026-04-29,5.668,於 2026-04-29 移轉 5.668 MWh
大自然能源電業股份有限公司,高雄海港物流股份有限公司(NP181085C001(63倉二期)),台灣積體電路製造股份有限公司,太陽能,轉供,81.844,2026-05-13,24.071,於 2026-05-13 移轉 24.071 MWh
大自然能源電業股份有限公司,高雄海港物流股份有限公司(NP181085C001(63倉二期)),台灣積體電路製造股份有限公司,太陽能,轉供,81.844,2026-05-20,35.614,於 2026-05-20 移轉 35.614 MWh
大自然能源電業股份有限公司,吉日和有限公司(NP081035C002新宏食品),台灣積體電路製造股份有限公司,太陽能,轉供,118.817,2026-04-01,19.795,於 2026-04-01 移轉 19.795 MWh
大自然能源電業股份有限公司,吉日和有限公司(NP081035C002新宏食品),台灣積體電路製造股份有限公司,太陽能,轉供,118.817,2026-04-29,6.886,於 2026-04-29 移轉 6.886 MWh
大自然能源電業股份有限公司,吉日和有限公司(NP081035C002新宏食品),台灣積體電路製造股份有限公司,太陽能,轉供,118.817,2026-05-13,30.595,於 2026-05-13 移轉 30.595 MWh
大自然能源電業股份有限公司,吉日和有限公司(NP081035C002新宏食品),台灣積體電路製造股份有限公司,太陽能,轉供,118.817,2026-05-20,61.541,於 2026-05-20 移轉 61.541 MWh
大自然能源電業股份有限公司,吳阿能企業社(NP191080C001(西庄225號)),長春石油化學股份有限公司苗栗廠,太陽能,轉供,138.455,2026-03-18,40.467,於 2026-03-18 移轉 40.467 MWh
大自然能源電業股份有限公司,吳阿能企業社(NP191080C001(西庄225號)),長春石油化學股份有限公司苗栗廠,太陽能,轉供,138.455,2026-04-08,43.179,於 2026-04-08 移轉 43.179 MWh
大自然能源電業股份有限公司,吳阿能企業社(NP191080C001(西庄225號)),長春石油化學股份有限公司苗栗廠,太陽能,轉供,138.455,2026-05-20,54.809,於 2026-05-20 移轉 54.809 MWh
大自然能源電業股份有限公司,中永峰能源有限公司(NP181082C002(高雄尚富)),長春石油化學股份有限公司苗栗廠,太陽能,轉供,66.753,2026-03-18,19.419,於 2026-03-18 移轉 19.419 MWh
大自然能源電業股份有限公司,中永峰能源有限公司(NP181082C002(高雄尚富)),長春石油化學股份有限公司苗栗廠,太陽能,轉供,66.753,2026-04-08,19.451,於 2026-04-08 移轉 19.451 MWh
大自然能源電業股份有限公司,中永峰能源有限公司(NP181082C002(高雄尚富)),長春石油化學股份有限公司苗栗廠,太陽能,轉供,66.753,2026-05-20,27.883,於 2026-05-20 移轉 27.883 MWh
大自然能源電業股份有限公司,中永峰能源有限公司(NP111082C001(高雄右昌國小一、二期)),台灣積體電路製造股份有限公司,太陽能,轉供,234.38,2026-04-01,54.473,於 2026-04-01 移轉 54.473 MWh
大自然能源電業股份有限公司,中永峰能源有限公司(NP111082C001(高雄右昌國小一、二期)),台灣積體電路製造股份有限公司,太陽能,轉供,234.38,2026-04-29,17.811,於 2026-04-29 移轉 17.811 MWh
大自然能源電業股份有限公司,中永峰能源有限公司(NP111082C001(高雄右昌國小一、二期)),台灣積體電路製造股份有限公司,太陽能,轉供,234.38,2026-05-13,80.012,於 2026-05-13 移轉 80.012 MWh
大自然能源電業股份有限公司,中永峰能源有限公司(NP111082C001(高雄右昌國小一、二期)),台灣積體電路製造股份有限公司,太陽能,轉供,234.38,2026-05-20,82.084,於 2026-05-20 移轉 82.084 MWh
大自然能源電業股份有限公司,中永峰能源有限公司(NP111082C003(高雄空軍官校)),台灣積體電路製造股份有限公司,太陽能,轉供,41.504,2026-04-01,9.353,於 2026-04-01 移轉 9.353 MWh
大自然能源電業股份有限公司,中永峰能源有限公司(NP111082C003(高雄空軍官校)),台灣積體電路製造股份有限公司,太陽能,轉供,41.504,2026-04-29,3.191,於 2026-04-29 移轉 3.191 MWh
大自然能源電業股份有限公司,中永峰能源有限公司(NP111082C003(高雄空軍官校)),台灣積體電路製造股份有限公司,太陽能,轉供,41.504,2026-05-13,13.178,於 2026-05-13 移轉 13.178 MWh
大自然能源電業股份有限公司,中永峰能源有限公司(NP111082C003(高雄空軍官校)),台灣積體電路製造股份有限公司,太陽能,轉供,41.504,2026-05-20,15.782,於 2026-05-20 移轉 15.782 MWh
大自然能源電業股份有限公司,宥立企業有限公司(NP121083C001(弘全駕訓班)),長春石油化學股份有限公司苗栗廠,太陽能,轉供,62.992,2026-03-18,17.963,於 2026-03-18 移轉 17.963 MWh
大自然能源電業股份有限公司,宥立企業有限公司(NP121083C001(弘全駕訓班)),長春石油化學股份有限公司苗栗廠,太陽能,轉供,62.992,2026-04-08,19.025,於 2026-04-08 移轉 19.025 MWh
大自然能源電業股份有限公司,宥立企業有限公司(NP121083C001(弘全駕訓班)),長春石油化學股份有限公司苗栗廠,太陽能,轉供,62.992,2026-05-20,26.004,於 2026-05-20 移轉 26.004 MWh
大自然能源電業股份有限公司,中永峰能源有限公司(NP041082C006(桃園興華)),長春石油化學股份有限公司苗栗廠,太陽能,轉供,107.183,2026-03-18,30.314,於 2026-03-18 移轉 30.314 MWh
大自然能源電業股份有限公司,中永峰能源有限公司(NP041082C006(桃園興華)),長春石油化學股份有限公司苗栗廠,太陽能,轉供,107.183,2026-04-08,32.898,於 2026-04-08 移轉 32.898 MWh
大自然能源電業股份有限公司,中永峰能源有限公司(NP041082C006(桃園興華)),長春石油化學股份有限公司苗栗廠,太陽能,轉供,107.183,2026-05-20,43.971,於 2026-05-20 移轉 43.971 MWh
大自然能源電業股份有限公司,中永峰能源有限公司(NP111082C004(茄萣中正路)),長春石油化學股份有限公司苗栗廠,太陽能,轉供,104.652,2026-03-18,30.154,於 2026-03-18 移轉 30.154 MWh
大自然能源電業股份有限公司,中永峰能源有限公司(NP111082C004(茄萣中正路)),長春石油化學股份有限公司苗栗廠,太陽能,轉供,104.652,2026-04-08,31.038,於 2026-04-08 移轉 31.038 MWh
大自然能源電業股份有限公司,中永峰能源有限公司(NP111082C004(茄萣中正路)),長春石油化學股份有限公司苗栗廠,太陽能,轉供,104.652,2026-05-20,43.46,於 2026-05-20 移轉 43.46 MWh
大自然能源電業股份有限公司,中永峰能源有限公司(NP111082C005(茄萣莒光路)),長春石油化學股份有限公司苗栗廠,太陽能,轉供,32.902,2026-03-18,9.65,於 2026-03-18 移轉 9.65 MWh
大自然能源電業股份有限公司,中永峰能源有限公司(NP111082C005(茄萣莒光路)),長春石油化學股份有限公司苗栗廠,太陽能,轉供,32.902,2026-04-08,9.603,於 2026-04-08 移轉 9.603 MWh
大自然能源電業股份有限公司,中永峰能源有限公司(NP111082C005(茄萣莒光路)),長春石油化學股份有限公司苗栗廠,太陽能,轉供,32.902,2026-05-20,13.649,於 2026-05-20 移轉 13.649 MWh
大自然能源電業股份有限公司,光普實業股份有限公司(NP091012C004民雄(以成)),台灣積體電路製造股份有限公司,太陽能,轉供,81.266,2026-04-29,81.266,於 2026-04-29 移轉 81.266 MWh
大自然能源電業股份有限公司,鈦陽科技能源有限公司(NP101077C001永康全聯),台灣積體電路製造股份有限公司,太陽能,轉供,42.591,2026-04-01,8.664,於 2026-04-01 移轉 8.664 MWh
大自然能源電業股份有限公司,鈦陽科技能源有限公司(NP101077C001永康全聯),台灣積體電路製造股份有限公司,太陽能,轉供,42.591,2026-04-29,2.867,於 2026-04-29 移轉 2.867 MWh
大自然能源電業股份有限公司,鈦陽科技能源有限公司(NP101077C001永康全聯),台灣積體電路製造股份有限公司,太陽能,轉供,42.591,2026-05-13,12.968,於 2026-05-13 移轉 12.968 MWh
大自然能源電業股份有限公司,鈦陽科技能源有限公司(NP101077C001永康全聯),台灣積體電路製造股份有限公司,太陽能,轉供,42.591,2026-05-20,18.092,於 2026-05-20 移轉 18.092 MWh
大自然能源電業股份有限公司,銘光綠能有限公司(NP121072C009銘光(簡秉豐)),台灣積體電路製造股份有限公司,太陽能,轉供,56.06,2026-04-01,11.21,於 2026-04-01 移轉 11.21 MWh
大自然能源電業股份有限公司,銘光綠能有限公司(NP121072C009銘光(簡秉豐)),台灣積體電路製造股份有限公司,太陽能,轉供,56.06,2026-04-29,4.329,於 2026-04-29 移轉 4.329 MWh
大自然能源電業股份有限公司,銘光綠能有限公司(NP121072C009銘光(簡秉豐)),台灣積體電路製造股份有限公司,太陽能,轉供,56.06,2026-05-13,15.957,於 2026-05-13 移轉 15.957 MWh
大自然能源電業股份有限公司,銘光綠能有限公司(NP121072C009銘光(簡秉豐)),台灣積體電路製造股份有限公司,太陽能,轉供,56.06,2026-05-20,24.564,於 2026-05-20 移轉 24.564 MWh
大自然能源電業股份有限公司,銘光綠能有限公司(NP121072C010銘光(鍾建廷(3棟))),台灣積體電路製造股份有限公司,太陽能,轉供,89.75,2026-04-01,19.164,於 2026-04-01 移轉 19.164 MWh
大自然能源電業股份有限公司,銘光綠能有限公司(NP121072C010銘光(鍾建廷(3棟))),台灣積體電路製造股份有限公司,太陽能,轉供,89.75,2026-04-29,6.995,於 2026-04-29 移轉 6.995 MWh
大自然能源電業股份有限公司,銘光綠能有限公司(NP121072C010銘光(鍾建廷(3棟))),台灣積體電路製造股份有限公司,太陽能,轉供,89.75,2026-05-13,26.065,於 2026-05-13 移轉 26.065 MWh
大自然能源電業股份有限公司,銘光綠能有限公司(NP121072C010銘光(鍾建廷(3棟))),台灣積體電路製造股份有限公司,太陽能,轉供,89.75,2026-05-20,37.526,於 2026-05-20 移轉 37.526 MWh
大自然能源電業股份有限公司,中永峰能源有限公司(NP101082C007(台南醫院)),台灣積體電路製造股份有限公司,太陽能,轉供,67.724,2026-04-01,14.8,於 2026-04-01 移轉 14.8 MWh
大自然能源電業股份有限公司,中永峰能源有限公司(NP101082C007(台南醫院)),台灣積體電路製造股份有限公司,太陽能,轉供,67.724,2026-04-29,4.732,於 2026-04-29 移轉 4.732 MWh
大自然能源電業股份有限公司,中永峰能源有限公司(NP101082C007(台南醫院)),台灣積體電路製造股份有限公司,太陽能,轉供,67.724,2026-05-13,19.625,於 2026-05-13 移轉 19.625 MWh
大自然能源電業股份有限公司,中永峰能源有限公司(NP101082C007(台南醫院)),台灣積體電路製造股份有限公司,太陽能,轉供,67.724,2026-05-20,28.567,於 2026-05-20 移轉 28.567 MWh
大自然能源電業股份有限公司,中盛鋒能源有限公司(NP181090C001景發(橫山一巷6號)),台灣積體電路製造股份有限公司,太陽能,轉供,92.06,2026-04-01,19.338,於 2026-04-01 移轉 19.338 MWh
大自然能源電業股份有限公司,中盛鋒能源有限公司(NP181090C001景發(橫山一巷6號)),台灣積體電路製造股份有限公司,太陽能,轉供,92.06,2026-04-29,6.671,於 2026-04-29 移轉 6.671 MWh
大自然能源電業股份有限公司,中盛鋒能源有限公司(NP181090C001景發(橫山一巷6號)),台灣積體電路製造股份有限公司,太陽能,轉供,92.06,2026-05-13,27.588,於 2026-05-13 移轉 27.588 MWh
大自然能源電業股份有限公司,中盛鋒能源有限公司(NP181090C001景發(橫山一巷6號)),台灣積體電路製造股份有限公司,太陽能,轉供,92.06,2026-05-20,38.463,於 2026-05-20 移轉 38.463 MWh
大自然能源電業股份有限公司,中盛鋒能源有限公司(NP181090C002景旭(仁安三巷9之1號)),台灣積體電路製造股份有限公司,太陽能,轉供,45.475,2026-04-01,9.578,於 2026-04-01 移轉 9.578 MWh
大自然能源電業股份有限公司,中盛鋒能源有限公司(NP181090C002景旭(仁安三巷9之1號)),台灣積體電路製造股份有限公司,太陽能,轉供,45.475,2026-04-29,3.515,於 2026-04-29 移轉 3.515 MWh
大自然能源電業股份有限公司,中盛鋒能源有限公司(NP181090C002景旭(仁安三巷9之1號)),台灣積體電路製造股份有限公司,太陽能,轉供,45.475,2026-05-13,13.507,於 2026-05-13 移轉 13.507 MWh
大自然能源電業股份有限公司,中盛鋒能源有限公司(NP181090C002景旭(仁安三巷9之1號)),台灣積體電路製造股份有限公司,太陽能,轉供,45.475,2026-05-20,18.875,於 2026-05-20 移轉 18.875 MWh
大自然能源電業股份有限公司,中盛峰能源有限公司(NP111090C003力飛(新庄路1之4號)),台灣積體電路製造股份有限公司,太陽能,轉供,39.945,2026-04-01,8.77,於 2026-04-01 移轉 8.77 MWh
大自然能源電業股份有限公司,中盛峰能源有限公司(NP111090C003力飛(新庄路1之4號)),台灣積體電路製造股份有限公司,太陽能,轉供,39.945,2026-04-29,3.043,於 2026-04-29 移轉 3.043 MWh
大自然能源電業股份有限公司,中盛峰能源有限公司(NP111090C003力飛(新庄路1之4號)),台灣積體電路製造股份有限公司,太陽能,轉供,39.945,2026-05-13,12.663,於 2026-05-13 移轉 12.663 MWh
大自然能源電業股份有限公司,中盛峰能源有限公司(NP111090C003力飛(新庄路1之4號)),台灣積體電路製造股份有限公司,太陽能,轉供,39.945,2026-05-20,15.469,於 2026-05-20 移轉 15.469 MWh
天篷能源股份有限公司,(天篷第一期(第一階段及第二階段)太陽能電廠),台灣積體電路製造股份有限公司,太陽能,轉供,"7,895.956",2026-04-22,694.993,於 2026-04-22 移轉 694.993 MWh
天篷能源股份有限公司,(天篷第一期(第一階段及第二階段)太陽能電廠),台灣積體電路製造股份有限公司,太陽能,轉供,"7,895.956",2026-05-13,7200.963,"於 2026-05-13 移轉 7,200.963 MWh"
天能綠電股份有限公司,旭孝電力股份有限公司(旭孝矽品精密工業),玉山商業銀行股份有限公司,太陽能,轉供,429.095,2026-03-04,159.802,於 2026-03-04 移轉 159.802 MWh
天能綠電股份有限公司,旭孝電力股份有限公司(旭孝矽品精密工業),玉山商業銀行股份有限公司,太陽能,轉供,429.095,2026-04-01,123.8,於 2026-04-01 移轉 123.8 MWh
天能綠電股份有限公司,旭孝電力股份有限公司(旭孝矽品精密工業),玉山商業銀行股份有限公司,太陽能,轉供,429.095,2026-05-20,145.493,於 2026-05-20 移轉 145.493 MWh
天能綠電股份有限公司,辰宇能源股份有限公司(台東大豐段掩埋場地面型太陽能光電案(低壓)),旺宏電子股份有限公司,太陽能,轉供,128.279,2026-04-01,36.453,於 2026-04-01 移轉 36.453 MWh
天能綠電股份有限公司,辰宇能源股份有限公司(台東大豐段掩埋場地面型太陽能光電案(低壓)),旺宏電子股份有限公司,太陽能,轉供,128.279,2026-05-20,91.826,於 2026-05-20 移轉 91.826 MWh
天能綠電股份有限公司,辰宇能源股份有限公司(台東大豐段掩埋場地面型太陽能光電案(高壓)),旺宏電子股份有限公司,太陽能,轉供,"1,181.015",2026-04-01,336.962,於 2026-04-01 移轉 336.962 MWh
天能綠電股份有限公司,辰宇能源股份有限公司(台東大豐段掩埋場地面型太陽能光電案(高壓)),旺宏電子股份有限公司,太陽能,轉供,"1,181.015",2026-05-20,844.053,於 2026-05-20 移轉 844.053 MWh
天能綠電股份有限公司,辰宇能源股份有限公司(台南善化中強光電屋頂型太陽能光電案),中強光電股份有限公司,太陽能,轉供,21.058,2026-03-04,7.226,於 2026-03-04 移轉 7.226 MWh
天能綠電股份有限公司,辰宇能源股份有限公司(台南善化中強光電屋頂型太陽能光電案),中強光電股份有限公司,太陽能,轉供,21.058,2026-04-01,6.606,於 2026-04-01 移轉 6.606 MWh
天能綠電股份有限公司,辰宇能源股份有限公司(台南善化中強光電屋頂型太陽能光電案),中強光電股份有限公司,太陽能,轉供,21.058,2026-05-20,7.226,於 2026-05-20 移轉 7.226 MWh
天能綠電股份有限公司,辰宇能源股份有限公司(台南善化中強光電屋頂型太陽能光電案),中強光電股份有限公司南科分公司第一廠,太陽能,轉供,23.943,2026-03-04,8.774,於 2026-03-04 移轉 8.774 MWh
天能綠電股份有限公司,辰宇能源股份有限公司(台南善化中強光電屋頂型太陽能光電案),中強光電股份有限公司南科分公司第一廠,太陽能,轉供,23.943,2026-04-01,6.395,於 2026-04-01 移轉 6.395 MWh
天能綠電股份有限公司,辰宇能源股份有限公司(台南善化中強光電屋頂型太陽能光電案),中強光電股份有限公司南科分公司第一廠,太陽能,轉供,23.943,2026-05-20,8.774,於 2026-05-20 移轉 8.774 MWh
天能綠電股份有限公司,京承能源股份有限公司(台南北門漁電共生_資策會),英屬開曼群島商睿能新動力股份有限公司台灣分公司,太陽能,轉供,69.611,2026-03-18,21.048,於 2026-03-18 移轉 21.048 MWh
天能綠電股份有限公司,京承能源股份有限公司(台南北門漁電共生_資策會),英屬開曼群島商睿能新動力股份有限公司台灣分公司,太陽能,轉供,69.611,2026-04-01,21.348,於 2026-04-01 移轉 21.348 MWh
天能綠電股份有限公司,京承能源股份有限公司(台南北門漁電共生_資策會),英屬開曼群島商睿能新動力股份有限公司台灣分公司,太陽能,轉供,69.611,2026-05-20,27.215,於 2026-05-20 移轉 27.215 MWh
天能綠電股份有限公司,環台光電股份有限公司(環台光電股份有限公司),元太科技工業股份有限公司,太陽能,轉供,305.978,2026-03-04,88.056,於 2026-03-04 移轉 88.056 MWh
天能綠電股份有限公司,環台光電股份有限公司(環台光電股份有限公司),元太科技工業股份有限公司,太陽能,轉供,305.978,2026-04-01,93.797,於 2026-04-01 移轉 93.797 MWh
天能綠電股份有限公司,環台光電股份有限公司(環台光電股份有限公司),元太科技工業股份有限公司,太陽能,轉供,305.978,2026-05-20,124.125,於 2026-05-20 移轉 124.125 MWh
天能綠電股份有限公司,辰宇能源股份有限公司(雲林廖春風豬舍屋頂型太陽能光電案),台灣積體電路製造股份有限公司,太陽能,轉供,15.113,2026-05-13,15.113,於 2026-05-13 移轉 15.113 MWh
天能綠電股份有限公司,京承能源股份有限公司(高雄三爺埤池999.6kWp水面型太陽光電案場),玉山證券投資顧問股份有限公司,太陽能,轉供,3.95,2026-03-04,1.331,於 2026-03-04 移轉 1.331 MWh
天能綠電股份有限公司,京承能源股份有限公司(高雄三爺埤池999.6kWp水面型太陽光電案場),玉山證券投資顧問股份有限公司,太陽能,轉供,3.95,2026-04-01,1.088,於 2026-04-01 移轉 1.088 MWh
天能綠電股份有限公司,京承能源股份有限公司(高雄三爺埤池999.6kWp水面型太陽光電案場),玉山證券投資顧問股份有限公司,太陽能,轉供,3.95,2026-05-20,1.531,於 2026-05-20 移轉 1.531 MWh
天能綠電股份有限公司,京承能源股份有限公司(高雄三爺埤池999.6kWp水面型太陽光電案場),玉山綜合證券股份有限公司,太陽能,轉供,236.859,2026-03-04,75.261,於 2026-03-04 移轉 75.261 MWh
天能綠電股份有限公司,京承能源股份有限公司(高雄三爺埤池999.6kWp水面型太陽光電案場),玉山綜合證券股份有限公司,太陽能,轉供,236.859,2026-04-01,66.193,於 2026-04-01 移轉 66.193 MWh
天能綠電股份有限公司,京承能源股份有限公司(高雄三爺埤池999.6kWp水面型太陽光電案場),玉山綜合證券股份有限公司,太陽能,轉供,236.859,2026-05-20,95.405,於 2026-05-20 移轉 95.405 MWh
天能綠電股份有限公司,京承能源股份有限公司(雲林縣北港鎮金聯北港一期案場),旺宏電子股份有限公司,太陽能,轉供,55.612,2026-04-01,55.612,於 2026-04-01 移轉 55.612 MWh
天能綠電股份有限公司,京承能源股份有限公司(雲林縣北港鎮金聯北港二期案場),旺宏電子股份有限公司,太陽能,轉供,37.275,2026-04-01,37.275,於 2026-04-01 移轉 37.275 MWh
天能綠電股份有限公司,京承能源股份有限公司(台南市麻豆區金聯麻豆屋頂型太陽光電案場),金像電子股份有限公司,太陽能,轉供,79.349,2026-03-04,23.35,於 2026-03-04 移轉 23.35 MWh
天能綠電股份有限公司,京承能源股份有限公司(台南市麻豆區金聯麻豆屋頂型太陽光電案場),金像電子股份有限公司,太陽能,轉供,79.349,2026-04-01,24.513,於 2026-04-01 移轉 24.513 MWh
天能綠電股份有限公司,京承能源股份有限公司(台南市麻豆區金聯麻豆屋頂型太陽光電案場),金像電子股份有限公司,太陽能,轉供,79.349,2026-05-20,31.486,於 2026-05-20 移轉 31.486 MWh
天能綠電股份有限公司,辰宇能源股份有限公司(呂永清地面型太陽光電案場),金像電子股份有限公司,太陽能,轉供,154.88,2026-03-04,46.19,於 2026-03-04 移轉 46.19 MWh
天能綠電股份有限公司,辰宇能源股份有限公司(呂永清地面型太陽光電案場),金像電子股份有限公司,太陽能,轉供,154.88,2026-04-01,48.155,於 2026-04-01 移轉 48.155 MWh
天能綠電股份有限公司,辰宇能源股份有限公司(呂永清地面型太陽光電案場),金像電子股份有限公司,太陽能,轉供,154.88,2026-05-20,60.535,於 2026-05-20 移轉 60.535 MWh
天能綠電股份有限公司,京承能源股份有限公司(林淑毅地面型太陽光電案場),台灣科思創股份有限公司,太陽能,轉供,49.586,2026-03-18,14.862,於 2026-03-18 移轉 14.862 MWh
天能綠電股份有限公司,京承能源股份有限公司(林淑毅地面型太陽光電案場),台灣科思創股份有限公司,太陽能,轉供,49.586,2026-04-01,15.648,於 2026-04-01 移轉 15.648 MWh
天能綠電股份有限公司,京承能源股份有限公司(林淑毅地面型太陽光電案場),台灣科思創股份有限公司,太陽能,轉供,49.586,2026-05-20,19.076,於 2026-05-20 移轉 19.076 MWh
天能綠電股份有限公司,京承能源股份有限公司(柯進丁地面型太陽光電案場),金像電子股份有限公司,太陽能,轉供,184.249,2026-03-04,55.875,於 2026-03-04 移轉 55.875 MWh
天能綠電股份有限公司,京承能源股份有限公司(柯進丁地面型太陽光電案場),金像電子股份有限公司,太陽能,轉供,184.249,2026-04-01,57.282,於 2026-04-01 移轉 57.282 MWh
天能綠電股份有限公司,京承能源股份有限公司(柯進丁地面型太陽光電案場),金像電子股份有限公司,太陽能,轉供,184.249,2026-05-20,71.092,於 2026-05-20 移轉 71.092 MWh
天能綠電股份有限公司,京承能源股份有限公司(蔡春成地面型太陽光電案場),旺宏電子股份有限公司,太陽能,轉供,136.264,2026-03-04,38.759,於 2026-03-04 移轉 38.759 MWh
天能綠電股份有限公司,京承能源股份有限公司(蔡春成地面型太陽光電案場),旺宏電子股份有限公司,太陽能,轉供,136.264,2026-04-01,42.538,於 2026-04-01 移轉 42.538 MWh
天能綠電股份有限公司,京承能源股份有限公司(蔡春成地面型太陽光電案場),旺宏電子股份有限公司,太陽能,轉供,136.264,2026-05-20,54.967,於 2026-05-20 移轉 54.967 MWh
天能綠電股份有限公司,富迪能源股份有限公司(彰化健馨養護中心屋頂型太陽光電案場),台灣積體電路製造股份有限公司,太陽能,轉供,55.703,2026-04-01,27.409,於 2026-04-01 移轉 27.409 MWh
天能綠電股份有限公司,富迪能源股份有限公司(彰化健馨養護中心屋頂型太陽光電案場),台灣積體電路製造股份有限公司,太陽能,轉供,55.703,2026-05-13,28.294,於 2026-05-13 移轉 28.294 MWh
天能綠電股份有限公司,安淯科技有限公司(台南易昇屋頂型太陽光電案場),友達光電股份有限公司,太陽能,轉供,229.06,2026-03-04,59.878,於 2026-03-04 移轉 59.878 MWh
天能綠電股份有限公司,安淯科技有限公司(台南易昇屋頂型太陽光電案場),友達光電股份有限公司,太陽能,轉供,229.06,2026-04-01,65.261,於 2026-04-01 移轉 65.261 MWh
天能綠電股份有限公司,安淯科技有限公司(台南易昇屋頂型太陽光電案場),友達光電股份有限公司,太陽能,轉供,229.06,2026-05-20,103.921,於 2026-05-20 移轉 103.921 MWh
天能綠電股份有限公司,京承能源股份有限公司(台南市下營區大屯寮段豬舍二期屋頂型太陽光電案場),台灣村田股份有限公司,太陽能,轉供,120.017,2026-03-04,31.071,於 2026-03-04 移轉 31.071 MWh
天能綠電股份有限公司,京承能源股份有限公司(台南市下營區大屯寮段豬舍二期屋頂型太陽光電案場),台灣村田股份有限公司,太陽能,轉供,120.017,2026-04-01,38.625,於 2026-04-01 移轉 38.625 MWh
天能綠電股份有限公司,京承能源股份有限公司(台南市下營區大屯寮段豬舍二期屋頂型太陽光電案場),台灣村田股份有限公司,太陽能,轉供,120.017,2026-05-20,50.321,於 2026-05-20 移轉 50.321 MWh
天能綠電股份有限公司,京承能源股份有限公司(嘉義縣義竹鄉東後寮段雞舍二期屋頂型太陽光電案場),台灣村田股份有限公司,太陽能,轉供,51.012,2026-03-04,14.276,於 2026-03-04 移轉 14.276 MWh
天能綠電股份有限公司,京承能源股份有限公司(嘉義縣義竹鄉東後寮段雞舍二期屋頂型太陽光電案場),台灣村田股份有限公司,太陽能,轉供,51.012,2026-04-01,15.265,於 2026-04-01 移轉 15.265 MWh
天能綠電股份有限公司,京承能源股份有限公司(嘉義縣義竹鄉東後寮段雞舍二期屋頂型太陽光電案場),台灣村田股份有限公司,太陽能,轉供,51.012,2026-05-20,21.471,於 2026-05-20 移轉 21.471 MWh
天能綠電股份有限公司,京承能源股份有限公司(嘉義縣義竹鄉東後寮段雞舍一期屋頂型太陽光電案場),台灣村田股份有限公司,太陽能,轉供,100.872,2026-03-04,27.793,於 2026-03-04 移轉 27.793 MWh
天能綠電股份有限公司,京承能源股份有限公司(嘉義縣義竹鄉東後寮段雞舍一期屋頂型太陽光電案場),台灣村田股份有限公司,太陽能,轉供,100.872,2026-04-01,30.525,於 2026-04-01 移轉 30.525 MWh
天能綠電股份有限公司,京承能源股份有限公司(嘉義縣義竹鄉東後寮段雞舍一期屋頂型太陽光電案場),台灣村田股份有限公司,太陽能,轉供,100.872,2026-05-20,42.554,於 2026-05-20 移轉 42.554 MWh
天能綠電股份有限公司,京承能源股份有限公司(台南市下營區大屯寮段豬舍一期屋頂型太陽光電案場),台灣村田股份有限公司,太陽能,轉供,129.28,2026-03-04,31.042,於 2026-03-04 移轉 31.042 MWh
天能綠電股份有限公司,京承能源股份有限公司(台南市下營區大屯寮段豬舍一期屋頂型太陽光電案場),台灣村田股份有限公司,太陽能,轉供,129.28,2026-04-01,41.399,於 2026-04-01 移轉 41.399 MWh
天能綠電股份有限公司,京承能源股份有限公司(台南市下營區大屯寮段豬舍一期屋頂型太陽光電案場),台灣村田股份有限公司,太陽能,轉供,129.28,2026-05-20,56.839,於 2026-05-20 移轉 56.839 MWh
天能綠電股份有限公司,恩富資本太陽能股份有限公司(台南北門蚵寮漁電共生專案),國泰世華商業銀行股份有限公司,太陽能,轉供,"1,989.937",2026-03-04,618.367,於 2026-03-04 移轉 618.367 MWh
天能綠電股份有限公司,恩富資本太陽能股份有限公司(台南北門蚵寮漁電共生專案),國泰世華商業銀行股份有限公司,太陽能,轉供,"1,989.937",2026-04-01,562.367,於 2026-04-01 移轉 562.367 MWh
天能綠電股份有限公司,恩富資本太陽能股份有限公司(台南北門蚵寮漁電共生專案),國泰世華商業銀行股份有限公司,太陽能,轉供,"1,989.937",2026-05-20,809.203,於 2026-05-20 移轉 809.203 MWh
天能綠電股份有限公司,恩富資本太陽能股份有限公司(台南北門蚵寮漁電共生專案),台灣積體電路製造股份有限公司,太陽能,轉供,519.814,2026-04-01,241.766,於 2026-04-01 移轉 241.766 MWh
天能綠電股份有限公司,恩富資本太陽能股份有限公司(台南北門蚵寮漁電共生專案),台灣積體電路製造股份有限公司,太陽能,轉供,519.814,2026-05-13,278.048,於 2026-05-13 移轉 278.048 MWh
天能綠電股份有限公司,恩富資本太陽能股份有限公司(台南北門蚵寮漁電共生專案),台灣美光記憶體股份有限公司,太陽能,轉供,"1,519.68",2026-03-04,439.052,於 2026-03-04 移轉 439.052 MWh
天能綠電股份有限公司,恩富資本太陽能股份有限公司(台南北門蚵寮漁電共生專案),台灣美光記憶體股份有限公司,太陽能,轉供,"1,519.68",2026-04-01,468.12,於 2026-04-01 移轉 468.12 MWh
天能綠電股份有限公司,恩富資本太陽能股份有限公司(台南北門蚵寮漁電共生專案),台灣美光記憶體股份有限公司,太陽能,轉供,"1,519.68",2026-05-20,612.508,於 2026-05-20 移轉 612.508 MWh
天能綠電股份有限公司,恩富資本太陽能股份有限公司(台南北門蚵寮漁電共生專案),台灣美光晶圓科技股份有限公司,太陽能,轉供,"4,735.638",2026-03-04,1330.348,"於 2026-03-04 移轉 1,330.348 MWh"
天能綠電股份有限公司,恩富資本太陽能股份有限公司(台南北門蚵寮漁電共生專案),台灣美光晶圓科技股份有限公司,太陽能,轉供,"4,735.638",2026-04-01,1463.003,"於 2026-04-01 移轉 1,463.003 MWh"
天能綠電股份有限公司,恩富資本太陽能股份有限公司(台南北門蚵寮漁電共生專案),台灣美光晶圓科技股份有限公司,太陽能,轉供,"4,735.638",2026-05-20,1942.287,"於 2026-05-20 移轉 1,942.287 MWh"
天能綠電股份有限公司,恩富資本太陽能股份有限公司(台南北門蚵寮漁電共生專案),明基材料股份有限公司,太陽能,轉供,600,2026-03-04,200,於 2026-03-04 移轉 200 MWh
天能綠電股份有限公司,恩富資本太陽能股份有限公司(台南北門蚵寮漁電共生專案),明基材料股份有限公司,太陽能,轉供,600,2026-04-01,200,於 2026-04-01 移轉 200 MWh
天能綠電股份有限公司,恩富資本太陽能股份有限公司(台南北門蚵寮漁電共生專案),明基材料股份有限公司,太陽能,轉供,600,2026-05-20,200,於 2026-05-20 移轉 200 MWh
天能綠電股份有限公司,恩富資本太陽能股份有限公司(台南北門蚵寮漁電共生專案),玉山商業銀行股份有限公司,太陽能,轉供,"2,394.281",2026-03-04,749.523,於 2026-03-04 移轉 749.523 MWh
天能綠電股份有限公司,恩富資本太陽能股份有限公司(台南北門蚵寮漁電共生專案),玉山商業銀行股份有限公司,太陽能,轉供,"2,394.281",2026-04-01,698.499,於 2026-04-01 移轉 698.499 MWh
天能綠電股份有限公司,恩富資本太陽能股份有限公司(台南北門蚵寮漁電共生專案),玉山商業銀行股份有限公司,太陽能,轉供,"2,394.281",2026-05-20,946.259,於 2026-05-20 移轉 946.259 MWh
天能綠電股份有限公司,恩富資本太陽能股份有限公司(台南北門蚵寮漁電共生專案),上海商業儲蓄銀行股份有限公司,太陽能,轉供,967.136,2026-03-18,311.986,於 2026-03-18 移轉 311.986 MWh
天能綠電股份有限公司,恩富資本太陽能股份有限公司(台南北門蚵寮漁電共生專案),上海商業儲蓄銀行股份有限公司,太陽能,轉供,967.136,2026-04-01,287.458,於 2026-04-01 移轉 287.458 MWh
天能綠電股份有限公司,恩富資本太陽能股份有限公司(台南北門蚵寮漁電共生專案),上海商業儲蓄銀行股份有限公司,太陽能,轉供,967.136,2026-05-20,367.692,於 2026-05-20 移轉 367.692 MWh
天能綠電股份有限公司,恩富資本太陽能股份有限公司(台南北門蚵寮漁電共生專案),聖戈班先進材料股份有限公司,太陽能,轉供,75.454,2026-03-18,24.268,於 2026-03-18 移轉 24.268 MWh
天能綠電股份有限公司,恩富資本太陽能股份有限公司(台南北門蚵寮漁電共生專案),聖戈班先進材料股份有限公司,太陽能,轉供,75.454,2026-04-01,20.063,於 2026-04-01 移轉 20.063 MWh
天能綠電股份有限公司,恩富資本太陽能股份有限公司(台南北門蚵寮漁電共生專案),聖戈班先進材料股份有限公司,太陽能,轉供,75.454,2026-05-20,31.123,於 2026-05-20 移轉 31.123 MWh
天能綠電股份有限公司,恩富資本太陽能股份有限公司(台南北門蚵寮漁電共生專案),南亞電路板股份有限公司樹林一廠,太陽能,轉供,100,2026-04-01,100,於 2026-04-01 移轉 100 MWh
天能綠電股份有限公司,禾淯有限公司(高雄小港(坪鳳)地面型太陽光電案廠),友達光電股份有限公司,太陽能,轉供,390.356,2026-03-04,110.463,於 2026-03-04 移轉 110.463 MWh
天能綠電股份有限公司,禾淯有限公司(高雄小港(坪鳳)地面型太陽光電案廠),友達光電股份有限公司,太陽能,轉供,390.356,2026-04-01,111.448,於 2026-04-01 移轉 111.448 MWh
天能綠電股份有限公司,禾淯有限公司(高雄小港(坪鳳)地面型太陽光電案廠),友達光電股份有限公司,太陽能,轉供,390.356,2026-05-20,168.445,於 2026-05-20 移轉 168.445 MWh
天能綠電股份有限公司,禾淯有限公司(高雄大寮地面型太陽光電案場),友達光電股份有限公司,太陽能,轉供,269.454,2026-03-04,73.184,於 2026-03-04 移轉 73.184 MWh
天能綠電股份有限公司,禾淯有限公司(高雄大寮地面型太陽光電案場),友達光電股份有限公司,太陽能,轉供,269.454,2026-04-01,75.111,於 2026-04-01 移轉 75.111 MWh
天能綠電股份有限公司,禾淯有限公司(高雄大寮地面型太陽光電案場),友達光電股份有限公司,太陽能,轉供,269.454,2026-05-20,121.159,於 2026-05-20 移轉 121.159 MWh
天能綠電股份有限公司,禾淯有限公司(雲林口湖地面型太陽光電案),友達光電股份有限公司,太陽能,轉供,157.925,2026-03-04,42.277,於 2026-03-04 移轉 42.277 MWh
天能綠電股份有限公司,禾淯有限公司(雲林口湖地面型太陽光電案),友達光電股份有限公司,太陽能,轉供,157.925,2026-04-01,49.546,於 2026-04-01 移轉 49.546 MWh
天能綠電股份有限公司,禾淯有限公司(雲林口湖地面型太陽光電案),友達光電股份有限公司,太陽能,轉供,157.925,2026-05-20,66.102,於 2026-05-20 移轉 66.102 MWh
天能綠電股份有限公司,恩富資本太陽能股份有限公司(台南北門三寮灣漁電共生專案),台灣積體電路製造股份有限公司,太陽能,轉供,"4,051.112",2026-04-22,4051.112,"於 2026-04-22 移轉 4,051.112 MWh"
天能綠電股份有限公司,和潤電能 股份有限公司(彰化全森牧場屋頂型太陽光電案場),友達光電股份有限公司,太陽能,轉供,31.837,2026-03-04,31.837,於 2026-03-04 移轉 31.837 MWh
天能綠電股份有限公司,寶興能源股份有限公司(寶興金榮光電廠-枋寮案場),台灣福雷電子股份有限公司,太陽能,轉供,525.618,2026-04-01,525.618,於 2026-04-01 移轉 525.618 MWh
天能綠電股份有限公司,京承能源股份有限公司(高雄三爺埤池999.54kWp水面型太陽光電案場),旺宏電子股份有限公司,太陽能,轉供,310.358,2026-03-04,89.876,於 2026-03-04 移轉 89.876 MWh
天能綠電股份有限公司,京承能源股份有限公司(高雄三爺埤池999.54kWp水面型太陽光電案場),旺宏電子股份有限公司,太陽能,轉供,310.358,2026-04-01,86.048,於 2026-04-01 移轉 86.048 MWh
天能綠電股份有限公司,京承能源股份有限公司(高雄三爺埤池999.54kWp水面型太陽光電案場),旺宏電子股份有限公司,太陽能,轉供,310.358,2026-05-20,134.434,於 2026-05-20 移轉 134.434 MWh
天能綠電股份有限公司,惠來光電股份有限公司(惠來雲林7、8廠),金像電子股份有限公司,太陽能,轉供,141.014,2026-03-04,39.438,於 2026-03-04 移轉 39.438 MWh
天能綠電股份有限公司,惠來光電股份有限公司(惠來雲林7、8廠),金像電子股份有限公司,太陽能,轉供,141.014,2026-04-01,44.842,於 2026-04-01 移轉 44.842 MWh
天能綠電股份有限公司,惠來光電股份有限公司(惠來雲林7、8廠),金像電子股份有限公司,太陽能,轉供,141.014,2026-05-20,56.734,於 2026-05-20 移轉 56.734 MWh
天能綠電股份有限公司,惠來光電股份有限公司(惠來雲林14廠),金像電子股份有限公司,太陽能,轉供,120.636,2026-03-04,36.401,於 2026-03-04 移轉 36.401 MWh
天能綠電股份有限公司,惠來光電股份有限公司(惠來雲林14廠),金像電子股份有限公司,太陽能,轉供,120.636,2026-04-01,35.172,於 2026-04-01 移轉 35.172 MWh
天能綠電股份有限公司,惠來光電股份有限公司(惠來雲林14廠),金像電子股份有限公司,太陽能,轉供,120.636,2026-05-20,49.063,於 2026-05-20 移轉 49.063 MWh
天能綠電股份有限公司,惠來光電股份有限公司(惠來雲林15廠),金像電子股份有限公司,太陽能,轉供,93.151,2026-03-04,26.536,於 2026-03-04 移轉 26.536 MWh
天能綠電股份有限公司,惠來光電股份有限公司(惠來雲林15廠),金像電子股份有限公司,太陽能,轉供,93.151,2026-04-01,27.491,於 2026-04-01 移轉 27.491 MWh
天能綠電股份有限公司,惠來光電股份有限公司(惠來雲林15廠),金像電子股份有限公司,太陽能,轉供,93.151,2026-05-20,39.124,於 2026-05-20 移轉 39.124 MWh
天能綠電股份有限公司,惠來光電股份有限公司(惠來雲林18廠),金像電子股份有限公司,太陽能,轉供,55.693,2026-03-04,16.33,於 2026-03-04 移轉 16.33 MWh
天能綠電股份有限公司,惠來光電股份有限公司(惠來雲林18廠),金像電子股份有限公司,太陽能,轉供,55.693,2026-04-01,17.574,於 2026-04-01 移轉 17.574 MWh
天能綠電股份有限公司,惠來光電股份有限公司(惠來雲林18廠),金像電子股份有限公司,太陽能,轉供,55.693,2026-05-20,21.789,於 2026-05-20 移轉 21.789 MWh
天能綠電股份有限公司,惠來光電股份有限公司(惠來雲林19、20廠),金像電子股份有限公司,太陽能,轉供,212.147,2026-03-04,62.373,於 2026-03-04 移轉 62.373 MWh
天能綠電股份有限公司,惠來光電股份有限公司(惠來雲林19、20廠),金像電子股份有限公司,太陽能,轉供,212.147,2026-04-01,61.836,於 2026-04-01 移轉 61.836 MWh
天能綠電股份有限公司,惠來光電股份有限公司(惠來雲林19、20廠),金像電子股份有限公司,太陽能,轉供,212.147,2026-05-20,87.938,於 2026-05-20 移轉 87.938 MWh
天能綠電股份有限公司,惠來光電股份有限公司(惠來嘉義1廠),金像電子股份有限公司,太陽能,轉供,60.965,2026-03-04,17.958,於 2026-03-04 移轉 17.958 MWh
天能綠電股份有限公司,惠來光電股份有限公司(惠來嘉義1廠),金像電子股份有限公司,太陽能,轉供,60.965,2026-04-01,18.83,於 2026-04-01 移轉 18.83 MWh
天能綠電股份有限公司,惠來光電股份有限公司(惠來嘉義1廠),金像電子股份有限公司,太陽能,轉供,60.965,2026-05-20,24.177,於 2026-05-20 移轉 24.177 MWh
天能綠電股份有限公司,惠來光電股份有限公司(惠來嘉義2廠),金像電子股份有限公司,太陽能,轉供,141.62,2026-03-04,40.746,於 2026-03-04 移轉 40.746 MWh
天能綠電股份有限公司,惠來光電股份有限公司(惠來嘉義2廠),金像電子股份有限公司,太陽能,轉供,141.62,2026-04-01,40.862,於 2026-04-01 移轉 40.862 MWh
天能綠電股份有限公司,惠來光電股份有限公司(惠來嘉義2廠),金像電子股份有限公司,太陽能,轉供,141.62,2026-05-20,60.012,於 2026-05-20 移轉 60.012 MWh
天能綠電股份有限公司,惠來光電股份有限公司(惠來台南1廠),金像電子股份有限公司,太陽能,轉供,166.06,2026-03-04,44.022,於 2026-03-04 移轉 44.022 MWh
天能綠電股份有限公司,惠來光電股份有限公司(惠來台南1廠),金像電子股份有限公司,太陽能,轉供,166.06,2026-04-01,53.503,於 2026-04-01 移轉 53.503 MWh
天能綠電股份有限公司,惠來光電股份有限公司(惠來台南1廠),金像電子股份有限公司,太陽能,轉供,166.06,2026-05-20,68.535,於 2026-05-20 移轉 68.535 MWh
天能綠電股份有限公司,日晶興業股份有限公司(日晶嘉義1、2廠),金像電子股份有限公司,太陽能,轉供,221.987,2026-03-04,60.697,於 2026-03-04 移轉 60.697 MWh
天能綠電股份有限公司,日晶興業股份有限公司(日晶嘉義1、2廠),金像電子股份有限公司,太陽能,轉供,221.987,2026-04-01,67.607,於 2026-04-01 移轉 67.607 MWh
天能綠電股份有限公司,日晶興業股份有限公司(日晶嘉義1、2廠),金像電子股份有限公司,太陽能,轉供,221.987,2026-05-20,93.683,於 2026-05-20 移轉 93.683 MWh
天能綠電股份有限公司,日晶興業股份有限公司(日晶彰化1廠),金像電子股份有限公司,太陽能,轉供,96.564,2026-03-04,27.149,於 2026-03-04 移轉 27.149 MWh
天能綠電股份有限公司,日晶興業股份有限公司(日晶彰化1廠),金像電子股份有限公司,太陽能,轉供,96.564,2026-04-01,28.897,於 2026-04-01 移轉 28.897 MWh
天能綠電股份有限公司,日晶興業股份有限公司(日晶彰化1廠),金像電子股份有限公司,太陽能,轉供,96.564,2026-05-20,40.518,於 2026-05-20 移轉 40.518 MWh
天能綠電股份有限公司,辰宇能源股份有限公司(高雄路竹高中屋頂型太陽光電案場),群益金鼎證券股份有限公司,太陽能,轉供,15.566,2026-04-22,8.858,於 2026-04-22 移轉 8.858 MWh
天能綠電股份有限公司,辰宇能源股份有限公司(高雄路竹高中屋頂型太陽光電案場),群益金鼎證券股份有限公司,太陽能,轉供,15.566,2026-05-20,6.708,於 2026-05-20 移轉 6.708 MWh
天能綠電股份有限公司,健能科技興業股份有限公司(健能嘉義1廠),金像電子股份有限公司,太陽能,轉供,127.481,2026-03-04,36.794,於 2026-03-04 移轉 36.794 MWh
天能綠電股份有限公司,健能科技興業股份有限公司(健能嘉義1廠),金像電子股份有限公司,太陽能,轉供,127.481,2026-04-01,34.697,於 2026-04-01 移轉 34.697 MWh
天能綠電股份有限公司,健能科技興業股份有限公司(健能嘉義1廠),金像電子股份有限公司,太陽能,轉供,127.481,2026-05-20,55.99,於 2026-05-20 移轉 55.99 MWh
天能綠電股份有限公司,健能科技興業股份有限公司(健能南投1廠),金像電子股份有限公司,太陽能,轉供,45.573,2026-03-04,13.004,於 2026-03-04 移轉 13.004 MWh
天能綠電股份有限公司,健能科技興業股份有限公司(健能南投1廠),金像電子股份有限公司,太陽能,轉供,45.573,2026-04-01,14.006,於 2026-04-01 移轉 14.006 MWh
天能綠電股份有限公司,健能科技興業股份有限公司(健能南投1廠),金像電子股份有限公司,太陽能,轉供,45.573,2026-05-20,18.563,於 2026-05-20 移轉 18.563 MWh
天能綠電股份有限公司,聚眾能源股份有限公司(聚眾彰化1廠),金像電子股份有限公司,太陽能,轉供,50.571,2026-03-04,14.7,於 2026-03-04 移轉 14.7 MWh
天能綠電股份有限公司,聚眾能源股份有限公司(聚眾彰化1廠),金像電子股份有限公司,太陽能,轉供,50.571,2026-04-01,15.71,於 2026-04-01 移轉 15.71 MWh
天能綠電股份有限公司,聚眾能源股份有限公司(聚眾彰化1廠),金像電子股份有限公司,太陽能,轉供,50.571,2026-05-20,20.161,於 2026-05-20 移轉 20.161 MWh
天能綠電股份有限公司,京承能源股份有限公司(高雄小港國中屋頂型太陽光電案場),群益金鼎證券股份有限公司,太陽能,轉供,23.364,2026-04-22,13.035,於 2026-04-22 移轉 13.035 MWh
天能綠電股份有限公司,京承能源股份有限公司(高雄小港國中屋頂型太陽光電案場),群益金鼎證券股份有限公司,太陽能,轉供,23.364,2026-05-20,10.329,於 2026-05-20 移轉 10.329 MWh
天能綠電股份有限公司,京承能源股份有限公司(高雄仕隆國小屋頂型太陽光電案場),群益金鼎證券股份有限公司,太陽能,轉供,15.774,2026-04-22,9.084,於 2026-04-22 移轉 9.084 MWh
天能綠電股份有限公司,京承能源股份有限公司(高雄仕隆國小屋頂型太陽光電案場),群益金鼎證券股份有限公司,太陽能,轉供,15.774,2026-05-20,6.69,於 2026-05-20 移轉 6.69 MWh
天能綠電股份有限公司,京承能源股份有限公司(新竹縣全家新豐屋頂型太陽光電案場),臺灣集中保管結算所股份有限公司,太陽能,轉供,143.263,2026-03-04,42.584,於 2026-03-04 移轉 42.584 MWh
天能綠電股份有限公司,京承能源股份有限公司(新竹縣全家新豐屋頂型太陽光電案場),臺灣集中保管結算所股份有限公司,太陽能,轉供,143.263,2026-04-01,42.567,於 2026-04-01 移轉 42.567 MWh
天能綠電股份有限公司,京承能源股份有限公司(新竹縣全家新豐屋頂型太陽光電案場),臺灣集中保管結算所股份有限公司,太陽能,轉供,143.263,2026-05-20,58.112,於 2026-05-20 移轉 58.112 MWh
天能綠電股份有限公司,辰宇能源股份有限公司(高雄前金國中屋頂型太陽光電案場),群益金鼎證券股份有限公司,太陽能,轉供,10.547,2026-04-22,6.088,於 2026-04-22 移轉 6.088 MWh
天能綠電股份有限公司,辰宇能源股份有限公司(高雄前金國中屋頂型太陽光電案場),群益金鼎證券股份有限公司,太陽能,轉供,10.547,2026-05-20,4.459,於 2026-05-20 移轉 4.459 MWh
天能綠電股份有限公司,京承能源股份有限公司(彰化縣埤頭鄉張清圳雞舍一期屋頂型太陽光電案場),台灣積體電路製造股份有限公司,太陽能,轉供,42.16,2026-04-01,18.291,於 2026-04-01 移轉 18.291 MWh
天能綠電股份有限公司,京承能源股份有限公司(彰化縣埤頭鄉張清圳雞舍一期屋頂型太陽光電案場),台灣積體電路製造股份有限公司,太陽能,轉供,42.16,2026-05-13,23.869,於 2026-05-13 移轉 23.869 MWh
天能綠電股份有限公司,聚眾能源股份有限公司(聚眾雲林2廠),金像電子股份有限公司,太陽能,轉供,163.812,2026-03-04,46.984,於 2026-03-04 移轉 46.984 MWh
天能綠電股份有限公司,聚眾能源股份有限公司(聚眾雲林2廠),金像電子股份有限公司,太陽能,轉供,163.812,2026-04-01,53.133,於 2026-04-01 移轉 53.133 MWh
天能綠電股份有限公司,聚眾能源股份有限公司(聚眾雲林2廠),金像電子股份有限公司,太陽能,轉供,163.812,2026-05-20,63.695,於 2026-05-20 移轉 63.695 MWh
天能綠電股份有限公司,日晶興業股份有限公司(日晶彰化2廠),金像電子股份有限公司,太陽能,轉供,75.412,2026-03-04,22.029,於 2026-03-04 移轉 22.029 MWh
天能綠電股份有限公司,日晶興業股份有限公司(日晶彰化2廠),金像電子股份有限公司,太陽能,轉供,75.412,2026-04-01,23.177,於 2026-04-01 移轉 23.177 MWh
天能綠電股份有限公司,日晶興業股份有限公司(日晶彰化2廠),金像電子股份有限公司,太陽能,轉供,75.412,2026-05-20,30.206,於 2026-05-20 移轉 30.206 MWh
天能綠電股份有限公司,日晶興業股份有限公司(日晶雲林2、3廠),金像電子股份有限公司,太陽能,轉供,209.978,2026-03-04,60.12,於 2026-03-04 移轉 60.12 MWh
天能綠電股份有限公司,日晶興業股份有限公司(日晶雲林2、3廠),金像電子股份有限公司,太陽能,轉供,209.978,2026-04-01,58.393,於 2026-04-01 移轉 58.393 MWh
天能綠電股份有限公司,日晶興業股份有限公司(日晶雲林2、3廠),金像電子股份有限公司,太陽能,轉供,209.978,2026-05-20,91.465,於 2026-05-20 移轉 91.465 MWh
天能綠電股份有限公司,京承能源股份有限公司(高雄三爺埤池291.6kWp水面型太陽光電案場),旺宏電子股份有限公司,太陽能,轉供,90.794,2026-03-04,26.178,於 2026-03-04 移轉 26.178 MWh
天能綠電股份有限公司,京承能源股份有限公司(高雄三爺埤池291.6kWp水面型太陽光電案場),旺宏電子股份有限公司,太陽能,轉供,90.794,2026-04-01,25.181,於 2026-04-01 移轉 25.181 MWh
天能綠電股份有限公司,京承能源股份有限公司(高雄三爺埤池291.6kWp水面型太陽光電案場),旺宏電子股份有限公司,太陽能,轉供,90.794,2026-05-20,39.435,於 2026-05-20 移轉 39.435 MWh
天能綠電股份有限公司,太穩科技有限公司(高雄市誼峻實業屋頂型太陽光電案場),友達光電股份有限公司,太陽能,轉供,8.928,2026-03-04,8.928,於 2026-03-04 移轉 8.928 MWh
天能綠電股份有限公司,太穩科技有限公司(高雄市穎東工業屋頂型太陽光電案場),友達光電股份有限公司,太陽能,轉供,44.436,2026-03-04,44.436,於 2026-03-04 移轉 44.436 MWh
天能綠電股份有限公司,太穩科技有限公司(高雄市凌張準畜牧場屋頂型太陽光電案場),友達光電股份有限公司,太陽能,轉供,42.039,2026-03-04,42.039,於 2026-03-04 移轉 42.039 MWh
天能綠電股份有限公司,太穩科技有限公司(高雄市陳永順畜牧場屋頂型太陽光電案場),友達光電股份有限公司,太陽能,轉供,29.984,2026-03-04,29.984,於 2026-03-04 移轉 29.984 MWh
天能綠電股份有限公司,慶曄科技有限公司(嘉義郭寬有畜牧場屋頂型太陽能光電廠),友達光電股份有限公司,太陽能,轉供,93.821,2026-03-04,27.28,於 2026-03-04 移轉 27.28 MWh
天能綠電股份有限公司,慶曄科技有限公司(嘉義郭寬有畜牧場屋頂型太陽能光電廠),友達光電股份有限公司,太陽能,轉供,93.821,2026-04-01,27.345,於 2026-04-01 移轉 27.345 MWh
天能綠電股份有限公司,慶曄科技有限公司(嘉義郭寬有畜牧場屋頂型太陽能光電廠),友達光電股份有限公司,太陽能,轉供,93.821,2026-05-20,39.196,於 2026-05-20 移轉 39.196 MWh
天能綠電股份有限公司,慶曄科技有限公司(雲林陳順事畜牧場屋頂型太陽能光電廠),友達光電股份有限公司,太陽能,轉供,44.138,2026-03-04,44.138,於 2026-03-04 移轉 44.138 MWh
天能綠電股份有限公司,慶曄科技有限公司(雲林黃峯山畜牧場屋頂型太陽能光電廠),友達光電股份有限公司,太陽能,轉供,24.36,2026-03-04,24.36,於 2026-03-04 移轉 24.36 MWh
天能綠電股份有限公司,慶曄科技有限公司(嘉義邱翠雲畜牧場屋頂型太陽能光電廠),友達光電股份有限公司,太陽能,轉供,82.141,2026-03-04,24.012,於 2026-03-04 移轉 24.012 MWh
天能綠電股份有限公司,慶曄科技有限公司(嘉義邱翠雲畜牧場屋頂型太陽能光電廠),友達光電股份有限公司,太陽能,轉供,82.141,2026-04-01,25.28,於 2026-04-01 移轉 25.28 MWh
天能綠電股份有限公司,慶曄科技有限公司(嘉義邱翠雲畜牧場屋頂型太陽能光電廠),友達光電股份有限公司,太陽能,轉供,82.141,2026-05-20,32.849,於 2026-05-20 移轉 32.849 MWh
天能綠電股份有限公司,慶曄科技有限公司(嘉義邱琮哲畜牧場屋頂型太陽能光電廠),友達光電股份有限公司,太陽能,轉供,62.175,2026-03-04,17.828,於 2026-03-04 移轉 17.828 MWh
天能綠電股份有限公司,慶曄科技有限公司(嘉義邱琮哲畜牧場屋頂型太陽能光電廠),友達光電股份有限公司,太陽能,轉供,62.175,2026-04-01,19.165,於 2026-04-01 移轉 19.165 MWh
天能綠電股份有限公司,慶曄科技有限公司(嘉義邱琮哲畜牧場屋頂型太陽能光電廠),友達光電股份有限公司,太陽能,轉供,62.175,2026-05-20,25.182,於 2026-05-20 移轉 25.182 MWh
天能綠電股份有限公司,慶曄科技有限公司(嘉義邱世和畜牧場屋頂型太陽能光電廠),友達光電股份有限公司,太陽能,轉供,29.067,2026-03-04,8.576,於 2026-03-04 移轉 8.576 MWh
天能綠電股份有限公司,慶曄科技有限公司(嘉義邱世和畜牧場屋頂型太陽能光電廠),友達光電股份有限公司,太陽能,轉供,29.067,2026-04-01,9.015,於 2026-04-01 移轉 9.015 MWh
天能綠電股份有限公司,慶曄科技有限公司(嘉義邱世和畜牧場屋頂型太陽能光電廠),友達光電股份有限公司,太陽能,轉供,29.067,2026-05-20,11.476,於 2026-05-20 移轉 11.476 MWh
天能綠電股份有限公司,暮光能源股份有限公司(永冠能源屋頂型太陽光電案廠),玉山商業銀行股份有限公司,太陽能,轉供,198.053,2026-03-04,45.612,於 2026-03-04 移轉 45.612 MWh
天能綠電股份有限公司,暮光能源股份有限公司(永冠能源屋頂型太陽光電案廠),玉山商業銀行股份有限公司,太陽能,轉供,198.053,2026-04-01,41.058,於 2026-04-01 移轉 41.058 MWh
天能綠電股份有限公司,暮光能源股份有限公司(永冠能源屋頂型太陽光電案廠),玉山商業銀行股份有限公司,太陽能,轉供,198.053,2026-05-20,111.383,於 2026-05-20 移轉 111.383 MWh
天能綠電股份有限公司,暮光能源股份有限公司(永冠能源屋頂型太陽光電案廠),旺宏電子股份有限公司,太陽能,轉供,828.433,2026-03-04,197.298,於 2026-03-04 移轉 197.298 MWh
天能綠電股份有限公司,暮光能源股份有限公司(永冠能源屋頂型太陽光電案廠),旺宏電子股份有限公司,太陽能,轉供,828.433,2026-04-01,182.262,於 2026-04-01 移轉 182.262 MWh
天能綠電股份有限公司,暮光能源股份有限公司(永冠能源屋頂型太陽光電案廠),旺宏電子股份有限公司,太陽能,轉供,828.433,2026-05-20,448.873,於 2026-05-20 移轉 448.873 MWh
天能綠電股份有限公司,京承能源股份有限公司(高雄市明義國中屋頂型太陽光電案場),群益金鼎證券股份有限公司,太陽能,轉供,8.46,2026-04-22,4.955,於 2026-04-22 移轉 4.955 MWh
天能綠電股份有限公司,京承能源股份有限公司(高雄市明義國中屋頂型太陽光電案場),群益金鼎證券股份有限公司,太陽能,轉供,8.46,2026-05-20,3.505,於 2026-05-20 移轉 3.505 MWh
天能綠電股份有限公司,辰宇能源股份有限公司(高雄市登發國小屋頂型太陽光電案場),群益金鼎證券股份有限公司,太陽能,轉供,13.754,2026-04-22,8.018,於 2026-04-22 移轉 8.018 MWh
天能綠電股份有限公司,辰宇能源股份有限公司(高雄市登發國小屋頂型太陽光電案場),群益金鼎證券股份有限公司,太陽能,轉供,13.754,2026-05-20,5.736,於 2026-05-20 移轉 5.736 MWh
天能綠電股份有限公司,賽斯新能源有限公司(高雄大寮鴻洋遊艇一期太陽光電案場),友達光電股份有限公司,太陽能,轉供,145.031,2026-03-04,42.398,於 2026-03-04 移轉 42.398 MWh
天能綠電股份有限公司,賽斯新能源有限公司(高雄大寮鴻洋遊艇一期太陽光電案場),友達光電股份有限公司,太陽能,轉供,145.031,2026-04-01,44.331,於 2026-04-01 移轉 44.331 MWh
天能綠電股份有限公司,賽斯新能源有限公司(高雄大寮鴻洋遊艇一期太陽光電案場),友達光電股份有限公司,太陽能,轉供,145.031,2026-05-20,58.302,於 2026-05-20 移轉 58.302 MWh
天能綠電股份有限公司,賽斯新能源有限公司(高雄大寮鴻洋遊艇二期太陽光電案場),友達光電股份有限公司,太陽能,轉供,132.114,2026-03-04,38.357,於 2026-03-04 移轉 38.357 MWh
天能綠電股份有限公司,賽斯新能源有限公司(高雄大寮鴻洋遊艇二期太陽光電案場),友達光電股份有限公司,太陽能,轉供,132.114,2026-04-01,40.298,於 2026-04-01 移轉 40.298 MWh
天能綠電股份有限公司,賽斯新能源有限公司(高雄大寮鴻洋遊艇二期太陽光電案場),友達光電股份有限公司,太陽能,轉供,132.114,2026-05-20,53.459,於 2026-05-20 移轉 53.459 MWh
天能綠電股份有限公司,合群顧問有限公司(嘉義義竹埤子頭段地面型太陽光電案場),三南奧特萊斯股份有限公司,太陽能,轉供,47.91,2026-03-18,13.588,於 2026-03-18 移轉 13.588 MWh
天能綠電股份有限公司,合群顧問有限公司(嘉義義竹埤子頭段地面型太陽光電案場),三南奧特萊斯股份有限公司,太陽能,轉供,47.91,2026-04-01,14.636,於 2026-04-01 移轉 14.636 MWh
天能綠電股份有限公司,合群顧問有限公司(嘉義義竹埤子頭段地面型太陽光電案場),三南奧特萊斯股份有限公司,太陽能,轉供,47.91,2026-05-20,19.686,於 2026-05-20 移轉 19.686 MWh
天能綠電股份有限公司,得貿興業股份有限公司(得貿興業屋頂型太陽光電案場),三新奧特萊斯股份有限公司,太陽能,轉供,145.769,2026-03-04,43.297,於 2026-03-04 移轉 43.297 MWh
天能綠電股份有限公司,得貿興業股份有限公司(得貿興業屋頂型太陽光電案場),三新奧特萊斯股份有限公司,太陽能,轉供,145.769,2026-04-01,44.329,於 2026-04-01 移轉 44.329 MWh
天能綠電股份有限公司,得貿興業股份有限公司(得貿興業屋頂型太陽光電案場),三新奧特萊斯股份有限公司,太陽能,轉供,145.769,2026-05-20,58.143,於 2026-05-20 移轉 58.143 MWh
天能綠電股份有限公司,虹宇投資股份有限公司(高雄大寮享溫馨屋頂型太陽光電案場),友達光電股份有限公司,太陽能,轉供,96.323,2026-03-04,28.601,於 2026-03-04 移轉 28.601 MWh
天能綠電股份有限公司,虹宇投資股份有限公司(高雄大寮享溫馨屋頂型太陽光電案場),友達光電股份有限公司,太陽能,轉供,96.323,2026-04-01,29.335,於 2026-04-01 移轉 29.335 MWh
天能綠電股份有限公司,虹宇投資股份有限公司(高雄大寮享溫馨屋頂型太陽光電案場),友達光電股份有限公司,太陽能,轉供,96.323,2026-05-20,38.387,於 2026-05-20 移轉 38.387 MWh
天能綠電股份有限公司,虹宇投資股份有限公司(高雄岡山享溫馨屋頂型太陽光電案場),友達光電股份有限公司,太陽能,轉供,103.694,2026-03-04,30.51,於 2026-03-04 移轉 30.51 MWh
天能綠電股份有限公司,虹宇投資股份有限公司(高雄岡山享溫馨屋頂型太陽光電案場),友達光電股份有限公司,太陽能,轉供,103.694,2026-04-01,30.947,於 2026-04-01 移轉 30.947 MWh
天能綠電股份有限公司,虹宇投資股份有限公司(高雄岡山享溫馨屋頂型太陽光電案場),友達光電股份有限公司,太陽能,轉供,103.694,2026-05-20,42.237,於 2026-05-20 移轉 42.237 MWh
天能綠電股份有限公司,汎暘開發股份有限公司(屏東萬丹加勇屋頂型太陽光電案場),友達光電股份有限公司,太陽能,轉供,146.105,2026-03-04,42.278,於 2026-03-04 移轉 42.278 MWh
天能綠電股份有限公司,汎暘開發股份有限公司(屏東萬丹加勇屋頂型太陽光電案場),友達光電股份有限公司,太陽能,轉供,146.105,2026-04-01,43.196,於 2026-04-01 移轉 43.196 MWh
天能綠電股份有限公司,汎暘開發股份有限公司(屏東萬丹加勇屋頂型太陽光電案場),友達光電股份有限公司,太陽能,轉供,146.105,2026-05-20,60.631,於 2026-05-20 移轉 60.631 MWh
天能綠電股份有限公司,禾淯有限公司(台南南化屋頂型太陽光電案場),友達光電股份有限公司,太陽能,轉供,17.756,2026-03-04,17.756,於 2026-03-04 移轉 17.756 MWh
天能綠電股份有限公司,雲正投資股份有限公司(雲正投資-雲林土庫鍾武良鴨舌太陽光電案場),台灣福雷電子股份有限公司,太陽能,轉供,18.672,2026-04-01,18.672,於 2026-04-01 移轉 18.672 MWh
天能綠電股份有限公司,雲正投資股份有限公司(雲正投資-台南善化茄北雞舍太陽光電案場),台灣福雷電子股份有限公司,太陽能,轉供,15.406,2026-04-01,15.406,於 2026-04-01 移轉 15.406 MWh
天能綠電股份有限公司,雲正投資股份有限公司(雲正投資-台南善化茄南雞舍太陽光電案場),台灣福雷電子股份有限公司,太陽能,轉供,16.462,2026-04-01,16.462,於 2026-04-01 移轉 16.462 MWh
天能綠電股份有限公司,雲曜新股份有限公司(雲曜新-彰化二林愛民衛材太陽光電案場),台灣福雷電子股份有限公司,太陽能,轉供,65.79,2026-03-04,33.329,於 2026-03-04 移轉 33.329 MWh
天能綠電股份有限公司,雲曜新股份有限公司(雲曜新-彰化二林愛民衛材太陽光電案場),台灣福雷電子股份有限公司,太陽能,轉供,65.79,2026-04-01,32.461,於 2026-04-01 移轉 32.461 MWh
天能綠電股份有限公司,橙茂能源股份有限公司(橙茂能源-燁昌鋼鐵屋頂型太陽光電案場),英業達股份有限公司,太陽能,轉供,178.164,2026-03-04,53.855,於 2026-03-04 移轉 53.855 MWh
天能綠電股份有限公司,橙茂能源股份有限公司(橙茂能源-燁昌鋼鐵屋頂型太陽光電案場),英業達股份有限公司,太陽能,轉供,178.164,2026-04-01,53.013,於 2026-04-01 移轉 53.013 MWh
天能綠電股份有限公司,橙茂能源股份有限公司(橙茂能源-燁昌鋼鐵屋頂型太陽光電案場),英業達股份有限公司,太陽能,轉供,178.164,2026-05-20,71.296,於 2026-05-20 移轉 71.296 MWh
天能綠電股份有限公司,銀鏈資產管理有限公司(銀鏈資產管理-正和製藥屋頂型太陽光電案場),英業達股份有限公司,太陽能,轉供,74.825,2026-03-04,21.945,於 2026-03-04 移轉 21.945 MWh
天能綠電股份有限公司,銀鏈資產管理有限公司(銀鏈資產管理-正和製藥屋頂型太陽光電案場),英業達股份有限公司,太陽能,轉供,74.825,2026-04-01,22.283,於 2026-04-01 移轉 22.283 MWh
天能綠電股份有限公司,銀鏈資產管理有限公司(銀鏈資產管理-正和製藥屋頂型太陽光電案場),英業達股份有限公司,太陽能,轉供,74.825,2026-05-20,30.597,於 2026-05-20 移轉 30.597 MWh
天能綠電股份有限公司,茂盛電業股份有限公司(台南地區農會怡安果菜市場第二期太陽光電案場),友達光電股份有限公司,太陽能,轉供,769.785,2026-03-04,222.808,於 2026-03-04 移轉 222.808 MWh
天能綠電股份有限公司,茂盛電業股份有限公司(台南地區農會怡安果菜市場第二期太陽光電案場),友達光電股份有限公司,太陽能,轉供,769.785,2026-04-01,237.97,於 2026-04-01 移轉 237.97 MWh
天能綠電股份有限公司,茂盛電業股份有限公司(台南地區農會怡安果菜市場第二期太陽光電案場),友達光電股份有限公司,太陽能,轉供,769.785,2026-05-20,309.007,於 2026-05-20 移轉 309.007 MWh
天能綠電股份有限公司,京承能源股份有限公司(宜蘭百喬屋頂型太陽能光電廠),瑞士商瑞士銀行股份有限公司台中分公司,太陽能,轉供,17.015,2026-05-13,10.35,於 2026-05-13 移轉 10.35 MWh
天能綠電股份有限公司,京承能源股份有限公司(宜蘭百喬屋頂型太陽能光電廠),瑞士商瑞士銀行股份有限公司台中分公司,太陽能,轉供,17.015,2026-05-20,6.665,於 2026-05-20 移轉 6.665 MWh
天能綠電股份有限公司,歐得能源工程有限公司(歐得能源工程-新屋定翔屋頂型太陽光電案場),友達光電股份有限公司,太陽能,轉供,34.641,2026-03-04,10.126,於 2026-03-04 移轉 10.126 MWh
天能綠電股份有限公司,歐得能源工程有限公司(歐得能源工程-新屋定翔屋頂型太陽光電案場),友達光電股份有限公司,太陽能,轉供,34.641,2026-04-01,10.636,於 2026-04-01 移轉 10.636 MWh
天能綠電股份有限公司,歐得能源工程有限公司(歐得能源工程-新屋定翔屋頂型太陽光電案場),友達光電股份有限公司,太陽能,轉供,34.641,2026-05-20,13.879,於 2026-05-20 移轉 13.879 MWh
天能綠電股份有限公司,立達開發投資有限公司(立達開發-台中百辰機械A區屋頂型太陽光電案場),日月光半導體製造股份有限公司,太陽能,轉供,38.167,2026-04-22,22.735,於 2026-04-22 移轉 22.735 MWh
天能綠電股份有限公司,立達開發投資有限公司(立達開發-台中百辰機械A區屋頂型太陽光電案場),日月光半導體製造股份有限公司,太陽能,轉供,38.167,2026-05-20,15.432,於 2026-05-20 移轉 15.432 MWh
天能綠電股份有限公司,立達開發投資有限公司(立達開發-台中百辰機械B區屋頂型太陽光電案場),日月光半導體製造股份有限公司,太陽能,轉供,26.192,2026-04-22,15.416,於 2026-04-22 移轉 15.416 MWh
天能綠電股份有限公司,立達開發投資有限公司(立達開發-台中百辰機械B區屋頂型太陽光電案場),日月光半導體製造股份有限公司,太陽能,轉供,26.192,2026-05-20,10.776,於 2026-05-20 移轉 10.776 MWh
天能綠電股份有限公司,立達開發投資有限公司(立達開發-雲林水林雞舍屋頂型太陽光電案場),日月光半導體製造股份有限公司,太陽能,轉供,77.382,2026-04-22,46.149,於 2026-04-22 移轉 46.149 MWh
天能綠電股份有限公司,立達開發投資有限公司(立達開發-雲林水林雞舍屋頂型太陽光電案場),日月光半導體製造股份有限公司,太陽能,轉供,77.382,2026-05-20,31.233,於 2026-05-20 移轉 31.233 MWh
天能綠電股份有限公司,御鑒科技股份有限公司(御鑒科技-屏東獅子鄉新路段208地面型光電案場(白鴻章一期)),日月光半導體製造股份有限公司,太陽能,轉供,33.624,2026-04-22,20.94,於 2026-04-22 移轉 20.94 MWh
天能綠電股份有限公司,御鑒科技股份有限公司(御鑒科技-屏東獅子鄉新路段208地面型光電案場(白鴻章一期)),日月光半導體製造股份有限公司,太陽能,轉供,33.624,2026-05-20,12.684,於 2026-05-20 移轉 12.684 MWh
天能綠電股份有限公司,御鑒科技股份有限公司(御鑒科技-屏東獅子鄉新路段208-1地面型光電案場(白鴻章二期)),日月光半導體製造股份有限公司,太陽能,轉供,31.686,2026-04-22,20.033,於 2026-04-22 移轉 20.033 MWh
天能綠電股份有限公司,御鑒科技股份有限公司(御鑒科技-屏東獅子鄉新路段208-1地面型光電案場(白鴻章二期)),日月光半導體製造股份有限公司,太陽能,轉供,31.686,2026-05-20,11.653,於 2026-05-20 移轉 11.653 MWh
天能綠電股份有限公司,御鑒科技股份有限公司(御鑒科技-屏東獅子鄉新路段207地面型光電案場(盧恆山)),日月光半導體製造股份有限公司,太陽能,轉供,32.55,2026-04-22,19.524,於 2026-04-22 移轉 19.524 MWh
天能綠電股份有限公司,御鑒科技股份有限公司(御鑒科技-屏東獅子鄉新路段207地面型光電案場(盧恆山)),日月光半導體製造股份有限公司,太陽能,轉供,32.55,2026-05-20,13.026,於 2026-05-20 移轉 13.026 MWh
天能綠電股份有限公司,御鑒科技股份有限公司(御鑒科技-高雄大寮利民街屋頂型光電案場),日月光半導體製造股份有限公司,太陽能,轉供,35.332,2026-04-22,20.787,於 2026-04-22 移轉 20.787 MWh
天能綠電股份有限公司,御鑒科技股份有限公司(御鑒科技-高雄大寮利民街屋頂型光電案場),日月光半導體製造股份有限公司,太陽能,轉供,35.332,2026-05-20,14.545,於 2026-05-20 移轉 14.545 MWh
天能綠電股份有限公司,御鑒科技股份有限公司(御鑒科技-高雄旗山嶺口國小屋頂型光電案場),日月光半導體製造股份有限公司,太陽能,轉供,25.803,2026-04-22,15.787,於 2026-04-22 移轉 15.787 MWh
天能綠電股份有限公司,御鑒科技股份有限公司(御鑒科技-高雄旗山嶺口國小屋頂型光電案場),日月光半導體製造股份有限公司,太陽能,轉供,25.803,2026-05-20,10.016,於 2026-05-20 移轉 10.016 MWh
天能綠電股份有限公司,御鑒科技股份有限公司(御鑒科技-高雄旗山嶺口國小地面型光電案場),日月光半導體製造股份有限公司,太陽能,轉供,5.15,2026-04-22,3.055,於 2026-04-22 移轉 3.055 MWh
天能綠電股份有限公司,御鑒科技股份有限公司(御鑒科技-高雄旗山嶺口國小地面型光電案場),日月光半導體製造股份有限公司,太陽能,轉供,5.15,2026-05-20,2.095,於 2026-05-20 移轉 2.095 MWh
天能綠電股份有限公司,御鑒科技股份有限公司(御鑒科技-高雄大寮大有二街屋頂型光電案場),日月光半導體製造股份有限公司,太陽能,轉供,26.107,2026-04-22,14.877,於 2026-04-22 移轉 14.877 MWh
天能綠電股份有限公司,御鑒科技股份有限公司(御鑒科技-高雄大寮大有二街屋頂型光電案場),日月光半導體製造股份有限公司,太陽能,轉供,26.107,2026-05-20,11.23,於 2026-05-20 移轉 11.23 MWh
天能綠電股份有限公司,御鑒科技股份有限公司(御鑒科技-雲林台西牛舍屋頂型光電案場),日月光半導體製造股份有限公司,太陽能,轉供,514.677,2026-04-22,306.75,於 2026-04-22 移轉 306.75 MWh
天能綠電股份有限公司,御鑒科技股份有限公司(御鑒科技-雲林台西牛舍屋頂型光電案場),日月光半導體製造股份有限公司,太陽能,轉供,514.677,2026-05-20,207.927,於 2026-05-20 移轉 207.927 MWh
天能綠電股份有限公司,御鑒科技股份有限公司(御鑒科技-雲林麥寮崙後村屋頂型光電案場),日月光半導體製造股份有限公司,太陽能,轉供,8.698,2026-04-22,5.658,於 2026-04-22 移轉 5.658 MWh
天能綠電股份有限公司,御鑒科技股份有限公司(御鑒科技-雲林麥寮崙後村屋頂型光電案場),日月光半導體製造股份有限公司,太陽能,轉供,8.698,2026-05-20,3.04,於 2026-05-20 移轉 3.04 MWh
天能綠電股份有限公司,圓恆科技股份有限公司(圓恆科技-嘉義朴子崁前屋頂型光電案場),日月光半導體製造股份有限公司,太陽能,轉供,101.53,2026-04-22,57.621,於 2026-04-22 移轉 57.621 MWh
天能綠電股份有限公司,圓恆科技股份有限公司(圓恆科技-嘉義朴子崁前屋頂型光電案場),日月光半導體製造股份有限公司,太陽能,轉供,101.53,2026-05-20,43.909,於 2026-05-20 移轉 43.909 MWh
天能綠電股份有限公司,御鑒科技股份有限公司(御鑒科技-高雄鳳山五福國小屋頂型光電案場),日月光半導體製造股份有限公司,太陽能,轉供,67.953,2026-04-22,38.9,於 2026-04-22 移轉 38.9 MWh
天能綠電股份有限公司,御鑒科技股份有限公司(御鑒科技-高雄鳳山五福國小屋頂型光電案場),日月光半導體製造股份有限公司,太陽能,轉供,67.953,2026-05-20,29.053,於 2026-05-20 移轉 29.053 MWh
天能綠電股份有限公司,御鑒科技股份有限公司(御鑒科技-高雄湖內海埔國小屋頂型光電案場),日月光半導體製造股份有限公司,太陽能,轉供,127.955,2026-04-22,74.092,於 2026-04-22 移轉 74.092 MWh
天能綠電股份有限公司,御鑒科技股份有限公司(御鑒科技-高雄湖內海埔國小屋頂型光電案場),日月光半導體製造股份有限公司,太陽能,轉供,127.955,2026-05-20,53.863,於 2026-05-20 移轉 53.863 MWh
天能綠電股份有限公司,御鑒科技股份有限公司(御鑒科技-屏東獅子鄉丹路段857-16地面型光電案場(戴桐花)),日月光半導體製造股份有限公司,太陽能,轉供,27.277,2026-04-22,16.505,於 2026-04-22 移轉 16.505 MWh
天能綠電股份有限公司,御鑒科技股份有限公司(御鑒科技-屏東獅子鄉丹路段857-16地面型光電案場(戴桐花)),日月光半導體製造股份有限公司,太陽能,轉供,27.277,2026-05-20,10.772,於 2026-05-20 移轉 10.772 MWh
天能綠電股份有限公司,御曦能源股份有限公司(御曦能源-嘉義新港潭大村屋頂型太陽光電案場(李銘福一期、二期)),日月光半導體製造股份有限公司,太陽能,轉供,77.643,2026-04-22,46.736,於 2026-04-22 移轉 46.736 MWh
天能綠電股份有限公司,御曦能源股份有限公司(御曦能源-嘉義新港潭大村屋頂型太陽光電案場(李銘福一期、二期)),日月光半導體製造股份有限公司,太陽能,轉供,77.643,2026-05-20,30.907,於 2026-05-20 移轉 30.907 MWh
天能綠電股份有限公司,御曦能源股份有限公司(御曦能源-雲林二崙港後村屋頂型太陽光電案場(廖信智一期、二期)),日月光半導體製造股份有限公司,太陽能,轉供,95.617,2026-04-22,54.778,於 2026-04-22 移轉 54.778 MWh
天能綠電股份有限公司,御曦能源股份有限公司(御曦能源-雲林二崙港後村屋頂型太陽光電案場(廖信智一期、二期)),日月光半導體製造股份有限公司,太陽能,轉供,95.617,2026-05-20,40.839,於 2026-05-20 移轉 40.839 MWh
天能綠電股份有限公司,城市發展綠能股份有限公司(城市發展-屏東縣林邊鄉富田段124地號地面型太陽光電案場),金像電子股份有限公司,太陽能,轉供,27.324,2026-03-04,8.167,於 2026-03-04 移轉 8.167 MWh
天能綠電股份有限公司,城市發展綠能股份有限公司(城市發展-屏東縣林邊鄉富田段124地號地面型太陽光電案場),金像電子股份有限公司,太陽能,轉供,27.324,2026-04-01,8.284,於 2026-04-01 移轉 8.284 MWh
天能綠電股份有限公司,城市發展綠能股份有限公司(城市發展-屏東縣林邊鄉富田段124地號地面型太陽光電案場),金像電子股份有限公司,太陽能,轉供,27.324,2026-05-20,10.873,於 2026-05-20 移轉 10.873 MWh
天能綠電股份有限公司,城市發展綠能股份有限公司(城市發展-屏東縣林邊鄉富田段114地號地面型太陽光電案場),金像電子股份有限公司,太陽能,轉供,63.399,2026-03-04,19.022,於 2026-03-04 移轉 19.022 MWh
天能綠電股份有限公司,城市發展綠能股份有限公司(城市發展-屏東縣林邊鄉富田段114地號地面型太陽光電案場),金像電子股份有限公司,太陽能,轉供,63.399,2026-04-01,19.062,於 2026-04-01 移轉 19.062 MWh
天能綠電股份有限公司,城市發展綠能股份有限公司(城市發展-屏東縣林邊鄉富田段114地號地面型太陽光電案場),金像電子股份有限公司,太陽能,轉供,63.399,2026-05-20,25.315,於 2026-05-20 移轉 25.315 MWh
天能綠電股份有限公司,城市發展綠能股份有限公司(城市發展-屏東縣林邊鄉鎮安段地面型太陽光電案場),金像電子股份有限公司,太陽能,轉供,187.372,2026-03-04,56.594,於 2026-03-04 移轉 56.594 MWh
天能綠電股份有限公司,城市發展綠能股份有限公司(城市發展-屏東縣林邊鄉鎮安段地面型太陽光電案場),金像電子股份有限公司,太陽能,轉供,187.372,2026-04-01,55.97,於 2026-04-01 移轉 55.97 MWh
天能綠電股份有限公司,城市發展綠能股份有限公司(城市發展-屏東縣林邊鄉鎮安段地面型太陽光電案場),金像電子股份有限公司,太陽能,轉供,187.372,2026-05-20,74.808,於 2026-05-20 移轉 74.808 MWh
天能綠電股份有限公司,和潤電能股份有限公司(和潤電能-彰化汙染地1530、1531號320.76kwp地面型太陽光電案場),友達光電股份有限公司,太陽能,轉供,116.734,2026-03-04,34.038,於 2026-03-04 移轉 34.038 MWh
天能綠電股份有限公司,和潤電能股份有限公司(和潤電能-彰化汙染地1530、1531號320.76kwp地面型太陽光電案場),友達光電股份有限公司,太陽能,轉供,116.734,2026-04-01,36.808,於 2026-04-01 移轉 36.808 MWh
天能綠電股份有限公司,和潤電能股份有限公司(和潤電能-彰化汙染地1530、1531號320.76kwp地面型太陽光電案場),友達光電股份有限公司,太陽能,轉供,116.734,2026-05-20,45.888,於 2026-05-20 移轉 45.888 MWh
天能綠電股份有限公司,和潤電能股份有限公司(和潤電能-彰化汙染地762號213.84kwp地面型太陽光電案場),友達光電股份有限公司,太陽能,轉供,79.266,2026-03-04,23.698,於 2026-03-04 移轉 23.698 MWh
天能綠電股份有限公司,和潤電能股份有限公司(和潤電能-彰化汙染地762號213.84kwp地面型太陽光電案場),友達光電股份有限公司,太陽能,轉供,79.266,2026-04-01,24.561,於 2026-04-01 移轉 24.561 MWh
天能綠電股份有限公司,和潤電能股份有限公司(和潤電能-彰化汙染地762號213.84kwp地面型太陽光電案場),友達光電股份有限公司,太陽能,轉供,79.266,2026-05-20,31.007,於 2026-05-20 移轉 31.007 MWh
天能綠電股份有限公司,和潤電能股份有限公司(和潤電能-彰化汙染地75號273.24kwp地面型太陽光電案場),友達光電股份有限公司,太陽能,轉供,89,2026-03-04,26.353,於 2026-03-04 移轉 26.353 MWh
天能綠電股份有限公司,和潤電能股份有限公司(和潤電能-彰化汙染地75號273.24kwp地面型太陽光電案場),友達光電股份有限公司,太陽能,轉供,89,2026-04-01,27.25,於 2026-04-01 移轉 27.25 MWh
天能綠電股份有限公司,和潤電能股份有限公司(和潤電能-彰化汙染地75號273.24kwp地面型太陽光電案場),友達光電股份有限公司,太陽能,轉供,89,2026-05-20,35.397,於 2026-05-20 移轉 35.397 MWh
天能綠電股份有限公司,益日昇科技有限公司(益日昇-臺南市官田區建業路47號屋頂型太陽光電案場),三南奧特萊斯股份有限公司,太陽能,轉供,44.747,2026-03-11,12.242,於 2026-03-11 移轉 12.242 MWh
天能綠電股份有限公司,益日昇科技有限公司(益日昇-臺南市官田區建業路47號屋頂型太陽光電案場),三南奧特萊斯股份有限公司,太陽能,轉供,44.747,2026-04-01,13.446,於 2026-04-01 移轉 13.446 MWh
天能綠電股份有限公司,益日昇科技有限公司(益日昇-臺南市官田區建業路47號屋頂型太陽光電案場),三南奧特萊斯股份有限公司,太陽能,轉供,44.747,2026-05-20,19.059,於 2026-05-20 移轉 19.059 MWh
天能綠電股份有限公司,日晶旺科技有限公司(日晶旺-台南楠西區455.83kwp地面型太陽光電案場),台星科股份有限公司,太陽能,轉供,150.785,2026-03-04,44.578,於 2026-03-04 移轉 44.578 MWh
天能綠電股份有限公司,日晶旺科技有限公司(日晶旺-台南楠西區455.83kwp地面型太陽光電案場),台星科股份有限公司,太陽能,轉供,150.785,2026-04-01,46.517,於 2026-04-01 移轉 46.517 MWh
天能綠電股份有限公司,日晶旺科技有限公司(日晶旺-台南楠西區455.83kwp地面型太陽光電案場),台星科股份有限公司,太陽能,轉供,150.785,2026-05-20,59.69,於 2026-05-20 移轉 59.69 MWh
天能綠電股份有限公司,日晶旺科技有限公司(日晶旺-台南楠西區498.885kwp地面型太陽光電案場),台星科股份有限公司,太陽能,轉供,172.459,2026-03-04,51.857,於 2026-03-04 移轉 51.857 MWh
天能綠電股份有限公司,日晶旺科技有限公司(日晶旺-台南楠西區498.885kwp地面型太陽光電案場),台星科股份有限公司,太陽能,轉供,172.459,2026-04-01,53.437,於 2026-04-01 移轉 53.437 MWh
天能綠電股份有限公司,日晶旺科技有限公司(日晶旺-台南楠西區498.885kwp地面型太陽光電案場),台星科股份有限公司,太陽能,轉供,172.459,2026-05-20,67.165,於 2026-05-20 移轉 67.165 MWh
天能綠電股份有限公司,日晶旺科技有限公司(日晶旺-台南楠西區558.135kwp地面型太陽光電案場),台星科股份有限公司,太陽能,轉供,198.635,2026-03-04,60.14,於 2026-03-04 移轉 60.14 MWh
天能綠電股份有限公司,日晶旺科技有限公司(日晶旺-台南楠西區558.135kwp地面型太陽光電案場),台星科股份有限公司,太陽能,轉供,198.635,2026-04-01,61.362,於 2026-04-01 移轉 61.362 MWh
天能綠電股份有限公司,日晶旺科技有限公司(日晶旺-台南楠西區558.135kwp地面型太陽光電案場),台星科股份有限公司,太陽能,轉供,198.635,2026-05-20,77.133,於 2026-05-20 移轉 77.133 MWh
天能綠電股份有限公司,合晟綠能開發股份有限公司(合晟綠能-屏東麟洛地面型太陽光電案場),友達光電股份有限公司,太陽能,轉供,96.217,2026-03-04,27.694,於 2026-03-04 移轉 27.694 MWh
天能綠電股份有限公司,合晟綠能開發股份有限公司(合晟綠能-屏東麟洛地面型太陽光電案場),友達光電股份有限公司,太陽能,轉供,96.217,2026-04-01,29.734,於 2026-04-01 移轉 29.734 MWh
天能綠電股份有限公司,合晟綠能開發股份有限公司(合晟綠能-屏東麟洛地面型太陽光電案場),友達光電股份有限公司,太陽能,轉供,96.217,2026-05-20,38.789,於 2026-05-20 移轉 38.789 MWh
天能綠電股份有限公司,麗晟綠能開發股份有限公司(麗晟綠能-屏東長治農科屋面型太陽光電案場),友達光電股份有限公司,太陽能,轉供,137.659,2026-03-04,40.709,於 2026-03-04 移轉 40.709 MWh
天能綠電股份有限公司,麗晟綠能開發股份有限公司(麗晟綠能-屏東長治農科屋面型太陽光電案場),友達光電股份有限公司,太陽能,轉供,137.659,2026-04-01,41.878,於 2026-04-01 移轉 41.878 MWh
天能綠電股份有限公司,麗晟綠能開發股份有限公司(麗晟綠能-屏東長治農科屋面型太陽光電案場),友達光電股份有限公司,太陽能,轉供,137.659,2026-05-20,55.072,於 2026-05-20 移轉 55.072 MWh
天能綠電股份有限公司,健晟綠能開發股份有限公司(健晟綠能-屏東和生市場屋頂屋頂型太陽光電案場),友達光電股份有限公司,太陽能,轉供,156.548,2026-03-04,46.143,於 2026-03-04 移轉 46.143 MWh
天能綠電股份有限公司,健晟綠能開發股份有限公司(健晟綠能-屏東和生市場屋頂屋頂型太陽光電案場),友達光電股份有限公司,太陽能,轉供,156.548,2026-04-01,47.906,於 2026-04-01 移轉 47.906 MWh
天能綠電股份有限公司,健晟綠能開發股份有限公司(健晟綠能-屏東和生市場屋頂屋頂型太陽光電案場),友達光電股份有限公司,太陽能,轉供,156.548,2026-05-20,62.499,於 2026-05-20 移轉 62.499 MWh
天能綠電股份有限公司,鼎日能源科技股份有限公司(鼎日能源-大聖交通屋頂型太陽光電案場),金像電子股份有限公司,太陽能,轉供,264.729,2026-03-04,71.891,於 2026-03-04 移轉 71.891 MWh
天能綠電股份有限公司,鼎日能源科技股份有限公司(鼎日能源-大聖交通屋頂型太陽光電案場),金像電子股份有限公司,太陽能,轉供,264.729,2026-04-01,80.422,於 2026-04-01 移轉 80.422 MWh
天能綠電股份有限公司,鼎日能源科技股份有限公司(鼎日能源-大聖交通屋頂型太陽光電案場),金像電子股份有限公司,太陽能,轉供,264.729,2026-05-20,112.416,於 2026-05-20 移轉 112.416 MWh
天能綠電股份有限公司,瑞穗二番有限公司(叡朋瑞穗二番-柳營恆耀一、二期屋頂型太陽光電案場),金像電子股份有限公司,太陽能,轉供,285.634,2026-03-04,86.477,於 2026-03-04 移轉 86.477 MWh
天能綠電股份有限公司,瑞穗二番有限公司(叡朋瑞穗二番-柳營恆耀一、二期屋頂型太陽光電案場),金像電子股份有限公司,太陽能,轉供,285.634,2026-04-01,80.468,於 2026-04-01 移轉 80.468 MWh
天能綠電股份有限公司,瑞穗二番有限公司(叡朋瑞穗二番-柳營恆耀一、二期屋頂型太陽光電案場),金像電子股份有限公司,太陽能,轉供,285.634,2026-05-20,118.689,於 2026-05-20 移轉 118.689 MWh
天能綠電股份有限公司,叡朋科技股份有限公司(叡朋科技-東山下寮禽舍屋頂型太陽光電案場(李宏甫)),金像電子股份有限公司,太陽能,轉供,104.069,2026-03-04,26.302,於 2026-03-04 移轉 26.302 MWh
天能綠電股份有限公司,叡朋科技股份有限公司(叡朋科技-東山下寮禽舍屋頂型太陽光電案場(李宏甫)),金像電子股份有限公司,太陽能,轉供,104.069,2026-04-01,29.803,於 2026-04-01 移轉 29.803 MWh
天能綠電股份有限公司,叡朋科技股份有限公司(叡朋科技-東山下寮禽舍屋頂型太陽光電案場(李宏甫)),金像電子股份有限公司,太陽能,轉供,104.069,2026-05-20,47.964,於 2026-05-20 移轉 47.964 MWh
天能綠電股份有限公司,叡朋科技股份有限公司(叡朋科技-下營裕農街禽舍屋頂型太陽光電案場(謝志宏)),金像電子股份有限公司,太陽能,轉供,109.981,2026-03-04,31.461,於 2026-03-04 移轉 31.461 MWh
天能綠電股份有限公司,叡朋科技股份有限公司(叡朋科技-下營裕農街禽舍屋頂型太陽光電案場(謝志宏)),金像電子股份有限公司,太陽能,轉供,109.981,2026-04-01,29.614,於 2026-04-01 移轉 29.614 MWh
天能綠電股份有限公司,叡朋科技股份有限公司(叡朋科技-下營裕農街禽舍屋頂型太陽光電案場(謝志宏)),金像電子股份有限公司,太陽能,轉供,109.981,2026-05-20,48.906,於 2026-05-20 移轉 48.906 MWh
天能綠電股份有限公司,叡朋科技股份有限公司(叡朋科技-官田中協雞舍屋頂型太陽光電案場(林劉秀枝)),金像電子股份有限公司,太陽能,轉供,127.427,2026-03-04,36.494,於 2026-03-04 移轉 36.494 MWh
天能綠電股份有限公司,叡朋科技股份有限公司(叡朋科技-官田中協雞舍屋頂型太陽光電案場(林劉秀枝)),金像電子股份有限公司,太陽能,轉供,127.427,2026-04-01,38.988,於 2026-04-01 移轉 38.988 MWh
天能綠電股份有限公司,叡朋科技股份有限公司(叡朋科技-官田中協雞舍屋頂型太陽光電案場(林劉秀枝)),金像電子股份有限公司,太陽能,轉供,127.427,2026-05-20,51.945,於 2026-05-20 移轉 51.945 MWh
天能綠電股份有限公司,叡朋科技股份有限公司(叡朋科技-路竹民權豬舍一、二期屋頂型太陽光電案場(康武鎮)),金像電子股份有限公司,太陽能,轉供,192.696,2026-03-04,57.672,於 2026-03-04 移轉 57.672 MWh
天能綠電股份有限公司,叡朋科技股份有限公司(叡朋科技-路竹民權豬舍一、二期屋頂型太陽光電案場(康武鎮)),金像電子股份有限公司,太陽能,轉供,192.696,2026-04-01,58.413,於 2026-04-01 移轉 58.413 MWh
天能綠電股份有限公司,叡朋科技股份有限公司(叡朋科技-路竹民權豬舍一、二期屋頂型太陽光電案場(康武鎮)),金像電子股份有限公司,太陽能,轉供,192.696,2026-05-20,76.611,於 2026-05-20 移轉 76.611 MWh
天能綠電股份有限公司,叡朋科技股份有限公司(叡朋科技-路竹廣泰金屬屋頂型太陽光電案場),金像電子股份有限公司,太陽能,轉供,85.428,2026-03-04,25.301,於 2026-03-04 移轉 25.301 MWh
天能綠電股份有限公司,叡朋科技股份有限公司(叡朋科技-路竹廣泰金屬屋頂型太陽光電案場),金像電子股份有限公司,太陽能,轉供,85.428,2026-04-01,23.845,於 2026-04-01 移轉 23.845 MWh
天能綠電股份有限公司,叡朋科技股份有限公司(叡朋科技-路竹廣泰金屬屋頂型太陽光電案場),金像電子股份有限公司,太陽能,轉供,85.428,2026-05-20,36.282,於 2026-05-20 移轉 36.282 MWh
天能綠電股份有限公司,叡朋科技股份有限公司(叡朋科技-路竹環球路豬舍二期屋頂型太陽光電案場(蔡慶忠)),金像電子股份有限公司,太陽能,轉供,133.048,2026-03-04,42.401,於 2026-03-04 移轉 42.401 MWh
天能綠電股份有限公司,叡朋科技股份有限公司(叡朋科技-路竹環球路豬舍二期屋頂型太陽光電案場(蔡慶忠)),金像電子股份有限公司,太陽能,轉供,133.048,2026-04-01,38.502,於 2026-04-01 移轉 38.502 MWh
天能綠電股份有限公司,叡朋科技股份有限公司(叡朋科技-路竹環球路豬舍二期屋頂型太陽光電案場(蔡慶忠)),金像電子股份有限公司,太陽能,轉供,133.048,2026-05-20,52.145,於 2026-05-20 移轉 52.145 MWh
天能綠電股份有限公司,圓恆科技股份有限公司(圓恆科技-嘉義大埔美一期、二期屋頂型光電案場),日月光半導體製造股份有限公司,太陽能,轉供,168.918,2026-04-22,96.43,於 2026-04-22 移轉 96.43 MWh
天能綠電股份有限公司,圓恆科技股份有限公司(圓恆科技-嘉義大埔美一期、二期屋頂型光電案場),日月光半導體製造股份有限公司,太陽能,轉供,168.918,2026-05-20,72.488,於 2026-05-20 移轉 72.488 MWh
天能綠電股份有限公司,如晅綠能開發有限公司(如晅綠能-屏東里港屋頂型太陽光電案場),友達光電股份有限公司,太陽能,轉供,105.436,2026-03-04,30.754,於 2026-03-04 移轉 30.754 MWh
天能綠電股份有限公司,如晅綠能開發有限公司(如晅綠能-屏東里港屋頂型太陽光電案場),友達光電股份有限公司,太陽能,轉供,105.436,2026-04-01,32.343,於 2026-04-01 移轉 32.343 MWh
天能綠電股份有限公司,如晅綠能開發有限公司(如晅綠能-屏東里港屋頂型太陽光電案場),友達光電股份有限公司,太陽能,轉供,105.436,2026-05-20,42.339,於 2026-05-20 移轉 42.339 MWh
天能綠電股份有限公司,雲正投資股份有限公司(雲正投資-雲林土庫大荖魚塭太陽光電案場),台灣福雷電子股份有限公司,太陽能,轉供,67.87,2026-03-04,67.87,於 2026-03-04 移轉 67.87 MWh
天能綠電股份有限公司,綠十字實業社即負責人王俊智(綠十字-雲林水林鄉地面型太陽光電案場),嘉發實業工廠股份有限公司,太陽能,轉供,124.81,2026-03-04,35.619,於 2026-03-04 移轉 35.619 MWh
天能綠電股份有限公司,綠十字實業社即負責人王俊智(綠十字-雲林水林鄉地面型太陽光電案場),嘉發實業工廠股份有限公司,太陽能,轉供,124.81,2026-04-01,36.89,於 2026-04-01 移轉 36.89 MWh
天能綠電股份有限公司,綠十字實業社即負責人王俊智(綠十字-雲林水林鄉地面型太陽光電案場),嘉發實業工廠股份有限公司,太陽能,轉供,124.81,2026-05-20,52.301,於 2026-05-20 移轉 52.301 MWh
天能綠電股份有限公司,歐得能源工程有限公司(歐得能源工程-東澄一期屋頂型太陽光電案場),友達光電股份有限公司,太陽能,轉供,91.248,2026-03-04,26.345,於 2026-03-04 移轉 26.345 MWh
天能綠電股份有限公司,歐得能源工程有限公司(歐得能源工程-東澄一期屋頂型太陽光電案場),友達光電股份有限公司,太陽能,轉供,91.248,2026-04-01,28.513,於 2026-04-01 移轉 28.513 MWh
天能綠電股份有限公司,歐得能源工程有限公司(歐得能源工程-東澄一期屋頂型太陽光電案場),友達光電股份有限公司,太陽能,轉供,91.248,2026-05-20,36.39,於 2026-05-20 移轉 36.39 MWh
天能綠電股份有限公司,晶泰能源科技有限公司(晶泰-彰化富立金實業太陽光電案場),欣銓科技股份有限公司,太陽能,轉供,35.29,2026-04-01,35.29,於 2026-04-01 移轉 35.29 MWh
天能綠電股份有限公司,晶泰能源科技有限公司(晶泰錿恩有限公司太陽光電案場),欣銓科技股份有限公司,太陽能,轉供,5.381,2026-04-01,5.381,於 2026-04-01 移轉 5.381 MWh
天能綠電股份有限公司,晶泰能源科技有限公司(晶泰-彰化佶棉纖維太陽光電案場),欣銓科技股份有限公司,太陽能,轉供,25.287,2026-04-01,25.287,於 2026-04-01 移轉 25.287 MWh
天能綠電股份有限公司,晶泰能源科技有限公司(晶泰-彰化社頭世合美太陽光電案場),欣銓科技股份有限公司,太陽能,轉供,7.944,2026-04-01,7.944,於 2026-04-01 移轉 7.944 MWh
天能綠電股份有限公司,晶泰能源科技有限公司(晶泰-彰化秀水秀中街太陽光電案場),欣銓科技股份有限公司,太陽能,轉供,3.832,2026-04-01,3.832,於 2026-04-01 移轉 3.832 MWh
天能綠電股份有限公司,晶泰能源科技有限公司(晶泰-太子路7號太陽光電案場),欣銓科技股份有限公司,太陽能,轉供,1.794,2026-03-11,1.794,於 2026-03-11 移轉 1.794 MWh
天能綠電股份有限公司,元豐綠能股份有限公司(得貹大村1期太陽光電案場),欣銓科技股份有限公司,太陽能,轉供,155.767,2026-04-01,48.138,於 2026-04-01 移轉 48.138 MWh
天能綠電股份有限公司,元豐綠能股份有限公司(得貹大村1期太陽光電案場),欣銓科技股份有限公司,太陽能,轉供,155.767,2026-05-20,107.629,於 2026-05-20 移轉 107.629 MWh
天能綠電股份有限公司,元豐綠能股份有限公司(得貹大村2期太陽光電案場),欣銓科技股份有限公司,太陽能,轉供,64.881,2026-04-01,19.927,於 2026-04-01 移轉 19.927 MWh
天能綠電股份有限公司,元豐綠能股份有限公司(得貹大村2期太陽光電案場),欣銓科技股份有限公司,太陽能,轉供,64.881,2026-05-20,44.954,於 2026-05-20 移轉 44.954 MWh
天能綠電股份有限公司,鴻穎貿易有限公司(鴻晶-高雄市岡山區光潭路16號),台灣富士電子材料股份有限公司,太陽能,轉供,93.149,2026-04-01,46.055,於 2026-04-01 移轉 46.055 MWh
天能綠電股份有限公司,鴻穎貿易有限公司(鴻晶-高雄市岡山區光潭路16號),台灣富士電子材料股份有限公司,太陽能,轉供,93.149,2026-04-15,47.094,於 2026-04-15 移轉 47.094 MWh
天能綠電股份有限公司,鉑東科技有限公司(鉑東-高雄市楠梓區藍田路288號),全智科技股份有限公司,太陽能,轉供,43.026,2026-04-22,43.026,於 2026-04-22 移轉 43.026 MWh
天能綠電股份有限公司,鉑東科技有限公司(鉑東-屏東縣屏東市仁愛路188號(一二期)),全智科技股份有限公司,太陽能,轉供,68.545,2026-04-22,68.545,於 2026-04-22 移轉 68.545 MWh
天能綠電股份有限公司,京杰能源股份有限公司(京杰-大溪康莊養護中心太陽光電案場),金像電子股份有限公司,太陽能,轉供,10.024,2026-04-22,10.024,於 2026-04-22 移轉 10.024 MWh
天能綠電股份有限公司,鼎勝能源科技有限公司(鼎勝-可大興217.35kwp屋頂型太陽光電案場),英業達股份有限公司,太陽能,轉供,67.972,2026-03-04,19.457,於 2026-03-04 移轉 19.457 MWh
天能綠電股份有限公司,鼎勝能源科技有限公司(鼎勝-可大興217.35kwp屋頂型太陽光電案場),英業達股份有限公司,太陽能,轉供,67.972,2026-04-01,20.386,於 2026-04-01 移轉 20.386 MWh
天能綠電股份有限公司,鼎勝能源科技有限公司(鼎勝-可大興217.35kwp屋頂型太陽光電案場),英業達股份有限公司,太陽能,轉供,67.972,2026-05-20,28.129,於 2026-05-20 移轉 28.129 MWh
天能綠電股份有限公司,詮鎔建設有限公司(詮鎔建設-嘉義大林鵝舍屋頂型光電案場),金像電子股份有限公司,太陽能,轉供,95.217,2026-03-04,28.322,於 2026-03-04 移轉 28.322 MWh
天能綠電股份有限公司,詮鎔建設有限公司(詮鎔建設-嘉義大林鵝舍屋頂型光電案場),金像電子股份有限公司,太陽能,轉供,95.217,2026-04-01,29.399,於 2026-04-01 移轉 29.399 MWh
天能綠電股份有限公司,詮鎔建設有限公司(詮鎔建設-嘉義大林鵝舍屋頂型光電案場),金像電子股份有限公司,太陽能,轉供,95.217,2026-05-20,37.496,於 2026-05-20 移轉 37.496 MWh
天能綠電股份有限公司,莊春榮(彰化和美鎮大霞段1787地號地面型光電案場),欣銓科技股份有限公司,太陽能,轉供,14.42,2026-04-01,14.42,於 2026-04-01 移轉 14.42 MWh
天能綠電股份有限公司,玉成綠能企業社(玉成-彰化和美鎮大霞段2325地號地面型光電案場),欣銓科技股份有限公司,太陽能,轉供,53.302,2026-04-01,53.302,於 2026-04-01 移轉 53.302 MWh
天能綠電股份有限公司,玉成綠能股份有限公司(玉成-彰化和美鎮大霞段1702地號地面型光電案場),欣銓科技股份有限公司,太陽能,轉供,53.584,2026-04-01,53.584,於 2026-04-01 移轉 53.584 MWh
天能綠電股份有限公司,綠順科技股份有限公司(綠順-高雄市楠梓區德民路1010號(國昌一期)),京元電子股份有限公司銅鑼分公司,太陽能,轉供,101.013,2026-04-22,101.013,於 2026-04-22 移轉 101.013 MWh
天能綠電股份有限公司,綠順科技股份有限公司(綠順-高雄市楠梓區德民路1010號（國昌二期）),京元電子股份有限公司銅鑼分公司,太陽能,轉供,51.136,2026-04-22,51.136,於 2026-04-22 移轉 51.136 MWh
天能綠電股份有限公司,綠順科技股份有限公司(綠順-臺南市永康區王行段38地號(地+水)),京元電子股份有限公司銅鑼分公司,太陽能,轉供,167.69,2026-04-22,167.69,於 2026-04-22 移轉 167.69 MWh
天能綠電股份有限公司,綠順科技股份有限公司(綠順-雲林縣土庫鎮竹寮段),京元電子股份有限公司銅鑼分公司,太陽能,轉供,240.025,2026-04-22,240.025,於 2026-04-22 移轉 240.025 MWh
天能綠電股份有限公司,綠青能源股份有限公司(綠順-高雄市仁武區灣北段888地號（仁特二期）),京元電子股份有限公司銅鑼分公司,太陽能,轉供,48.928,2026-04-22,48.928,於 2026-04-22 移轉 48.928 MWh
天能綠電股份有限公司,綠青能源股份有限公司(綠順-彰化縣大城鄉中央路86號),京元電子股份有限公司銅鑼分公司,太陽能,轉供,11.605,2026-04-22,11.605,於 2026-04-22 移轉 11.605 MWh
天能綠電股份有限公司,綠青能源股份有限公司(綠順-彰化縣大城鄉通海路296號),京元電子股份有限公司銅鑼分公司,太陽能,轉供,17.987,2026-04-22,17.987,於 2026-04-22 移轉 17.987 MWh
天能綠電股份有限公司,綠青能源股份有限公司(綠順-彰化縣大城鄉新光段1520地號),京元電子股份有限公司銅鑼分公司,太陽能,轉供,14.39,2026-04-22,14.39,於 2026-04-22 移轉 14.39 MWh
天能綠電股份有限公司,綠青能源股份有限公司(綠順-彰化縣大城鄉楓港段745地號),京元電子股份有限公司銅鑼分公司,太陽能,轉供,9.813,2026-04-22,9.813,於 2026-04-22 移轉 9.813 MWh
天能綠電股份有限公司,綠青能源股份有限公司(綠順-彰化縣大城鄉楓港段61-1地號),京元電子股份有限公司銅鑼分公司,太陽能,轉供,19.115,2026-04-22,19.115,於 2026-04-22 移轉 19.115 MWh
天能綠電股份有限公司,綠青能源股份有限公司(綠順-彰化縣大城鄉楓港段490地號),京元電子股份有限公司銅鑼分公司,太陽能,轉供,23.143,2026-04-22,23.143,於 2026-04-22 移轉 23.143 MWh
天能綠電股份有限公司,晶泰能源科技有限公司(晶泰- 臺南宏昕太陽光電案場),欣銓科技股份有限公司,太陽能,轉供,25.074,2026-03-11,25.074,於 2026-03-11 移轉 25.074 MWh
天能綠電股份有限公司,龐誼綠能科技股份有限公司(龐誼綠能-高雄旗山陳評地面型太陽光電案場),金像電子股份有限公司,太陽能,轉供,118.189,2026-03-04,36.764,於 2026-03-04 移轉 36.764 MWh
天能綠電股份有限公司,龐誼綠能科技股份有限公司(龐誼綠能-高雄旗山陳評地面型太陽光電案場),金像電子股份有限公司,太陽能,轉供,118.189,2026-04-01,36.983,於 2026-04-01 移轉 36.983 MWh
天能綠電股份有限公司,龐誼綠能科技股份有限公司(龐誼綠能-高雄旗山陳評地面型太陽光電案場),金像電子股份有限公司,太陽能,轉供,118.189,2026-05-20,44.442,於 2026-05-20 移轉 44.442 MWh
天能綠電股份有限公司,龐誼綠能科技股份有限公司(龐誼綠能-彰化埔鹽宏河一期屋頂型太陽光電案場),金像電子股份有限公司,太陽能,轉供,106.563,2026-03-04,30.466,於 2026-03-04 移轉 30.466 MWh
天能綠電股份有限公司,龐誼綠能科技股份有限公司(龐誼綠能-彰化埔鹽宏河一期屋頂型太陽光電案場),金像電子股份有限公司,太陽能,轉供,106.563,2026-04-01,32.668,於 2026-04-01 移轉 32.668 MWh
天能綠電股份有限公司,龐誼綠能科技股份有限公司(龐誼綠能-彰化埔鹽宏河一期屋頂型太陽光電案場),金像電子股份有限公司,太陽能,轉供,106.563,2026-05-20,43.429,於 2026-05-20 移轉 43.429 MWh
天能綠電股份有限公司,"立發綠能股份有限公司(立發-雲林惠來厝2,3,4地面型太陽光電案場)",台灣積體電路製造股份有限公司,太陽能,轉供,152.312,2026-05-13,152.312,於 2026-05-13 移轉 152.312 MWh
天能綠電股份有限公司,"立發綠能股份有限公司(立發-雲林惠來厝5,6地面型太陽光電案場)",台灣積體電路製造股份有限公司,太陽能,轉供,77.556,2026-05-13,77.556,於 2026-05-13 移轉 77.556 MWh
天能綠電股份有限公司,立發綠能股份有限公司(立發-雲林虎尾D區屋頂型太陽光電案場),台灣積體電路製造股份有限公司,太陽能,轉供,33.294,2026-05-13,33.294,於 2026-05-13 移轉 33.294 MWh
天能綠電股份有限公司,立發綠能股份有限公司(立發-雲林惠來厝1地面型太陽光電案場),台灣積體電路製造股份有限公司,太陽能,轉供,50.042,2026-05-13,50.042,於 2026-05-13 移轉 50.042 MWh
天能綠電股份有限公司,昱泰能源股份有限公司(昱泰能源-臺中市政府水利局福田水資中心太陽能電廠1期(屋頂型)),友達光電股份有限公司,太陽能,轉供,179.951,2026-03-04,55.753,於 2026-03-04 移轉 55.753 MWh
天能綠電股份有限公司,昱泰能源股份有限公司(昱泰能源-臺中市政府水利局福田水資中心太陽能電廠1期(屋頂型)),友達光電股份有限公司,太陽能,轉供,179.951,2026-04-01,56.809,於 2026-04-01 移轉 56.809 MWh
天能綠電股份有限公司,昱泰能源股份有限公司(昱泰能源-臺中市政府水利局福田水資中心太陽能電廠1期(屋頂型)),友達光電股份有限公司,太陽能,轉供,179.951,2026-05-20,67.389,於 2026-05-20 移轉 67.389 MWh
天能綠電股份有限公司,昱泰能源股份有限公司(昱泰能源-臺中市政府水利局福田水資中心太陽能電廠2期(屋頂型)),友達光電股份有限公司,太陽能,轉供,178.959,2026-03-04,55.465,於 2026-03-04 移轉 55.465 MWh
天能綠電股份有限公司,昱泰能源股份有限公司(昱泰能源-臺中市政府水利局福田水資中心太陽能電廠2期(屋頂型)),友達光電股份有限公司,太陽能,轉供,178.959,2026-04-01,56.387,於 2026-04-01 移轉 56.387 MWh
天能綠電股份有限公司,昱泰能源股份有限公司(昱泰能源-臺中市政府水利局福田水資中心太陽能電廠2期(屋頂型)),友達光電股份有限公司,太陽能,轉供,178.959,2026-05-20,67.107,於 2026-05-20 移轉 67.107 MWh
天能綠電股份有限公司,昱泰能源股份有限公司(昱泰能源-臺中市政府水利局石岡壩水資中心太陽能電廠(屋頂型)),友達光電股份有限公司,太陽能,轉供,88.084,2026-03-04,27.449,於 2026-03-04 移轉 27.449 MWh
天能綠電股份有限公司,昱泰能源股份有限公司(昱泰能源-臺中市政府水利局石岡壩水資中心太陽能電廠(屋頂型)),友達光電股份有限公司,太陽能,轉供,88.084,2026-04-01,27.715,於 2026-04-01 移轉 27.715 MWh
天能綠電股份有限公司,昱泰能源股份有限公司(昱泰能源-臺中市政府水利局石岡壩水資中心太陽能電廠(屋頂型)),友達光電股份有限公司,太陽能,轉供,88.084,2026-05-20,32.92,於 2026-05-20 移轉 32.92 MWh
天能綠電股份有限公司,永盈綠能有限公司(永盈-台南善化區太陽光電案廠),欣銓科技股份有限公司,太陽能,轉供,14.539,2026-04-01,14.539,於 2026-04-01 移轉 14.539 MWh
天能綠電股份有限公司,景山興業股份有限公司(景山興業-台中大肚-王田(472.89kw)),欣銓科技股份有限公司,太陽能,轉供,46.244,2026-04-01,46.244,於 2026-04-01 移轉 46.244 MWh
天能綠電股份有限公司,景山興業股份有限公司(景山興業-台中大肚-社腳(499.95kw)),欣銓科技股份有限公司,太陽能,轉供,50.685,2026-04-01,50.685,於 2026-04-01 移轉 50.685 MWh
天能綠電股份有限公司,嘉元光能源科技有限公司(嘉元光-屏東市工業三路屋頂型太陽光電案場),矽格股份有限公司,太陽能,轉供,91.224,2026-03-04,27.447,於 2026-03-04 移轉 27.447 MWh
天能綠電股份有限公司,嘉元光能源科技有限公司(嘉元光-屏東市工業三路屋頂型太陽光電案場),矽格股份有限公司,太陽能,轉供,91.224,2026-04-01,28.138,於 2026-04-01 移轉 28.138 MWh
天能綠電股份有限公司,嘉元光能源科技有限公司(嘉元光-屏東市工業三路屋頂型太陽光電案場),矽格股份有限公司,太陽能,轉供,91.224,2026-05-20,35.639,於 2026-05-20 移轉 35.639 MWh
天能綠電股份有限公司,旭奕光電有限公司(旭奕光電-屏東新園990-1地面型太陽光電案場),矽格股份有限公司,太陽能,轉供,26.201,2026-03-04,7.757,於 2026-03-04 移轉 7.757 MWh
天能綠電股份有限公司,旭奕光電有限公司(旭奕光電-屏東新園990-1地面型太陽光電案場),矽格股份有限公司,太陽能,轉供,26.201,2026-04-01,7.667,於 2026-04-01 移轉 7.667 MWh
天能綠電股份有限公司,旭奕光電有限公司(旭奕光電-屏東新園990-1地面型太陽光電案場),矽格股份有限公司,太陽能,轉供,26.201,2026-05-20,10.777,於 2026-05-20 移轉 10.777 MWh
天能綠電股份有限公司,好強的電有限公司(好強的電-屏東枋寮134-2地面型太陽光電案場),矽格股份有限公司,太陽能,轉供,106.523,2026-03-04,31.778,於 2026-03-04 移轉 31.778 MWh
天能綠電股份有限公司,好強的電有限公司(好強的電-屏東枋寮134-2地面型太陽光電案場),矽格股份有限公司,太陽能,轉供,106.523,2026-04-01,32.536,於 2026-04-01 移轉 32.536 MWh
天能綠電股份有限公司,好強的電有限公司(好強的電-屏東枋寮134-2地面型太陽光電案場),矽格股份有限公司,太陽能,轉供,106.523,2026-05-20,42.209,於 2026-05-20 移轉 42.209 MWh
天能綠電股份有限公司,好強的電有限公司(好強的電-屏東枋寮134-3地面型太陽光電案場),矽格股份有限公司,太陽能,轉供,84.625,2026-03-04,25.38,於 2026-03-04 移轉 25.38 MWh
天能綠電股份有限公司,好強的電有限公司(好強的電-屏東枋寮134-3地面型太陽光電案場),矽格股份有限公司,太陽能,轉供,84.625,2026-04-01,25.861,於 2026-04-01 移轉 25.861 MWh
天能綠電股份有限公司,好強的電有限公司(好強的電-屏東枋寮134-3地面型太陽光電案場),矽格股份有限公司,太陽能,轉供,84.625,2026-05-20,33.384,於 2026-05-20 移轉 33.384 MWh
天能綠電股份有限公司,好強的電有限公司(好強的電-屏東枋寮134-4地面型太陽光電案場),矽格股份有限公司,太陽能,轉供,95.8,2026-03-04,28.527,於 2026-03-04 移轉 28.527 MWh
天能綠電股份有限公司,好強的電有限公司(好強的電-屏東枋寮134-4地面型太陽光電案場),矽格股份有限公司,太陽能,轉供,95.8,2026-04-01,29.11,於 2026-04-01 移轉 29.11 MWh
天能綠電股份有限公司,好強的電有限公司(好強的電-屏東枋寮134-4地面型太陽光電案場),矽格股份有限公司,太陽能,轉供,95.8,2026-05-20,38.163,於 2026-05-20 移轉 38.163 MWh
天能綠電股份有限公司,旭奕光電有限公司(旭奕光電-屏東內埔隘寮649-4地面型太陽光電案場),矽格股份有限公司,太陽能,轉供,29.977,2026-03-04,9.7,於 2026-03-04 移轉 9.7 MWh
天能綠電股份有限公司,旭奕光電有限公司(旭奕光電-屏東內埔隘寮649-4地面型太陽光電案場),矽格股份有限公司,太陽能,轉供,29.977,2026-04-01,8.57,於 2026-04-01 移轉 8.57 MWh
天能綠電股份有限公司,旭奕光電有限公司(旭奕光電-屏東內埔隘寮649-4地面型太陽光電案場),矽格股份有限公司,太陽能,轉供,29.977,2026-05-20,11.707,於 2026-05-20 移轉 11.707 MWh
天能綠電股份有限公司,旭奕光電有限公司(旭奕光電-屏東內埔隘寮324-19地面型太陽光電案場),矽格股份有限公司,太陽能,轉供,29.036,2026-03-04,9.647,於 2026-03-04 移轉 9.647 MWh
天能綠電股份有限公司,旭奕光電有限公司(旭奕光電-屏東內埔隘寮324-19地面型太陽光電案場),矽格股份有限公司,太陽能,轉供,29.036,2026-04-01,8.03,於 2026-04-01 移轉 8.03 MWh
天能綠電股份有限公司,旭奕光電有限公司(旭奕光電-屏東內埔隘寮324-19地面型太陽光電案場),矽格股份有限公司,太陽能,轉供,29.036,2026-05-20,11.359,於 2026-05-20 移轉 11.359 MWh
天能綠電股份有限公司,旭奕光電有限公司(旭奕光電-屏東內埔隘寮384-19地面型太陽光電案場),矽格股份有限公司,太陽能,轉供,28.712,2026-03-04,9.449,於 2026-03-04 移轉 9.449 MWh
天能綠電股份有限公司,旭奕光電有限公司(旭奕光電-屏東內埔隘寮384-19地面型太陽光電案場),矽格股份有限公司,太陽能,轉供,28.712,2026-04-01,8.166,於 2026-04-01 移轉 8.166 MWh
天能綠電股份有限公司,旭奕光電有限公司(旭奕光電-屏東內埔隘寮384-19地面型太陽光電案場),矽格股份有限公司,太陽能,轉供,28.712,2026-05-20,11.097,於 2026-05-20 移轉 11.097 MWh
天能綠電股份有限公司,風昇光電股份有限公司(風昇光電-屏東內埔隘寮324-8地面型太陽光電案場),矽格股份有限公司,太陽能,轉供,27.485,2026-03-04,9,於 2026-03-04 移轉 9 MWh
天能綠電股份有限公司,風昇光電股份有限公司(風昇光電-屏東內埔隘寮324-8地面型太陽光電案場),矽格股份有限公司,太陽能,轉供,27.485,2026-04-01,7.569,於 2026-04-01 移轉 7.569 MWh
天能綠電股份有限公司,風昇光電股份有限公司(風昇光電-屏東內埔隘寮324-8地面型太陽光電案場),矽格股份有限公司,太陽能,轉供,27.485,2026-05-20,10.916,於 2026-05-20 移轉 10.916 MWh
天能綠電股份有限公司,風昇光電股份有限公司(風昇光電-屏東內埔隘寮649-6地面型太陽光電案場),矽格股份有限公司,太陽能,轉供,28.359,2026-03-04,8.891,於 2026-03-04 移轉 8.891 MWh
天能綠電股份有限公司,風昇光電股份有限公司(風昇光電-屏東內埔隘寮649-6地面型太陽光電案場),矽格股份有限公司,太陽能,轉供,28.359,2026-04-01,8.223,於 2026-04-01 移轉 8.223 MWh
天能綠電股份有限公司,風昇光電股份有限公司(風昇光電-屏東內埔隘寮649-6地面型太陽光電案場),矽格股份有限公司,太陽能,轉供,28.359,2026-05-20,11.245,於 2026-05-20 移轉 11.245 MWh
天能綠電股份有限公司,風昇光電股份有限公司(風昇光電-屏東內埔隘寮384-20地面型太陽光電案場),矽格股份有限公司,太陽能,轉供,28.222,2026-03-04,8.913,於 2026-03-04 移轉 8.913 MWh
天能綠電股份有限公司,風昇光電股份有限公司(風昇光電-屏東內埔隘寮384-20地面型太陽光電案場),矽格股份有限公司,太陽能,轉供,28.222,2026-04-01,8.125,於 2026-04-01 移轉 8.125 MWh
天能綠電股份有限公司,風昇光電股份有限公司(風昇光電-屏東內埔隘寮384-20地面型太陽光電案場),矽格股份有限公司,太陽能,轉供,28.222,2026-05-20,11.184,於 2026-05-20 移轉 11.184 MWh
天能綠電股份有限公司,梁慶道(梁慶道-屏東長治昌榮927地面型太陽光電案場),矽格股份有限公司,太陽能,轉供,27.902,2026-03-04,9.277,於 2026-03-04 移轉 9.277 MWh
天能綠電股份有限公司,梁慶道(梁慶道-屏東長治昌榮927地面型太陽光電案場),矽格股份有限公司,太陽能,轉供,27.902,2026-04-01,8.252,於 2026-04-01 移轉 8.252 MWh
天能綠電股份有限公司,梁慶道(梁慶道-屏東長治昌榮927地面型太陽光電案場),矽格股份有限公司,太陽能,轉供,27.902,2026-05-20,10.373,於 2026-05-20 移轉 10.373 MWh
天能綠電股份有限公司,閎均光電有限公司(閎均光電-屏東內埔復興994地面型太陽光電案場),矽格股份有限公司,太陽能,轉供,33.916,2026-03-04,10.618,於 2026-03-04 移轉 10.618 MWh
天能綠電股份有限公司,閎均光電有限公司(閎均光電-屏東內埔復興994地面型太陽光電案場),矽格股份有限公司,太陽能,轉供,33.916,2026-04-01,10.13,於 2026-04-01 移轉 10.13 MWh
天能綠電股份有限公司,閎均光電有限公司(閎均光電-屏東內埔復興994地面型太陽光電案場),矽格股份有限公司,太陽能,轉供,33.916,2026-05-20,13.168,於 2026-05-20 移轉 13.168 MWh
天能綠電股份有限公司,閎均光電有限公司(閎均光電-屏東內埔隘寮324-18地面型太陽光電案場),矽格股份有限公司,太陽能,轉供,26.565,2026-03-04,8.865,於 2026-03-04 移轉 8.865 MWh
天能綠電股份有限公司,閎均光電有限公司(閎均光電-屏東內埔隘寮324-18地面型太陽光電案場),矽格股份有限公司,太陽能,轉供,26.565,2026-04-01,7.273,於 2026-04-01 移轉 7.273 MWh
天能綠電股份有限公司,閎均光電有限公司(閎均光電-屏東內埔隘寮324-18地面型太陽光電案場),矽格股份有限公司,太陽能,轉供,26.565,2026-05-20,10.427,於 2026-05-20 移轉 10.427 MWh
天能綠電股份有限公司,閎均光電有限公司(閎均光電-屏東內埔隘寮384-4地面型太陽光電案場),矽格股份有限公司,太陽能,轉供,28.597,2026-03-04,9.344,於 2026-03-04 移轉 9.344 MWh
天能綠電股份有限公司,閎均光電有限公司(閎均光電-屏東內埔隘寮384-4地面型太陽光電案場),矽格股份有限公司,太陽能,轉供,28.597,2026-04-01,8.176,於 2026-04-01 移轉 8.176 MWh
天能綠電股份有限公司,閎均光電有限公司(閎均光電-屏東內埔隘寮384-4地面型太陽光電案場),矽格股份有限公司,太陽能,轉供,28.597,2026-05-20,11.077,於 2026-05-20 移轉 11.077 MWh
天能綠電股份有限公司,閎均光電有限公司(閎均光電-屏東內埔隘寮231-4地面型太陽光電案場),矽格股份有限公司,太陽能,轉供,97.925,2026-03-04,29.944,於 2026-03-04 移轉 29.944 MWh
天能綠電股份有限公司,閎均光電有限公司(閎均光電-屏東內埔隘寮231-4地面型太陽光電案場),矽格股份有限公司,太陽能,轉供,97.925,2026-04-01,30.289,於 2026-04-01 移轉 30.289 MWh
天能綠電股份有限公司,閎均光電有限公司(閎均光電-屏東內埔隘寮231-4地面型太陽光電案場),矽格股份有限公司,太陽能,轉供,97.925,2026-05-20,37.692,於 2026-05-20 移轉 37.692 MWh
天能綠電股份有限公司,嘉士達綠能有限公司(嘉士達-屏東枋寮中寮134地面型太陽光電案場),矽格股份有限公司,太陽能,轉供,101.151,2026-03-04,28.439,於 2026-03-04 移轉 28.439 MWh
天能綠電股份有限公司,嘉士達綠能有限公司(嘉士達-屏東枋寮中寮134地面型太陽光電案場),矽格股份有限公司,太陽能,轉供,101.151,2026-04-01,31.441,於 2026-04-01 移轉 31.441 MWh
天能綠電股份有限公司,嘉士達綠能有限公司(嘉士達-屏東枋寮中寮134地面型太陽光電案場),矽格股份有限公司,太陽能,轉供,101.151,2026-05-20,41.271,於 2026-05-20 移轉 41.271 MWh
天能綠電股份有限公司,嘉元光能源科技有限公司(嘉元光-屏東枋寮中寮134-1地面型太陽光電案場),矽格股份有限公司,太陽能,轉供,98.338,2026-03-04,27.727,於 2026-03-04 移轉 27.727 MWh
天能綠電股份有限公司,嘉元光能源科技有限公司(嘉元光-屏東枋寮中寮134-1地面型太陽光電案場),矽格股份有限公司,太陽能,轉供,98.338,2026-04-01,30.781,於 2026-04-01 移轉 30.781 MWh
天能綠電股份有限公司,嘉元光能源科技有限公司(嘉元光-屏東枋寮中寮134-1地面型太陽光電案場),矽格股份有限公司,太陽能,轉供,98.338,2026-05-20,39.83,於 2026-05-20 移轉 39.83 MWh
天能綠電股份有限公司,輝煌綠能股份有限公司(輝煌-祐金企業屋頂型太陽光電案場),台灣福雷電子股份有限公司,太陽能,轉供,9.417,2026-03-04,2.779,於 2026-03-04 移轉 2.779 MWh
天能綠電股份有限公司,輝煌綠能股份有限公司(輝煌-祐金企業屋頂型太陽光電案場),台灣福雷電子股份有限公司,太陽能,轉供,9.417,2026-04-01,6.638,於 2026-04-01 移轉 6.638 MWh
天能綠電股份有限公司,輝煌綠能股份有限公司(輝煌-政德製藥屋頂型太陽光電案場),台灣福雷電子股份有限公司,太陽能,轉供,43.671,2026-04-01,43.671,於 2026-04-01 移轉 43.671 MWh
天能綠電股份有限公司,輝煌綠能股份有限公司(輝煌-張新傳屋頂型太陽光電案場),台灣福雷電子股份有限公司,太陽能,轉供,14.493,2026-03-04,7.412,於 2026-03-04 移轉 7.412 MWh
天能綠電股份有限公司,輝煌綠能股份有限公司(輝煌-張新傳屋頂型太陽光電案場),台灣福雷電子股份有限公司,太陽能,轉供,14.493,2026-04-01,7.081,於 2026-04-01 移轉 7.081 MWh
天能綠電股份有限公司,輝煌綠能股份有限公司(輝煌-詳賀曾詠詳屋頂型太陽光電案場),台灣福雷電子股份有限公司,太陽能,轉供,17.671,2026-04-01,17.671,於 2026-04-01 移轉 17.671 MWh
天能綠電股份有限公司,輝煌綠能股份有限公司(輝煌-玉井國中1期地面&屋頂型太陽光電案場),台灣福雷電子股份有限公司,太陽能,轉供,34.091,2026-04-01,34.091,於 2026-04-01 移轉 34.091 MWh
天能綠電股份有限公司,郡都開發股份有限公司(郡都-臺中市梧棲區向上路9段321巷28號(祐強)),英業達股份有限公司,太陽能,轉供,33.586,2026-03-04,9.693,於 2026-03-04 移轉 9.693 MWh
天能綠電股份有限公司,郡都開發股份有限公司(郡都-臺中市梧棲區向上路9段321巷28號(祐強)),英業達股份有限公司,太陽能,轉供,33.586,2026-04-01,10.365,於 2026-04-01 移轉 10.365 MWh
天能綠電股份有限公司,郡都開發股份有限公司(郡都-臺中市梧棲區向上路9段321巷28號(祐強)),英業達股份有限公司,太陽能,轉供,33.586,2026-05-20,13.528,於 2026-05-20 移轉 13.528 MWh
天能綠電股份有限公司,郡都開發股份有限公司(郡都-屏東縣枋寮鄉北玄段0310、0311地號（一二期）),英業達股份有限公司,太陽能,轉供,242.462,2026-03-04,72.25,於 2026-03-04 移轉 72.25 MWh
天能綠電股份有限公司,郡都開發股份有限公司(郡都-屏東縣枋寮鄉北玄段0310、0311地號（一二期）),英業達股份有限公司,太陽能,轉供,242.462,2026-04-01,70.968,於 2026-04-01 移轉 70.968 MWh
天能綠電股份有限公司,郡都開發股份有限公司(郡都-屏東縣枋寮鄉北玄段0310、0311地號（一二期）),英業達股份有限公司,太陽能,轉供,242.462,2026-05-20,99.244,於 2026-05-20 移轉 99.244 MWh
天能綠電股份有限公司,福泰紡織股份有限公司(郡都-彰化縣二水鄉新鼻子頭段927地號（聚泰地面型）),英業達股份有限公司,太陽能,轉供,33.922,2026-03-04,9.773,於 2026-03-04 移轉 9.773 MWh
天能綠電股份有限公司,福泰紡織股份有限公司(郡都-彰化縣二水鄉新鼻子頭段927地號（聚泰地面型）),英業達股份有限公司,太陽能,轉供,33.922,2026-04-01,10.79,於 2026-04-01 移轉 10.79 MWh
天能綠電股份有限公司,福泰紡織股份有限公司(郡都-彰化縣二水鄉新鼻子頭段927地號（聚泰地面型）),英業達股份有限公司,太陽能,轉供,33.922,2026-05-20,13.359,於 2026-05-20 移轉 13.359 MWh
天能綠電股份有限公司,郡都開發股份有限公司(郡都-彰化縣二水鄉南通路一段20巷50號（聚泰屋頂型）),英業達股份有限公司,太陽能,轉供,50.326,2026-03-04,14.903,於 2026-03-04 移轉 14.903 MWh
天能綠電股份有限公司,郡都開發股份有限公司(郡都-彰化縣二水鄉南通路一段20巷50號（聚泰屋頂型）),英業達股份有限公司,太陽能,轉供,50.326,2026-04-01,16.079,於 2026-04-01 移轉 16.079 MWh
天能綠電股份有限公司,郡都開發股份有限公司(郡都-彰化縣二水鄉南通路一段20巷50號（聚泰屋頂型）),英業達股份有限公司,太陽能,轉供,50.326,2026-05-20,19.344,於 2026-05-20 移轉 19.344 MWh
天能綠電股份有限公司,輝煌綠能股份有限公司(輝煌-玉井國中2、3、4期太陽光電案場),台灣福雷電子股份有限公司,太陽能,轉供,60.278,2026-04-01,60.278,於 2026-04-01 移轉 60.278 MWh
天能綠電股份有限公司,泰晟綠能開發有限公司(泰晟綠能-高雄大寮屋頂屋頂型太陽光電案場),友達光電股份有限公司,太陽能,轉供,79.356,2026-03-04,22.948,於 2026-03-04 移轉 22.948 MWh
天能綠電股份有限公司,泰晟綠能開發有限公司(泰晟綠能-高雄大寮屋頂屋頂型太陽光電案場),友達光電股份有限公司,太陽能,轉供,79.356,2026-04-01,24.166,於 2026-04-01 移轉 24.166 MWh
天能綠電股份有限公司,泰晟綠能開發有限公司(泰晟綠能-高雄大寮屋頂屋頂型太陽光電案場),友達光電股份有限公司,太陽能,轉供,79.356,2026-05-20,32.242,於 2026-05-20 移轉 32.242 MWh
天能綠電股份有限公司,安晟綠能開發有限公司(安晟綠能-嘉義民雄一、二期屋頂型太陽光電案場),友達光電股份有限公司,太陽能,轉供,166.324,2026-03-04,48.713,於 2026-03-04 移轉 48.713 MWh
天能綠電股份有限公司,安晟綠能開發有限公司(安晟綠能-嘉義民雄一、二期屋頂型太陽光電案場),友達光電股份有限公司,太陽能,轉供,166.324,2026-04-01,50.521,於 2026-04-01 移轉 50.521 MWh
天能綠電股份有限公司,安晟綠能開發有限公司(安晟綠能-嘉義民雄一、二期屋頂型太陽光電案場),友達光電股份有限公司,太陽能,轉供,166.324,2026-05-20,67.09,於 2026-05-20 移轉 67.09 MWh
天能綠電股份有限公司,日旺綠能科技有限公司(日旺綠能-屏東地面型太陽光電案場),台星科股份有限公司,太陽能,轉供,152.179,2026-03-04,44.948,於 2026-03-04 移轉 44.948 MWh
天能綠電股份有限公司,日旺綠能科技有限公司(日旺綠能-屏東地面型太陽光電案場),台星科股份有限公司,太陽能,轉供,152.179,2026-04-01,47.436,於 2026-04-01 移轉 47.436 MWh
天能綠電股份有限公司,日旺綠能科技有限公司(日旺綠能-屏東地面型太陽光電案場),台星科股份有限公司,太陽能,轉供,152.179,2026-05-20,59.795,於 2026-05-20 移轉 59.795 MWh
天能綠電股份有限公司,竹風能源投資股份有限公司(竹風能源-新泉記機械新北市五股區屋頂型太陽能光電案場),英業達股份有限公司,太陽能,轉供,37.926,2026-03-04,10.896,於 2026-03-04 移轉 10.896 MWh
天能綠電股份有限公司,竹風能源投資股份有限公司(竹風能源-新泉記機械新北市五股區屋頂型太陽能光電案場),英業達股份有限公司,太陽能,轉供,37.926,2026-04-01,11.953,於 2026-04-01 移轉 11.953 MWh
天能綠電股份有限公司,竹風能源投資股份有限公司(竹風能源-新泉記機械新北市五股區屋頂型太陽能光電案場),英業達股份有限公司,太陽能,轉供,37.926,2026-05-20,15.077,於 2026-05-20 移轉 15.077 MWh
天能綠電股份有限公司,竹風能源投資股份有限公司(竹風能源-峖達桃園市觀音區屋頂型太陽能光電案場),英業達股份有限公司,太陽能,轉供,77.317,2026-03-04,22.51,於 2026-03-04 移轉 22.51 MWh
天能綠電股份有限公司,竹風能源投資股份有限公司(竹風能源-峖達桃園市觀音區屋頂型太陽能光電案場),英業達股份有限公司,太陽能,轉供,77.317,2026-04-01,24.033,於 2026-04-01 移轉 24.033 MWh
天能綠電股份有限公司,竹風能源投資股份有限公司(竹風能源-峖達桃園市觀音區屋頂型太陽能光電案場),英業達股份有限公司,太陽能,轉供,77.317,2026-05-20,30.774,於 2026-05-20 移轉 30.774 MWh
天能綠電股份有限公司,竹風能源投資股份有限公司(竹風能源-倢暘台中市清水區中行十四路屋頂型太陽能光電案場),英業達股份有限公司,太陽能,轉供,29.373,2026-03-04,8.401,於 2026-03-04 移轉 8.401 MWh
天能綠電股份有限公司,竹風能源投資股份有限公司(竹風能源-倢暘台中市清水區中行十四路屋頂型太陽能光電案場),英業達股份有限公司,太陽能,轉供,29.373,2026-04-01,8.897,於 2026-04-01 移轉 8.897 MWh
天能綠電股份有限公司,竹風能源投資股份有限公司(竹風能源-倢暘台中市清水區中行十四路屋頂型太陽能光電案場),英業達股份有限公司,太陽能,轉供,29.373,2026-05-20,12.075,於 2026-05-20 移轉 12.075 MWh
天能綠電股份有限公司,竹風能源投資股份有限公司(竹風能源-惠慶二期桃園市楊梅區泰圳路屋頂型太陽能光電案場),英業達股份有限公司,太陽能,轉供,3.771,2026-03-04,1.118,於 2026-03-04 移轉 1.118 MWh
天能綠電股份有限公司,竹風能源投資股份有限公司(竹風能源-惠慶二期桃園市楊梅區泰圳路屋頂型太陽能光電案場),英業達股份有限公司,太陽能,轉供,3.771,2026-04-01,1.173,於 2026-04-01 移轉 1.173 MWh
天能綠電股份有限公司,竹風能源投資股份有限公司(竹風能源-惠慶二期桃園市楊梅區泰圳路屋頂型太陽能光電案場),英業達股份有限公司,太陽能,轉供,3.771,2026-05-20,1.48,於 2026-05-20 移轉 1.48 MWh
天能綠電股份有限公司,宏威環球事業股份有限公司(宏威環球-高雄路竹2號屋頂型太陽光電案場),友達光電股份有限公司,太陽能,轉供,27.458,2026-03-04,7.84,於 2026-03-04 移轉 7.84 MWh
天能綠電股份有限公司,宏威環球事業股份有限公司(宏威環球-高雄路竹2號屋頂型太陽光電案場),友達光電股份有限公司,太陽能,轉供,27.458,2026-04-01,7.983,於 2026-04-01 移轉 7.983 MWh
天能綠電股份有限公司,宏威環球事業股份有限公司(宏威環球-高雄路竹2號屋頂型太陽光電案場),友達光電股份有限公司,太陽能,轉供,27.458,2026-05-20,11.635,於 2026-05-20 移轉 11.635 MWh
天能綠電股份有限公司,宏威環球事業股份有限公司(宏威環球-屏東九如一號屋頂型太陽光電案場),友達光電股份有限公司,太陽能,轉供,30.479,2026-03-04,8.981,於 2026-03-04 移轉 8.981 MWh
天能綠電股份有限公司,宏威環球事業股份有限公司(宏威環球-屏東九如一號屋頂型太陽光電案場),友達光電股份有限公司,太陽能,轉供,30.479,2026-04-01,9.372,於 2026-04-01 移轉 9.372 MWh
天能綠電股份有限公司,宏威環球事業股份有限公司(宏威環球-屏東九如一號屋頂型太陽光電案場),友達光電股份有限公司,太陽能,轉供,30.479,2026-05-20,12.126,於 2026-05-20 移轉 12.126 MWh
天能綠電股份有限公司,宏威環球事業有限公司(宏威環球-屏東萬丹2號屋頂型太陽光電案場),友達光電股份有限公司,太陽能,轉供,27.555,2026-03-04,8.418,於 2026-03-04 移轉 8.418 MWh
天能綠電股份有限公司,宏威環球事業有限公司(宏威環球-屏東萬丹2號屋頂型太陽光電案場),友達光電股份有限公司,太陽能,轉供,27.555,2026-04-01,8.285,於 2026-04-01 移轉 8.285 MWh
天能綠電股份有限公司,宏威環球事業有限公司(宏威環球-屏東萬丹2號屋頂型太陽光電案場),友達光電股份有限公司,太陽能,轉供,27.555,2026-05-20,10.852,於 2026-05-20 移轉 10.852 MWh
天能綠電股份有限公司,宏威環球事業股份有限公司(宏威環球-桃園天空499號屋頂型太陽光電案場),友達光電股份有限公司,太陽能,轉供,7.841,2026-03-04,2.118,於 2026-03-04 移轉 2.118 MWh
天能綠電股份有限公司,宏威環球事業股份有限公司(宏威環球-桃園天空499號屋頂型太陽光電案場),友達光電股份有限公司,太陽能,轉供,7.841,2026-04-01,2.336,於 2026-04-01 移轉 2.336 MWh
天能綠電股份有限公司,宏威環球事業股份有限公司(宏威環球-桃園天空499號屋頂型太陽光電案場),友達光電股份有限公司,太陽能,轉供,7.841,2026-05-20,3.387,於 2026-05-20 移轉 3.387 MWh
天能綠電股份有限公司,宏威環球事業股份有限公司(宏威環球-雲林朝天45號屋頂型太陽光電案場),友達光電股份有限公司,太陽能,轉供,18.725,2026-03-04,5.391,於 2026-03-04 移轉 5.391 MWh
天能綠電股份有限公司,宏威環球事業股份有限公司(宏威環球-雲林朝天45號屋頂型太陽光電案場),友達光電股份有限公司,太陽能,轉供,18.725,2026-04-01,5.859,於 2026-04-01 移轉 5.859 MWh
天能綠電股份有限公司,宏威環球事業股份有限公司(宏威環球-雲林朝天45號屋頂型太陽光電案場),友達光電股份有限公司,太陽能,轉供,18.725,2026-05-20,7.475,於 2026-05-20 移轉 7.475 MWh
天能綠電股份有限公司,宏威環球事業有限公司(宏威環球-高雄龍肚1號地面型太陽光電案場),友達光電股份有限公司,太陽能,轉供,49.211,2026-03-04,14.666,於 2026-03-04 移轉 14.666 MWh
天能綠電股份有限公司,宏威環球事業有限公司(宏威環球-高雄龍肚1號地面型太陽光電案場),友達光電股份有限公司,太陽能,轉供,49.211,2026-04-01,14.161,於 2026-04-01 移轉 14.161 MWh
天能綠電股份有限公司,宏威環球事業有限公司(宏威環球-高雄龍肚1號地面型太陽光電案場),友達光電股份有限公司,太陽能,轉供,49.211,2026-05-20,20.384,於 2026-05-20 移轉 20.384 MWh
天能綠電股份有限公司,宏威環球事業有限公司(宏威環球-高雄林園1號屋頂型太陽光電案場),友達光電股份有限公司,太陽能,轉供,68.985,2026-03-04,18.978,於 2026-03-04 移轉 18.978 MWh
天能綠電股份有限公司,宏威環球事業有限公司(宏威環球-高雄林園1號屋頂型太陽光電案場),友達光電股份有限公司,太陽能,轉供,68.985,2026-04-01,21.027,於 2026-04-01 移轉 21.027 MWh
天能綠電股份有限公司,宏威環球事業有限公司(宏威環球-高雄林園1號屋頂型太陽光電案場),友達光電股份有限公司,太陽能,轉供,68.985,2026-05-20,28.98,於 2026-05-20 移轉 28.98 MWh
天能綠電股份有限公司,宏威環球事業有限公司(宏威環球-南投中寮1號屋頂型太陽光電案場),友達光電股份有限公司,太陽能,轉供,30.926,2026-03-04,8.811,於 2026-03-04 移轉 8.811 MWh
天能綠電股份有限公司,宏威環球事業有限公司(宏威環球-南投中寮1號屋頂型太陽光電案場),友達光電股份有限公司,太陽能,轉供,30.926,2026-04-01,9.882,於 2026-04-01 移轉 9.882 MWh
天能綠電股份有限公司,宏威環球事業有限公司(宏威環球-南投中寮1號屋頂型太陽光電案場),友達光電股份有限公司,太陽能,轉供,30.926,2026-05-20,12.233,於 2026-05-20 移轉 12.233 MWh
天能綠電股份有限公司,宏威環球事業股份有限公司(宏威環球-高雄彌陀1號屋頂型太陽光電案場),友達光電股份有限公司,太陽能,轉供,21.932,2026-03-04,6.185,於 2026-03-04 移轉 6.185 MWh
天能綠電股份有限公司,宏威環球事業股份有限公司(宏威環球-高雄彌陀1號屋頂型太陽光電案場),友達光電股份有限公司,太陽能,轉供,21.932,2026-04-01,6.602,於 2026-04-01 移轉 6.602 MWh
天能綠電股份有限公司,宏威環球事業股份有限公司(宏威環球-高雄彌陀1號屋頂型太陽光電案場),友達光電股份有限公司,太陽能,轉供,21.932,2026-05-20,9.145,於 2026-05-20 移轉 9.145 MWh
天能綠電股份有限公司,宏威環球事業股份有限公司(宏威環球-高雄路竹1號屋頂型太陽光電案場),友達光電股份有限公司,太陽能,轉供,13.566,2026-03-04,3.699,於 2026-03-04 移轉 3.699 MWh
天能綠電股份有限公司,宏威環球事業股份有限公司(宏威環球-高雄路竹1號屋頂型太陽光電案場),友達光電股份有限公司,太陽能,轉供,13.566,2026-04-01,4.013,於 2026-04-01 移轉 4.013 MWh
天能綠電股份有限公司,宏威環球事業股份有限公司(宏威環球-高雄路竹1號屋頂型太陽光電案場),友達光電股份有限公司,太陽能,轉供,13.566,2026-05-20,5.854,於 2026-05-20 移轉 5.854 MWh
天能綠電股份有限公司,集發能源有限公司(集發-台南北安304.98屋頂型太陽光電案場),台灣積體電路製造股份有限公司,太陽能,轉供,25.727,2026-05-13,25.727,於 2026-05-13 移轉 25.727 MWh
天能綠電股份有限公司,昇恩能源有限公司(昇恩-民雄松傑99.62屋頂型太陽光電案場),台灣積體電路製造股份有限公司,太陽能,轉供,8.139,2026-05-13,8.139,於 2026-05-13 移轉 8.139 MWh
天能綠電股份有限公司,美麗島能源股份有限公司(美麗島-正和味屋頂型太陽光電案場),台星科股份有限公司,太陽能,轉供,40.199,2026-03-04,11.367,於 2026-03-04 移轉 11.367 MWh
天能綠電股份有限公司,美麗島能源股份有限公司(美麗島-正和味屋頂型太陽光電案場),台星科股份有限公司,太陽能,轉供,40.199,2026-04-01,10.998,於 2026-04-01 移轉 10.998 MWh
天能綠電股份有限公司,美麗島能源股份有限公司(美麗島-正和味屋頂型太陽光電案場),台星科股份有限公司,太陽能,轉供,40.199,2026-05-20,17.834,於 2026-05-20 移轉 17.834 MWh
天能綠電股份有限公司,美麗島能源股份有限公司(美麗島-順發屋頂型太陽光電案場),台星科股份有限公司,太陽能,轉供,50.946,2026-03-04,14.804,於 2026-03-04 移轉 14.804 MWh
天能綠電股份有限公司,美麗島能源股份有限公司(美麗島-順發屋頂型太陽光電案場),台星科股份有限公司,太陽能,轉供,50.946,2026-04-01,15.134,於 2026-04-01 移轉 15.134 MWh
天能綠電股份有限公司,美麗島能源股份有限公司(美麗島-順發屋頂型太陽光電案場),台星科股份有限公司,太陽能,轉供,50.946,2026-05-20,21.008,於 2026-05-20 移轉 21.008 MWh
天能綠電股份有限公司,仲達陽光股份有限公司(仲達陽光-彰化伸港-獻麒紡織495.38kw),精材科技股份有限公司,太陽能,轉供,83.397,2026-03-25,39.763,於 2026-03-25 移轉 39.763 MWh
天能綠電股份有限公司,仲達陽光股份有限公司(仲達陽光-彰化伸港-獻麒紡織495.38kw),精材科技股份有限公司,太陽能,轉供,83.397,2026-04-15,43.634,於 2026-04-15 移轉 43.634 MWh
天能綠電股份有限公司,仲達陽光股份有限公司(仲達陽光-台中梧棲-杏合生醫469.395kw),精材科技股份有限公司,太陽能,轉供,67.677,2026-03-25,33.736,於 2026-03-25 移轉 33.736 MWh
天能綠電股份有限公司,仲達陽光股份有限公司(仲達陽光-台中梧棲-杏合生醫469.395kw),精材科技股份有限公司,太陽能,轉供,67.677,2026-04-15,33.941,於 2026-04-15 移轉 33.941 MWh
天能綠電股份有限公司,洪世民(洪世民-彰化縣彰化市莿桐段地面型太陽光電案場),三南奧特萊斯股份有限公司,太陽能,轉供,22.665,2026-03-11,11.295,於 2026-03-11 移轉 11.295 MWh
天能綠電股份有限公司,洪世民(洪世民-彰化縣彰化市莿桐段地面型太陽光電案場),三南奧特萊斯股份有限公司,太陽能,轉供,22.665,2026-04-01,11.37,於 2026-04-01 移轉 11.37 MWh
天能綠電股份有限公司,光旭盈科技股份有限公司(光旭盈18-高雄信昌制網屋頂型太陽光電案場),台灣積體電路製造股份有限公司,太陽能,轉供,30.648,2026-03-04,1.274,於 2026-03-04 移轉 1.274 MWh
天能綠電股份有限公司,光旭盈科技股份有限公司(光旭盈18-高雄信昌制網屋頂型太陽光電案場),台灣積體電路製造股份有限公司,太陽能,轉供,30.648,2026-03-11,1.907,於 2026-03-11 移轉 1.907 MWh
天能綠電股份有限公司,光旭盈科技股份有限公司(光旭盈18-高雄信昌制網屋頂型太陽光電案場),台灣積體電路製造股份有限公司,太陽能,轉供,30.648,2026-04-01,5.271,於 2026-04-01 移轉 5.271 MWh
天能綠電股份有限公司,光旭盈科技股份有限公司(光旭盈18-高雄信昌制網屋頂型太陽光電案場),台灣積體電路製造股份有限公司,太陽能,轉供,30.648,2026-04-22,4.833,於 2026-04-22 移轉 4.833 MWh
天能綠電股份有限公司,光旭盈科技股份有限公司(光旭盈18-高雄信昌制網屋頂型太陽光電案場),台灣積體電路製造股份有限公司,太陽能,轉供,30.648,2026-04-29,2.597,於 2026-04-29 移轉 2.597 MWh
天能綠電股份有限公司,光旭盈科技股份有限公司(光旭盈18-高雄信昌制網屋頂型太陽光電案場),台灣積體電路製造股份有限公司,太陽能,轉供,30.648,2026-05-20,14.766,於 2026-05-20 移轉 14.766 MWh
天能綠電股份有限公司,光旭盈科技股份有限公司(光旭盈17-嘉義國樹機械屋頂型光電案場),台灣積體電路製造股份有限公司,太陽能,轉供,13.688,2026-03-04,0.976,於 2026-03-04 移轉 0.976 MWh
天能綠電股份有限公司,光旭盈科技股份有限公司(光旭盈17-嘉義國樹機械屋頂型光電案場),台灣積體電路製造股份有限公司,太陽能,轉供,13.688,2026-03-11,1.466,於 2026-03-11 移轉 1.466 MWh
天能綠電股份有限公司,光旭盈科技股份有限公司(光旭盈17-嘉義國樹機械屋頂型光電案場),台灣積體電路製造股份有限公司,太陽能,轉供,13.688,2026-04-01,4.155,於 2026-04-01 移轉 4.155 MWh
天能綠電股份有限公司,光旭盈科技股份有限公司(光旭盈17-嘉義國樹機械屋頂型光電案場),台灣積體電路製造股份有限公司,太陽能,轉供,13.688,2026-04-22,3.551,於 2026-04-22 移轉 3.551 MWh
天能綠電股份有限公司,光旭盈科技股份有限公司(光旭盈17-嘉義國樹機械屋頂型光電案場),台灣積體電路製造股份有限公司,太陽能,轉供,13.688,2026-04-29,1.729,於 2026-04-29 移轉 1.729 MWh
天能綠電股份有限公司,光旭盈科技股份有限公司(光旭盈17-嘉義國樹機械屋頂型光電案場),台灣積體電路製造股份有限公司,太陽能,轉供,13.688,2026-05-20,1.811,於 2026-05-20 移轉 1.811 MWh
天能綠電股份有限公司,光旭盈科技股份有限公司(光旭盈16-台南歲紘二廠屋頂型光電案場),台灣積體電路製造股份有限公司,太陽能,轉供,27.673,2026-03-04,1.477,於 2026-03-04 移轉 1.477 MWh
天能綠電股份有限公司,光旭盈科技股份有限公司(光旭盈16-台南歲紘二廠屋頂型光電案場),台灣積體電路製造股份有限公司,太陽能,轉供,27.673,2026-03-11,1.977,於 2026-03-11 移轉 1.977 MWh
天能綠電股份有限公司,光旭盈科技股份有限公司(光旭盈16-台南歲紘二廠屋頂型光電案場),台灣積體電路製造股份有限公司,太陽能,轉供,27.673,2026-04-01,5.52,於 2026-04-01 移轉 5.52 MWh
天能綠電股份有限公司,光旭盈科技股份有限公司(光旭盈16-台南歲紘二廠屋頂型光電案場),台灣積體電路製造股份有限公司,太陽能,轉供,27.673,2026-04-22,4.917,於 2026-04-22 移轉 4.917 MWh
天能綠電股份有限公司,光旭盈科技股份有限公司(光旭盈16-台南歲紘二廠屋頂型光電案場),台灣積體電路製造股份有限公司,太陽能,轉供,27.673,2026-04-29,2.6,於 2026-04-29 移轉 2.6 MWh
天能綠電股份有限公司,光旭盈科技股份有限公司(光旭盈16-台南歲紘二廠屋頂型光電案場),台灣積體電路製造股份有限公司,太陽能,轉供,27.673,2026-05-20,11.182,於 2026-05-20 移轉 11.182 MWh
天能綠電股份有限公司,光旭盈科技股份有限公司(光旭盈15-彰化淨心屋頂型光電案場),台灣積體電路製造股份有限公司,太陽能,轉供,18.335,2026-03-04,1.191,於 2026-03-04 移轉 1.191 MWh
天能綠電股份有限公司,光旭盈科技股份有限公司(光旭盈15-彰化淨心屋頂型光電案場),台灣積體電路製造股份有限公司,太陽能,轉供,18.335,2026-03-11,1.809,於 2026-03-11 移轉 1.809 MWh
天能綠電股份有限公司,光旭盈科技股份有限公司(光旭盈15-彰化淨心屋頂型光電案場),台灣積體電路製造股份有限公司,太陽能,轉供,18.335,2026-04-01,5.491,於 2026-04-01 移轉 5.491 MWh
天能綠電股份有限公司,光旭盈科技股份有限公司(光旭盈15-彰化淨心屋頂型光電案場),台灣積體電路製造股份有限公司,太陽能,轉供,18.335,2026-04-22,4.838,於 2026-04-22 移轉 4.838 MWh
天能綠電股份有限公司,光旭盈科技股份有限公司(光旭盈15-彰化淨心屋頂型光電案場),台灣積體電路製造股份有限公司,太陽能,轉供,18.335,2026-04-29,2.516,於 2026-04-29 移轉 2.516 MWh
天能綠電股份有限公司,光旭盈科技股份有限公司(光旭盈15-彰化淨心屋頂型光電案場),台灣積體電路製造股份有限公司,太陽能,轉供,18.335,2026-05-20,2.49,於 2026-05-20 移轉 2.49 MWh
天能綠電股份有限公司,光旭盈科技股份有限公司(光旭盈14-台中宏恩屋頂型光電案場),台灣積體電路製造股份有限公司,太陽能,轉供,22.815,2026-03-04,0.935,於 2026-03-04 移轉 0.935 MWh
天能綠電股份有限公司,光旭盈科技股份有限公司(光旭盈14-台中宏恩屋頂型光電案場),台灣積體電路製造股份有限公司,太陽能,轉供,22.815,2026-03-11,1.38,於 2026-03-11 移轉 1.38 MWh
天能綠電股份有限公司,光旭盈科技股份有限公司(光旭盈14-台中宏恩屋頂型光電案場),台灣積體電路製造股份有限公司,太陽能,轉供,22.815,2026-04-01,3.81,於 2026-04-01 移轉 3.81 MWh
天能綠電股份有限公司,光旭盈科技股份有限公司(光旭盈14-台中宏恩屋頂型光電案場),台灣積體電路製造股份有限公司,太陽能,轉供,22.815,2026-04-22,3.802,於 2026-04-22 移轉 3.802 MWh
天能綠電股份有限公司,光旭盈科技股份有限公司(光旭盈14-台中宏恩屋頂型光電案場),台灣積體電路製造股份有限公司,太陽能,轉供,22.815,2026-04-29,1.974,於 2026-04-29 移轉 1.974 MWh
天能綠電股份有限公司,光旭盈科技股份有限公司(光旭盈14-台中宏恩屋頂型光電案場),台灣積體電路製造股份有限公司,太陽能,轉供,22.815,2026-05-20,10.914,於 2026-05-20 移轉 10.914 MWh
天能綠電股份有限公司,光旭盈科技股份有限公司(光旭盈13-屏東南華食品屋頂型光電案場),台灣積體電路製造股份有限公司,太陽能,轉供,26.629,2026-03-04,1.327,於 2026-03-04 移轉 1.327 MWh
天能綠電股份有限公司,光旭盈科技股份有限公司(光旭盈13-屏東南華食品屋頂型光電案場),台灣積體電路製造股份有限公司,太陽能,轉供,26.629,2026-03-11,1.909,於 2026-03-11 移轉 1.909 MWh
天能綠電股份有限公司,光旭盈科技股份有限公司(光旭盈13-屏東南華食品屋頂型光電案場),台灣積體電路製造股份有限公司,太陽能,轉供,26.629,2026-04-01,4.892,於 2026-04-01 移轉 4.892 MWh
天能綠電股份有限公司,光旭盈科技股份有限公司(光旭盈13-屏東南華食品屋頂型光電案場),台灣積體電路製造股份有限公司,太陽能,轉供,26.629,2026-04-22,4.395,於 2026-04-22 移轉 4.395 MWh
天能綠電股份有限公司,光旭盈科技股份有限公司(光旭盈13-屏東南華食品屋頂型光電案場),台灣積體電路製造股份有限公司,太陽能,轉供,26.629,2026-04-29,2.136,於 2026-04-29 移轉 2.136 MWh
天能綠電股份有限公司,光旭盈科技股份有限公司(光旭盈13-屏東南華食品屋頂型光電案場),台灣積體電路製造股份有限公司,太陽能,轉供,26.629,2026-05-20,11.97,於 2026-05-20 移轉 11.97 MWh
天能綠電股份有限公司,光旭盈科技股份有限公司(光旭盈12-台南金煜屋頂型光電案場),台灣積體電路製造股份有限公司,太陽能,轉供,53.588,2026-03-11,3.516,於 2026-03-11 移轉 3.516 MWh
天能綠電股份有限公司,光旭盈科技股份有限公司(光旭盈12-台南金煜屋頂型光電案場),台灣積體電路製造股份有限公司,太陽能,轉供,53.588,2026-04-01,7.911,於 2026-04-01 移轉 7.911 MWh
天能綠電股份有限公司,光旭盈科技股份有限公司(光旭盈12-台南金煜屋頂型光電案場),台灣積體電路製造股份有限公司,太陽能,轉供,53.588,2026-04-15,1.52,於 2026-04-15 移轉 1.52 MWh
天能綠電股份有限公司,光旭盈科技股份有限公司(光旭盈12-台南金煜屋頂型光電案場),台灣積體電路製造股份有限公司,太陽能,轉供,53.588,2026-04-22,8.643,於 2026-04-22 移轉 8.643 MWh
天能綠電股份有限公司,光旭盈科技股份有限公司(光旭盈12-台南金煜屋頂型光電案場),台灣積體電路製造股份有限公司,太陽能,轉供,53.588,2026-04-29,7.581,於 2026-04-29 移轉 7.581 MWh
天能綠電股份有限公司,光旭盈科技股份有限公司(光旭盈12-台南金煜屋頂型光電案場),台灣積體電路製造股份有限公司,太陽能,轉供,53.588,2026-05-20,24.417,於 2026-05-20 移轉 24.417 MWh
天能綠電股份有限公司,光旭盈科技股份有限公司(光旭盈11-台南陳文亨屋頂型光電案場),台灣積體電路製造股份有限公司,太陽能,轉供,67.793,2026-03-11,4.464,於 2026-03-11 移轉 4.464 MWh
天能綠電股份有限公司,光旭盈科技股份有限公司(光旭盈11-台南陳文亨屋頂型光電案場),台灣積體電路製造股份有限公司,太陽能,轉供,67.793,2026-04-01,9.474,於 2026-04-01 移轉 9.474 MWh
天能綠電股份有限公司,光旭盈科技股份有限公司(光旭盈11-台南陳文亨屋頂型光電案場),台灣積體電路製造股份有限公司,太陽能,轉供,67.793,2026-04-15,2.359,於 2026-04-15 移轉 2.359 MWh
天能綠電股份有限公司,光旭盈科技股份有限公司(光旭盈11-台南陳文亨屋頂型光電案場),台灣積體電路製造股份有限公司,太陽能,轉供,67.793,2026-04-22,12.059,於 2026-04-22 移轉 12.059 MWh
天能綠電股份有限公司,光旭盈科技股份有限公司(光旭盈11-台南陳文亨屋頂型光電案場),台灣積體電路製造股份有限公司,太陽能,轉供,67.793,2026-04-29,9.864,於 2026-04-29 移轉 9.864 MWh
天能綠電股份有限公司,光旭盈科技股份有限公司(光旭盈11-台南陳文亨屋頂型光電案場),台灣積體電路製造股份有限公司,太陽能,轉供,67.793,2026-05-20,29.573,於 2026-05-20 移轉 29.573 MWh
天能綠電股份有限公司,光旭盈科技股份有限公司(光旭盈10-南投賴玉敏屋頂型光電案場),台灣積體電路製造股份有限公司,太陽能,轉供,131.053,2026-03-11,8.294,於 2026-03-11 移轉 8.294 MWh
天能綠電股份有限公司,光旭盈科技股份有限公司(光旭盈10-南投賴玉敏屋頂型光電案場),台灣積體電路製造股份有限公司,太陽能,轉供,131.053,2026-04-01,18.331,於 2026-04-01 移轉 18.331 MWh
天能綠電股份有限公司,光旭盈科技股份有限公司(光旭盈10-南投賴玉敏屋頂型光電案場),台灣積體電路製造股份有限公司,太陽能,轉供,131.053,2026-04-15,4.469,於 2026-04-15 移轉 4.469 MWh
天能綠電股份有限公司,光旭盈科技股份有限公司(光旭盈10-南投賴玉敏屋頂型光電案場),台灣積體電路製造股份有限公司,太陽能,轉供,131.053,2026-04-22,21.589,於 2026-04-22 移轉 21.589 MWh
天能綠電股份有限公司,光旭盈科技股份有限公司(光旭盈10-南投賴玉敏屋頂型光電案場),台灣積體電路製造股份有限公司,太陽能,轉供,131.053,2026-04-29,18.21,於 2026-04-29 移轉 18.21 MWh
天能綠電股份有限公司,光旭盈科技股份有限公司(光旭盈10-南投賴玉敏屋頂型光電案場),台灣積體電路製造股份有限公司,太陽能,轉供,131.053,2026-05-20,60.16,於 2026-05-20 移轉 60.16 MWh
天能綠電股份有限公司,光旭盈科技股份有限公司(光旭盈09-台中綠點屋頂型光電案場),台灣積體電路製造股份有限公司,太陽能,轉供,100.815,2026-03-11,6.5,於 2026-03-11 移轉 6.5 MWh
天能綠電股份有限公司,光旭盈科技股份有限公司(光旭盈09-台中綠點屋頂型光電案場),台灣積體電路製造股份有限公司,太陽能,轉供,100.815,2026-04-01,14.33,於 2026-04-01 移轉 14.33 MWh
天能綠電股份有限公司,光旭盈科技股份有限公司(光旭盈09-台中綠點屋頂型光電案場),台灣積體電路製造股份有限公司,太陽能,轉供,100.815,2026-04-15,2.521,於 2026-04-15 移轉 2.521 MWh
天能綠電股份有限公司,光旭盈科技股份有限公司(光旭盈09-台中綠點屋頂型光電案場),台灣積體電路製造股份有限公司,太陽能,轉供,100.815,2026-04-22,16.623,於 2026-04-22 移轉 16.623 MWh
天能綠電股份有限公司,光旭盈科技股份有限公司(光旭盈09-台中綠點屋頂型光電案場),台灣積體電路製造股份有限公司,太陽能,轉供,100.815,2026-04-29,12.923,於 2026-04-29 移轉 12.923 MWh
天能綠電股份有限公司,光旭盈科技股份有限公司(光旭盈09-台中綠點屋頂型光電案場),台灣積體電路製造股份有限公司,太陽能,轉供,100.815,2026-05-20,47.918,於 2026-05-20 移轉 47.918 MWh
天能綠電股份有限公司,光旭盈科技股份有限公司(光旭盈08-屏東戴任主屋頂型光電案場),台灣積體電路製造股份有限公司,太陽能,轉供,155.695,2026-03-11,10.993,於 2026-03-11 移轉 10.993 MWh
天能綠電股份有限公司,光旭盈科技股份有限公司(光旭盈08-屏東戴任主屋頂型光電案場),台灣積體電路製造股份有限公司,太陽能,轉供,155.695,2026-04-01,23.05,於 2026-04-01 移轉 23.05 MWh
天能綠電股份有限公司,光旭盈科技股份有限公司(光旭盈08-屏東戴任主屋頂型光電案場),台灣積體電路製造股份有限公司,太陽能,轉供,155.695,2026-04-15,3.882,於 2026-04-15 移轉 3.882 MWh
天能綠電股份有限公司,光旭盈科技股份有限公司(光旭盈08-屏東戴任主屋頂型光電案場),台灣積體電路製造股份有限公司,太陽能,轉供,155.695,2026-04-22,26.165,於 2026-04-22 移轉 26.165 MWh
天能綠電股份有限公司,光旭盈科技股份有限公司(光旭盈08-屏東戴任主屋頂型光電案場),台灣積體電路製造股份有限公司,太陽能,轉供,155.695,2026-04-29,21.345,於 2026-04-29 移轉 21.345 MWh
天能綠電股份有限公司,光旭盈科技股份有限公司(光旭盈08-屏東戴任主屋頂型光電案場),台灣積體電路製造股份有限公司,太陽能,轉供,155.695,2026-05-20,70.26,於 2026-05-20 移轉 70.26 MWh
天能綠電股份有限公司,光旭盈科技股份有限公司(光旭盈07-嘉義三朋行屋頂型光電案場),台灣積體電路製造股份有限公司,太陽能,轉供,87.501,2026-03-11,9.557,於 2026-03-11 移轉 9.557 MWh
天能綠電股份有限公司,光旭盈科技股份有限公司(光旭盈07-嘉義三朋行屋頂型光電案場),台灣積體電路製造股份有限公司,太陽能,轉供,87.501,2026-04-01,21.247,於 2026-04-01 移轉 21.247 MWh
天能綠電股份有限公司,光旭盈科技股份有限公司(光旭盈07-嘉義三朋行屋頂型光電案場),台灣積體電路製造股份有限公司,太陽能,轉供,87.501,2026-04-15,3.72,於 2026-04-15 移轉 3.72 MWh
天能綠電股份有限公司,光旭盈科技股份有限公司(光旭盈07-嘉義三朋行屋頂型光電案場),台灣積體電路製造股份有限公司,太陽能,轉供,87.501,2026-04-22,22.751,於 2026-04-22 移轉 22.751 MWh
天能綠電股份有限公司,光旭盈科技股份有限公司(光旭盈07-嘉義三朋行屋頂型光電案場),台灣積體電路製造股份有限公司,太陽能,轉供,87.501,2026-04-29,18.605,於 2026-04-29 移轉 18.605 MWh
天能綠電股份有限公司,光旭盈科技股份有限公司(光旭盈07-嘉義三朋行屋頂型光電案場),台灣積體電路製造股份有限公司,太陽能,轉供,87.501,2026-05-20,11.621,於 2026-05-20 移轉 11.621 MWh
天能綠電股份有限公司,光旭盈科技股份有限公司(光旭盈06-台中穩精藝屋頂型光電案場),台灣積體電路製造股份有限公司,太陽能,轉供,71.505,2026-03-11,4.626,於 2026-03-11 移轉 4.626 MWh
天能綠電股份有限公司,光旭盈科技股份有限公司(光旭盈06-台中穩精藝屋頂型光電案場),台灣積體電路製造股份有限公司,太陽能,轉供,71.505,2026-04-01,10.238,於 2026-04-01 移轉 10.238 MWh
天能綠電股份有限公司,光旭盈科技股份有限公司(光旭盈06-台中穩精藝屋頂型光電案場),台灣積體電路製造股份有限公司,太陽能,轉供,71.505,2026-04-15,1.792,於 2026-04-15 移轉 1.792 MWh
天能綠電股份有限公司,光旭盈科技股份有限公司(光旭盈06-台中穩精藝屋頂型光電案場),台灣積體電路製造股份有限公司,太陽能,轉供,71.505,2026-04-22,11.709,於 2026-04-22 移轉 11.709 MWh
天能綠電股份有限公司,光旭盈科技股份有限公司(光旭盈06-台中穩精藝屋頂型光電案場),台灣積體電路製造股份有限公司,太陽能,轉供,71.505,2026-04-29,9.497,於 2026-04-29 移轉 9.497 MWh
天能綠電股份有限公司,光旭盈科技股份有限公司(光旭盈06-台中穩精藝屋頂型光電案場),台灣積體電路製造股份有限公司,太陽能,轉供,71.505,2026-05-20,33.643,於 2026-05-20 移轉 33.643 MWh
天能綠電股份有限公司,光旭盈科技股份有限公司(光旭盈05-台南穩展一廠屋頂型光電案場),台灣積體電路製造股份有限公司,太陽能,轉供,153.821,2026-03-11,10.368,於 2026-03-11 移轉 10.368 MWh
天能綠電股份有限公司,光旭盈科技股份有限公司(光旭盈05-台南穩展一廠屋頂型光電案場),台灣積體電路製造股份有限公司,太陽能,轉供,153.821,2026-04-01,23.117,於 2026-04-01 移轉 23.117 MWh
天能綠電股份有限公司,光旭盈科技股份有限公司(光旭盈05-台南穩展一廠屋頂型光電案場),台灣積體電路製造股份有限公司,太陽能,轉供,153.821,2026-04-15,4.466,於 2026-04-15 移轉 4.466 MWh
天能綠電股份有限公司,光旭盈科技股份有限公司(光旭盈05-台南穩展一廠屋頂型光電案場),台灣積體電路製造股份有限公司,太陽能,轉供,153.821,2026-04-22,25.694,於 2026-04-22 移轉 25.694 MWh
天能綠電股份有限公司,光旭盈科技股份有限公司(光旭盈05-台南穩展一廠屋頂型光電案場),台灣積體電路製造股份有限公司,太陽能,轉供,153.821,2026-04-29,22.631,於 2026-04-29 移轉 22.631 MWh
天能綠電股份有限公司,光旭盈科技股份有限公司(光旭盈05-台南穩展一廠屋頂型光電案場),台灣積體電路製造股份有限公司,太陽能,轉供,153.821,2026-05-20,67.545,於 2026-05-20 移轉 67.545 MWh
天能綠電股份有限公司,光旭盈科技股份有限公司(光旭盈04-高雄慶樺紙器屋頂型光電案場),台灣積體電路製造股份有限公司,太陽能,轉供,142.802,2026-03-11,10.629,於 2026-03-11 移轉 10.629 MWh
天能綠電股份有限公司,光旭盈科技股份有限公司(光旭盈04-高雄慶樺紙器屋頂型光電案場),台灣積體電路製造股份有限公司,太陽能,轉供,142.802,2026-04-01,21.083,於 2026-04-01 移轉 21.083 MWh
天能綠電股份有限公司,光旭盈科技股份有限公司(光旭盈04-高雄慶樺紙器屋頂型光電案場),台灣積體電路製造股份有限公司,太陽能,轉供,142.802,2026-04-15,3.741,於 2026-04-15 移轉 3.741 MWh
天能綠電股份有限公司,光旭盈科技股份有限公司(光旭盈04-高雄慶樺紙器屋頂型光電案場),台灣積體電路製造股份有限公司,太陽能,轉供,142.802,2026-04-22,24.124,於 2026-04-22 移轉 24.124 MWh
天能綠電股份有限公司,光旭盈科技股份有限公司(光旭盈04-高雄慶樺紙器屋頂型光電案場),台灣積體電路製造股份有限公司,太陽能,轉供,142.802,2026-04-29,19.353,於 2026-04-29 移轉 19.353 MWh
天能綠電股份有限公司,光旭盈科技股份有限公司(光旭盈04-高雄慶樺紙器屋頂型光電案場),台灣積體電路製造股份有限公司,太陽能,轉供,142.802,2026-05-20,63.872,於 2026-05-20 移轉 63.872 MWh
天能綠電股份有限公司,光旭盈科技股份有限公司(光旭盈03-彰化久皇福興場屋頂型光電案場),台灣積體電路製造股份有限公司,太陽能,轉供,87.269,2026-03-11,9.171,於 2026-03-11 移轉 9.171 MWh
天能綠電股份有限公司,光旭盈科技股份有限公司(光旭盈03-彰化久皇福興場屋頂型光電案場),台灣積體電路製造股份有限公司,太陽能,轉供,87.269,2026-04-01,20.666,於 2026-04-01 移轉 20.666 MWh
天能綠電股份有限公司,光旭盈科技股份有限公司(光旭盈03-彰化久皇福興場屋頂型光電案場),台灣積體電路製造股份有限公司,太陽能,轉供,87.269,2026-04-15,3.67,於 2026-04-15 移轉 3.67 MWh
天能綠電股份有限公司,光旭盈科技股份有限公司(光旭盈03-彰化久皇福興場屋頂型光電案場),台灣積體電路製造股份有限公司,太陽能,轉供,87.269,2026-04-22,23.002,於 2026-04-22 移轉 23.002 MWh
天能綠電股份有限公司,光旭盈科技股份有限公司(光旭盈03-彰化久皇福興場屋頂型光電案場),台灣積體電路製造股份有限公司,太陽能,轉供,87.269,2026-04-29,19.159,於 2026-04-29 移轉 19.159 MWh
天能綠電股份有限公司,光旭盈科技股份有限公司(光旭盈03-彰化久皇福興場屋頂型光電案場),台灣積體電路製造股份有限公司,太陽能,轉供,87.269,2026-05-20,11.601,於 2026-05-20 移轉 11.601 MWh
天能綠電股份有限公司,光旭盈科技股份有限公司(光旭盈02-雲林二崙翁頂翔屋頂型光電案場),台灣積體電路製造股份有限公司,太陽能,轉供,111.739,2026-03-11,7.555,於 2026-03-11 移轉 7.555 MWh
天能綠電股份有限公司,光旭盈科技股份有限公司(光旭盈02-雲林二崙翁頂翔屋頂型光電案場),台灣積體電路製造股份有限公司,太陽能,轉供,111.739,2026-04-01,17.045,於 2026-04-01 移轉 17.045 MWh
天能綠電股份有限公司,光旭盈科技股份有限公司(光旭盈02-雲林二崙翁頂翔屋頂型光電案場),台灣積體電路製造股份有限公司,太陽能,轉供,111.739,2026-04-15,3.888,於 2026-04-15 移轉 3.888 MWh
天能綠電股份有限公司,光旭盈科技股份有限公司(光旭盈02-雲林二崙翁頂翔屋頂型光電案場),台灣積體電路製造股份有限公司,太陽能,轉供,111.739,2026-04-22,20.087,於 2026-04-22 移轉 20.087 MWh
天能綠電股份有限公司,光旭盈科技股份有限公司(光旭盈02-雲林二崙翁頂翔屋頂型光電案場),台灣積體電路製造股份有限公司,太陽能,轉供,111.739,2026-04-29,16.263,於 2026-04-29 移轉 16.263 MWh
天能綠電股份有限公司,光旭盈科技股份有限公司(光旭盈02-雲林二崙翁頂翔屋頂型光電案場),台灣積體電路製造股份有限公司,太陽能,轉供,111.739,2026-05-20,46.901,於 2026-05-20 移轉 46.901 MWh
天能綠電股份有限公司,光旭盈科技股份有限公司(光旭盈01-台南慶峰鋼鐵屋頂型光電案場),台灣積體電路製造股份有限公司,太陽能,轉供,93.53,2026-03-11,6.355,於 2026-03-11 移轉 6.355 MWh
天能綠電股份有限公司,光旭盈科技股份有限公司(光旭盈01-台南慶峰鋼鐵屋頂型光電案場),台灣積體電路製造股份有限公司,太陽能,轉供,93.53,2026-04-01,13.668,於 2026-04-01 移轉 13.668 MWh
天能綠電股份有限公司,光旭盈科技股份有限公司(光旭盈01-台南慶峰鋼鐵屋頂型光電案場),台灣積體電路製造股份有限公司,太陽能,轉供,93.53,2026-04-15,3.403,於 2026-04-15 移轉 3.403 MWh
天能綠電股份有限公司,光旭盈科技股份有限公司(光旭盈01-台南慶峰鋼鐵屋頂型光電案場),台灣積體電路製造股份有限公司,太陽能,轉供,93.53,2026-04-22,17.011,於 2026-04-22 移轉 17.011 MWh
天能綠電股份有限公司,光旭盈科技股份有限公司(光旭盈01-台南慶峰鋼鐵屋頂型光電案場),台灣積體電路製造股份有限公司,太陽能,轉供,93.53,2026-04-29,14.054,於 2026-04-29 移轉 14.054 MWh
天能綠電股份有限公司,光旭盈科技股份有限公司(光旭盈01-台南慶峰鋼鐵屋頂型光電案場),台灣積體電路製造股份有限公司,太陽能,轉供,93.53,2026-05-20,39.039,於 2026-05-20 移轉 39.039 MWh
天能綠電股份有限公司,豐光潔能有限公司(豐光17-南投內城農場屋頂型太陽光電案場),台灣積體電路製造股份有限公司,太陽能,轉供,24.357,2026-03-04,1.037,於 2026-03-04 移轉 1.037 MWh
天能綠電股份有限公司,豐光潔能有限公司(豐光17-南投內城農場屋頂型太陽光電案場),台灣積體電路製造股份有限公司,太陽能,轉供,24.357,2026-03-11,1.593,於 2026-03-11 移轉 1.593 MWh
天能綠電股份有限公司,豐光潔能有限公司(豐光17-南投內城農場屋頂型太陽光電案場),台灣積體電路製造股份有限公司,太陽能,轉供,24.357,2026-04-01,4.678,於 2026-04-01 移轉 4.678 MWh
天能綠電股份有限公司,豐光潔能有限公司(豐光17-南投內城農場屋頂型太陽光電案場),台灣積體電路製造股份有限公司,太陽能,轉供,24.357,2026-04-22,4.12,於 2026-04-22 移轉 4.12 MWh
天能綠電股份有限公司,豐光潔能有限公司(豐光17-南投內城農場屋頂型太陽光電案場),台灣積體電路製造股份有限公司,太陽能,轉供,24.357,2026-04-29,2.024,於 2026-04-29 移轉 2.024 MWh
天能綠電股份有限公司,豐光潔能有限公司(豐光17-南投內城農場屋頂型太陽光電案場),台灣積體電路製造股份有限公司,太陽能,轉供,24.357,2026-05-20,10.905,於 2026-05-20 移轉 10.905 MWh
天能綠電股份有限公司,豐光潔能有限公司(豐光16-南投陳俊良二期屋頂型太陽光電案場),台灣積體電路製造股份有限公司,太陽能,轉供,2.485,2026-03-04,0.692,於 2026-03-04 移轉 0.692 MWh
天能綠電股份有限公司,豐光潔能有限公司(豐光16-南投陳俊良二期屋頂型太陽光電案場),台灣積體電路製造股份有限公司,太陽能,轉供,2.485,2026-04-01,0.763,於 2026-04-01 移轉 0.763 MWh
天能綠電股份有限公司,豐光潔能有限公司(豐光16-南投陳俊良二期屋頂型太陽光電案場),台灣積體電路製造股份有限公司,太陽能,轉供,2.485,2026-05-20,1.03,於 2026-05-20 移轉 1.03 MWh
天能綠電股份有限公司,豐光潔能有限公司(豐光15-彰化林劭容屋頂型太陽光電案場),台灣積體電路製造股份有限公司,太陽能,轉供,49.77,2026-03-11,5.22,於 2026-03-11 移轉 5.22 MWh
天能綠電股份有限公司,豐光潔能有限公司(豐光15-彰化林劭容屋頂型太陽光電案場),台灣積體電路製造股份有限公司,太陽能,轉供,49.77,2026-04-01,12.018,於 2026-04-01 移轉 12.018 MWh
天能綠電股份有限公司,豐光潔能有限公司(豐光15-彰化林劭容屋頂型太陽光電案場),台灣積體電路製造股份有限公司,太陽能,轉供,49.77,2026-04-15,2.182,於 2026-04-15 移轉 2.182 MWh
天能綠電股份有限公司,豐光潔能有限公司(豐光15-彰化林劭容屋頂型太陽光電案場),台灣積體電路製造股份有限公司,太陽能,轉供,49.77,2026-04-22,13.079,於 2026-04-22 移轉 13.079 MWh
天能綠電股份有限公司,豐光潔能有限公司(豐光15-彰化林劭容屋頂型太陽光電案場),台灣積體電路製造股份有限公司,太陽能,轉供,49.77,2026-04-29,10.677,於 2026-04-29 移轉 10.677 MWh
天能綠電股份有限公司,豐光潔能有限公司(豐光15-彰化林劭容屋頂型太陽光電案場),台灣積體電路製造股份有限公司,太陽能,轉供,49.77,2026-05-20,6.594,於 2026-05-20 移轉 6.594 MWh
天能綠電股份有限公司,豐光潔能有限公司(豐光14-屏東顧建平屋頂型太陽光電案場),台灣積體電路製造股份有限公司,太陽能,轉供,56.963,2026-03-11,3.78,於 2026-03-11 移轉 3.78 MWh
天能綠電股份有限公司,豐光潔能有限公司(豐光14-屏東顧建平屋頂型太陽光電案場),台灣積體電路製造股份有限公司,太陽能,轉供,56.963,2026-04-01,8.568,於 2026-04-01 移轉 8.568 MWh
天能綠電股份有限公司,豐光潔能有限公司(豐光14-屏東顧建平屋頂型太陽光電案場),台灣積體電路製造股份有限公司,太陽能,轉供,56.963,2026-04-15,1.258,於 2026-04-15 移轉 1.258 MWh
天能綠電股份有限公司,豐光潔能有限公司(豐光14-屏東顧建平屋頂型太陽光電案場),台灣積體電路製造股份有限公司,太陽能,轉供,56.963,2026-04-22,9.641,於 2026-04-22 移轉 9.641 MWh
天能綠電股份有限公司,豐光潔能有限公司(豐光14-屏東顧建平屋頂型太陽光電案場),台灣積體電路製造股份有限公司,太陽能,轉供,56.963,2026-04-29,7.218,於 2026-04-29 移轉 7.218 MWh
天能綠電股份有限公司,豐光潔能有限公司(豐光14-屏東顧建平屋頂型太陽光電案場),台灣積體電路製造股份有限公司,太陽能,轉供,56.963,2026-05-20,26.498,於 2026-05-20 移轉 26.498 MWh
天能綠電股份有限公司,豐光潔能有限公司(豐光13-雲林林三郎屋頂型太陽光電案場),台灣積體電路製造股份有限公司,太陽能,轉供,56.951,2026-03-11,3.572,於 2026-03-11 移轉 3.572 MWh
天能綠電股份有限公司,豐光潔能有限公司(豐光13-雲林林三郎屋頂型太陽光電案場),台灣積體電路製造股份有限公司,太陽能,轉供,56.951,2026-04-01,8.024,於 2026-04-01 移轉 8.024 MWh
天能綠電股份有限公司,豐光潔能有限公司(豐光13-雲林林三郎屋頂型太陽光電案場),台灣積體電路製造股份有限公司,太陽能,轉供,56.951,2026-04-15,1.836,於 2026-04-15 移轉 1.836 MWh
天能綠電股份有限公司,豐光潔能有限公司(豐光13-雲林林三郎屋頂型太陽光電案場),台灣積體電路製造股份有限公司,太陽能,轉供,56.951,2026-04-22,9.459,於 2026-04-22 移轉 9.459 MWh
天能綠電股份有限公司,豐光潔能有限公司(豐光13-雲林林三郎屋頂型太陽光電案場),台灣積體電路製造股份有限公司,太陽能,轉供,56.951,2026-04-29,7.635,於 2026-04-29 移轉 7.635 MWh
天能綠電股份有限公司,豐光潔能有限公司(豐光13-雲林林三郎屋頂型太陽光電案場),台灣積體電路製造股份有限公司,太陽能,轉供,56.951,2026-05-20,26.425,於 2026-05-20 移轉 26.425 MWh
天能綠電股份有限公司,豐光潔能有限公司(豐光12-屏東徐俊傑屋頂型太陽光電案場),台灣積體電路製造股份有限公司,太陽能,轉供,29.94,2026-03-04,1.314,於 2026-03-04 移轉 1.314 MWh
天能綠電股份有限公司,豐光潔能有限公司(豐光12-屏東徐俊傑屋頂型太陽光電案場),台灣積體電路製造股份有限公司,太陽能,轉供,29.94,2026-03-11,1.879,於 2026-03-11 移轉 1.879 MWh
天能綠電股份有限公司,豐光潔能有限公司(豐光12-屏東徐俊傑屋頂型太陽光電案場),台灣積體電路製造股份有限公司,太陽能,轉供,29.94,2026-04-01,5.272,於 2026-04-01 移轉 5.272 MWh
天能綠電股份有限公司,豐光潔能有限公司(豐光12-屏東徐俊傑屋頂型太陽光電案場),台灣積體電路製造股份有限公司,太陽能,轉供,29.94,2026-04-22,4.579,於 2026-04-22 移轉 4.579 MWh
天能綠電股份有限公司,豐光潔能有限公司(豐光12-屏東徐俊傑屋頂型太陽光電案場),台灣積體電路製造股份有限公司,太陽能,轉供,29.94,2026-04-29,2.306,於 2026-04-29 移轉 2.306 MWh
天能綠電股份有限公司,豐光潔能有限公司(豐光12-屏東徐俊傑屋頂型太陽光電案場),台灣積體電路製造股份有限公司,太陽能,轉供,29.94,2026-05-20,14.59,於 2026-05-20 移轉 14.59 MWh
天能綠電股份有限公司,豐光潔能有限公司(豐光11-嘉義林甲乙屋頂型太陽光電案場),台灣積體電路製造股份有限公司,太陽能,轉供,66.996,2026-03-11,6.799,於 2026-03-11 移轉 6.799 MWh
天能綠電股份有限公司,豐光潔能有限公司(豐光11-嘉義林甲乙屋頂型太陽光電案場),台灣積體電路製造股份有限公司,太陽能,轉供,66.996,2026-04-01,16.382,於 2026-04-01 移轉 16.382 MWh
天能綠電股份有限公司,豐光潔能有限公司(豐光11-嘉義林甲乙屋頂型太陽光電案場),台灣積體電路製造股份有限公司,太陽能,轉供,66.996,2026-04-15,2.959,於 2026-04-15 移轉 2.959 MWh
天能綠電股份有限公司,豐光潔能有限公司(豐光11-嘉義林甲乙屋頂型太陽光電案場),台灣積體電路製造股份有限公司,太陽能,轉供,66.996,2026-04-22,17.088,於 2026-04-22 移轉 17.088 MWh
天能綠電股份有限公司,豐光潔能有限公司(豐光11-嘉義林甲乙屋頂型太陽光電案場),台灣積體電路製造股份有限公司,太陽能,轉供,66.996,2026-04-29,14.625,於 2026-04-29 移轉 14.625 MWh
天能綠電股份有限公司,豐光潔能有限公司(豐光11-嘉義林甲乙屋頂型太陽光電案場),台灣積體電路製造股份有限公司,太陽能,轉供,66.996,2026-05-20,9.143,於 2026-05-20 移轉 9.143 MWh
天能綠電股份有限公司,豐光潔能有限公司(豐光10-屏東傑程企業屋頂型太陽光電案場),台灣積體電路製造股份有限公司,太陽能,轉供,29.621,2026-03-04,1.497,於 2026-03-04 移轉 1.497 MWh
天能綠電股份有限公司,豐光潔能有限公司(豐光10-屏東傑程企業屋頂型太陽光電案場),台灣積體電路製造股份有限公司,太陽能,轉供,29.621,2026-03-11,2.059,於 2026-03-11 移轉 2.059 MWh
天能綠電股份有限公司,豐光潔能有限公司(豐光10-屏東傑程企業屋頂型太陽光電案場),台灣積體電路製造股份有限公司,太陽能,轉供,29.621,2026-04-01,5.354,於 2026-04-01 移轉 5.354 MWh
天能綠電股份有限公司,豐光潔能有限公司(豐光10-屏東傑程企業屋頂型太陽光電案場),台灣積體電路製造股份有限公司,太陽能,轉供,29.621,2026-04-22,4.981,於 2026-04-22 移轉 4.981 MWh
天能綠電股份有限公司,豐光潔能有限公司(豐光10-屏東傑程企業屋頂型太陽光電案場),台灣積體電路製造股份有限公司,太陽能,轉供,29.621,2026-04-29,2.415,於 2026-04-29 移轉 2.415 MWh
天能綠電股份有限公司,豐光潔能有限公司(豐光10-屏東傑程企業屋頂型太陽光電案場),台灣積體電路製造股份有限公司,太陽能,轉供,29.621,2026-05-20,13.315,於 2026-05-20 移轉 13.315 MWh
天能綠電股份有限公司,豐光潔能有限公司(豐光09-屏東林鐘靈九如屋頂型太陽光電案場),台灣積體電路製造股份有限公司,太陽能,轉供,126.811,2026-03-11,8.889,於 2026-03-11 移轉 8.889 MWh
天能綠電股份有限公司,豐光潔能有限公司(豐光09-屏東林鐘靈九如屋頂型太陽光電案場),台灣積體電路製造股份有限公司,太陽能,轉供,126.811,2026-04-01,18.87,於 2026-04-01 移轉 18.87 MWh
天能綠電股份有限公司,豐光潔能有限公司(豐光09-屏東林鐘靈九如屋頂型太陽光電案場),台灣積體電路製造股份有限公司,太陽能,轉供,126.811,2026-04-15,3.446,於 2026-04-15 移轉 3.446 MWh
天能綠電股份有限公司,豐光潔能有限公司(豐光09-屏東林鐘靈九如屋頂型太陽光電案場),台灣積體電路製造股份有限公司,太陽能,轉供,126.811,2026-04-22,21.476,於 2026-04-22 移轉 21.476 MWh
天能綠電股份有限公司,豐光潔能有限公司(豐光09-屏東林鐘靈九如屋頂型太陽光電案場),台灣積體電路製造股份有限公司,太陽能,轉供,126.811,2026-04-29,16.733,於 2026-04-29 移轉 16.733 MWh
天能綠電股份有限公司,豐光潔能有限公司(豐光09-屏東林鐘靈九如屋頂型太陽光電案場),台灣積體電路製造股份有限公司,太陽能,轉供,126.811,2026-05-20,57.397,於 2026-05-20 移轉 57.397 MWh
天能綠電股份有限公司,豐光潔能有限公司(豐光08-屏東高福勝屋頂型太陽光電案場),台灣積體電路製造股份有限公司,太陽能,轉供,82.507,2026-03-11,5.561,於 2026-03-11 移轉 5.561 MWh
天能綠電股份有限公司,豐光潔能有限公司(豐光08-屏東高福勝屋頂型太陽光電案場),台灣積體電路製造股份有限公司,太陽能,轉供,82.507,2026-04-01,12.487,於 2026-04-01 移轉 12.487 MWh
天能綠電股份有限公司,豐光潔能有限公司(豐光08-屏東高福勝屋頂型太陽光電案場),台灣積體電路製造股份有限公司,太陽能,轉供,82.507,2026-04-15,1.934,於 2026-04-15 移轉 1.934 MWh
天能綠電股份有限公司,豐光潔能有限公司(豐光08-屏東高福勝屋頂型太陽光電案場),台灣積體電路製造股份有限公司,太陽能,轉供,82.507,2026-04-22,14.386,於 2026-04-22 移轉 14.386 MWh
天能綠電股份有限公司,豐光潔能有限公司(豐光08-屏東高福勝屋頂型太陽光電案場),台灣積體電路製造股份有限公司,太陽能,轉供,82.507,2026-04-29,10.936,於 2026-04-29 移轉 10.936 MWh
天能綠電股份有限公司,豐光潔能有限公司(豐光08-屏東高福勝屋頂型太陽光電案場),台灣積體電路製造股份有限公司,太陽能,轉供,82.507,2026-05-20,37.203,於 2026-05-20 移轉 37.203 MWh
天能綠電股份有限公司,豐光潔能有限公司(豐光07-台南魏召成屋頂型太陽光電案場),台灣積體電路製造股份有限公司,太陽能,轉供,65.749,2026-03-11,4.35,於 2026-03-11 移轉 4.35 MWh
天能綠電股份有限公司,豐光潔能有限公司(豐光07-台南魏召成屋頂型太陽光電案場),台灣積體電路製造股份有限公司,太陽能,轉供,65.749,2026-04-01,9.747,於 2026-04-01 移轉 9.747 MWh
天能綠電股份有限公司,豐光潔能有限公司(豐光07-台南魏召成屋頂型太陽光電案場),台灣積體電路製造股份有限公司,太陽能,轉供,65.749,2026-04-15,2.53,於 2026-04-15 移轉 2.53 MWh
天能綠電股份有限公司,豐光潔能有限公司(豐光07-台南魏召成屋頂型太陽光電案場),台灣積體電路製造股份有限公司,太陽能,轉供,65.749,2026-04-22,11.774,於 2026-04-22 移轉 11.774 MWh
天能綠電股份有限公司,豐光潔能有限公司(豐光07-台南魏召成屋頂型太陽光電案場),台灣積體電路製造股份有限公司,太陽能,轉供,65.749,2026-04-29,9.998,於 2026-04-29 移轉 9.998 MWh
天能綠電股份有限公司,豐光潔能有限公司(豐光07-台南魏召成屋頂型太陽光電案場),台灣積體電路製造股份有限公司,太陽能,轉供,65.749,2026-05-20,27.35,於 2026-05-20 移轉 27.35 MWh
天能綠電股份有限公司,豐光潔能有限公司(豐光06-台南黃和田屋頂型太陽光電案場),台灣積體電路製造股份有限公司,太陽能,轉供,53.93,2026-03-11,3.583,於 2026-03-11 移轉 3.583 MWh
天能綠電股份有限公司,豐光潔能有限公司(豐光06-台南黃和田屋頂型太陽光電案場),台灣積體電路製造股份有限公司,太陽能,轉供,53.93,2026-04-01,8.052,於 2026-04-01 移轉 8.052 MWh
天能綠電股份有限公司,豐光潔能有限公司(豐光06-台南黃和田屋頂型太陽光電案場),台灣積體電路製造股份有限公司,太陽能,轉供,53.93,2026-04-15,2.063,於 2026-04-15 移轉 2.063 MWh
天能綠電股份有限公司,豐光潔能有限公司(豐光06-台南黃和田屋頂型太陽光電案場),台灣積體電路製造股份有限公司,太陽能,轉供,53.93,2026-04-22,9.73,於 2026-04-22 移轉 9.73 MWh
天能綠電股份有限公司,豐光潔能有限公司(豐光06-台南黃和田屋頂型太陽光電案場),台灣積體電路製造股份有限公司,太陽能,轉供,53.93,2026-04-29,8.144,於 2026-04-29 移轉 8.144 MWh
天能綠電股份有限公司,豐光潔能有限公司(豐光06-台南黃和田屋頂型太陽光電案場),台灣積體電路製造股份有限公司,太陽能,轉供,53.93,2026-05-20,22.358,於 2026-05-20 移轉 22.358 MWh
天能綠電股份有限公司,豐光潔能有限公司(豐光05-嘉義林鴻茂屋頂型太陽光電案場),台灣積體電路製造股份有限公司,太陽能,轉供,42.721,2026-03-11,4.409,於 2026-03-11 移轉 4.409 MWh
天能綠電股份有限公司,豐光潔能有限公司(豐光05-嘉義林鴻茂屋頂型太陽光電案場),台灣積體電路製造股份有限公司,太陽能,轉供,42.721,2026-04-01,10.307,於 2026-04-01 移轉 10.307 MWh
天能綠電股份有限公司,豐光潔能有限公司(豐光05-嘉義林鴻茂屋頂型太陽光電案場),台灣積體電路製造股份有限公司,太陽能,轉供,42.721,2026-04-15,1.891,於 2026-04-15 移轉 1.891 MWh
天能綠電股份有限公司,豐光潔能有限公司(豐光05-嘉義林鴻茂屋頂型太陽光電案場),台灣積體電路製造股份有限公司,太陽能,轉供,42.721,2026-04-22,11.102,於 2026-04-22 移轉 11.102 MWh
天能綠電股份有限公司,豐光潔能有限公司(豐光05-嘉義林鴻茂屋頂型太陽光電案場),台灣積體電路製造股份有限公司,太陽能,轉供,42.721,2026-04-29,9.309,於 2026-04-29 移轉 9.309 MWh
天能綠電股份有限公司,豐光潔能有限公司(豐光05-嘉義林鴻茂屋頂型太陽光電案場),台灣積體電路製造股份有限公司,太陽能,轉供,42.721,2026-05-20,5.703,於 2026-05-20 移轉 5.703 MWh
天能綠電股份有限公司,豐光潔能有限公司(豐光04-屏東陳麗雯屋頂型太陽光電案場),台灣積體電路製造股份有限公司,太陽能,轉供,70.812,2026-03-11,5.084,於 2026-03-11 移轉 5.084 MWh
天能綠電股份有限公司,豐光潔能有限公司(豐光04-屏東陳麗雯屋頂型太陽光電案場),台灣積體電路製造股份有限公司,太陽能,轉供,70.812,2026-04-01,8.841,於 2026-04-01 移轉 8.841 MWh
天能綠電股份有限公司,豐光潔能有限公司(豐光04-屏東陳麗雯屋頂型太陽光電案場),台灣積體電路製造股份有限公司,太陽能,轉供,70.812,2026-04-15,1.352,於 2026-04-15 移轉 1.352 MWh
天能綠電股份有限公司,豐光潔能有限公司(豐光04-屏東陳麗雯屋頂型太陽光電案場),台灣積體電路製造股份有限公司,太陽能,轉供,70.812,2026-04-22,12.143,於 2026-04-22 移轉 12.143 MWh
天能綠電股份有限公司,豐光潔能有限公司(豐光04-屏東陳麗雯屋頂型太陽光電案場),台灣積體電路製造股份有限公司,太陽能,轉供,70.812,2026-04-29,8.978,於 2026-04-29 移轉 8.978 MWh
天能綠電股份有限公司,豐光潔能有限公司(豐光04-屏東陳麗雯屋頂型太陽光電案場),台灣積體電路製造股份有限公司,太陽能,轉供,70.812,2026-05-20,34.414,於 2026-05-20 移轉 34.414 MWh
天能綠電股份有限公司,豐光潔能有限公司(豐光03-屏東林鐘靈高朗屋頂型太陽光電案場),台灣積體電路製造股份有限公司,太陽能,轉供,137.393,2026-03-11,9.126,於 2026-03-11 移轉 9.126 MWh
天能綠電股份有限公司,豐光潔能有限公司(豐光03-屏東林鐘靈高朗屋頂型太陽光電案場),台灣積體電路製造股份有限公司,太陽能,轉供,137.393,2026-04-01,21.041,於 2026-04-01 移轉 21.041 MWh
天能綠電股份有限公司,豐光潔能有限公司(豐光03-屏東林鐘靈高朗屋頂型太陽光電案場),台灣積體電路製造股份有限公司,太陽能,轉供,137.393,2026-04-15,3.652,於 2026-04-15 移轉 3.652 MWh
天能綠電股份有限公司,豐光潔能有限公司(豐光03-屏東林鐘靈高朗屋頂型太陽光電案場),台灣積體電路製造股份有限公司,太陽能,轉供,137.393,2026-04-22,23.226,於 2026-04-22 移轉 23.226 MWh
天能綠電股份有限公司,豐光潔能有限公司(豐光03-屏東林鐘靈高朗屋頂型太陽光電案場),台灣積體電路製造股份有限公司,太陽能,轉供,137.393,2026-04-29,18.436,於 2026-04-29 移轉 18.436 MWh
天能綠電股份有限公司,豐光潔能有限公司(豐光03-屏東林鐘靈高朗屋頂型太陽光電案場),台灣積體電路製造股份有限公司,太陽能,轉供,137.393,2026-05-20,61.912,於 2026-05-20 移轉 61.912 MWh
天能綠電股份有限公司,豐光潔能有限公司(豐光02-台南施俊宇B場屋頂型太陽光電案場),台灣積體電路製造股份有限公司,太陽能,轉供,125.502,2026-03-11,7.854,於 2026-03-11 移轉 7.854 MWh
天能綠電股份有限公司,豐光潔能有限公司(豐光02-台南施俊宇B場屋頂型太陽光電案場),台灣積體電路製造股份有限公司,太陽能,轉供,125.502,2026-04-01,19.133,於 2026-04-01 移轉 19.133 MWh
天能綠電股份有限公司,豐光潔能有限公司(豐光02-台南施俊宇B場屋頂型太陽光電案場),台灣積體電路製造股份有限公司,太陽能,轉供,125.502,2026-04-15,4.476,於 2026-04-15 移轉 4.476 MWh
天能綠電股份有限公司,豐光潔能有限公司(豐光02-台南施俊宇B場屋頂型太陽光電案場),台灣積體電路製造股份有限公司,太陽能,轉供,125.502,2026-04-22,21.869,於 2026-04-22 移轉 21.869 MWh
天能綠電股份有限公司,豐光潔能有限公司(豐光02-台南施俊宇B場屋頂型太陽光電案場),台灣積體電路製造股份有限公司,太陽能,轉供,125.502,2026-04-29,18.623,於 2026-04-29 移轉 18.623 MWh
天能綠電股份有限公司,豐光潔能有限公司(豐光02-台南施俊宇B場屋頂型太陽光電案場),台灣積體電路製造股份有限公司,太陽能,轉供,125.502,2026-05-20,53.547,於 2026-05-20 移轉 53.547 MWh
天能綠電股份有限公司,豐光潔能有限公司(豐光01-台南施俊宇A場屋頂型太陽光電案場),台灣積體電路製造股份有限公司,太陽能,轉供,93.126,2026-03-11,5.881,於 2026-03-11 移轉 5.881 MWh
天能綠電股份有限公司,豐光潔能有限公司(豐光01-台南施俊宇A場屋頂型太陽光電案場),台灣積體電路製造股份有限公司,太陽能,轉供,93.126,2026-04-01,13.161,於 2026-04-01 移轉 13.161 MWh
天能綠電股份有限公司,豐光潔能有限公司(豐光01-台南施俊宇A場屋頂型太陽光電案場),台灣積體電路製造股份有限公司,太陽能,轉供,93.126,2026-04-15,3.162,於 2026-04-15 移轉 3.162 MWh
天能綠電股份有限公司,豐光潔能有限公司(豐光01-台南施俊宇A場屋頂型太陽光電案場),台灣積體電路製造股份有限公司,太陽能,轉供,93.126,2026-04-22,16.117,於 2026-04-22 移轉 16.117 MWh
天能綠電股份有限公司,豐光潔能有限公司(豐光01-台南施俊宇A場屋頂型太陽光電案場),台灣積體電路製造股份有限公司,太陽能,轉供,93.126,2026-04-29,13.309,於 2026-04-29 移轉 13.309 MWh
天能綠電股份有限公司,豐光潔能有限公司(豐光01-台南施俊宇A場屋頂型太陽光電案場),台灣積體電路製造股份有限公司,太陽能,轉供,93.126,2026-05-20,41.496,於 2026-05-20 移轉 41.496 MWh
天能綠電股份有限公司,玖號綠能有限公司(玖號綠能-1399.86&599.64屋頂型太陽光電案場),金像電子股份有限公司,太陽能,轉供,605.715,2026-03-04,176.604,於 2026-03-04 移轉 176.604 MWh
天能綠電股份有限公司,玖號綠能有限公司(玖號綠能-1399.86&599.64屋頂型太陽光電案場),金像電子股份有限公司,太陽能,轉供,605.715,2026-04-01,188.746,於 2026-04-01 移轉 188.746 MWh
天能綠電股份有限公司,玖號綠能有限公司(玖號綠能-1399.86&599.64屋頂型太陽光電案場),金像電子股份有限公司,太陽能,轉供,605.715,2026-05-20,240.365,於 2026-05-20 移轉 240.365 MWh
天能綠電股份有限公司,玖號綠能有限公司(玖號綠能-1999.2屋頂型太陽光電案場),金像電子股份有限公司,太陽能,轉供,593.128,2026-03-04,173.775,於 2026-03-04 移轉 173.775 MWh
天能綠電股份有限公司,玖號綠能有限公司(玖號綠能-1999.2屋頂型太陽光電案場),金像電子股份有限公司,太陽能,轉供,593.128,2026-04-01,187.131,於 2026-04-01 移轉 187.131 MWh
天能綠電股份有限公司,玖號綠能有限公司(玖號綠能-1999.2屋頂型太陽光電案場),金像電子股份有限公司,太陽能,轉供,593.128,2026-05-20,232.222,於 2026-05-20 移轉 232.222 MWh
天能綠電股份有限公司,旭旺綠能股份有限公司(旭旺-台南安南區科技五路39號屋頂型太陽光電案場),台灣積體電路製造股份有限公司,太陽能,轉供,72.832,2026-05-13,72.832,於 2026-05-13 移轉 72.832 MWh
天能綠電股份有限公司,宏陽綠能有限公司(宏陽-嘉義縣民雄鄉北斗村覆鼎金56號（民雄雞舍）),台灣積體電路製造股份有限公司,太陽能,轉供,83.941,2026-04-22,83.941,於 2026-04-22 移轉 83.941 MWh
天能綠電股份有限公司,宏陽綠能有限公司(宏陽-嘉義縣民雄鄉北斗村覆鼎金56號（民雄雞舍）),全智科技股份有限公司,太陽能,轉供,85.654,2026-04-22,85.654,於 2026-04-22 移轉 85.654 MWh
天能綠電股份有限公司,群晨能源有限公司(群晨-嘉義縣東石鄉鼎東石段黎明小段62-2、62-3地號),台灣積體電路製造股份有限公司,太陽能,轉供,49.557,2026-04-22,49.557,於 2026-04-22 移轉 49.557 MWh
天能綠電股份有限公司,群晨能源有限公司(群晨-嘉義縣東石鄉鼎東石段黎明小段62-2、62-3地號),全智科技股份有限公司,太陽能,轉供,47.992,2026-04-22,47.992,於 2026-04-22 移轉 47.992 MWh
天能綠電股份有限公司,全家便利商店股份有限公司(全家02台中冷鏈及常恆溫棟-台中市大肚區屋頂型太陽能光電案場),欣銓科技股份有限公司,太陽能,轉供,173.668,2026-03-25,84.919,於 2026-03-25 移轉 84.919 MWh
天能綠電股份有限公司,全家便利商店股份有限公司(全家02台中冷鏈及常恆溫棟-台中市大肚區屋頂型太陽能光電案場),欣銓科技股份有限公司,太陽能,轉供,173.668,2026-04-01,88.749,於 2026-04-01 移轉 88.749 MWh
天能綠電股份有限公司,全家便利商店股份有限公司(全家01高雄電商棟-高雄市岡山區屋頂型太陽能光電案場),欣銓科技股份有限公司,太陽能,轉供,89.09,2026-03-25,47.9,於 2026-03-25 移轉 47.9 MWh
天能綠電股份有限公司,全家便利商店股份有限公司(全家01高雄電商棟-高雄市岡山區屋頂型太陽能光電案場),欣銓科技股份有限公司,太陽能,轉供,89.09,2026-04-01,41.19,於 2026-04-01 移轉 41.19 MWh
天能綠電股份有限公司,全家便利商店股份有限公司(全家03台中電商棟-台中市大肚區屋頂型太陽能光電案場),欣銓科技股份有限公司,太陽能,轉供,91.419,2026-03-25,44.85,於 2026-03-25 移轉 44.85 MWh
天能綠電股份有限公司,全家便利商店股份有限公司(全家03台中電商棟-台中市大肚區屋頂型太陽能光電案場),欣銓科技股份有限公司,太陽能,轉供,91.419,2026-04-01,46.569,於 2026-04-01 移轉 46.569 MWh
天能綠電股份有限公司,祥邑企業社即負責人黃祥祺(祥邑-南投屋頂型太陽光電案場),金像電子股份有限公司,太陽能,轉供,407.352,2026-03-04,118.237,於 2026-03-04 移轉 118.237 MWh
天能綠電股份有限公司,祥邑企業社即負責人黃祥祺(祥邑-南投屋頂型太陽光電案場),金像電子股份有限公司,太陽能,轉供,407.352,2026-04-01,124.604,於 2026-04-01 移轉 124.604 MWh
天能綠電股份有限公司,祥邑企業社即負責人黃祥祺(祥邑-南投屋頂型太陽光電案場),金像電子股份有限公司,太陽能,轉供,407.352,2026-05-20,164.511,於 2026-05-20 移轉 164.511 MWh
天能綠電股份有限公司,中聯峰能源股份有限公司(中聯峰_和登豐-屏東縣屏東市屋頂型太陽光電案場),金像電子股份有限公司,太陽能,轉供,8.252,2026-04-22,8.252,於 2026-04-22 移轉 8.252 MWh
天能綠電股份有限公司,承躍科技股份有限公司(承躍科技-惠來路100之2號(虎尾C區)),欣銓科技股份有限公司,太陽能,轉供,47.384,2026-03-25,23.339,於 2026-03-25 移轉 23.339 MWh
天能綠電股份有限公司,承躍科技股份有限公司(承躍科技-惠來路100之2號(虎尾C區)),欣銓科技股份有限公司,太陽能,轉供,47.384,2026-04-01,24.045,於 2026-04-01 移轉 24.045 MWh
天能綠電股份有限公司,承躍科技股份有限公司(承躍科技-惠來厝段1887、1887-1、1887-2、1889地號(虎尾AB區)),欣銓科技股份有限公司,太陽能,轉供,194.051,2026-03-25,95.361,於 2026-03-25 移轉 95.361 MWh
天能綠電股份有限公司,承躍科技股份有限公司(承躍科技-惠來厝段1887、1887-1、1887-2、1889地號(虎尾AB區)),欣銓科技股份有限公司,太陽能,轉供,194.051,2026-04-01,98.69,於 2026-04-01 移轉 98.69 MWh
天能綠電股份有限公司,光旭盈科技股份有限公司(光旭盈24--彰化久皇秀水場屋頂型光電案場),台灣積體電路製造股份有限公司,太陽能,轉供,58.922,2026-03-11,6.172,於 2026-03-11 移轉 6.172 MWh
天能綠電股份有限公司,光旭盈科技股份有限公司(光旭盈24--彰化久皇秀水場屋頂型光電案場),台灣積體電路製造股份有限公司,太陽能,轉供,58.922,2026-04-01,13.939,於 2026-04-01 移轉 13.939 MWh
天能綠電股份有限公司,光旭盈科技股份有限公司(光旭盈24--彰化久皇秀水場屋頂型光電案場),台灣積體電路製造股份有限公司,太陽能,轉供,58.922,2026-04-15,2.484,於 2026-04-15 移轉 2.484 MWh
天能綠電股份有限公司,光旭盈科技股份有限公司(光旭盈24--彰化久皇秀水場屋頂型光電案場),台灣積體電路製造股份有限公司,太陽能,轉供,58.922,2026-04-22,15.584,於 2026-04-22 移轉 15.584 MWh
天能綠電股份有限公司,光旭盈科技股份有限公司(光旭盈24--彰化久皇秀水場屋頂型光電案場),台灣積體電路製造股份有限公司,太陽能,轉供,58.922,2026-04-29,12.895,於 2026-04-29 移轉 12.895 MWh
天能綠電股份有限公司,光旭盈科技股份有限公司(光旭盈24--彰化久皇秀水場屋頂型光電案場),台灣積體電路製造股份有限公司,太陽能,轉供,58.922,2026-05-20,7.848,於 2026-05-20 移轉 7.848 MWh
天能綠電股份有限公司,光旭盈科技股份有限公司(光旭盈23--台南原揚屋頂型光電案場),台灣積體電路製造股份有限公司,太陽能,轉供,84.488,2026-03-11,5.604,於 2026-03-11 移轉 5.604 MWh
天能綠電股份有限公司,光旭盈科技股份有限公司(光旭盈23--台南原揚屋頂型光電案場),台灣積體電路製造股份有限公司,太陽能,轉供,84.488,2026-04-01,13.436,於 2026-04-01 移轉 13.436 MWh
天能綠電股份有限公司,光旭盈科技股份有限公司(光旭盈23--台南原揚屋頂型光電案場),台灣積體電路製造股份有限公司,太陽能,轉供,84.488,2026-04-15,2.532,於 2026-04-15 移轉 2.532 MWh
天能綠電股份有限公司,光旭盈科技股份有限公司(光旭盈23--台南原揚屋頂型光電案場),台灣積體電路製造股份有限公司,太陽能,轉供,84.488,2026-04-22,14.304,於 2026-04-22 移轉 14.304 MWh
天能綠電股份有限公司,光旭盈科技股份有限公司(光旭盈23--台南原揚屋頂型光電案場),台灣積體電路製造股份有限公司,太陽能,轉供,84.488,2026-04-29,12.71,於 2026-04-29 移轉 12.71 MWh
天能綠電股份有限公司,光旭盈科技股份有限公司(光旭盈23--台南原揚屋頂型光電案場),台灣積體電路製造股份有限公司,太陽能,轉供,84.488,2026-05-20,35.902,於 2026-05-20 移轉 35.902 MWh
天能綠電股份有限公司,光旭盈科技股份有限公司(光旭盈22--雲林尚盛企業屋頂型光電案場),台灣積體電路製造股份有限公司,太陽能,轉供,20.449,2026-03-04,0.961,於 2026-03-04 移轉 0.961 MWh
天能綠電股份有限公司,光旭盈科技股份有限公司(光旭盈22--雲林尚盛企業屋頂型光電案場),台灣積體電路製造股份有限公司,太陽能,轉供,20.449,2026-03-11,1.408,於 2026-03-11 移轉 1.408 MWh
天能綠電股份有限公司,光旭盈科技股份有限公司(光旭盈22--雲林尚盛企業屋頂型光電案場),台灣積體電路製造股份有限公司,太陽能,轉供,20.449,2026-04-01,4.214,於 2026-04-01 移轉 4.214 MWh
天能綠電股份有限公司,光旭盈科技股份有限公司(光旭盈22--雲林尚盛企業屋頂型光電案場),台灣積體電路製造股份有限公司,太陽能,轉供,20.449,2026-04-22,3.621,於 2026-04-22 移轉 3.621 MWh
天能綠電股份有限公司,光旭盈科技股份有限公司(光旭盈22--雲林尚盛企業屋頂型光電案場),台灣積體電路製造股份有限公司,太陽能,轉供,20.449,2026-04-29,1.753,於 2026-04-29 移轉 1.753 MWh
天能綠電股份有限公司,光旭盈科技股份有限公司(光旭盈22--雲林尚盛企業屋頂型光電案場),台灣積體電路製造股份有限公司,太陽能,轉供,20.449,2026-05-20,8.492,於 2026-05-20 移轉 8.492 MWh
天能綠電股份有限公司,光旭盈科技股份有限公司(光旭盈21--新營原鐿二廠屋頂型光電案場),台灣積體電路製造股份有限公司,太陽能,轉供,49.923,2026-03-11,3.255,於 2026-03-11 移轉 3.255 MWh
天能綠電股份有限公司,光旭盈科技股份有限公司(光旭盈21--新營原鐿二廠屋頂型光電案場),台灣積體電路製造股份有限公司,太陽能,轉供,49.923,2026-04-01,7.503,於 2026-04-01 移轉 7.503 MWh
天能綠電股份有限公司,光旭盈科技股份有限公司(光旭盈21--新營原鐿二廠屋頂型光電案場),台灣積體電路製造股份有限公司,太陽能,轉供,49.923,2026-04-15,1.753,於 2026-04-15 移轉 1.753 MWh
天能綠電股份有限公司,光旭盈科技股份有限公司(光旭盈21--新營原鐿二廠屋頂型光電案場),台灣積體電路製造股份有限公司,太陽能,轉供,49.923,2026-04-22,8.882,於 2026-04-22 移轉 8.882 MWh
天能綠電股份有限公司,光旭盈科技股份有限公司(光旭盈21--新營原鐿二廠屋頂型光電案場),台灣積體電路製造股份有限公司,太陽能,轉供,49.923,2026-04-29,7.426,於 2026-04-29 移轉 7.426 MWh
天能綠電股份有限公司,光旭盈科技股份有限公司(光旭盈21--新營原鐿二廠屋頂型光電案場),台灣積體電路製造股份有限公司,太陽能,轉供,49.923,2026-05-20,21.104,於 2026-05-20 移轉 21.104 MWh
天能綠電股份有限公司,光旭盈科技股份有限公司(光旭盈20--嘉義金股企業屋頂型光電案場),台灣積體電路製造股份有限公司,太陽能,轉供,30.067,2026-03-11,3.15,於 2026-03-11 移轉 3.15 MWh
天能綠電股份有限公司,光旭盈科技股份有限公司(光旭盈20--嘉義金股企業屋頂型光電案場),台灣積體電路製造股份有限公司,太陽能,轉供,30.067,2026-04-01,7.353,於 2026-04-01 移轉 7.353 MWh
天能綠電股份有限公司,光旭盈科技股份有限公司(光旭盈20--嘉義金股企業屋頂型光電案場),台灣積體電路製造股份有限公司,太陽能,轉供,30.067,2026-04-15,1.309,於 2026-04-15 移轉 1.309 MWh
天能綠電股份有限公司,光旭盈科技股份有限公司(光旭盈20--嘉義金股企業屋頂型光電案場),台灣積體電路製造股份有限公司,太陽能,轉供,30.067,2026-04-22,7.804,於 2026-04-22 移轉 7.804 MWh
天能綠電股份有限公司,光旭盈科技股份有限公司(光旭盈20--嘉義金股企業屋頂型光電案場),台灣積體電路製造股份有限公司,太陽能,轉供,30.067,2026-04-29,6.246,於 2026-04-29 移轉 6.246 MWh
天能綠電股份有限公司,光旭盈科技股份有限公司(光旭盈20--嘉義金股企業屋頂型光電案場),台灣積體電路製造股份有限公司,太陽能,轉供,30.067,2026-05-20,4.205,於 2026-05-20 移轉 4.205 MWh
天能綠電股份有限公司,光旭盈科技股份有限公司(光旭盈19--台南佳南實業屋頂型光電案場),台灣積體電路製造股份有限公司,太陽能,轉供,44.877,2026-03-11,3.243,於 2026-03-11 移轉 3.243 MWh
天能綠電股份有限公司,光旭盈科技股份有限公司(光旭盈19--台南佳南實業屋頂型光電案場),台灣積體電路製造股份有限公司,太陽能,轉供,44.877,2026-04-01,7.258,於 2026-04-01 移轉 7.258 MWh
天能綠電股份有限公司,光旭盈科技股份有限公司(光旭盈19--台南佳南實業屋頂型光電案場),台灣積體電路製造股份有限公司,太陽能,轉供,44.877,2026-04-15,1.328,於 2026-04-15 移轉 1.328 MWh
天能綠電股份有限公司,光旭盈科技股份有限公司(光旭盈19--台南佳南實業屋頂型光電案場),台灣積體電路製造股份有限公司,太陽能,轉供,44.877,2026-04-22,7.945,於 2026-04-22 移轉 7.945 MWh
天能綠電股份有限公司,光旭盈科技股份有限公司(光旭盈19--台南佳南實業屋頂型光電案場),台灣積體電路製造股份有限公司,太陽能,轉供,44.877,2026-04-29,6.891,於 2026-04-29 移轉 6.891 MWh
天能綠電股份有限公司,光旭盈科技股份有限公司(光旭盈19--台南佳南實業屋頂型光電案場),台灣積體電路製造股份有限公司,太陽能,轉供,44.877,2026-05-20,18.212,於 2026-05-20 移轉 18.212 MWh
天能綠電股份有限公司,光旭盈科技股份有限公司(光旭盈18--台南捷剛企業屋頂型光電案場),台灣積體電路製造股份有限公司,太陽能,轉供,38.125,2026-03-04,0.945,於 2026-03-04 移轉 0.945 MWh
天能綠電股份有限公司,光旭盈科技股份有限公司(光旭盈18--台南捷剛企業屋頂型光電案場),台灣積體電路製造股份有限公司,太陽能,轉供,38.125,2026-03-11,2.78,於 2026-03-11 移轉 2.78 MWh
天能綠電股份有限公司,光旭盈科技股份有限公司(光旭盈18--台南捷剛企業屋頂型光電案場),台灣積體電路製造股份有限公司,太陽能,轉供,38.125,2026-04-01,6.128,於 2026-04-01 移轉 6.128 MWh
天能綠電股份有限公司,光旭盈科技股份有限公司(光旭盈18--台南捷剛企業屋頂型光電案場),台灣積體電路製造股份有限公司,太陽能,轉供,38.125,2026-04-15,1.151,於 2026-04-15 移轉 1.151 MWh
天能綠電股份有限公司,光旭盈科技股份有限公司(光旭盈18--台南捷剛企業屋頂型光電案場),台灣積體電路製造股份有限公司,太陽能,轉供,38.125,2026-04-22,6.745,於 2026-04-22 移轉 6.745 MWh
天能綠電股份有限公司,光旭盈科技股份有限公司(光旭盈18--台南捷剛企業屋頂型光電案場),台灣積體電路製造股份有限公司,太陽能,轉供,38.125,2026-04-29,4.965,於 2026-04-29 移轉 4.965 MWh
天能綠電股份有限公司,光旭盈科技股份有限公司(光旭盈18--台南捷剛企業屋頂型光電案場),台灣積體電路製造股份有限公司,太陽能,轉供,38.125,2026-05-20,15.411,於 2026-05-20 移轉 15.411 MWh
天能綠電股份有限公司,光旭盈科技股份有限公司(光旭盈17--南投益馨屋頂型光電案場),台灣積體電路製造股份有限公司,太陽能,轉供,39.33,2026-03-04,1.791,於 2026-03-04 移轉 1.791 MWh
天能綠電股份有限公司,光旭盈科技股份有限公司(光旭盈17--南投益馨屋頂型光電案場),台灣積體電路製造股份有限公司,太陽能,轉供,39.33,2026-03-11,2.584,於 2026-03-11 移轉 2.584 MWh
天能綠電股份有限公司,光旭盈科技股份有限公司(光旭盈17--南投益馨屋頂型光電案場),台灣積體電路製造股份有限公司,太陽能,轉供,39.33,2026-04-01,5.026,於 2026-04-01 移轉 5.026 MWh
天能綠電股份有限公司,光旭盈科技股份有限公司(光旭盈17--南投益馨屋頂型光電案場),台灣積體電路製造股份有限公司,太陽能,轉供,39.33,2026-04-15,1.19,於 2026-04-15 移轉 1.19 MWh
天能綠電股份有限公司,光旭盈科技股份有限公司(光旭盈17--南投益馨屋頂型光電案場),台灣積體電路製造股份有限公司,太陽能,轉供,39.33,2026-04-22,6.724,於 2026-04-22 移轉 6.724 MWh
天能綠電股份有限公司,光旭盈科技股份有限公司(光旭盈17--南投益馨屋頂型光電案場),台灣積體電路製造股份有限公司,太陽能,轉供,39.33,2026-04-29,4.566,於 2026-04-29 移轉 4.566 MWh
天能綠電股份有限公司,光旭盈科技股份有限公司(光旭盈17--南投益馨屋頂型光電案場),台灣積體電路製造股份有限公司,太陽能,轉供,39.33,2026-05-20,17.449,於 2026-05-20 移轉 17.449 MWh
天能綠電股份有限公司,光旭盈科技股份有限公司(光旭盈16--彰化謝文政地面型光電案場),台灣積體電路製造股份有限公司,太陽能,轉供,50.185,2026-03-11,5.403,於 2026-03-11 移轉 5.403 MWh
天能綠電股份有限公司,光旭盈科技股份有限公司(光旭盈16--彰化謝文政地面型光電案場),台灣積體電路製造股份有限公司,太陽能,轉供,50.185,2026-04-01,11.983,於 2026-04-01 移轉 11.983 MWh
天能綠電股份有限公司,光旭盈科技股份有限公司(光旭盈16--彰化謝文政地面型光電案場),台灣積體電路製造股份有限公司,太陽能,轉供,50.185,2026-04-15,2.188,於 2026-04-15 移轉 2.188 MWh
天能綠電股份有限公司,光旭盈科技股份有限公司(光旭盈16--彰化謝文政地面型光電案場),台灣積體電路製造股份有限公司,太陽能,轉供,50.185,2026-04-22,12.999,於 2026-04-22 移轉 12.999 MWh
天能綠電股份有限公司,光旭盈科技股份有限公司(光旭盈16--彰化謝文政地面型光電案場),台灣積體電路製造股份有限公司,太陽能,轉供,50.185,2026-04-29,10.887,於 2026-04-29 移轉 10.887 MWh
天能綠電股份有限公司,光旭盈科技股份有限公司(光旭盈16--彰化謝文政地面型光電案場),台灣積體電路製造股份有限公司,太陽能,轉供,50.185,2026-05-20,6.725,於 2026-05-20 移轉 6.725 MWh
天能綠電股份有限公司,光旭盈科技股份有限公司(光旭盈15--南投游琴英屋頂型光電案場),台灣積體電路製造股份有限公司,太陽能,轉供,17.549,2026-03-04,0.752,於 2026-03-04 移轉 0.752 MWh
天能綠電股份有限公司,光旭盈科技股份有限公司(光旭盈15--南投游琴英屋頂型光電案場),台灣積體電路製造股份有限公司,太陽能,轉供,17.549,2026-03-11,1.102,於 2026-03-11 移轉 1.102 MWh
天能綠電股份有限公司,光旭盈科技股份有限公司(光旭盈15--南投游琴英屋頂型光電案場),台灣積體電路製造股份有限公司,太陽能,轉供,17.549,2026-04-01,4.23,於 2026-04-01 移轉 4.23 MWh
天能綠電股份有限公司,光旭盈科技股份有限公司(光旭盈15--南投游琴英屋頂型光電案場),台灣積體電路製造股份有限公司,太陽能,轉供,17.549,2026-04-22,1.92,於 2026-04-22 移轉 1.92 MWh
天能綠電股份有限公司,光旭盈科技股份有限公司(光旭盈15--南投游琴英屋頂型光電案場),台灣積體電路製造股份有限公司,太陽能,轉供,17.549,2026-04-29,1.372,於 2026-04-29 移轉 1.372 MWh
天能綠電股份有限公司,光旭盈科技股份有限公司(光旭盈15--南投游琴英屋頂型光電案場),台灣積體電路製造股份有限公司,太陽能,轉供,17.549,2026-05-20,8.173,於 2026-05-20 移轉 8.173 MWh
天能綠電股份有限公司,光旭盈科技股份有限公司(光旭盈14--台中江興一期屋頂型光電案場),台灣積體電路製造股份有限公司,太陽能,轉供,92.88,2026-03-11,5.935,於 2026-03-11 移轉 5.935 MWh
天能綠電股份有限公司,光旭盈科技股份有限公司(光旭盈14--台中江興一期屋頂型光電案場),台灣積體電路製造股份有限公司,太陽能,轉供,92.88,2026-04-01,12.912,於 2026-04-01 移轉 12.912 MWh
天能綠電股份有限公司,光旭盈科技股份有限公司(光旭盈14--台中江興一期屋頂型光電案場),台灣積體電路製造股份有限公司,太陽能,轉供,92.88,2026-04-15,2.342,於 2026-04-15 移轉 2.342 MWh
天能綠電股份有限公司,光旭盈科技股份有限公司(光旭盈14--台中江興一期屋頂型光電案場),台灣積體電路製造股份有限公司,太陽能,轉供,92.88,2026-04-22,15.033,於 2026-04-22 移轉 15.033 MWh
天能綠電股份有限公司,光旭盈科技股份有限公司(光旭盈14--台中江興一期屋頂型光電案場),台灣積體電路製造股份有限公司,太陽能,轉供,92.88,2026-04-29,12.124,於 2026-04-29 移轉 12.124 MWh
天能綠電股份有限公司,光旭盈科技股份有限公司(光旭盈14--台中江興一期屋頂型光電案場),台灣積體電路製造股份有限公司,太陽能,轉供,92.88,2026-05-20,44.534,於 2026-05-20 移轉 44.534 MWh
天能綠電股份有限公司,光旭盈科技股份有限公司(光旭盈13--屏東吳泰穎屋頂型光電案場),台灣積體電路製造股份有限公司,太陽能,轉供,59.996,2026-03-11,4.039,於 2026-03-11 移轉 4.039 MWh
天能綠電股份有限公司,光旭盈科技股份有限公司(光旭盈13--屏東吳泰穎屋頂型光電案場),台灣積體電路製造股份有限公司,太陽能,轉供,59.996,2026-04-01,9.074,於 2026-04-01 移轉 9.074 MWh
天能綠電股份有限公司,光旭盈科技股份有限公司(光旭盈13--屏東吳泰穎屋頂型光電案場),台灣積體電路製造股份有限公司,太陽能,轉供,59.996,2026-04-15,1.618,於 2026-04-15 移轉 1.618 MWh
天能綠電股份有限公司,光旭盈科技股份有限公司(光旭盈13--屏東吳泰穎屋頂型光電案場),台灣積體電路製造股份有限公司,太陽能,轉供,59.996,2026-04-22,9.768,於 2026-04-22 移轉 9.768 MWh
天能綠電股份有限公司,光旭盈科技股份有限公司(光旭盈13--屏東吳泰穎屋頂型光電案場),台灣積體電路製造股份有限公司,太陽能,轉供,59.996,2026-04-29,8.104,於 2026-04-29 移轉 8.104 MWh
天能綠電股份有限公司,光旭盈科技股份有限公司(光旭盈13--屏東吳泰穎屋頂型光電案場),台灣積體電路製造股份有限公司,太陽能,轉供,59.996,2026-05-20,27.393,於 2026-05-20 移轉 27.393 MWh
天能綠電股份有限公司,光旭盈科技股份有限公司(光旭盈12--新營原鐿本廠屋頂型光電案場),台灣積體電路製造股份有限公司,太陽能,轉供,68.24,2026-03-11,4.472,於 2026-03-11 移轉 4.472 MWh
天能綠電股份有限公司,光旭盈科技股份有限公司(光旭盈12--新營原鐿本廠屋頂型光電案場),台灣積體電路製造股份有限公司,太陽能,轉供,68.24,2026-04-01,10.257,於 2026-04-01 移轉 10.257 MWh
天能綠電股份有限公司,光旭盈科技股份有限公司(光旭盈12--新營原鐿本廠屋頂型光電案場),台灣積體電路製造股份有限公司,太陽能,轉供,68.24,2026-04-15,2.353,於 2026-04-15 移轉 2.353 MWh
天能綠電股份有限公司,光旭盈科技股份有限公司(光旭盈12--新營原鐿本廠屋頂型光電案場),台灣積體電路製造股份有限公司,太陽能,轉供,68.24,2026-04-22,12.037,於 2026-04-22 移轉 12.037 MWh
天能綠電股份有限公司,光旭盈科技股份有限公司(光旭盈12--新營原鐿本廠屋頂型光電案場),台灣積體電路製造股份有限公司,太陽能,轉供,68.24,2026-04-29,10.113,於 2026-04-29 移轉 10.113 MWh
天能綠電股份有限公司,光旭盈科技股份有限公司(光旭盈12--新營原鐿本廠屋頂型光電案場),台灣積體電路製造股份有限公司,太陽能,轉供,68.24,2026-05-20,29.008,於 2026-05-20 移轉 29.008 MWh
天能綠電股份有限公司,光旭盈科技股份有限公司(光旭盈11--嘉義旭峰木業屋頂型光電案場),台灣積體電路製造股份有限公司,太陽能,轉供,37.325,2026-03-11,3.741,於 2026-03-11 移轉 3.741 MWh
天能綠電股份有限公司,光旭盈科技股份有限公司(光旭盈11--嘉義旭峰木業屋頂型光電案場),台灣積體電路製造股份有限公司,太陽能,轉供,37.325,2026-04-01,8.697,於 2026-04-01 移轉 8.697 MWh
天能綠電股份有限公司,光旭盈科技股份有限公司(光旭盈11--嘉義旭峰木業屋頂型光電案場),台灣積體電路製造股份有限公司,太陽能,轉供,37.325,2026-04-15,1.589,於 2026-04-15 移轉 1.589 MWh
天能綠電股份有限公司,光旭盈科技股份有限公司(光旭盈11--嘉義旭峰木業屋頂型光電案場),台灣積體電路製造股份有限公司,太陽能,轉供,37.325,2026-04-22,9.341,於 2026-04-22 移轉 9.341 MWh
天能綠電股份有限公司,光旭盈科技股份有限公司(光旭盈11--嘉義旭峰木業屋頂型光電案場),台灣積體電路製造股份有限公司,太陽能,轉供,37.325,2026-04-29,7.522,於 2026-04-29 移轉 7.522 MWh
天能綠電股份有限公司,光旭盈科技股份有限公司(光旭盈11--嘉義旭峰木業屋頂型光電案場),台灣積體電路製造股份有限公司,太陽能,轉供,37.325,2026-05-20,6.435,於 2026-05-20 移轉 6.435 MWh
天能綠電股份有限公司,光旭盈科技股份有限公司(光旭盈10--屏東皓正鋼構屋頂型光電案場),台灣積體電路製造股份有限公司,太陽能,轉供,176.487,2026-03-11,12.549,於 2026-03-11 移轉 12.549 MWh
天能綠電股份有限公司,光旭盈科技股份有限公司(光旭盈10--屏東皓正鋼構屋頂型光電案場),台灣積體電路製造股份有限公司,太陽能,轉供,176.487,2026-04-01,26.074,於 2026-04-01 移轉 26.074 MWh
天能綠電股份有限公司,光旭盈科技股份有限公司(光旭盈10--屏東皓正鋼構屋頂型光電案場),台灣積體電路製造股份有限公司,太陽能,轉供,176.487,2026-04-15,4.656,於 2026-04-15 移轉 4.656 MWh
天能綠電股份有限公司,光旭盈科技股份有限公司(光旭盈10--屏東皓正鋼構屋頂型光電案場),台灣積體電路製造股份有限公司,太陽能,轉供,176.487,2026-04-22,28.515,於 2026-04-22 移轉 28.515 MWh
天能綠電股份有限公司,光旭盈科技股份有限公司(光旭盈10--屏東皓正鋼構屋頂型光電案場),台灣積體電路製造股份有限公司,太陽能,轉供,176.487,2026-04-29,23.884,於 2026-04-29 移轉 23.884 MWh
天能綠電股份有限公司,光旭盈科技股份有限公司(光旭盈10--屏東皓正鋼構屋頂型光電案場),台灣積體電路製造股份有限公司,太陽能,轉供,176.487,2026-05-20,80.809,於 2026-05-20 移轉 80.809 MWh
天能綠電股份有限公司,光旭盈科技股份有限公司(光旭盈09--鳳山朝中宮地面型光電案場),台灣積體電路製造股份有限公司,太陽能,轉供,43.604,2026-03-04,1.756,於 2026-03-04 移轉 1.756 MWh
天能綠電股份有限公司,光旭盈科技股份有限公司(光旭盈09--鳳山朝中宮地面型光電案場),台灣積體電路製造股份有限公司,太陽能,轉供,43.604,2026-03-11,2.654,於 2026-03-11 移轉 2.654 MWh
天能綠電股份有限公司,光旭盈科技股份有限公司(光旭盈09--鳳山朝中宮地面型光電案場),台灣積體電路製造股份有限公司,太陽能,轉供,43.604,2026-04-01,5.038,於 2026-04-01 移轉 5.038 MWh
天能綠電股份有限公司,光旭盈科技股份有限公司(光旭盈09--鳳山朝中宮地面型光電案場),台灣積體電路製造股份有限公司,太陽能,轉供,43.604,2026-04-15,1.452,於 2026-04-15 移轉 1.452 MWh
天能綠電股份有限公司,光旭盈科技股份有限公司(光旭盈09--鳳山朝中宮地面型光電案場),台灣積體電路製造股份有限公司,太陽能,轉供,43.604,2026-04-22,6.837,於 2026-04-22 移轉 6.837 MWh
天能綠電股份有限公司,光旭盈科技股份有限公司(光旭盈09--鳳山朝中宮地面型光電案場),台灣積體電路製造股份有限公司,太陽能,轉供,43.604,2026-04-29,4.937,於 2026-04-29 移轉 4.937 MWh
天能綠電股份有限公司,光旭盈科技股份有限公司(光旭盈09--鳳山朝中宮地面型光電案場),台灣積體電路製造股份有限公司,太陽能,轉供,43.604,2026-05-20,20.93,於 2026-05-20 移轉 20.93 MWh
天能綠電股份有限公司,光旭盈科技股份有限公司(光旭盈08--台南來金行屋頂型光電案場),台灣積體電路製造股份有限公司,太陽能,轉供,36.483,2026-03-04,1.748,於 2026-03-04 移轉 1.748 MWh
天能綠電股份有限公司,光旭盈科技股份有限公司(光旭盈08--台南來金行屋頂型光電案場),台灣積體電路製造股份有限公司,太陽能,轉供,36.483,2026-03-11,2.516,於 2026-03-11 移轉 2.516 MWh
天能綠電股份有限公司,光旭盈科技股份有限公司(光旭盈08--台南來金行屋頂型光電案場),台灣積體電路製造股份有限公司,太陽能,轉供,36.483,2026-04-01,4.733,於 2026-04-01 移轉 4.733 MWh
天能綠電股份有限公司,光旭盈科技股份有限公司(光旭盈08--台南來金行屋頂型光電案場),台灣積體電路製造股份有限公司,太陽能,轉供,36.483,2026-04-15,1.05,於 2026-04-15 移轉 1.05 MWh
天能綠電股份有限公司,光旭盈科技股份有限公司(光旭盈08--台南來金行屋頂型光電案場),台灣積體電路製造股份有限公司,太陽能,轉供,36.483,2026-04-22,6.323,於 2026-04-22 移轉 6.323 MWh
天能綠電股份有限公司,光旭盈科技股份有限公司(光旭盈08--台南來金行屋頂型光電案場),台灣積體電路製造股份有限公司,太陽能,轉供,36.483,2026-04-29,4.536,於 2026-04-29 移轉 4.536 MWh
天能綠電股份有限公司,光旭盈科技股份有限公司(光旭盈08--台南來金行屋頂型光電案場),台灣積體電路製造股份有限公司,太陽能,轉供,36.483,2026-05-20,15.577,於 2026-05-20 移轉 15.577 MWh
天能綠電股份有限公司,光旭盈科技股份有限公司(光旭盈07--南投鄭鴻文屋頂型光電案場),台灣積體電路製造股份有限公司,太陽能,轉供,40.798,2026-03-04,1.397,於 2026-03-04 移轉 1.397 MWh
天能綠電股份有限公司,光旭盈科技股份有限公司(光旭盈07--南投鄭鴻文屋頂型光電案場),台灣積體電路製造股份有限公司,太陽能,轉供,40.798,2026-03-11,2.419,於 2026-03-11 移轉 2.419 MWh
天能綠電股份有限公司,光旭盈科技股份有限公司(光旭盈07--南投鄭鴻文屋頂型光電案場),台灣積體電路製造股份有限公司,太陽能,轉供,40.798,2026-04-01,4.827,於 2026-04-01 移轉 4.827 MWh
天能綠電股份有限公司,光旭盈科技股份有限公司(光旭盈07--南投鄭鴻文屋頂型光電案場),台灣積體電路製造股份有限公司,太陽能,轉供,40.798,2026-04-15,1.331,於 2026-04-15 移轉 1.331 MWh
天能綠電股份有限公司,光旭盈科技股份有限公司(光旭盈07--南投鄭鴻文屋頂型光電案場),台灣積體電路製造股份有限公司,太陽能,轉供,40.798,2026-04-22,6.376,於 2026-04-22 移轉 6.376 MWh
天能綠電股份有限公司,光旭盈科技股份有限公司(光旭盈07--南投鄭鴻文屋頂型光電案場),台灣積體電路製造股份有限公司,太陽能,轉供,40.798,2026-04-29,4.711,於 2026-04-29 移轉 4.711 MWh
天能綠電股份有限公司,光旭盈科技股份有限公司(光旭盈07--南投鄭鴻文屋頂型光電案場),台灣積體電路製造股份有限公司,太陽能,轉供,40.798,2026-05-20,19.737,於 2026-05-20 移轉 19.737 MWh
天能綠電股份有限公司,光旭盈科技股份有限公司(光旭盈06--南投陳慧瑜屋頂型光電案場),台灣積體電路製造股份有限公司,太陽能,轉供,80.259,2026-03-11,4.861,於 2026-03-11 移轉 4.861 MWh
天能綠電股份有限公司,光旭盈科技股份有限公司(光旭盈06--南投陳慧瑜屋頂型光電案場),台灣積體電路製造股份有限公司,太陽能,轉供,80.259,2026-04-01,11.022,於 2026-04-01 移轉 11.022 MWh
天能綠電股份有限公司,光旭盈科技股份有限公司(光旭盈06--南投陳慧瑜屋頂型光電案場),台灣積體電路製造股份有限公司,太陽能,轉供,80.259,2026-04-15,2.679,於 2026-04-15 移轉 2.679 MWh
天能綠電股份有限公司,光旭盈科技股份有限公司(光旭盈06--南投陳慧瑜屋頂型光電案場),台灣積體電路製造股份有限公司,太陽能,轉供,80.259,2026-04-22,13.079,於 2026-04-22 移轉 13.079 MWh
天能綠電股份有限公司,光旭盈科技股份有限公司(光旭盈06--南投陳慧瑜屋頂型光電案場),台灣積體電路製造股份有限公司,太陽能,轉供,80.259,2026-04-29,10.965,於 2026-04-29 移轉 10.965 MWh
天能綠電股份有限公司,光旭盈科技股份有限公司(光旭盈06--南投陳慧瑜屋頂型光電案場),台灣積體電路製造股份有限公司,太陽能,轉供,80.259,2026-05-20,37.653,於 2026-05-20 移轉 37.653 MWh
天能綠電股份有限公司,光旭盈科技股份有限公司(光旭盈05--南投林富雄屋頂型光電案場),台灣積體電路製造股份有限公司,太陽能,轉供,53.022,2026-03-04,0.974,於 2026-03-04 移轉 0.974 MWh
天能綠電股份有限公司,光旭盈科技股份有限公司(光旭盈05--南投林富雄屋頂型光電案場),台灣積體電路製造股份有限公司,太陽能,轉供,53.022,2026-03-11,3.195,於 2026-03-11 移轉 3.195 MWh
天能綠電股份有限公司,光旭盈科技股份有限公司(光旭盈05--南投林富雄屋頂型光電案場),台灣積體電路製造股份有限公司,太陽能,轉供,53.022,2026-04-01,6.206,於 2026-04-01 移轉 6.206 MWh
天能綠電股份有限公司,光旭盈科技股份有限公司(光旭盈05--南投林富雄屋頂型光電案場),台灣積體電路製造股份有限公司,太陽能,轉供,53.022,2026-04-15,1.776,於 2026-04-15 移轉 1.776 MWh
天能綠電股份有限公司,光旭盈科技股份有限公司(光旭盈05--南投林富雄屋頂型光電案場),台灣積體電路製造股份有限公司,太陽能,轉供,53.022,2026-04-22,8.926,於 2026-04-22 移轉 8.926 MWh
天能綠電股份有限公司,光旭盈科技股份有限公司(光旭盈05--南投林富雄屋頂型光電案場),台灣積體電路製造股份有限公司,太陽能,轉供,53.022,2026-04-29,7.239,於 2026-04-29 移轉 7.239 MWh
天能綠電股份有限公司,光旭盈科技股份有限公司(光旭盈05--南投林富雄屋頂型光電案場),台灣積體電路製造股份有限公司,太陽能,轉供,53.022,2026-05-20,24.706,於 2026-05-20 移轉 24.706 MWh
天能綠電股份有限公司,光旭盈科技股份有限公司(光旭盈04--新營永祥傢俱屋頂型光電案場),台灣積體電路製造股份有限公司,太陽能,轉供,48.289,2026-03-11,3.155,於 2026-03-11 移轉 3.155 MWh
天能綠電股份有限公司,光旭盈科技股份有限公司(光旭盈04--新營永祥傢俱屋頂型光電案場),台灣積體電路製造股份有限公司,太陽能,轉供,48.289,2026-04-01,7.374,於 2026-04-01 移轉 7.374 MWh
天能綠電股份有限公司,光旭盈科技股份有限公司(光旭盈04--新營永祥傢俱屋頂型光電案場),台灣積體電路製造股份有限公司,太陽能,轉供,48.289,2026-04-15,1.695,於 2026-04-15 移轉 1.695 MWh
天能綠電股份有限公司,光旭盈科技股份有限公司(光旭盈04--新營永祥傢俱屋頂型光電案場),台灣積體電路製造股份有限公司,太陽能,轉供,48.289,2026-04-22,8.609,於 2026-04-22 移轉 8.609 MWh
天能綠電股份有限公司,光旭盈科技股份有限公司(光旭盈04--新營永祥傢俱屋頂型光電案場),台灣積體電路製造股份有限公司,太陽能,轉供,48.289,2026-04-29,7.19,於 2026-04-29 移轉 7.19 MWh
天能綠電股份有限公司,光旭盈科技股份有限公司(光旭盈04--新營永祥傢俱屋頂型光電案場),台灣積體電路製造股份有限公司,太陽能,轉供,48.289,2026-05-20,20.266,於 2026-05-20 移轉 20.266 MWh
天能綠電股份有限公司,光旭盈科技股份有限公司(光旭盈03--屏東春發蛋行屋頂型光電案場),台灣積體電路製造股份有限公司,太陽能,轉供,105.871,2026-03-11,7.313,於 2026-03-11 移轉 7.313 MWh
天能綠電股份有限公司,光旭盈科技股份有限公司(光旭盈03--屏東春發蛋行屋頂型光電案場),台灣積體電路製造股份有限公司,太陽能,轉供,105.871,2026-04-01,15.267,於 2026-04-01 移轉 15.267 MWh
天能綠電股份有限公司,光旭盈科技股份有限公司(光旭盈03--屏東春發蛋行屋頂型光電案場),台灣積體電路製造股份有限公司,太陽能,轉供,105.871,2026-04-15,2.576,於 2026-04-15 移轉 2.576 MWh
天能綠電股份有限公司,光旭盈科技股份有限公司(光旭盈03--屏東春發蛋行屋頂型光電案場),台灣積體電路製造股份有限公司,太陽能,轉供,105.871,2026-04-22,17.392,於 2026-04-22 移轉 17.392 MWh
天能綠電股份有限公司,光旭盈科技股份有限公司(光旭盈03--屏東春發蛋行屋頂型光電案場),台灣積體電路製造股份有限公司,太陽能,轉供,105.871,2026-04-29,13.998,於 2026-04-29 移轉 13.998 MWh
天能綠電股份有限公司,光旭盈科技股份有限公司(光旭盈03--屏東春發蛋行屋頂型光電案場),台灣積體電路製造股份有限公司,太陽能,轉供,105.871,2026-05-20,49.325,於 2026-05-20 移轉 49.325 MWh
天能綠電股份有限公司,光旭盈科技股份有限公司(光旭盈02--台中江興二期屋頂型光電案場),台灣積體電路製造股份有限公司,太陽能,轉供,39.029,2026-03-04,1.515,於 2026-03-04 移轉 1.515 MWh
天能綠電股份有限公司,光旭盈科技股份有限公司(光旭盈02--台中江興二期屋頂型光電案場),台灣積體電路製造股份有限公司,太陽能,轉供,39.029,2026-03-11,2.42,於 2026-03-11 移轉 2.42 MWh
天能綠電股份有限公司,光旭盈科技股份有限公司(光旭盈02--台中江興二期屋頂型光電案場),台灣積體電路製造股份有限公司,太陽能,轉供,39.029,2026-04-01,5.619,於 2026-04-01 移轉 5.619 MWh
天能綠電股份有限公司,光旭盈科技股份有限公司(光旭盈02--台中江興二期屋頂型光電案場),台灣積體電路製造股份有限公司,太陽能,轉供,39.029,2026-04-22,6.188,於 2026-04-22 移轉 6.188 MWh
天能綠電股份有限公司,光旭盈科技股份有限公司(光旭盈02--台中江興二期屋頂型光電案場),台灣積體電路製造股份有限公司,太陽能,轉供,39.029,2026-04-29,4.323,於 2026-04-29 移轉 4.323 MWh
天能綠電股份有限公司,光旭盈科技股份有限公司(光旭盈02--台中江興二期屋頂型光電案場),台灣積體電路製造股份有限公司,太陽能,轉供,39.029,2026-05-20,18.964,於 2026-05-20 移轉 18.964 MWh
天能綠電股份有限公司,光旭盈科技股份有限公司(光旭盈01--雲林協明棉織屋頂型光電案場),台灣積體電路製造股份有限公司,太陽能,轉供,56.197,2026-03-11,3.867,於 2026-03-11 移轉 3.867 MWh
天能綠電股份有限公司,光旭盈科技股份有限公司(光旭盈01--雲林協明棉織屋頂型光電案場),台灣積體電路製造股份有限公司,太陽能,轉供,56.197,2026-04-01,8.728,於 2026-04-01 移轉 8.728 MWh
天能綠電股份有限公司,光旭盈科技股份有限公司(光旭盈01--雲林協明棉織屋頂型光電案場),台灣積體電路製造股份有限公司,太陽能,轉供,56.197,2026-04-15,2.047,於 2026-04-15 移轉 2.047 MWh
天能綠電股份有限公司,光旭盈科技股份有限公司(光旭盈01--雲林協明棉織屋頂型光電案場),台灣積體電路製造股份有限公司,太陽能,轉供,56.197,2026-04-22,10.083,於 2026-04-22 移轉 10.083 MWh
天能綠電股份有限公司,光旭盈科技股份有限公司(光旭盈01--雲林協明棉織屋頂型光電案場),台灣積體電路製造股份有限公司,太陽能,轉供,56.197,2026-04-29,8.263,於 2026-04-29 移轉 8.263 MWh
天能綠電股份有限公司,光旭盈科技股份有限公司(光旭盈01--雲林協明棉織屋頂型光電案場),台灣積體電路製造股份有限公司,太陽能,轉供,56.197,2026-05-20,23.209,於 2026-05-20 移轉 23.209 MWh
天能綠電股份有限公司,豐光潔能有限公司(豐光16--屏東鍾芳增屋頂型光電案場),台灣積體電路製造股份有限公司,太陽能,轉供,76.781,2026-03-11,5.201,於 2026-03-11 移轉 5.201 MWh
天能綠電股份有限公司,豐光潔能有限公司(豐光16--屏東鍾芳增屋頂型光電案場),台灣積體電路製造股份有限公司,太陽能,轉供,76.781,2026-04-01,11.074,於 2026-04-01 移轉 11.074 MWh
天能綠電股份有限公司,豐光潔能有限公司(豐光16--屏東鍾芳增屋頂型光電案場),台灣積體電路製造股份有限公司,太陽能,轉供,76.781,2026-04-15,1.99,於 2026-04-15 移轉 1.99 MWh
天能綠電股份有限公司,豐光潔能有限公司(豐光16--屏東鍾芳增屋頂型光電案場),台灣積體電路製造股份有限公司,太陽能,轉供,76.781,2026-04-22,12.636,於 2026-04-22 移轉 12.636 MWh
天能綠電股份有限公司,豐光潔能有限公司(豐光16--屏東鍾芳增屋頂型光電案場),台灣積體電路製造股份有限公司,太陽能,轉供,76.781,2026-04-29,10.229,於 2026-04-29 移轉 10.229 MWh
天能綠電股份有限公司,豐光潔能有限公司(豐光16--屏東鍾芳增屋頂型光電案場),台灣積體電路製造股份有限公司,太陽能,轉供,76.781,2026-05-20,35.651,於 2026-05-20 移轉 35.651 MWh
天能綠電股份有限公司,豐光潔能有限公司(豐光15--台中林玉山屋頂型光電案場),台灣積體電路製造股份有限公司,太陽能,轉供,61.224,2026-03-11,4.039,於 2026-03-11 移轉 4.039 MWh
天能綠電股份有限公司,豐光潔能有限公司(豐光15--台中林玉山屋頂型光電案場),台灣積體電路製造股份有限公司,太陽能,轉供,61.224,2026-04-01,9.216,於 2026-04-01 移轉 9.216 MWh
天能綠電股份有限公司,豐光潔能有限公司(豐光15--台中林玉山屋頂型光電案場),台灣積體電路製造股份有限公司,太陽能,轉供,61.224,2026-04-15,2.495,於 2026-04-15 移轉 2.495 MWh
天能綠電股份有限公司,豐光潔能有限公司(豐光15--台中林玉山屋頂型光電案場),台灣積體電路製造股份有限公司,太陽能,轉供,61.224,2026-04-22,11.321,於 2026-04-22 移轉 11.321 MWh
天能綠電股份有限公司,豐光潔能有限公司(豐光15--台中林玉山屋頂型光電案場),台灣積體電路製造股份有限公司,太陽能,轉供,61.224,2026-04-29,8.693,於 2026-04-29 移轉 8.693 MWh
天能綠電股份有限公司,豐光潔能有限公司(豐光15--台中林玉山屋頂型光電案場),台灣積體電路製造股份有限公司,太陽能,轉供,61.224,2026-05-20,25.46,於 2026-05-20 移轉 25.46 MWh
天能綠電股份有限公司,豐光潔能有限公司(豐光14--嘉義簡聰河屋頂型光電案場),台灣積體電路製造股份有限公司,太陽能,轉供,40.913,2026-03-11,4.198,於 2026-03-11 移轉 4.198 MWh
天能綠電股份有限公司,豐光潔能有限公司(豐光14--嘉義簡聰河屋頂型光電案場),台灣積體電路製造股份有限公司,太陽能,轉供,40.913,2026-04-01,10.129,於 2026-04-01 移轉 10.129 MWh
天能綠電股份有限公司,豐光潔能有限公司(豐光14--嘉義簡聰河屋頂型光電案場),台灣積體電路製造股份有限公司,太陽能,轉供,40.913,2026-04-15,1.831,於 2026-04-15 移轉 1.831 MWh
天能綠電股份有限公司,豐光潔能有限公司(豐光14--嘉義簡聰河屋頂型光電案場),台灣積體電路製造股份有限公司,太陽能,轉供,40.913,2026-04-22,10.568,於 2026-04-22 移轉 10.568 MWh
天能綠電股份有限公司,豐光潔能有限公司(豐光14--嘉義簡聰河屋頂型光電案場),台灣積體電路製造股份有限公司,太陽能,轉供,40.913,2026-04-29,8.593,於 2026-04-29 移轉 8.593 MWh
天能綠電股份有限公司,豐光潔能有限公司(豐光14--嘉義簡聰河屋頂型光電案場),台灣積體電路製造股份有限公司,太陽能,轉供,40.913,2026-05-20,5.594,於 2026-05-20 移轉 5.594 MWh
天能綠電股份有限公司,豐光潔能有限公司(豐光13--新營連國雄屋頂型光電案場),台灣積體電路製造股份有限公司,太陽能,轉供,47.827,2026-03-11,3.158,於 2026-03-11 移轉 3.158 MWh
天能綠電股份有限公司,豐光潔能有限公司(豐光13--新營連國雄屋頂型光電案場),台灣積體電路製造股份有限公司,太陽能,轉供,47.827,2026-04-01,7.275,於 2026-04-01 移轉 7.275 MWh
天能綠電股份有限公司,豐光潔能有限公司(豐光13--新營連國雄屋頂型光電案場),台灣積體電路製造股份有限公司,太陽能,轉供,47.827,2026-04-15,1.833,於 2026-04-15 移轉 1.833 MWh
天能綠電股份有限公司,豐光潔能有限公司(豐光13--新營連國雄屋頂型光電案場),台灣積體電路製造股份有限公司,太陽能,轉供,47.827,2026-04-22,8.55,於 2026-04-22 移轉 8.55 MWh
天能綠電股份有限公司,豐光潔能有限公司(豐光13--新營連國雄屋頂型光電案場),台灣積體電路製造股份有限公司,太陽能,轉供,47.827,2026-04-29,7.299,於 2026-04-29 移轉 7.299 MWh
天能綠電股份有限公司,豐光潔能有限公司(豐光13--新營連國雄屋頂型光電案場),台灣積體電路製造股份有限公司,太陽能,轉供,47.827,2026-05-20,19.712,於 2026-05-20 移轉 19.712 MWh
天能綠電股份有限公司,豐光潔能有限公司(豐光12--屏東楊朝年屋頂型光電案場),台灣積體電路製造股份有限公司,太陽能,轉供,41.358,2026-03-04,0.915,於 2026-03-04 移轉 0.915 MWh
天能綠電股份有限公司,豐光潔能有限公司(豐光12--屏東楊朝年屋頂型光電案場),台灣積體電路製造股份有限公司,太陽能,轉供,41.358,2026-03-11,2.83,於 2026-03-11 移轉 2.83 MWh
天能綠電股份有限公司,豐光潔能有限公司(豐光12--屏東楊朝年屋頂型光電案場),台灣積體電路製造股份有限公司,太陽能,轉供,41.358,2026-04-01,6.51,於 2026-04-01 移轉 6.51 MWh
天能綠電股份有限公司,豐光潔能有限公司(豐光12--屏東楊朝年屋頂型光電案場),台灣積體電路製造股份有限公司,太陽能,轉供,41.358,2026-04-15,1.078,於 2026-04-15 移轉 1.078 MWh
天能綠電股份有限公司,豐光潔能有限公司(豐光12--屏東楊朝年屋頂型光電案場),台灣積體電路製造股份有限公司,太陽能,轉供,41.358,2026-04-22,6.832,於 2026-04-22 移轉 6.832 MWh
天能綠電股份有限公司,豐光潔能有限公司(豐光12--屏東楊朝年屋頂型光電案場),台灣積體電路製造股份有限公司,太陽能,轉供,41.358,2026-04-29,4.802,於 2026-04-29 移轉 4.802 MWh
天能綠電股份有限公司,豐光潔能有限公司(豐光12--屏東楊朝年屋頂型光電案場),台灣積體電路製造股份有限公司,太陽能,轉供,41.358,2026-05-20,18.391,於 2026-05-20 移轉 18.391 MWh
天能綠電股份有限公司,豐光潔能有限公司(豐光11--新營洪賴菁美一二期屋頂型光電案場),台灣積體電路製造股份有限公司,太陽能,轉供,113.818,2026-03-11,7.657,於 2026-03-11 移轉 7.657 MWh
天能綠電股份有限公司,豐光潔能有限公司(豐光11--新營洪賴菁美一二期屋頂型光電案場),台灣積體電路製造股份有限公司,太陽能,轉供,113.818,2026-04-01,16.429,於 2026-04-01 移轉 16.429 MWh
天能綠電股份有限公司,豐光潔能有限公司(豐光11--新營洪賴菁美一二期屋頂型光電案場),台灣積體電路製造股份有限公司,太陽能,轉供,113.818,2026-04-15,3.667,於 2026-04-15 移轉 3.667 MWh
天能綠電股份有限公司,豐光潔能有限公司(豐光11--新營洪賴菁美一二期屋頂型光電案場),台灣積體電路製造股份有限公司,太陽能,轉供,113.818,2026-04-22,20.199,於 2026-04-22 移轉 20.199 MWh
天能綠電股份有限公司,豐光潔能有限公司(豐光11--新營洪賴菁美一二期屋頂型光電案場),台灣積體電路製造股份有限公司,太陽能,轉供,113.818,2026-04-29,16.078,於 2026-04-29 移轉 16.078 MWh
天能綠電股份有限公司,豐光潔能有限公司(豐光11--新營洪賴菁美一二期屋頂型光電案場),台灣積體電路製造股份有限公司,太陽能,轉供,113.818,2026-05-20,49.788,於 2026-05-20 移轉 49.788 MWh
天能綠電股份有限公司,豐光潔能有限公司(豐光10--新營洪嘉佑屋頂型光電案場),台灣積體電路製造股份有限公司,太陽能,轉供,135.774,2026-03-11,9.189,於 2026-03-11 移轉 9.189 MWh
天能綠電股份有限公司,豐光潔能有限公司(豐光10--新營洪嘉佑屋頂型光電案場),台灣積體電路製造股份有限公司,太陽能,轉供,135.774,2026-04-01,20.844,於 2026-04-01 移轉 20.844 MWh
天能綠電股份有限公司,豐光潔能有限公司(豐光10--新營洪嘉佑屋頂型光電案場),台灣積體電路製造股份有限公司,太陽能,轉供,135.774,2026-04-15,4.772,於 2026-04-15 移轉 4.772 MWh
天能綠電股份有限公司,豐光潔能有限公司(豐光10--新營洪嘉佑屋頂型光電案場),台灣積體電路製造股份有限公司,太陽能,轉供,135.774,2026-04-22,24.95,於 2026-04-22 移轉 24.95 MWh
天能綠電股份有限公司,豐光潔能有限公司(豐光10--新營洪嘉佑屋頂型光電案場),台灣積體電路製造股份有限公司,太陽能,轉供,135.774,2026-04-29,20.597,於 2026-04-29 移轉 20.597 MWh
天能綠電股份有限公司,豐光潔能有限公司(豐光10--新營洪嘉佑屋頂型光電案場),台灣積體電路製造股份有限公司,太陽能,轉供,135.774,2026-05-20,55.422,於 2026-05-20 移轉 55.422 MWh
天能綠電股份有限公司,豐光潔能有限公司(豐光09--嘉義林繼輝屋頂型光電案場),台灣積體電路製造股份有限公司,太陽能,轉供,36.586,2026-03-11,3.744,於 2026-03-11 移轉 3.744 MWh
天能綠電股份有限公司,豐光潔能有限公司(豐光09--嘉義林繼輝屋頂型光電案場),台灣積體電路製造股份有限公司,太陽能,轉供,36.586,2026-04-01,9.006,於 2026-04-01 移轉 9.006 MWh
天能綠電股份有限公司,豐光潔能有限公司(豐光09--嘉義林繼輝屋頂型光電案場),台灣積體電路製造股份有限公司,太陽能,轉供,36.586,2026-04-15,1.659,於 2026-04-15 移轉 1.659 MWh
天能綠電股份有限公司,豐光潔能有限公司(豐光09--嘉義林繼輝屋頂型光電案場),台灣積體電路製造股份有限公司,太陽能,轉供,36.586,2026-04-22,9.433,於 2026-04-22 移轉 9.433 MWh
天能綠電股份有限公司,豐光潔能有限公司(豐光09--嘉義林繼輝屋頂型光電案場),台灣積體電路製造股份有限公司,太陽能,轉供,36.586,2026-04-29,7.646,於 2026-04-29 移轉 7.646 MWh
天能綠電股份有限公司,豐光潔能有限公司(豐光09--嘉義林繼輝屋頂型光電案場),台灣積體電路製造股份有限公司,太陽能,轉供,36.586,2026-05-20,5.098,於 2026-05-20 移轉 5.098 MWh
天能綠電股份有限公司,豐光潔能有限公司(豐光08--嘉義王俊仁屋頂型光電案場),台灣積體電路製造股份有限公司,太陽能,轉供,68.533,2026-03-11,6.752,於 2026-03-11 移轉 6.752 MWh
天能綠電股份有限公司,豐光潔能有限公司(豐光08--嘉義王俊仁屋頂型光電案場),台灣積體電路製造股份有限公司,太陽能,轉供,68.533,2026-04-01,16.889,於 2026-04-01 移轉 16.889 MWh
天能綠電股份有限公司,豐光潔能有限公司(豐光08--嘉義王俊仁屋頂型光電案場),台灣積體電路製造股份有限公司,太陽能,轉供,68.533,2026-04-15,3.115,於 2026-04-15 移轉 3.115 MWh
天能綠電股份有限公司,豐光潔能有限公司(豐光08--嘉義王俊仁屋頂型光電案場),台灣積體電路製造股份有限公司,太陽能,轉供,68.533,2026-04-22,17.535,於 2026-04-22 移轉 17.535 MWh
天能綠電股份有限公司,豐光潔能有限公司(豐光08--嘉義王俊仁屋頂型光電案場),台灣積體電路製造股份有限公司,太陽能,轉供,68.533,2026-04-29,15.066,於 2026-04-29 移轉 15.066 MWh
天能綠電股份有限公司,豐光潔能有限公司(豐光08--嘉義王俊仁屋頂型光電案場),台灣積體電路製造股份有限公司,太陽能,轉供,68.533,2026-05-20,9.176,於 2026-05-20 移轉 9.176 MWh
天能綠電股份有限公司,豐光潔能有限公司(豐光07--嘉義蔡進富屋頂型光電案場),台灣積體電路製造股份有限公司,太陽能,轉供,31.066,2026-03-11,3.243,於 2026-03-11 移轉 3.243 MWh
天能綠電股份有限公司,豐光潔能有限公司(豐光07--嘉義蔡進富屋頂型光電案場),台灣積體電路製造股份有限公司,太陽能,轉供,31.066,2026-04-01,7.401,於 2026-04-01 移轉 7.401 MWh
天能綠電股份有限公司,豐光潔能有限公司(豐光07--嘉義蔡進富屋頂型光電案場),台灣積體電路製造股份有限公司,太陽能,轉供,31.066,2026-04-15,1.336,於 2026-04-15 移轉 1.336 MWh
天能綠電股份有限公司,豐光潔能有限公司(豐光07--嘉義蔡進富屋頂型光電案場),台灣積體電路製造股份有限公司,太陽能,轉供,31.066,2026-04-22,7.993,於 2026-04-22 移轉 7.993 MWh
天能綠電股份有限公司,豐光潔能有限公司(豐光07--嘉義蔡進富屋頂型光電案場),台灣積體電路製造股份有限公司,太陽能,轉供,31.066,2026-04-29,6.92,於 2026-04-29 移轉 6.92 MWh
天能綠電股份有限公司,豐光潔能有限公司(豐光07--嘉義蔡進富屋頂型光電案場),台灣積體電路製造股份有限公司,太陽能,轉供,31.066,2026-05-20,4.173,於 2026-05-20 移轉 4.173 MWh
天能綠電股份有限公司,豐光潔能有限公司(豐光06--屏東陳榮沛屋頂型光電案場),台灣積體電路製造股份有限公司,太陽能,轉供,30.262,2026-03-04,1.366,於 2026-03-04 移轉 1.366 MWh
天能綠電股份有限公司,豐光潔能有限公司(豐光06--屏東陳榮沛屋頂型光電案場),台灣積體電路製造股份有限公司,太陽能,轉供,30.262,2026-03-11,1.909,於 2026-03-11 移轉 1.909 MWh
天能綠電股份有限公司,豐光潔能有限公司(豐光06--屏東陳榮沛屋頂型光電案場),台灣積體電路製造股份有限公司,太陽能,轉供,30.262,2026-04-01,5.464,於 2026-04-01 移轉 5.464 MWh
天能綠電股份有限公司,豐光潔能有限公司(豐光06--屏東陳榮沛屋頂型光電案場),台灣積體電路製造股份有限公司,太陽能,轉供,30.262,2026-04-22,4.823,於 2026-04-22 移轉 4.823 MWh
天能綠電股份有限公司,豐光潔能有限公司(豐光06--屏東陳榮沛屋頂型光電案場),台灣積體電路製造股份有限公司,太陽能,轉供,30.262,2026-04-29,2.316,於 2026-04-29 移轉 2.316 MWh
天能綠電股份有限公司,豐光潔能有限公司(豐光06--屏東陳榮沛屋頂型光電案場),台灣積體電路製造股份有限公司,太陽能,轉供,30.262,2026-05-20,14.384,於 2026-05-20 移轉 14.384 MWh
天能綠電股份有限公司,豐光潔能有限公司(豐光05--南投張永洲屋頂型光電案場),台灣積體電路製造股份有限公司,太陽能,轉供,128.633,2026-03-11,7.977,於 2026-03-11 移轉 7.977 MWh
天能綠電股份有限公司,豐光潔能有限公司(豐光05--南投張永洲屋頂型光電案場),台灣積體電路製造股份有限公司,太陽能,轉供,128.633,2026-04-01,19.044,於 2026-04-01 移轉 19.044 MWh
天能綠電股份有限公司,豐光潔能有限公司(豐光05--南投張永洲屋頂型光電案場),台灣積體電路製造股份有限公司,太陽能,轉供,128.633,2026-04-15,4.423,於 2026-04-15 移轉 4.423 MWh
天能綠電股份有限公司,豐光潔能有限公司(豐光05--南投張永洲屋頂型光電案場),台灣積體電路製造股份有限公司,太陽能,轉供,128.633,2026-04-22,21.819,於 2026-04-22 移轉 21.819 MWh
天能綠電股份有限公司,豐光潔能有限公司(豐光05--南投張永洲屋頂型光電案場),台灣積體電路製造股份有限公司,太陽能,轉供,128.633,2026-04-29,18.388,於 2026-04-29 移轉 18.388 MWh
天能綠電股份有限公司,豐光潔能有限公司(豐光05--南投張永洲屋頂型光電案場),台灣積體電路製造股份有限公司,太陽能,轉供,128.633,2026-05-20,56.982,於 2026-05-20 移轉 56.982 MWh
天能綠電股份有限公司,豐光潔能有限公司(豐光04--屏東傅義祥屋頂型光電案場),台灣積體電路製造股份有限公司,太陽能,轉供,128.346,2026-03-11,8.592,於 2026-03-11 移轉 8.592 MWh
天能綠電股份有限公司,豐光潔能有限公司(豐光04--屏東傅義祥屋頂型光電案場),台灣積體電路製造股份有限公司,太陽能,轉供,128.346,2026-04-01,19.032,於 2026-04-01 移轉 19.032 MWh
天能綠電股份有限公司,豐光潔能有限公司(豐光04--屏東傅義祥屋頂型光電案場),台灣積體電路製造股份有限公司,太陽能,轉供,128.346,2026-04-15,3.553,於 2026-04-15 移轉 3.553 MWh
天能綠電股份有限公司,豐光潔能有限公司(豐光04--屏東傅義祥屋頂型光電案場),台灣積體電路製造股份有限公司,太陽能,轉供,128.346,2026-04-22,20.695,於 2026-04-22 移轉 20.695 MWh
天能綠電股份有限公司,豐光潔能有限公司(豐光04--屏東傅義祥屋頂型光電案場),台灣積體電路製造股份有限公司,太陽能,轉供,128.346,2026-04-29,17.169,於 2026-04-29 移轉 17.169 MWh
天能綠電股份有限公司,豐光潔能有限公司(豐光04--屏東傅義祥屋頂型光電案場),台灣積體電路製造股份有限公司,太陽能,轉供,128.346,2026-05-20,59.305,於 2026-05-20 移轉 59.305 MWh
天能綠電股份有限公司,豐光潔能有限公司(豐光03--屏東陳秋寶屋頂型光電案場),台灣積體電路製造股份有限公司,太陽能,轉供,140.568,2026-03-11,9.766,於 2026-03-11 移轉 9.766 MWh
天能綠電股份有限公司,豐光潔能有限公司(豐光03--屏東陳秋寶屋頂型光電案場),台灣積體電路製造股份有限公司,太陽能,轉供,140.568,2026-04-01,20.603,於 2026-04-01 移轉 20.603 MWh
天能綠電股份有限公司,豐光潔能有限公司(豐光03--屏東陳秋寶屋頂型光電案場),台灣積體電路製造股份有限公司,太陽能,轉供,140.568,2026-04-15,3.48,於 2026-04-15 移轉 3.48 MWh
天能綠電股份有限公司,豐光潔能有限公司(豐光03--屏東陳秋寶屋頂型光電案場),台灣積體電路製造股份有限公司,太陽能,轉供,140.568,2026-04-22,23.388,於 2026-04-22 移轉 23.388 MWh
天能綠電股份有限公司,豐光潔能有限公司(豐光03--屏東陳秋寶屋頂型光電案場),台灣積體電路製造股份有限公司,太陽能,轉供,140.568,2026-04-29,18.157,於 2026-04-29 移轉 18.157 MWh
天能綠電股份有限公司,豐光潔能有限公司(豐光03--屏東陳秋寶屋頂型光電案場),台灣積體電路製造股份有限公司,太陽能,轉供,140.568,2026-05-20,65.174,於 2026-05-20 移轉 65.174 MWh
天能綠電股份有限公司,豐光潔能有限公司(豐光02--嘉義陳清宇屋頂型光電案場),台灣積體電路製造股份有限公司,太陽能,轉供,60.581,2026-03-11,5.774,於 2026-03-11 移轉 5.774 MWh
天能綠電股份有限公司,豐光潔能有限公司(豐光02--嘉義陳清宇屋頂型光電案場),台灣積體電路製造股份有限公司,太陽能,轉供,60.581,2026-04-01,13.739,於 2026-04-01 移轉 13.739 MWh
天能綠電股份有限公司,豐光潔能有限公司(豐光02--嘉義陳清宇屋頂型光電案場),台灣積體電路製造股份有限公司,太陽能,轉供,60.581,2026-04-15,2.505,於 2026-04-15 移轉 2.505 MWh
天能綠電股份有限公司,豐光潔能有限公司(豐光02--嘉義陳清宇屋頂型光電案場),台灣積體電路製造股份有限公司,太陽能,轉供,60.581,2026-04-22,14.82,於 2026-04-22 移轉 14.82 MWh
天能綠電股份有限公司,豐光潔能有限公司(豐光02--嘉義陳清宇屋頂型光電案場),台灣積體電路製造股份有限公司,太陽能,轉供,60.581,2026-04-29,12.283,於 2026-04-29 移轉 12.283 MWh
天能綠電股份有限公司,豐光潔能有限公司(豐光02--嘉義陳清宇屋頂型光電案場),台灣積體電路製造股份有限公司,太陽能,轉供,60.581,2026-05-20,11.46,於 2026-05-20 移轉 11.46 MWh
天能綠電股份有限公司,豐光潔能有限公司(豐光01--屏東陳昭中屋頂型光電案場),台灣積體電路製造股份有限公司,太陽能,轉供,54.867,2026-03-11,3.652,於 2026-03-11 移轉 3.652 MWh
天能綠電股份有限公司,豐光潔能有限公司(豐光01--屏東陳昭中屋頂型光電案場),台灣積體電路製造股份有限公司,太陽能,轉供,54.867,2026-04-01,7.75,於 2026-04-01 移轉 7.75 MWh
天能綠電股份有限公司,豐光潔能有限公司(豐光01--屏東陳昭中屋頂型光電案場),台灣積體電路製造股份有限公司,太陽能,轉供,54.867,2026-04-15,1.359,於 2026-04-15 移轉 1.359 MWh
天能綠電股份有限公司,豐光潔能有限公司(豐光01--屏東陳昭中屋頂型光電案場),台灣積體電路製造股份有限公司,太陽能,轉供,54.867,2026-04-22,9.28,於 2026-04-22 移轉 9.28 MWh
天能綠電股份有限公司,豐光潔能有限公司(豐光01--屏東陳昭中屋頂型光電案場),台灣積體電路製造股份有限公司,太陽能,轉供,54.867,2026-04-29,7.676,於 2026-04-29 移轉 7.676 MWh
天能綠電股份有限公司,豐光潔能有限公司(豐光01--屏東陳昭中屋頂型光電案場),台灣積體電路製造股份有限公司,太陽能,轉供,54.867,2026-05-20,25.15,於 2026-05-20 移轉 25.15 MWh
天能綠電股份有限公司,龐誼綠能科技股份有限公司(龐誼綠能-高雄大寮清展高雄市太陽光電案場),金像電子股份有限公司,太陽能,轉供,73.11,2026-03-04,21.612,於 2026-03-04 移轉 21.612 MWh
天能綠電股份有限公司,龐誼綠能科技股份有限公司(龐誼綠能-高雄大寮清展高雄市太陽光電案場),金像電子股份有限公司,太陽能,轉供,73.11,2026-04-01,22.361,於 2026-04-01 移轉 22.361 MWh
天能綠電股份有限公司,龐誼綠能科技股份有限公司(龐誼綠能-高雄大寮清展高雄市太陽光電案場),金像電子股份有限公司,太陽能,轉供,73.11,2026-05-20,29.137,於 2026-05-20 移轉 29.137 MWh
天能綠電股份有限公司,龐誼綠能科技股份有限公司(龐誼綠能-高雄岡山金富1、2期高雄市太陽光電案場),金像電子股份有限公司,太陽能,轉供,65.373,2026-03-04,19.039,於 2026-03-04 移轉 19.039 MWh
天能綠電股份有限公司,龐誼綠能科技股份有限公司(龐誼綠能-高雄岡山金富1、2期高雄市太陽光電案場),金像電子股份有限公司,太陽能,轉供,65.373,2026-04-01,19.6,於 2026-04-01 移轉 19.6 MWh
天能綠電股份有限公司,龐誼綠能科技股份有限公司(龐誼綠能-高雄岡山金富1、2期高雄市太陽光電案場),金像電子股份有限公司,太陽能,轉供,65.373,2026-05-20,26.734,於 2026-05-20 移轉 26.734 MWh
天能綠電股份有限公司,龐誼綠能科技股份有限公司(龐誼綠能-高雄前鎮瑞寶高雄市太陽光電案場),金像電子股份有限公司,太陽能,轉供,41.253,2026-03-04,12.181,於 2026-03-04 移轉 12.181 MWh
天能綠電股份有限公司,龐誼綠能科技股份有限公司(龐誼綠能-高雄前鎮瑞寶高雄市太陽光電案場),金像電子股份有限公司,太陽能,轉供,41.253,2026-04-01,11.412,於 2026-04-01 移轉 11.412 MWh
天能綠電股份有限公司,龐誼綠能科技股份有限公司(龐誼綠能-高雄前鎮瑞寶高雄市太陽光電案場),金像電子股份有限公司,太陽能,轉供,41.253,2026-05-20,17.66,於 2026-05-20 移轉 17.66 MWh
天能綠電股份有限公司,禾淯有限公司(禾淯旗山-高雄市旗山區屋頂型太陽光電案場),友達光電股份有限公司,太陽能,轉供,19.66,2026-03-04,5.972,於 2026-03-04 移轉 5.972 MWh
天能綠電股份有限公司,禾淯有限公司(禾淯旗山-高雄市旗山區屋頂型太陽光電案場),友達光電股份有限公司,太陽能,轉供,19.66,2026-04-01,5.274,於 2026-04-01 移轉 5.274 MWh
天能綠電股份有限公司,禾淯有限公司(禾淯旗山-高雄市旗山區屋頂型太陽光電案場),友達光電股份有限公司,太陽能,轉供,19.66,2026-05-20,8.414,於 2026-05-20 移轉 8.414 MWh
天能綠電股份有限公司,禾淯有限公司(禾淯鼓山-高雄市鼓山區屋頂型太陽光電案場),友達光電股份有限公司,太陽能,轉供,29.34,2026-03-04,8.351,於 2026-03-04 移轉 8.351 MWh
天能綠電股份有限公司,禾淯有限公司(禾淯鼓山-高雄市鼓山區屋頂型太陽光電案場),友達光電股份有限公司,太陽能,轉供,29.34,2026-04-01,8.843,於 2026-04-01 移轉 8.843 MWh
天能綠電股份有限公司,禾淯有限公司(禾淯鼓山-高雄市鼓山區屋頂型太陽光電案場),友達光電股份有限公司,太陽能,轉供,29.34,2026-05-20,12.146,於 2026-05-20 移轉 12.146 MWh
天能綠電股份有限公司,豐赫有限公司(豐赫-寶田一期396KW屋頂型太陽光電案場),綠點高新科技股份有限公司,太陽能,轉供,116.334,2026-04-22,65.852,於 2026-04-22 移轉 65.852 MWh
天能綠電股份有限公司,豐赫有限公司(豐赫-寶田一期396KW屋頂型太陽光電案場),綠點高新科技股份有限公司,太陽能,轉供,116.334,2026-05-20,50.482,於 2026-05-20 移轉 50.482 MWh
天能綠電股份有限公司,豐赫有限公司(豐赫-寶田二期93.96KW屋頂型太陽光電案場),綠點高新科技股份有限公司,太陽能,轉供,28.031,2026-04-22,15.828,於 2026-04-22 移轉 15.828 MWh
天能綠電股份有限公司,豐赫有限公司(豐赫-寶田二期93.96KW屋頂型太陽光電案場),綠點高新科技股份有限公司,太陽能,轉供,28.031,2026-05-20,12.203,於 2026-05-20 移轉 12.203 MWh
天能綠電股份有限公司,豐赫有限公司(豐赫-社皮路227.88KW屋頂型太陽光電案場),綠點高新科技股份有限公司,太陽能,轉供,70.956,2026-04-22,40.467,於 2026-04-22 移轉 40.467 MWh
天能綠電股份有限公司,豐赫有限公司(豐赫-社皮路227.88KW屋頂型太陽光電案場),綠點高新科技股份有限公司,太陽能,轉供,70.956,2026-05-20,30.489,於 2026-05-20 移轉 30.489 MWh
天能綠電股份有限公司,豐赫有限公司(豐赫-廣維二期162.36KW屋頂型太陽光電案場),綠點高新科技股份有限公司,太陽能,轉供,54.49,2026-04-22,31.202,於 2026-04-22 移轉 31.202 MWh
天能綠電股份有限公司,豐赫有限公司(豐赫-廣維二期162.36KW屋頂型太陽光電案場),綠點高新科技股份有限公司,太陽能,轉供,54.49,2026-05-20,23.288,於 2026-05-20 移轉 23.288 MWh
天能綠電股份有限公司,豐赫有限公司(豐赫-廣維一期99.72KW屋頂型太陽光電案場),綠點高新科技股份有限公司,太陽能,轉供,30.349,2026-04-22,17.007,於 2026-04-22 移轉 17.007 MWh
天能綠電股份有限公司,豐赫有限公司(豐赫-廣維一期99.72KW屋頂型太陽光電案場),綠點高新科技股份有限公司,太陽能,轉供,30.349,2026-05-20,13.342,於 2026-05-20 移轉 13.342 MWh
天能綠電股份有限公司,輝煌綠能股份有限公司(輝煌-南投董素芬屋頂型光電案場),台灣福雷電子股份有限公司,太陽能,轉供,41.243,2026-04-01,41.243,於 2026-04-01 移轉 41.243 MWh
天能綠電股份有限公司,豐赫有限公司(豐赫-林森路499.68KW屋頂型太陽光電案場),綠點高新科技股份有限公司,太陽能,轉供,145.048,2026-04-22,81.883,於 2026-04-22 移轉 81.883 MWh
天能綠電股份有限公司,豐赫有限公司(豐赫-林森路499.68KW屋頂型太陽光電案場),綠點高新科技股份有限公司,太陽能,轉供,145.048,2026-05-20,63.165,於 2026-05-20 移轉 63.165 MWh
天能綠電股份有限公司,輝煌綠能股份有限公司(輝煌-埔里陳憲範二期太陽光電案場),台灣福雷電子股份有限公司,太陽能,轉供,45.115,2026-03-04,12.651,於 2026-03-04 移轉 12.651 MWh
天能綠電股份有限公司,輝煌綠能股份有限公司(輝煌-埔里陳憲範二期太陽光電案場),台灣福雷電子股份有限公司,太陽能,轉供,45.115,2026-04-01,32.464,於 2026-04-01 移轉 32.464 MWh
天能綠電股份有限公司,勝隆纖維股份有限公司(勝隆纖維一期(1)-彰化縣和美鎮屋頂型太陽光電案場),欣銓科技股份有限公司,太陽能,轉供,20.844,2026-03-25,10.325,於 2026-03-25 移轉 10.325 MWh
天能綠電股份有限公司,勝隆纖維股份有限公司(勝隆纖維一期(1)-彰化縣和美鎮屋頂型太陽光電案場),欣銓科技股份有限公司,太陽能,轉供,20.844,2026-04-01,10.519,於 2026-04-01 移轉 10.519 MWh
天能綠電股份有限公司,勝隆纖維股份有限公司(勝隆纖維一期(2)-彰化縣和美鎮屋頂型太陽光電案場),欣銓科技股份有限公司,太陽能,轉供,49.223,2026-03-25,23.988,於 2026-03-25 移轉 23.988 MWh
天能綠電股份有限公司,勝隆纖維股份有限公司(勝隆纖維一期(2)-彰化縣和美鎮屋頂型太陽光電案場),欣銓科技股份有限公司,太陽能,轉供,49.223,2026-04-01,25.235,於 2026-04-01 移轉 25.235 MWh
天能綠電股份有限公司,輝煌綠能股份有限公司(輝煌-六甲國小太陽光電案場),台灣福雷電子股份有限公司,太陽能,轉供,49.855,2026-04-01,49.855,於 2026-04-01 移轉 49.855 MWh
天能綠電股份有限公司,昱全企業社(昱全企業-李全年屋頂型太陽能電廠),京元電子股份有限公司銅鑼分公司,太陽能,轉供,130.506,2026-04-22,100.651,於 2026-04-22 移轉 100.651 MWh
天能綠電股份有限公司,昱全企業社(昱全企業-李全年屋頂型太陽能電廠),京元電子股份有限公司銅鑼分公司,太陽能,轉供,130.506,2026-05-20,29.855,於 2026-05-20 移轉 29.855 MWh
天能綠電股份有限公司,昱光能源股份有限公司(昱光-竹林227地面型太陽能電廠),台灣積體電路製造股份有限公司,太陽能,轉供,36.762,2026-04-01,18.641,於 2026-04-01 移轉 18.641 MWh
天能綠電股份有限公司,昱光能源股份有限公司(昱光-竹林227地面型太陽能電廠),台灣積體電路製造股份有限公司,太陽能,轉供,36.762,2026-05-13,18.121,於 2026-05-13 移轉 18.121 MWh
天能綠電股份有限公司,集陽綠能有限公司(集陽-銨東屋頂型太陽能電廠),京元電子股份有限公司銅鑼分公司,太陽能,轉供,20.547,2026-04-22,15.792,於 2026-04-22 移轉 15.792 MWh
天能綠電股份有限公司,集陽綠能有限公司(集陽-銨東屋頂型太陽能電廠),京元電子股份有限公司銅鑼分公司,太陽能,轉供,20.547,2026-05-20,4.755,於 2026-05-20 移轉 4.755 MWh
天能綠電股份有限公司,正順能源有限公司(正順-合興精工屋頂型太陽能電廠),京元電子股份有限公司銅鑼分公司,太陽能,轉供,66.946,2026-04-22,49.999,於 2026-04-22 移轉 49.999 MWh
天能綠電股份有限公司,正順能源有限公司(正順-合興精工屋頂型太陽能電廠),京元電子股份有限公司銅鑼分公司,太陽能,轉供,66.946,2026-05-20,16.947,於 2026-05-20 移轉 16.947 MWh
天能綠電股份有限公司,昱泰能源股份有限公司(昱泰能源-彰化縣彰工一期屋頂型太陽能電廠),京元電子股份有限公司銅鑼分公司,太陽能,轉供,129.163,2026-04-22,99.304,於 2026-04-22 移轉 99.304 MWh
天能綠電股份有限公司,昱泰能源股份有限公司(昱泰能源-彰化縣彰工一期屋頂型太陽能電廠),京元電子股份有限公司銅鑼分公司,太陽能,轉供,129.163,2026-05-20,29.859,於 2026-05-20 移轉 29.859 MWh
天能綠電股份有限公司,昱泰能源股份有限公司(昱泰能源-中華二期屋頂型太陽能電廠),京元電子股份有限公司銅鑼分公司,太陽能,轉供,29.168,2026-04-22,22.653,於 2026-04-22 移轉 22.653 MWh
天能綠電股份有限公司,昱泰能源股份有限公司(昱泰能源-中華二期屋頂型太陽能電廠),京元電子股份有限公司銅鑼分公司,太陽能,轉供,29.168,2026-05-20,6.515,於 2026-05-20 移轉 6.515 MWh
天能綠電股份有限公司,昱泰能源股份有限公司(昱泰能源-彰化縣彰工二期&彰工三期屋頂型太陽能電廠),京元電子股份有限公司銅鑼分公司,太陽能,轉供,136.823,2026-04-22,105.622,於 2026-04-22 移轉 105.622 MWh
天能綠電股份有限公司,昱泰能源股份有限公司(昱泰能源-彰化縣彰工二期&彰工三期屋頂型太陽能電廠),京元電子股份有限公司銅鑼分公司,太陽能,轉供,136.823,2026-05-20,31.201,於 2026-05-20 移轉 31.201 MWh
天能綠電股份有限公司,昱泰能源股份有限公司(昱泰能源-興大附中屋頂型太陽能電廠),京元電子股份有限公司銅鑼分公司,太陽能,轉供,78.058,2026-04-22,60.258,於 2026-04-22 移轉 60.258 MWh
天能綠電股份有限公司,昱泰能源股份有限公司(昱泰能源-興大附中屋頂型太陽能電廠),京元電子股份有限公司銅鑼分公司,太陽能,轉供,78.058,2026-05-20,17.8,於 2026-05-20 移轉 17.8 MWh
天能綠電股份有限公司,昱泰能源股份有限公司(昱泰能源-高師大屋頂型太陽能電廠),京元電子股份有限公司銅鑼分公司,太陽能,轉供,138.649,2026-04-22,105.108,於 2026-04-22 移轉 105.108 MWh
天能綠電股份有限公司,昱泰能源股份有限公司(昱泰能源-高師大屋頂型太陽能電廠),京元電子股份有限公司銅鑼分公司,太陽能,轉供,138.649,2026-05-20,33.541,於 2026-05-20 移轉 33.541 MWh
天能綠電股份有限公司,昱泰能源股份有限公司(昱泰能源-高師附中屋頂型太陽能電廠),京元電子股份有限公司銅鑼分公司,太陽能,轉供,69.369,2026-04-22,52.596,於 2026-04-22 移轉 52.596 MWh
天能綠電股份有限公司,昱泰能源股份有限公司(昱泰能源-高師附中屋頂型太陽能電廠),京元電子股份有限公司銅鑼分公司,太陽能,轉供,69.369,2026-05-20,16.773,於 2026-05-20 移轉 16.773 MWh
天能綠電股份有限公司,文亮農產行(文亮農產行-侯文亮屋頂型太陽能電廠),京元電子股份有限公司銅鑼分公司,太陽能,轉供,126.803,2026-04-22,97.143,於 2026-04-22 移轉 97.143 MWh
天能綠電股份有限公司,文亮農產行(文亮農產行-侯文亮屋頂型太陽能電廠),京元電子股份有限公司銅鑼分公司,太陽能,轉供,126.803,2026-05-20,29.66,於 2026-05-20 移轉 29.66 MWh
天能綠電股份有限公司,昱光能源股份有限公司(昱光-關廟七戶屋頂型太陽能電廠),台灣積體電路製造股份有限公司,太陽能,轉供,7.468,2026-04-01,3.8,於 2026-04-01 移轉 3.8 MWh
天能綠電股份有限公司,昱光能源股份有限公司(昱光-關廟七戶屋頂型太陽能電廠),台灣積體電路製造股份有限公司,太陽能,轉供,7.468,2026-05-13,3.668,於 2026-05-13 移轉 3.668 MWh
天能綠電股份有限公司,昱光能源股份有限公司(昱光-元安屋頂型太陽能電廠),台灣積體電路製造股份有限公司,太陽能,轉供,11.221,2026-04-01,5.589,於 2026-04-01 移轉 5.589 MWh
天能綠電股份有限公司,昱光能源股份有限公司(昱光-元安屋頂型太陽能電廠),台灣積體電路製造股份有限公司,太陽能,轉供,11.221,2026-05-13,5.632,於 2026-05-13 移轉 5.632 MWh
天能綠電股份有限公司,昱光能源股份有限公司(昱光-玉井地面型太陽能電廠),台灣積體電路製造股份有限公司,太陽能,轉供,32.905,2026-04-01,16.535,於 2026-04-01 移轉 16.535 MWh
天能綠電股份有限公司,昱光能源股份有限公司(昱光-玉井地面型太陽能電廠),台灣積體電路製造股份有限公司,太陽能,轉供,32.905,2026-05-13,16.37,於 2026-05-13 移轉 16.37 MWh
天能綠電股份有限公司,昱光能源股份有限公司(昱光-元益屋頂型太陽能電廠),台灣積體電路製造股份有限公司,太陽能,轉供,15.356,2026-04-01,7.503,於 2026-04-01 移轉 7.503 MWh
天能綠電股份有限公司,昱光能源股份有限公司(昱光-元益屋頂型太陽能電廠),台灣積體電路製造股份有限公司,太陽能,轉供,15.356,2026-05-13,7.853,於 2026-05-13 移轉 7.853 MWh
天能綠電股份有限公司,長嘉能源股份有限公司(第一管顧-長嘉能源_錩燕金屬一期屋頂型太陽能電廠),台灣福雷電子股份有限公司,太陽能,轉供,149.239,2026-04-22,88.802,於 2026-04-22 移轉 88.802 MWh
天能綠電股份有限公司,長嘉能源股份有限公司(第一管顧-長嘉能源_錩燕金屬一期屋頂型太陽能電廠),台灣福雷電子股份有限公司,太陽能,轉供,149.239,2026-05-20,60.437,於 2026-05-20 移轉 60.437 MWh
天能綠電股份有限公司,長嘉能源股份有限公司(第一管顧-長嘉能源_錩燕金屬二期屋頂型太陽能電廠),台灣福雷電子股份有限公司,太陽能,轉供,129.976,2026-04-22,77.751,於 2026-04-22 移轉 77.751 MWh
天能綠電股份有限公司,長嘉能源股份有限公司(第一管顧-長嘉能源_錩燕金屬二期屋頂型太陽能電廠),台灣福雷電子股份有限公司,太陽能,轉供,129.976,2026-05-20,52.225,於 2026-05-20 移轉 52.225 MWh
天能綠電股份有限公司,永樂再生能源有限公司(永樂再生一期&二期),京元電子股份有限公司銅鑼分公司,太陽能,轉供,157.242,2026-04-22,93.412,於 2026-04-22 移轉 93.412 MWh
天能綠電股份有限公司,永樂再生能源有限公司(永樂再生一期&二期),京元電子股份有限公司銅鑼分公司,太陽能,轉供,157.242,2026-05-20,63.83,於 2026-05-20 移轉 63.83 MWh
天能綠電股份有限公司,首特精密股份有限公司(首特精密_緯西企業(首特)一期),京元電子股份有限公司銅鑼分公司,太陽能,轉供,111.036,2026-04-22,84.363,於 2026-04-22 移轉 84.363 MWh
天能綠電股份有限公司,首特精密股份有限公司(首特精密_緯西企業(首特)一期),京元電子股份有限公司銅鑼分公司,太陽能,轉供,111.036,2026-05-20,26.673,於 2026-05-20 移轉 26.673 MWh
天能綠電股份有限公司,首特精密股份有限公司(首特精密_緯西企業(首特)二期),京元電子股份有限公司銅鑼分公司,太陽能,轉供,48.068,2026-04-22,36.315,於 2026-04-22 移轉 36.315 MWh
天能綠電股份有限公司,首特精密股份有限公司(首特精密_緯西企業(首特)二期),京元電子股份有限公司銅鑼分公司,太陽能,轉供,48.068,2026-05-20,11.753,於 2026-05-20 移轉 11.753 MWh
天能綠電股份有限公司,聯合再生能源股份有限公司(聯合再生42-楊明國小桃園市楊梅區屋頂型太陽能光電場),台灣福雷電子股份有限公司,太陽能,轉供,72.708,2026-04-22,41.125,於 2026-04-22 移轉 41.125 MWh
天能綠電股份有限公司,聯合再生能源股份有限公司(聯合再生42-楊明國小桃園市楊梅區屋頂型太陽能光電場),台灣福雷電子股份有限公司,太陽能,轉供,72.708,2026-05-20,31.583,於 2026-05-20 移轉 31.583 MWh
天能綠電股份有限公司,聯合再生能源股份有限公司(聯合再生41-楊梅國小秀才分校桃園市楊梅區屋頂型太陽能光電場),台灣福雷電子股份有限公司,太陽能,轉供,26.704,2026-04-22,16.128,於 2026-04-22 移轉 16.128 MWh
天能綠電股份有限公司,聯合再生能源股份有限公司(聯合再生41-楊梅國小秀才分校桃園市楊梅區屋頂型太陽能光電場),台灣福雷電子股份有限公司,太陽能,轉供,26.704,2026-05-20,10.576,於 2026-05-20 移轉 10.576 MWh
天能綠電股份有限公司,聯合再生能源股份有限公司(聯合再生40-楊梅高中桃園市楊梅區屋頂型太陽能光電場),台灣福雷電子股份有限公司,太陽能,轉供,75.974,2026-04-22,45.288,於 2026-04-22 移轉 45.288 MWh
天能綠電股份有限公司,聯合再生能源股份有限公司(聯合再生40-楊梅高中桃園市楊梅區屋頂型太陽能光電場),台灣福雷電子股份有限公司,太陽能,轉供,75.974,2026-05-20,30.686,於 2026-05-20 移轉 30.686 MWh
天能綠電股份有限公司,聯合再生能源股份有限公司(聯合再生39-楊光國中小桃園市楊梅區屋頂型太陽能光電場),台灣福雷電子股份有限公司,太陽能,轉供,75.849,2026-04-22,45.625,於 2026-04-22 移轉 45.625 MWh
天能綠電股份有限公司,聯合再生能源股份有限公司(聯合再生39-楊光國中小桃園市楊梅區屋頂型太陽能光電場),台灣福雷電子股份有限公司,太陽能,轉供,75.849,2026-05-20,30.224,於 2026-05-20 移轉 30.224 MWh
天能綠電股份有限公司,聯合再生能源股份有限公司(聯合再生38-興國國小桃園市中壢區屋頂型太陽能光電場),台灣福雷電子股份有限公司,太陽能,轉供,28.641,2026-04-22,17.359,於 2026-04-22 移轉 17.359 MWh
天能綠電股份有限公司,聯合再生能源股份有限公司(聯合再生38-興國國小桃園市中壢區屋頂型太陽能光電場),台灣福雷電子股份有限公司,太陽能,轉供,28.641,2026-05-20,11.282,於 2026-05-20 移轉 11.282 MWh
天能綠電股份有限公司,聯合再生能源股份有限公司(聯合再生35-富台國小桃園市中壢區屋頂型太陽能光電場),台灣福雷電子股份有限公司,太陽能,轉供,41.472,2026-04-22,24.541,於 2026-04-22 移轉 24.541 MWh
天能綠電股份有限公司,聯合再生能源股份有限公司(聯合再生35-富台國小桃園市中壢區屋頂型太陽能光電場),台灣福雷電子股份有限公司,太陽能,轉供,41.472,2026-05-20,16.931,於 2026-05-20 移轉 16.931 MWh
天能綠電股份有限公司,聯合再生能源股份有限公司(聯合再生34-龍岡國中桃園市中壢區屋頂型太陽能光電場),台灣福雷電子股份有限公司,太陽能,轉供,48.429,2026-04-22,28.763,於 2026-04-22 移轉 28.763 MWh
天能綠電股份有限公司,聯合再生能源股份有限公司(聯合再生34-龍岡國中桃園市中壢區屋頂型太陽能光電場),台灣福雷電子股份有限公司,太陽能,轉供,48.429,2026-05-20,19.666,於 2026-05-20 移轉 19.666 MWh
天能綠電股份有限公司,聯合再生能源股份有限公司(聯合再生33-大崙國中桃園市中壢區屋頂型太陽能光電場),台灣福雷電子股份有限公司,太陽能,轉供,33.857,2026-04-22,20.171,於 2026-04-22 移轉 20.171 MWh
天能綠電股份有限公司,聯合再生能源股份有限公司(聯合再生33-大崙國中桃園市中壢區屋頂型太陽能光電場),台灣福雷電子股份有限公司,太陽能,轉供,33.857,2026-05-20,13.686,於 2026-05-20 移轉 13.686 MWh
天能綠電股份有限公司,聯合再生能源股份有限公司(聯合再生32-林森國小桃園市中壢區屋頂型太陽能光電場),台灣福雷電子股份有限公司,太陽能,轉供,36.25,2026-04-22,22.769,於 2026-04-22 移轉 22.769 MWh
天能綠電股份有限公司,聯合再生能源股份有限公司(聯合再生32-林森國小桃園市中壢區屋頂型太陽能光電場),台灣福雷電子股份有限公司,太陽能,轉供,36.25,2026-05-20,13.481,於 2026-05-20 移轉 13.481 MWh
天能綠電股份有限公司,聯合再生能源股份有限公司(聯合再生28-頭洲國小桃園市新屋區屋頂型太陽能光電場),台灣福雷電子股份有限公司,太陽能,轉供,22.451,2026-04-22,13.665,於 2026-04-22 移轉 13.665 MWh
天能綠電股份有限公司,聯合再生能源股份有限公司(聯合再生28-頭洲國小桃園市新屋區屋頂型太陽能光電場),台灣福雷電子股份有限公司,太陽能,轉供,22.451,2026-05-20,8.786,於 2026-05-20 移轉 8.786 MWh
天能綠電股份有限公司,聯合再生能源股份有限公司(聯合再生19-東明國小桃園市新屋區屋頂型太陽能光電場),台灣福雷電子股份有限公司,太陽能,轉供,26.479,2026-04-22,15.834,於 2026-04-22 移轉 15.834 MWh
天能綠電股份有限公司,聯合再生能源股份有限公司(聯合再生19-東明國小桃園市新屋區屋頂型太陽能光電場),台灣福雷電子股份有限公司,太陽能,轉供,26.479,2026-05-20,10.645,於 2026-05-20 移轉 10.645 MWh
天能綠電股份有限公司,聯合再生能源股份有限公司(聯合再生18-大坡國中桃園市新屋區屋頂型太陽能光電場),台灣福雷電子股份有限公司,太陽能,轉供,34.592,2026-04-22,20.509,於 2026-04-22 移轉 20.509 MWh
天能綠電股份有限公司,聯合再生能源股份有限公司(聯合再生18-大坡國中桃園市新屋區屋頂型太陽能光電場),台灣福雷電子股份有限公司,太陽能,轉供,34.592,2026-05-20,14.083,於 2026-05-20 移轉 14.083 MWh
天能綠電股份有限公司,聯合再生能源股份有限公司(聯合再生16-瑞原國中桃園市楊梅區屋頂型太陽能光電場),台灣福雷電子股份有限公司,太陽能,轉供,36.254,2026-04-22,21.95,於 2026-04-22 移轉 21.95 MWh
天能綠電股份有限公司,聯合再生能源股份有限公司(聯合再生16-瑞原國中桃園市楊梅區屋頂型太陽能光電場),台灣福雷電子股份有限公司,太陽能,轉供,36.254,2026-05-20,14.304,於 2026-05-20 移轉 14.304 MWh
天能綠電股份有限公司,聯合再生能源股份有限公司(聯合再生14-大坡國小桃園市新屋區屋頂型太陽能光電場),台灣福雷電子股份有限公司,太陽能,轉供,47.287,2026-04-22,28.066,於 2026-04-22 移轉 28.066 MWh
天能綠電股份有限公司,聯合再生能源股份有限公司(聯合再生14-大坡國小桃園市新屋區屋頂型太陽能光電場),台灣福雷電子股份有限公司,太陽能,轉供,47.287,2026-05-20,19.221,於 2026-05-20 移轉 19.221 MWh
天能綠電股份有限公司,聯合再生能源股份有限公司(聯合再生08-信義國小桃園市中壢區屋頂型太陽能光電場),台灣福雷電子股份有限公司,太陽能,轉供,53.753,2026-04-22,31.937,於 2026-04-22 移轉 31.937 MWh
天能綠電股份有限公司,聯合再生能源股份有限公司(聯合再生08-信義國小桃園市中壢區屋頂型太陽能光電場),台灣福雷電子股份有限公司,太陽能,轉供,53.753,2026-05-20,21.816,於 2026-05-20 移轉 21.816 MWh
天能綠電股份有限公司,聯合再生能源股份有限公司(聯合再生07-新明國中桃園市中壢區屋頂型太陽能光電場),台灣福雷電子股份有限公司,太陽能,轉供,61.846,2026-04-22,36.999,於 2026-04-22 移轉 36.999 MWh
天能綠電股份有限公司,聯合再生能源股份有限公司(聯合再生07-新明國中桃園市中壢區屋頂型太陽能光電場),台灣福雷電子股份有限公司,太陽能,轉供,61.846,2026-05-20,24.847,於 2026-05-20 移轉 24.847 MWh
天能綠電股份有限公司,聯合再生能源股份有限公司(聯合再生06-永安國中桃園市新屋區屋頂型太陽能光電場),台灣福雷電子股份有限公司,太陽能,轉供,68.132,2026-04-22,40.529,於 2026-04-22 移轉 40.529 MWh
天能綠電股份有限公司,聯合再生能源股份有限公司(聯合再生06-永安國中桃園市新屋區屋頂型太陽能光電場),台灣福雷電子股份有限公司,太陽能,轉供,68.132,2026-05-20,27.603,於 2026-05-20 移轉 27.603 MWh
天能綠電股份有限公司,聯合再生能源股份有限公司(聯合再生03-永安國小桃園市新屋區屋頂型太陽能光電場),台灣福雷電子股份有限公司,太陽能,轉供,64.723,2026-04-22,38.333,於 2026-04-22 移轉 38.333 MWh
天能綠電股份有限公司,聯合再生能源股份有限公司(聯合再生03-永安國小桃園市新屋區屋頂型太陽能光電場),台灣福雷電子股份有限公司,太陽能,轉供,64.723,2026-05-20,26.39,於 2026-05-20 移轉 26.39 MWh
天能綠電股份有限公司,聯合再生能源股份有限公司(聯合再生01-石門國小桃園市龍潭區屋頂型太陽能光電場),台灣福雷電子股份有限公司,太陽能,轉供,102.62,2026-04-22,62.422,於 2026-04-22 移轉 62.422 MWh
天能綠電股份有限公司,聯合再生能源股份有限公司(聯合再生01-石門國小桃園市龍潭區屋頂型太陽能光電場),台灣福雷電子股份有限公司,太陽能,轉供,102.62,2026-05-20,40.198,於 2026-05-20 移轉 40.198 MWh
天能綠電股份有限公司,圓祐有限公司(圓祐-台中市龍井區三港路355巷(山野電機)),京元電子股份有限公司銅鑼分公司,太陽能,轉供,17.696,2026-04-22,13.208,於 2026-04-22 移轉 13.208 MWh
天能綠電股份有限公司,圓祐有限公司(圓祐-台中市龍井區三港路355巷(山野電機)),京元電子股份有限公司銅鑼分公司,太陽能,轉供,17.696,2026-05-20,4.488,於 2026-05-20 移轉 4.488 MWh
天能綠電股份有限公司,圓祐有限公司(圓祐-台中市龍井區三港路326巷(高禎實業)),京元電子股份有限公司銅鑼分公司,太陽能,轉供,62.089,2026-04-22,46.643,於 2026-04-22 移轉 46.643 MWh
天能綠電股份有限公司,圓祐有限公司(圓祐-台中市龍井區三港路326巷(高禎實業)),京元電子股份有限公司銅鑼分公司,太陽能,轉供,62.089,2026-05-20,15.446,於 2026-05-20 移轉 15.446 MWh
天能綠電股份有限公司,圓祐有限公司(圓祐-台中市烏日區太明路成豐巷(翔盛工業)),京元電子股份有限公司銅鑼分公司,太陽能,轉供,20.719,2026-04-22,15.273,於 2026-04-22 移轉 15.273 MWh
天能綠電股份有限公司,圓祐有限公司(圓祐-台中市烏日區太明路成豐巷(翔盛工業)),京元電子股份有限公司銅鑼分公司,太陽能,轉供,20.719,2026-05-20,5.446,於 2026-05-20 移轉 5.446 MWh
天能綠電股份有限公司,圓祐有限公司(圓祐-台中市龍井區三港路308巷(高禎實業新廠)),京元電子股份有限公司銅鑼分公司,太陽能,轉供,51.573,2026-04-22,38.579,於 2026-04-22 移轉 38.579 MWh
天能綠電股份有限公司,圓祐有限公司(圓祐-台中市龍井區三港路308巷(高禎實業新廠)),京元電子股份有限公司銅鑼分公司,太陽能,轉供,51.573,2026-05-20,12.994,於 2026-05-20 移轉 12.994 MWh
天能綠電股份有限公司,禾淯有限公司(禾淯朴子-嘉義縣朴子市屋頂型太陽光電案場),友達光電股份有限公司,太陽能,轉供,23.709,2026-03-04,6.966,於 2026-03-04 移轉 6.966 MWh
天能綠電股份有限公司,禾淯有限公司(禾淯朴子-嘉義縣朴子市屋頂型太陽光電案場),友達光電股份有限公司,太陽能,轉供,23.709,2026-04-01,7.185,於 2026-04-01 移轉 7.185 MWh
天能綠電股份有限公司,禾淯有限公司(禾淯朴子-嘉義縣朴子市屋頂型太陽光電案場),友達光電股份有限公司,太陽能,轉供,23.709,2026-05-20,9.558,於 2026-05-20 移轉 9.558 MWh
天能綠電股份有限公司,禾雲科技有限公司(禾淯禾雲美濃-高雄市美濃區地面型太陽光電案場),友達光電股份有限公司,太陽能,轉供,108.412,2026-03-04,28.842,於 2026-03-04 移轉 28.842 MWh
天能綠電股份有限公司,禾雲科技有限公司(禾淯禾雲美濃-高雄市美濃區地面型太陽光電案場),友達光電股份有限公司,太陽能,轉供,108.412,2026-04-01,33.336,於 2026-04-01 移轉 33.336 MWh
天能綠電股份有限公司,禾雲科技有限公司(禾淯禾雲美濃-高雄市美濃區地面型太陽光電案場),友達光電股份有限公司,太陽能,轉供,108.412,2026-05-20,46.234,於 2026-05-20 移轉 46.234 MWh
天能綠電股份有限公司,歐得能源工程有限公司(歐得能源工程-三和工業屋頂型太陽光電案場),友達光電股份有限公司,太陽能,轉供,80.409,2026-03-04,22.904,於 2026-03-04 移轉 22.904 MWh
天能綠電股份有限公司,歐得能源工程有限公司(歐得能源工程-三和工業屋頂型太陽光電案場),友達光電股份有限公司,太陽能,轉供,80.409,2026-04-01,25.57,於 2026-04-01 移轉 25.57 MWh
天能綠電股份有限公司,歐得能源工程有限公司(歐得能源工程-三和工業屋頂型太陽光電案場),友達光電股份有限公司,太陽能,轉供,80.409,2026-05-20,31.935,於 2026-05-20 移轉 31.935 MWh
天能綠電股份有限公司,橙茂能源股份有限公司(橙茂能源-龍鋐屋頂型太陽能光電案場),英業達股份有限公司,太陽能,轉供,153.408,2026-04-22,91.618,於 2026-04-22 移轉 91.618 MWh
天能綠電股份有限公司,橙茂能源股份有限公司(橙茂能源-龍鋐屋頂型太陽能光電案場),英業達股份有限公司,太陽能,轉供,153.408,2026-05-20,61.79,於 2026-05-20 移轉 61.79 MWh
天能綠電股份有限公司,龍泉能源有限公司(龍泉-嘉義振寮地面型太陽光電案場),欣銓科技股份有限公司,太陽能,轉供,108.017,2026-03-25,30.535,於 2026-03-25 移轉 30.535 MWh
天能綠電股份有限公司,龍泉能源有限公司(龍泉-嘉義振寮地面型太陽光電案場),欣銓科技股份有限公司,太陽能,轉供,108.017,2026-04-01,31.747,於 2026-04-01 移轉 31.747 MWh
天能綠電股份有限公司,龍泉能源有限公司(龍泉-嘉義振寮地面型太陽光電案場),欣銓科技股份有限公司,太陽能,轉供,108.017,2026-05-20,45.735,於 2026-05-20 移轉 45.735 MWh
天能綠電股份有限公司,龍泉能源有限公司(龍泉-嘉義東石地面型太陽光電案場),欣銓科技股份有限公司,太陽能,轉供,90.983,2026-03-25,25.775,於 2026-03-25 移轉 25.775 MWh
天能綠電股份有限公司,龍泉能源有限公司(龍泉-嘉義東石地面型太陽光電案場),欣銓科技股份有限公司,太陽能,轉供,90.983,2026-04-01,27.332,於 2026-04-01 移轉 27.332 MWh
天能綠電股份有限公司,龍泉能源有限公司(龍泉-嘉義東石地面型太陽光電案場),欣銓科技股份有限公司,太陽能,轉供,90.983,2026-05-20,37.876,於 2026-05-20 移轉 37.876 MWh
天能綠電股份有限公司,榮貴能源有限公司(榮貴-過路子段地面型太陽光電案場),台灣積體電路製造股份有限公司,太陽能,轉供,39.102,2026-05-20,39.102,於 2026-05-20 移轉 39.102 MWh
天能綠電股份有限公司,榮貴能源有限公司(榮貴-過路子段地面型太陽光電案場),欣銓科技股份有限公司,太陽能,轉供,78.923,2026-03-25,14.208,於 2026-03-25 移轉 14.208 MWh
天能綠電股份有限公司,榮貴能源有限公司(榮貴-過路子段地面型太陽光電案場),欣銓科技股份有限公司,太陽能,轉供,78.923,2026-04-01,21.609,於 2026-04-01 移轉 21.609 MWh
天能綠電股份有限公司,榮貴能源有限公司(榮貴-過路子段地面型太陽光電案場),欣銓科技股份有限公司,太陽能,轉供,78.923,2026-05-20,43.106,於 2026-05-20 移轉 43.106 MWh
天能綠電股份有限公司,龍泉能源有限公司(龍泉-屏東土庫地面型太陽光電案場),欣銓科技股份有限公司,太陽能,轉供,94.2,2026-03-25,28.599,於 2026-03-25 移轉 28.599 MWh
天能綠電股份有限公司,龍泉能源有限公司(龍泉-屏東土庫地面型太陽光電案場),欣銓科技股份有限公司,太陽能,轉供,94.2,2026-04-01,28.744,於 2026-04-01 移轉 28.744 MWh
天能綠電股份有限公司,龍泉能源有限公司(龍泉-屏東土庫地面型太陽光電案場),欣銓科技股份有限公司,太陽能,轉供,94.2,2026-05-20,36.857,於 2026-05-20 移轉 36.857 MWh
天能綠電股份有限公司,朝陽創意行銷有限公司(朝陽_朱水深一期地面型太陽光電案場),京元電子股份有限公司銅鑼分公司,太陽能,轉供,46.822,2026-04-22,46.822,於 2026-04-22 移轉 46.822 MWh
天能綠電股份有限公司,朝陽創意行銷有限公司(朝陽_朱水深二期地面型太陽光電案場),京元電子股份有限公司銅鑼分公司,太陽能,轉供,15.618,2026-04-22,15.618,於 2026-04-22 移轉 15.618 MWh
天能綠電股份有限公司,朝陽創意行銷有限公司(朝陽_朱水深三期地面型太陽光電案場),京元電子股份有限公司銅鑼分公司,太陽能,轉供,9.469,2026-04-22,9.469,於 2026-04-22 移轉 9.469 MWh
天能綠電股份有限公司,震豐太陽能能源有限公司(震豐_南投鹿鳴屋頂型),台灣富士電子材料股份有限公司,太陽能,轉供,21.001,2026-04-01,6.256,於 2026-04-01 移轉 6.256 MWh
天能綠電股份有限公司,震豐太陽能能源有限公司(震豐_南投鹿鳴屋頂型),台灣富士電子材料股份有限公司,太陽能,轉供,21.001,2026-04-15,6.732,於 2026-04-15 移轉 6.732 MWh
天能綠電股份有限公司,震豐太陽能能源有限公司(震豐_南投鹿鳴屋頂型),台灣富士電子材料股份有限公司,太陽能,轉供,21.001,2026-05-20,8.013,於 2026-05-20 移轉 8.013 MWh
天能綠電股份有限公司,震豐太陽能能源有限公司(震豐_南投新赤水地面型),台灣富士電子材料股份有限公司,太陽能,轉供,42.076,2026-04-01,12.794,於 2026-04-01 移轉 12.794 MWh
天能綠電股份有限公司,震豐太陽能能源有限公司(震豐_南投新赤水地面型),台灣富士電子材料股份有限公司,太陽能,轉供,42.076,2026-04-15,13.395,於 2026-04-15 移轉 13.395 MWh
天能綠電股份有限公司,震豐太陽能能源有限公司(震豐_南投新赤水地面型),台灣富士電子材料股份有限公司,太陽能,轉供,42.076,2026-05-20,15.887,於 2026-05-20 移轉 15.887 MWh
天能綠電股份有限公司,永傑紙業股份有限公司(永傑紙業屋頂型太陽光電案場),京元電子股份有限公司銅鑼分公司,太陽能,轉供,107.751,2026-04-22,47.474,於 2026-04-22 移轉 47.474 MWh
天能綠電股份有限公司,永傑紙業股份有限公司(永傑紙業屋頂型太陽光電案場),京元電子股份有限公司銅鑼分公司,太陽能,轉供,107.751,2026-05-20,60.277,於 2026-05-20 移轉 60.277 MWh
天能綠電股份有限公司,永傑紙業股份有限公司(永傑紙業屋頂型太陽光電案場),嘉聯益科技股份有限公司,太陽能,轉供,46.298,2026-03-18,46.298,於 2026-03-18 移轉 46.298 MWh
天能綠電股份有限公司,盛裕木器行(盛裕木器屋頂型太陽光電案場),京元電子股份有限公司銅鑼分公司,太陽能,轉供,33.364,2026-04-22,25.207,於 2026-04-22 移轉 25.207 MWh
天能綠電股份有限公司,盛裕木器行(盛裕木器屋頂型太陽光電案場),京元電子股份有限公司銅鑼分公司,太陽能,轉供,33.364,2026-05-20,8.157,於 2026-05-20 移轉 8.157 MWh
天能綠電股份有限公司,田豐農產行及負責人許燕華(田風農產屋頂型太陽光電案場),台星科股份有限公司,太陽能,轉供,93.899,2026-04-22,39.018,於 2026-04-22 移轉 39.018 MWh
天能綠電股份有限公司,田豐農產行及負責人許燕華(田風農產屋頂型太陽光電案場),台星科股份有限公司,太陽能,轉供,93.899,2026-05-20,54.881,於 2026-05-20 移轉 54.881 MWh
天能綠電股份有限公司,田豐農產行及負責人許燕華(田風農產屋頂型太陽光電案場),京元電子股份有限公司銅鑼分公司,太陽能,轉供,36.536,2026-04-22,36.536,於 2026-04-22 移轉 36.536 MWh
天能綠電股份有限公司,富宇太陽能科技有限公司(富宇_乾峰國小),台灣積體電路製造股份有限公司,太陽能,轉供,53.887,2026-05-13,27.993,於 2026-05-13 移轉 27.993 MWh
天能綠電股份有限公司,富宇太陽能科技有限公司(富宇_乾峰國小),台灣積體電路製造股份有限公司,太陽能,轉供,53.887,2026-05-20,25.894,於 2026-05-20 移轉 25.894 MWh
天能綠電股份有限公司,富宇太陽能科技有限公司(富宇_草屯國小-車棚),台灣積體電路製造股份有限公司,太陽能,轉供,24.546,2026-04-22,1.729,於 2026-04-22 移轉 1.729 MWh
天能綠電股份有限公司,富宇太陽能科技有限公司(富宇_草屯國小-車棚),台灣積體電路製造股份有限公司,太陽能,轉供,24.546,2026-05-13,10.782,於 2026-05-13 移轉 10.782 MWh
天能綠電股份有限公司,富宇太陽能科技有限公司(富宇_草屯國小-車棚),台灣積體電路製造股份有限公司,太陽能,轉供,24.546,2026-05-20,12.035,於 2026-05-20 移轉 12.035 MWh
天能綠電股份有限公司,富宇太陽能科技有限公司(富宇_草屯國小一二期),台灣積體電路製造股份有限公司,太陽能,轉供,50.512,2026-05-13,15.617,於 2026-05-13 移轉 15.617 MWh
天能綠電股份有限公司,富宇太陽能科技有限公司(富宇_草屯國小一二期),台灣積體電路製造股份有限公司,太陽能,轉供,50.512,2026-05-20,34.895,於 2026-05-20 移轉 34.895 MWh
天能綠電股份有限公司,富宇太陽科技有限公司(富宇_雙十國中-活動中心),台灣積體電路製造股份有限公司,太陽能,轉供,15.999,2026-04-22,1.026,於 2026-04-22 移轉 1.026 MWh
天能綠電股份有限公司,富宇太陽科技有限公司(富宇_雙十國中-活動中心),台灣積體電路製造股份有限公司,太陽能,轉供,15.999,2026-05-13,7.2,於 2026-05-13 移轉 7.2 MWh
天能綠電股份有限公司,富宇太陽科技有限公司(富宇_雙十國中-活動中心),台灣積體電路製造股份有限公司,太陽能,轉供,15.999,2026-05-20,7.773,於 2026-05-20 移轉 7.773 MWh
天能綠電股份有限公司,富宇太陽科技有限公司(富宇_雙十國中-球場),台灣積體電路製造股份有限公司,太陽能,轉供,75.721,2026-05-13,38.678,於 2026-05-13 移轉 38.678 MWh
天能綠電股份有限公司,富宇太陽科技有限公司(富宇_雙十國中-球場),台灣積體電路製造股份有限公司,太陽能,轉供,75.721,2026-05-20,37.043,於 2026-05-20 移轉 37.043 MWh
天能綠電股份有限公司,粘吳美芳(尤壬克_佳泰商行特登工廠屋頂型太陽能電廠),英屬維京群島商德冠汽車有限公司台灣分公司,太陽能,轉供,40.38,2026-03-04,11.841,於 2026-03-04 移轉 11.841 MWh
天能綠電股份有限公司,粘吳美芳(尤壬克_佳泰商行特登工廠屋頂型太陽能電廠),英屬維京群島商德冠汽車有限公司台灣分公司,太陽能,轉供,40.38,2026-04-01,12.498,於 2026-04-01 移轉 12.498 MWh
天能綠電股份有限公司,粘吳美芳(尤壬克_佳泰商行特登工廠屋頂型太陽能電廠),英屬維京群島商德冠汽車有限公司台灣分公司,太陽能,轉供,40.38,2026-05-20,16.041,於 2026-05-20 移轉 16.041 MWh
天能綠電股份有限公司,粘吳美芳(尤壬克_佳泰商行農舍屋頂型太陽能電廠),英屬維京群島商德冠汽車有限公司台灣分公司,太陽能,轉供,17.272,2026-03-04,5.048,於 2026-03-04 移轉 5.048 MWh
天能綠電股份有限公司,粘吳美芳(尤壬克_佳泰商行農舍屋頂型太陽能電廠),英屬維京群島商德冠汽車有限公司台灣分公司,太陽能,轉供,17.272,2026-04-01,5.337,於 2026-04-01 移轉 5.337 MWh
天能綠電股份有限公司,粘吳美芳(尤壬克_佳泰商行農舍屋頂型太陽能電廠),英屬維京群島商德冠汽車有限公司台灣分公司,太陽能,轉供,17.272,2026-05-20,6.887,於 2026-05-20 移轉 6.887 MWh
天能綠電股份有限公司,怡甯企業社(怡甯_榮興木器行),台灣福雷電子股份有限公司,太陽能,轉供,71.86,2026-04-22,42.667,於 2026-04-22 移轉 42.667 MWh
天能綠電股份有限公司,怡甯企業社(怡甯_榮興木器行),台灣福雷電子股份有限公司,太陽能,轉供,71.86,2026-05-20,29.193,於 2026-05-20 移轉 29.193 MWh
天能綠電股份有限公司,展維實業股份有限公司(展維-福興鄉屋頂型太陽光電案場),台灣福雷電子股份有限公司,太陽能,轉供,150.084,2026-04-22,90.962,於 2026-04-22 移轉 90.962 MWh
天能綠電股份有限公司,展維實業股份有限公司(展維-福興鄉屋頂型太陽光電案場),台灣福雷電子股份有限公司,太陽能,轉供,150.084,2026-05-20,59.122,於 2026-05-20 移轉 59.122 MWh
天能綠電股份有限公司,豐光潔能有限公司(豐光_龔英珠屋頂型太陽光電案場),台灣積體電路製造股份有限公司,太陽能,轉供,42.416,2026-05-20,42.416,於 2026-05-20 移轉 42.416 MWh
天能綠電股份有限公司,光旭盈科技股份有限公司(光旭盈-大成園屋頂型太陽光電案場),台灣積體電路製造股份有限公司,太陽能,轉供,34.294,2026-04-01,11.038,於 2026-04-01 移轉 11.038 MWh
天能綠電股份有限公司,光旭盈科技股份有限公司(光旭盈-大成園屋頂型太陽光電案場),台灣積體電路製造股份有限公司,太陽能,轉供,34.294,2026-04-22,0.934,於 2026-04-22 移轉 0.934 MWh
天能綠電股份有限公司,光旭盈科技股份有限公司(光旭盈-大成園屋頂型太陽光電案場),台灣積體電路製造股份有限公司,太陽能,轉供,34.294,2026-05-13,5.789,於 2026-05-13 移轉 5.789 MWh
天能綠電股份有限公司,光旭盈科技股份有限公司(光旭盈-大成園屋頂型太陽光電案場),台灣積體電路製造股份有限公司,太陽能,轉供,34.294,2026-05-20,16.533,於 2026-05-20 移轉 16.533 MWh
天能綠電股份有限公司,豐光潔能有限公司(豐光_黃千紋屋頂型太陽光電案場),台灣積體電路製造股份有限公司,太陽能,轉供,28.174,2026-04-01,9.718,於 2026-04-01 移轉 9.718 MWh
天能綠電股份有限公司,豐光潔能有限公司(豐光_黃千紋屋頂型太陽光電案場),台灣積體電路製造股份有限公司,太陽能,轉供,28.174,2026-05-13,6.253,於 2026-05-13 移轉 6.253 MWh
天能綠電股份有限公司,豐光潔能有限公司(豐光_黃千紋屋頂型太陽光電案場),台灣積體電路製造股份有限公司,太陽能,轉供,28.174,2026-05-20,12.203,於 2026-05-20 移轉 12.203 MWh
天能綠電股份有限公司,光旭盈科技股份有限公司(光旭盈-久皇機械鹿港屋頂型太陽光電案場),台灣積體電路製造股份有限公司,太陽能,轉供,146.303,2026-05-13,131.063,於 2026-05-13 移轉 131.063 MWh
天能綠電股份有限公司,光旭盈科技股份有限公司(光旭盈-久皇機械鹿港屋頂型太陽光電案場),台灣積體電路製造股份有限公司,太陽能,轉供,146.303,2026-05-20,15.24,於 2026-05-20 移轉 15.24 MWh
天能綠電股份有限公司,豐光潔能有限公司(豐光_蔡阿煥屋頂型太陽光電案場),台灣積體電路製造股份有限公司,太陽能,轉供,39.607,2026-04-01,10.731,於 2026-04-01 移轉 10.731 MWh
天能綠電股份有限公司,豐光潔能有限公司(豐光_蔡阿煥屋頂型太陽光電案場),台灣積體電路製造股份有限公司,太陽能,轉供,39.607,2026-04-22,0.961,於 2026-04-22 移轉 0.961 MWh
天能綠電股份有限公司,豐光潔能有限公司(豐光_蔡阿煥屋頂型太陽光電案場),台灣積體電路製造股份有限公司,太陽能,轉供,39.607,2026-05-13,8.197,於 2026-05-13 移轉 8.197 MWh
天能綠電股份有限公司,豐光潔能有限公司(豐光_蔡阿煥屋頂型太陽光電案場),台灣積體電路製造股份有限公司,太陽能,轉供,39.607,2026-05-20,19.718,於 2026-05-20 移轉 19.718 MWh
天能綠電股份有限公司,光旭盈科技股份有限公司(光旭盈-鋐昇實業屋頂型太陽光電案場),台灣積體電路製造股份有限公司,太陽能,轉供,143.971,2026-04-01,46.599,於 2026-04-01 移轉 46.599 MWh
天能綠電股份有限公司,光旭盈科技股份有限公司(光旭盈-鋐昇實業屋頂型太陽光電案場),台灣積體電路製造股份有限公司,太陽能,轉供,143.971,2026-05-13,27.313,於 2026-05-13 移轉 27.313 MWh
天能綠電股份有限公司,光旭盈科技股份有限公司(光旭盈-鋐昇實業屋頂型太陽光電案場),台灣積體電路製造股份有限公司,太陽能,轉供,143.971,2026-05-20,70.059,於 2026-05-20 移轉 70.059 MWh
天能綠電股份有限公司,光旭盈科技股份有限公司(光旭盈蕭川和一二三期屋頂型太陽光電案場),台灣積體電路製造股份有限公司,太陽能,轉供,265.246,2026-04-01,95.737,於 2026-04-01 移轉 95.737 MWh
天能綠電股份有限公司,光旭盈科技股份有限公司(光旭盈蕭川和一二三期屋頂型太陽光電案場),台灣積體電路製造股份有限公司,太陽能,轉供,265.246,2026-05-13,58.914,於 2026-05-13 移轉 58.914 MWh
天能綠電股份有限公司,光旭盈科技股份有限公司(光旭盈蕭川和一二三期屋頂型太陽光電案場),台灣積體電路製造股份有限公司,太陽能,轉供,265.246,2026-05-20,110.595,於 2026-05-20 移轉 110.595 MWh
天能綠電股份有限公司,禾興開發股份有限公司(禾興開發屋頂型太陽能電廠),保誠人壽保險股份有限公司,太陽能,轉供,24.727,2026-04-22,14.168,於 2026-04-22 移轉 14.168 MWh
天能綠電股份有限公司,禾興開發股份有限公司(禾興開發屋頂型太陽能電廠),保誠人壽保險股份有限公司,太陽能,轉供,24.727,2026-05-20,10.559,於 2026-05-20 移轉 10.559 MWh
天能綠電股份有限公司,日鼎綠能股份有限公司(日鼎-李俊賢室內養殖屋頂型太陽光案場),台灣積體電路製造股份有限公司,太陽能,轉供,40.962,2026-05-13,40.962,於 2026-05-13 移轉 40.962 MWh
天能綠電股份有限公司,日鼎綠能股份有限公司(日鼎-浩羚國際屋頂型太陽光案場),台灣積體電路製造股份有限公司,太陽能,轉供,70.588,2026-05-13,70.588,於 2026-05-13 移轉 70.588 MWh
天能綠電股份有限公司,日鼎綠能股份有限公司(日鼎-興國高中屋頂型太陽光案場),台灣積體電路製造股份有限公司,太陽能,轉供,53.975,2026-05-13,53.975,於 2026-05-13 移轉 53.975 MWh
天能綠電股份有限公司,日鼎綠能股份有限公司(日鼎-清福長照屋頂型太陽光案場),台灣積體電路製造股份有限公司,太陽能,轉供,20.988,2026-04-01,20.988,於 2026-04-01 移轉 20.988 MWh
天能綠電股份有限公司,日鼎綠能股份有限公司(日鼎-蘇仁傳雞舍屋頂型太陽光案場),台灣積體電路製造股份有限公司,太陽能,轉供,41.812,2026-04-01,41.812,於 2026-04-01 移轉 41.812 MWh
天能綠電股份有限公司,日鼎綠能股份有限公司(日鼎-呂昆墻鵝舍屋頂型太陽光電案場),台灣積體電路製造股份有限公司,太陽能,轉供,20.107,2026-05-13,20.107,於 2026-05-13 移轉 20.107 MWh
天能綠電股份有限公司,震豐太陽能能源有限公司(震豐_南投碧山南屋頂型),台灣富士電子材料股份有限公司,太陽能,轉供,4.821,2026-03-18,1.454,於 2026-03-18 移轉 1.454 MWh
天能綠電股份有限公司,震豐太陽能能源有限公司(震豐_南投碧山南屋頂型),台灣富士電子材料股份有限公司,太陽能,轉供,4.821,2026-04-01,1.494,於 2026-04-01 移轉 1.494 MWh
天能綠電股份有限公司,震豐太陽能能源有限公司(震豐_南投碧山南屋頂型),台灣富士電子材料股份有限公司,太陽能,轉供,4.821,2026-05-20,1.873,於 2026-05-20 移轉 1.873 MWh
天能綠電股份有限公司,金寶能源有限公司(金寶-龔錦亮二期屋頂型太陽光電案場),台灣積體電路製造股份有限公司,太陽能,轉供,33.224,2026-05-20,33.224,於 2026-05-20 移轉 33.224 MWh
天能綠電股份有限公司,晨祐能源有限公司(晨祐_金元寶_屋頂型太陽光案場),欣銓科技股份有限公司,太陽能,轉供,29.542,2026-04-29,17.603,於 2026-04-29 移轉 17.603 MWh
天能綠電股份有限公司,晨祐能源有限公司(晨祐_金元寶_屋頂型太陽光案場),欣銓科技股份有限公司,太陽能,轉供,29.542,2026-05-20,11.939,於 2026-05-20 移轉 11.939 MWh
天能綠電股份有限公司,鼎全工程行(鼎全工程-忠孝國小一期屋頂型太陽光案場),台灣積體電路製造股份有限公司,太陽能,轉供,7.315,2026-04-22,7.315,於 2026-04-22 移轉 7.315 MWh
天能綠電股份有限公司,鼎全能源有限公司(鼎全_鳳林國小一期&二期太陽光案場),台灣積體電路製造股份有限公司,太陽能,轉供,34.259,2026-04-22,34.259,於 2026-04-22 移轉 34.259 MWh
天能綠電股份有限公司,國紡企業股份有限公司(國紡企業一&二期屋頂型太陽光電案場),廣達電腦股份有限公司,太陽能,轉供,199.626,2026-04-22,123.126,於 2026-04-22 移轉 123.126 MWh
天能綠電股份有限公司,國紡企業股份有限公司(國紡企業一&二期屋頂型太陽光電案場),廣達電腦股份有限公司,太陽能,轉供,199.626,2026-05-20,76.5,於 2026-05-20 移轉 76.5 MWh
天能綠電股份有限公司,龐誼綠能科技股份有限公司(龐誼綠能-屏東南州華盛屏東縣太陽光電案場),金像電子股份有限公司,太陽能,轉供,75.662,2026-03-04,22.853,於 2026-03-04 移轉 22.853 MWh
天能綠電股份有限公司,龐誼綠能科技股份有限公司(龐誼綠能-屏東南州華盛屏東縣太陽光電案場),金像電子股份有限公司,太陽能,轉供,75.662,2026-04-01,23.377,於 2026-04-01 移轉 23.377 MWh
天能綠電股份有限公司,龐誼綠能科技股份有限公司(龐誼綠能-屏東南州華盛屏東縣太陽光電案場),金像電子股份有限公司,太陽能,轉供,75.662,2026-05-20,29.432,於 2026-05-20 移轉 29.432 MWh
天能綠電股份有限公司,龐誼綠能科技股份有限公司(龐誼綠能-屏東萬巒吾老莊屏東縣太陽光電案場),金像電子股份有限公司,太陽能,轉供,53.412,2026-03-04,16.008,於 2026-03-04 移轉 16.008 MWh
天能綠電股份有限公司,龐誼綠能科技股份有限公司(龐誼綠能-屏東萬巒吾老莊屏東縣太陽光電案場),金像電子股份有限公司,太陽能,轉供,53.412,2026-04-01,15.978,於 2026-04-01 移轉 15.978 MWh
天能綠電股份有限公司,龐誼綠能科技股份有限公司(龐誼綠能-屏東萬巒吾老莊屏東縣太陽光電案場),金像電子股份有限公司,太陽能,轉供,53.412,2026-05-20,21.426,於 2026-05-20 移轉 21.426 MWh
天能綠電股份有限公司,龐誼綠能科技股份有限公司(龐誼綠能-台中龍井協建台中市太陽光電案場),金像電子股份有限公司,太陽能,轉供,67.36,2026-03-11,17.919,於 2026-03-11 移轉 17.919 MWh
天能綠電股份有限公司,龐誼綠能科技股份有限公司(龐誼綠能-台中龍井協建台中市太陽光電案場),金像電子股份有限公司,太陽能,轉供,67.36,2026-04-01,19.717,於 2026-04-01 移轉 19.717 MWh
天能綠電股份有限公司,龐誼綠能科技股份有限公司(龐誼綠能-台中龍井協建台中市太陽光電案場),金像電子股份有限公司,太陽能,轉供,67.36,2026-05-20,29.724,於 2026-05-20 移轉 29.724 MWh
天能綠電股份有限公司,國盛鋼鐵股份有限公司(國盛鋼鐵二期-彰化縣彰化市屋頂型太陽光電案場),京元電子股份有限公司銅鑼分公司,太陽能,轉供,9.425,2026-04-22,9.425,於 2026-04-22 移轉 9.425 MWh
天能綠電股份有限公司,恆水創電股份有限公司(恆水創電-宜蘭安農溪萬富圳水力發電案場),台灣積體電路製造股份有限公司,水力能,轉供,59.296,2026-04-01,36.531,於 2026-04-01 移轉 36.531 MWh
天能綠電股份有限公司,恆水創電股份有限公司(恆水創電-宜蘭安農溪萬富圳水力發電案場),台灣積體電路製造股份有限公司,水力能,轉供,59.296,2026-05-13,22.765,於 2026-05-13 移轉 22.765 MWh
天能綠電股份有限公司,聯合再生能源股份有限公司(聯合再生02-武漢國小桃園市龍潭區屋頂型太陽能光電場),台灣福雷電子股份有限公司,太陽能,轉供,81.915,2026-04-22,48.839,於 2026-04-22 移轉 48.839 MWh
天能綠電股份有限公司,聯合再生能源股份有限公司(聯合再生02-武漢國小桃園市龍潭區屋頂型太陽能光電場),台灣福雷電子股份有限公司,太陽能,轉供,81.915,2026-05-20,33.076,於 2026-05-20 移轉 33.076 MWh
天能綠電股份有限公司,聯合再生能源股份有限公司(聯合再生04-復旦國小桃園市平鎮區屋頂型太陽能光電場),台灣福雷電子股份有限公司,太陽能,轉供,49.765,2026-04-22,30.161,於 2026-04-22 移轉 30.161 MWh
天能綠電股份有限公司,聯合再生能源股份有限公司(聯合再生04-復旦國小桃園市平鎮區屋頂型太陽能光電場),台灣福雷電子股份有限公司,太陽能,轉供,49.765,2026-05-20,19.604,於 2026-05-20 移轉 19.604 MWh
天能綠電股份有限公司,聯合再生能源股份有限公司(聯合再生05-忠貞國小桃園市平鎮區屋頂型太陽能光電場),台灣福雷電子股份有限公司,太陽能,轉供,76.518,2026-04-22,45.497,於 2026-04-22 移轉 45.497 MWh
天能綠電股份有限公司,聯合再生能源股份有限公司(聯合再生05-忠貞國小桃園市平鎮區屋頂型太陽能光電場),台灣福雷電子股份有限公司,太陽能,轉供,76.518,2026-05-20,31.021,於 2026-05-20 移轉 31.021 MWh
天能綠電股份有限公司,聯合再生能源股份有限公司(聯合再生09-平南國中桃園市平鎮區屋頂型太陽能光電場),台灣福雷電子股份有限公司,太陽能,轉供,46.896,2026-04-22,28.007,於 2026-04-22 移轉 28.007 MWh
天能綠電股份有限公司,聯合再生能源股份有限公司(聯合再生09-平南國中桃園市平鎮區屋頂型太陽能光電場),台灣福雷電子股份有限公司,太陽能,轉供,46.896,2026-05-20,18.889,於 2026-05-20 移轉 18.889 MWh
天能綠電股份有限公司,聯合再生能源股份有限公司(聯合再生10-草漯國中桃園市觀音區屋頂型太陽能光電場),台灣福雷電子股份有限公司,太陽能,轉供,50.791,2026-04-22,30.547,於 2026-04-22 移轉 30.547 MWh
天能綠電股份有限公司,聯合再生能源股份有限公司(聯合再生10-草漯國中桃園市觀音區屋頂型太陽能光電場),台灣福雷電子股份有限公司,太陽能,轉供,50.791,2026-05-20,20.244,於 2026-05-20 移轉 20.244 MWh
天能綠電股份有限公司,聯合再生能源股份有限公司(聯合再生11-潛龍國小桃園市龍潭區屋頂型太陽能光電場),台灣福雷電子股份有限公司,太陽能,轉供,38.94,2026-04-22,20.456,於 2026-04-22 移轉 20.456 MWh
天能綠電股份有限公司,聯合再生能源股份有限公司(聯合再生11-潛龍國小桃園市龍潭區屋頂型太陽能光電場),台灣福雷電子股份有限公司,太陽能,轉供,38.94,2026-05-20,18.484,於 2026-05-20 移轉 18.484 MWh
天能綠電股份有限公司,聯合再生能源股份有限公司(聯合再生12-德龍國小桃園市龍潭區屋頂型太陽能光電場),台灣福雷電子股份有限公司,太陽能,轉供,43.858,2026-04-22,26.438,於 2026-04-22 移轉 26.438 MWh
天能綠電股份有限公司,聯合再生能源股份有限公司(聯合再生12-德龍國小桃園市龍潭區屋頂型太陽能光電場),台灣福雷電子股份有限公司,太陽能,轉供,43.858,2026-05-20,17.42,於 2026-05-20 移轉 17.42 MWh
天能綠電股份有限公司,聯合再生能源股份有限公司(聯合再生20-石門國中桃園市龍潭區屋頂型太陽能光電場),台灣福雷電子股份有限公司,太陽能,轉供,64.777,2026-04-22,45.216,於 2026-04-22 移轉 45.216 MWh
天能綠電股份有限公司,聯合再生能源股份有限公司(聯合再生20-石門國中桃園市龍潭區屋頂型太陽能光電場),台灣福雷電子股份有限公司,太陽能,轉供,64.777,2026-05-20,19.561,於 2026-05-20 移轉 19.561 MWh
天能綠電股份有限公司,聯合再生能源股份有限公司(聯合再生21-凌雲國中桃園市龍潭區屋頂型太陽能光電場),台灣福雷電子股份有限公司,太陽能,轉供,24.658,2026-04-22,14.855,於 2026-04-22 移轉 14.855 MWh
天能綠電股份有限公司,聯合再生能源股份有限公司(聯合再生21-凌雲國中桃園市龍潭區屋頂型太陽能光電場),台灣福雷電子股份有限公司,太陽能,轉供,24.658,2026-05-20,9.803,於 2026-05-20 移轉 9.803 MWh
天能綠電股份有限公司,聯合再生能源股份有限公司(聯合再生22-龍潭國中桃園市龍潭區屋頂型太陽能光電場),台灣福雷電子股份有限公司,太陽能,轉供,44.588,2026-04-22,27.017,於 2026-04-22 移轉 27.017 MWh
天能綠電股份有限公司,聯合再生能源股份有限公司(聯合再生22-龍潭國中桃園市龍潭區屋頂型太陽能光電場),台灣福雷電子股份有限公司,太陽能,轉供,44.588,2026-05-20,17.571,於 2026-05-20 移轉 17.571 MWh
天能綠電股份有限公司,聯合再生能源股份有限公司(聯合再生23-平興國小桃園市平鎮區屋頂型太陽能光電場),台灣福雷電子股份有限公司,太陽能,轉供,31.975,2026-04-22,19.125,於 2026-04-22 移轉 19.125 MWh
天能綠電股份有限公司,聯合再生能源股份有限公司(聯合再生23-平興國小桃園市平鎮區屋頂型太陽能光電場),台灣福雷電子股份有限公司,太陽能,轉供,31.975,2026-05-20,12.85,於 2026-05-20 移轉 12.85 MWh
天能綠電股份有限公司,聯合再生能源股份有限公司(聯合再生24-東安國中桃園市平鎮區屋頂型太陽能光電場),台灣福雷電子股份有限公司,太陽能,轉供,25.167,2026-04-22,15.013,於 2026-04-22 移轉 15.013 MWh
天能綠電股份有限公司,聯合再生能源股份有限公司(聯合再生24-東安國中桃園市平鎮區屋頂型太陽能光電場),台灣福雷電子股份有限公司,太陽能,轉供,25.167,2026-05-20,10.154,於 2026-05-20 移轉 10.154 MWh
天能綠電股份有限公司,聯合再生能源股份有限公司(聯合再生25-南勢國小桃園市平鎮區屋頂型太陽能光電場),台灣福雷電子股份有限公司,太陽能,轉供,23.456,2026-04-22,14.075,於 2026-04-22 移轉 14.075 MWh
天能綠電股份有限公司,聯合再生能源股份有限公司(聯合再生25-南勢國小桃園市平鎮區屋頂型太陽能光電場),台灣福雷電子股份有限公司,太陽能,轉供,23.456,2026-05-20,9.381,於 2026-05-20 移轉 9.381 MWh
天能綠電股份有限公司,聯合再生能源股份有限公司(聯合再生27-平鎮國中桃園市平鎮區屋頂型太陽能光電場),台灣福雷電子股份有限公司,太陽能,轉供,95.628,2026-04-22,55.209,於 2026-04-22 移轉 55.209 MWh
天能綠電股份有限公司,聯合再生能源股份有限公司(聯合再生27-平鎮國中桃園市平鎮區屋頂型太陽能光電場),台灣福雷電子股份有限公司,太陽能,轉供,95.628,2026-05-20,40.419,於 2026-05-20 移轉 40.419 MWh
天能綠電股份有限公司,聯合再生能源股份有限公司(聯合再生30-崙坪國小桃園市觀音區屋頂型太陽能光電場),台灣福雷電子股份有限公司,太陽能,轉供,55.184,2026-04-22,33.375,於 2026-04-22 移轉 33.375 MWh
天能綠電股份有限公司,聯合再生能源股份有限公司(聯合再生30-崙坪國小桃園市觀音區屋頂型太陽能光電場),台灣福雷電子股份有限公司,太陽能,轉供,55.184,2026-05-20,21.809,於 2026-05-20 移轉 21.809 MWh
天能綠電股份有限公司,旭日新有限公司(旭日新-雲林口湖案場87.58kw地面型太陽能電廠),京元電子股份有限公司銅鑼分公司,太陽能,轉供,26.294,2026-04-22,20.126,於 2026-04-22 移轉 20.126 MWh
天能綠電股份有限公司,旭日新有限公司(旭日新-雲林口湖案場87.58kw地面型太陽能電廠),京元電子股份有限公司銅鑼分公司,太陽能,轉供,26.294,2026-05-20,6.168,於 2026-05-20 移轉 6.168 MWh
天能綠電股份有限公司,中曜峰有限公司(中曜峰-高雄大寮區高全存屋頂型太陽光電案場),台灣積體電路製造股份有限公司,太陽能,轉供,89.064,2026-04-22,54.651,於 2026-04-22 移轉 54.651 MWh
天能綠電股份有限公司,中曜峰有限公司(中曜峰-高雄大寮區高全存屋頂型太陽光電案場),台灣積體電路製造股份有限公司,太陽能,轉供,89.064,2026-05-20,34.413,於 2026-05-20 移轉 34.413 MWh
天能綠電股份有限公司,中曜峰有限公司(中曜峰-高雄大學屋頂型太陽光電案場),台灣積體電路製造股份有限公司,太陽能,轉供,18.746,2026-04-22,10.997,於 2026-04-22 移轉 10.997 MWh
天能綠電股份有限公司,中曜峰有限公司(中曜峰-高雄大學屋頂型太陽光電案場),台灣積體電路製造股份有限公司,太陽能,轉供,18.746,2026-05-20,7.749,於 2026-05-20 移轉 7.749 MWh
天能綠電股份有限公司,勝隆纖維股份有限公司(勝隆纖維一期(3)-彰化縣和美鎮屋頂型太陽光電案場),欣銓科技股份有限公司,太陽能,轉供,37.503,2026-03-25,18.312,於 2026-03-25 移轉 18.312 MWh
天能綠電股份有限公司,勝隆纖維股份有限公司(勝隆纖維一期(3)-彰化縣和美鎮屋頂型太陽光電案場),欣銓科技股份有限公司,太陽能,轉供,37.503,2026-04-01,19.191,於 2026-04-01 移轉 19.191 MWh
天能綠電股份有限公司,倫達紙器有限公司(倫達紙器-屋頂型太陽能電廠),三中港奧特萊斯股份有限公司,太陽能,轉供,61.512,2026-03-18,18.053,於 2026-03-18 移轉 18.053 MWh
天能綠電股份有限公司,倫達紙器有限公司(倫達紙器-屋頂型太陽能電廠),三中港奧特萊斯股份有限公司,太陽能,轉供,61.512,2026-04-01,19.084,於 2026-04-01 移轉 19.084 MWh
天能綠電股份有限公司,倫達紙器有限公司(倫達紙器-屋頂型太陽能電廠),三中港奧特萊斯股份有限公司,太陽能,轉供,61.512,2026-05-20,24.375,於 2026-05-20 移轉 24.375 MWh
天能綠電股份有限公司,良橙工程有限公司(良橙_清福本館屋頂型太陽光電案場),京元電子股份有限公司銅鑼分公司,太陽能,轉供,52.346,2026-04-22,39.804,於 2026-04-22 移轉 39.804 MWh
天能綠電股份有限公司,良橙工程有限公司(良橙_清福本館屋頂型太陽光電案場),京元電子股份有限公司銅鑼分公司,太陽能,轉供,52.346,2026-05-20,12.542,於 2026-05-20 移轉 12.542 MWh
天能綠電股份有限公司,勝隆纖維股份有限公司(勝隆纖維二期(1)-彰化縣和美鎮屋頂型太陽光電案場),欣銓科技股份有限公司,太陽能,轉供,211.615,2026-03-25,103.693,於 2026-03-25 移轉 103.693 MWh
天能綠電股份有限公司,勝隆纖維股份有限公司(勝隆纖維二期(1)-彰化縣和美鎮屋頂型太陽光電案場),欣銓科技股份有限公司,太陽能,轉供,211.615,2026-04-01,107.922,於 2026-04-01 移轉 107.922 MWh
天能綠電股份有限公司,勝隆纖維股份有限公司(勝隆纖維二期(2)-彰化縣和美鎮屋頂型太陽光電案場),欣銓科技股份有限公司,太陽能,轉供,67.051,2026-03-25,32.519,於 2026-03-25 移轉 32.519 MWh
天能綠電股份有限公司,勝隆纖維股份有限公司(勝隆纖維二期(2)-彰化縣和美鎮屋頂型太陽光電案場),欣銓科技股份有限公司,太陽能,轉供,67.051,2026-04-01,34.532,於 2026-04-01 移轉 34.532 MWh
天能綠電股份有限公司,立鼎科技實業社(立鼎科技-李鴻怡屋頂型太陽能電廠),京元電子股份有限公司銅鑼分公司,太陽能,轉供,67.301,2026-04-22,51.422,於 2026-04-22 移轉 51.422 MWh
天能綠電股份有限公司,立鼎科技實業社(立鼎科技-李鴻怡屋頂型太陽能電廠),京元電子股份有限公司銅鑼分公司,太陽能,轉供,67.301,2026-05-20,15.879,於 2026-05-20 移轉 15.879 MWh
天能綠電股份有限公司,宜昌家具行(宜昌家具屋頂型太陽光電案場),京元電子股份有限公司銅鑼分公司,太陽能,轉供,50.578,2026-04-22,38.337,於 2026-04-22 移轉 38.337 MWh
天能綠電股份有限公司,宜昌家具行(宜昌家具屋頂型太陽光電案場),京元電子股份有限公司銅鑼分公司,太陽能,轉供,50.578,2026-05-20,12.241,於 2026-05-20 移轉 12.241 MWh
天能綠電股份有限公司,厚聚能源開發股份有限公司(厚聚-臺南市佳里區海澄里萊芊寮(佳里三桓)),京元電子股份有限公司銅鑼分公司,太陽能,轉供,95.388,2026-04-22,70.496,於 2026-04-22 移轉 70.496 MWh
天能綠電股份有限公司,厚聚能源開發股份有限公司(厚聚-臺南市佳里區海澄里萊芊寮(佳里三桓)),京元電子股份有限公司銅鑼分公司,太陽能,轉供,95.388,2026-05-20,24.892,於 2026-05-20 移轉 24.892 MWh
天能綠電股份有限公司,普洛能源有限公司(普洛能源-雲林縣東勢鄉程南路46號屋頂型(伍聯畜牧場)),台灣福雷電子股份有限公司,太陽能,轉供,427.902,2026-04-22,257.017,於 2026-04-22 移轉 257.017 MWh
天能綠電股份有限公司,普洛能源有限公司(普洛能源-雲林縣東勢鄉程南路46號屋頂型(伍聯畜牧場)),台灣福雷電子股份有限公司,太陽能,轉供,427.902,2026-05-20,170.885,於 2026-05-20 移轉 170.885 MWh
天能綠電股份有限公司,早安農場即負責人洪文琪(早安農場一期屋頂型太陽光電案場),京元電子股份有限公司銅鑼分公司,太陽能,轉供,43.638,2026-04-22,43.638,於 2026-04-22 移轉 43.638 MWh
天能綠電股份有限公司,蕭進德(蕭進德屋頂型太陽光電案場),京元電子股份有限公司銅鑼分公司,太陽能,轉供,40.881,2026-04-22,31.339,於 2026-04-22 移轉 31.339 MWh
天能綠電股份有限公司,蕭進德(蕭進德屋頂型太陽光電案場),京元電子股份有限公司銅鑼分公司,太陽能,轉供,40.881,2026-05-20,9.542,於 2026-05-20 移轉 9.542 MWh
天能綠電股份有限公司,凱暉家具企業有限公司(凱暉新北鶯歌屋頂型太陽光電案場),台灣福雷電子股份有限公司,太陽能,轉供,108.877,2026-04-22,64.212,於 2026-04-22 移轉 64.212 MWh
天能綠電股份有限公司,凱暉家具企業有限公司(凱暉新北鶯歌屋頂型太陽光電案場),台灣福雷電子股份有限公司,太陽能,轉供,108.877,2026-05-20,44.665,於 2026-05-20 移轉 44.665 MWh
天能綠電股份有限公司,光旭盈科技股份有限公司(光旭盈-謝中豪菇寮屋頂型太陽光電案場),台灣積體電路製造股份有限公司,太陽能,轉供,27.263,2026-04-22,11.284,於 2026-04-22 移轉 11.284 MWh
天能綠電股份有限公司,光旭盈科技股份有限公司(光旭盈-謝中豪菇寮屋頂型太陽光電案場),台灣積體電路製造股份有限公司,太陽能,轉供,27.263,2026-05-13,3.778,於 2026-05-13 移轉 3.778 MWh
天能綠電股份有限公司,光旭盈科技股份有限公司(光旭盈-謝中豪菇寮屋頂型太陽光電案場),台灣積體電路製造股份有限公司,太陽能,轉供,27.263,2026-05-20,12.201,於 2026-05-20 移轉 12.201 MWh
天能綠電股份有限公司,光旭盈科技股份有限公司(光旭盈_張碩烝一期_屋頂型太陽光電案場),台灣積體電路製造股份有限公司,太陽能,轉供,125.638,2026-04-22,40.139,於 2026-04-22 移轉 40.139 MWh
天能綠電股份有限公司,光旭盈科技股份有限公司(光旭盈_張碩烝一期_屋頂型太陽光電案場),台灣積體電路製造股份有限公司,太陽能,轉供,125.638,2026-05-13,23.699,於 2026-05-13 移轉 23.699 MWh
天能綠電股份有限公司,光旭盈科技股份有限公司(光旭盈_張碩烝一期_屋頂型太陽光電案場),台灣積體電路製造股份有限公司,太陽能,轉供,125.638,2026-05-20,61.8,於 2026-05-20 移轉 61.8 MWh
天能綠電股份有限公司,鼎勝能源科技有限公司(鼎勝_台南官田_屋頂型太陽光電案場),英業達股份有限公司,太陽能,轉供,71.071,2026-04-22,42.267,於 2026-04-22 移轉 42.267 MWh
天能綠電股份有限公司,鼎勝能源科技有限公司(鼎勝_台南官田_屋頂型太陽光電案場),英業達股份有限公司,太陽能,轉供,71.071,2026-05-20,28.804,於 2026-05-20 移轉 28.804 MWh
天能綠電股份有限公司,晶豪農業社(晶豪_郭俊億菇舍一期屋頂型太陽光電案場),台灣積體電路製造股份有限公司,太陽能,轉供,42.245,2026-05-20,42.245,於 2026-05-20 移轉 42.245 MWh
天能綠電股份有限公司,晶豪農業社(晶豪_郭俊億菇舍二期屋頂型太陽光電案場),台灣積體電路製造股份有限公司,太陽能,轉供,20.186,2026-05-20,20.186,於 2026-05-20 移轉 20.186 MWh
天能綠電股份有限公司,勝皇科技股份有限公司(勝皇科技_06屏東仙吉國小屋頂型太陽光電案場),京元電子股份有限公司銅鑼分公司,太陽能,轉供,25.705,2026-04-22,19.108,於 2026-04-22 移轉 19.108 MWh
天能綠電股份有限公司,勝皇科技股份有限公司(勝皇科技_06屏東仙吉國小屋頂型太陽光電案場),京元電子股份有限公司銅鑼分公司,太陽能,轉供,25.705,2026-05-20,6.597,於 2026-05-20 移轉 6.597 MWh
天能綠電股份有限公司,勝皇科技股份有限公司(勝皇科技_07屏東玉光國小屋頂型太陽光電案場),京元電子股份有限公司銅鑼分公司,太陽能,轉供,19.49,2026-04-22,14.672,於 2026-04-22 移轉 14.672 MWh
天能綠電股份有限公司,勝皇科技股份有限公司(勝皇科技_07屏東玉光國小屋頂型太陽光電案場),京元電子股份有限公司銅鑼分公司,太陽能,轉供,19.49,2026-05-20,4.818,於 2026-05-20 移轉 4.818 MWh
天能綠電股份有限公司,勝皇科技股份有限公司(勝皇科技_08屏東獅子國中屋頂型太陽光電案場),京元電子股份有限公司銅鑼分公司,太陽能,轉供,26.753,2026-04-22,20.616,於 2026-04-22 移轉 20.616 MWh
天能綠電股份有限公司,勝皇科技股份有限公司(勝皇科技_08屏東獅子國中屋頂型太陽光電案場),京元電子股份有限公司銅鑼分公司,太陽能,轉供,26.753,2026-05-20,6.137,於 2026-05-20 移轉 6.137 MWh
天能綠電股份有限公司,勝皇科技股份有限公司(勝皇科技_10高雄大樹玻璃廠房屋頂型太陽光電案場),京元電子股份有限公司銅鑼分公司,太陽能,轉供,54.148,2026-04-22,40.226,於 2026-04-22 移轉 40.226 MWh
天能綠電股份有限公司,勝皇科技股份有限公司(勝皇科技_10高雄大樹玻璃廠房屋頂型太陽光電案場),京元電子股份有限公司銅鑼分公司,太陽能,轉供,54.148,2026-05-20,13.922,於 2026-05-20 移轉 13.922 MWh
天能綠電股份有限公司,早安農場即負責人洪文琪(早安農場二期屋頂型太陽光電案場),京元電子股份有限公司銅鑼分公司,太陽能,轉供,20.619,2026-04-22,20.619,於 2026-04-22 移轉 20.619 MWh
天能綠電股份有限公司,惠昇實業社(惠昇_翁崑林一期屋頂型太陽光電案場),台灣積體電路製造股份有限公司,太陽能,轉供,30.54,2026-04-22,30.54,於 2026-04-22 移轉 30.54 MWh
天能綠電股份有限公司,惠昇實業社(惠昇_翁崑林一期屋頂型太陽光電案場),台灣富士電子材料股份有限公司,太陽能,轉供,75.207,2026-05-13,32.812,於 2026-05-13 移轉 32.812 MWh
天能綠電股份有限公司,惠昇實業社(惠昇_翁崑林一期屋頂型太陽光電案場),台灣富士電子材料股份有限公司,太陽能,轉供,75.207,2026-05-20,42.395,於 2026-05-20 移轉 42.395 MWh
天能綠電股份有限公司,惠昇實業社(惠昇_翁崑林二期屋頂型太陽光電案場),台灣積體電路製造股份有限公司,太陽能,轉供,8.714,2026-04-22,8.714,於 2026-04-22 移轉 8.714 MWh
天能綠電股份有限公司,惠昇實業社(惠昇_翁崑林二期屋頂型太陽光電案場),台灣富士電子材料股份有限公司,太陽能,轉供,21.627,2026-05-13,9.402,於 2026-05-13 移轉 9.402 MWh
天能綠電股份有限公司,惠昇實業社(惠昇_翁崑林二期屋頂型太陽光電案場),台灣富士電子材料股份有限公司,太陽能,轉供,21.627,2026-05-20,12.225,於 2026-05-20 移轉 12.225 MWh
天能綠電股份有限公司,凱格綠能科技有限公司(凱格_雲林元長屋頂型太陽光電案場),台灣積體電路製造股份有限公司,太陽能,轉供,190.672,2026-05-13,190.672,於 2026-05-13 移轉 190.672 MWh
天能綠電股份有限公司,旭日新有限公司(旭日新-台南案場76.16kw地面型太陽能電廠),京元電子股份有限公司銅鑼分公司,太陽能,轉供,12.009,2026-04-22,8.54,於 2026-04-22 移轉 8.54 MWh
天能綠電股份有限公司,旭日新有限公司(旭日新-台南案場76.16kw地面型太陽能電廠),京元電子股份有限公司銅鑼分公司,太陽能,轉供,12.009,2026-05-20,3.469,於 2026-05-20 移轉 3.469 MWh
天能綠電股份有限公司,長嘉能源股份有限公司(第一管顧-長嘉能源_彰化特力屋屋頂型太陽能電廠),台灣福雷電子股份有限公司,太陽能,轉供,153.798,2026-04-22,92.39,於 2026-04-22 移轉 92.39 MWh
天能綠電股份有限公司,長嘉能源股份有限公司(第一管顧-長嘉能源_彰化特力屋屋頂型太陽能電廠),台灣福雷電子股份有限公司,太陽能,轉供,153.798,2026-05-20,61.408,於 2026-05-20 移轉 61.408 MWh
天能綠電股份有限公司,裕電能源股份有限公司(裕電_彰化芳苑全基木業廠房24號_屋頂型太陽光電案場),台灣積體電路製造股份有限公司,太陽能,轉供,11.232,2026-05-20,11.232,於 2026-05-20 移轉 11.232 MWh
天能綠電股份有限公司,新鑫股份有限公司(新鑫_桃園楊梅_毅達吸管_屋頂型太陽光電案場),台灣積體電路製造股份有限公司,太陽能,轉供,16.818,2026-05-20,16.818,於 2026-05-20 移轉 16.818 MWh
天能綠電股份有限公司,新鑫股份有限公司(新鑫_高雄_梓官漁港二路漁會_屋頂型太陽光電案場),台灣積體電路製造股份有限公司,太陽能,轉供,12.872,2026-05-20,12.872,於 2026-05-20 移轉 12.872 MWh
天能綠電股份有限公司,新鑫股份有限公司(新鑫_高雄梓官_怡美廠房(吳登仕)屋頂型太陽光電案場),台灣積體電路製造股份有限公司,太陽能,轉供,8.541,2026-05-20,8.541,於 2026-05-20 移轉 8.541 MWh
天能綠電股份有限公司,新鑫股份有限公司(新鑫_雲林縣北港鎮蘇鴻熙_屋頂型太陽光電案場),台灣積體電路製造股份有限公司,太陽能,轉供,9.081,2026-05-20,9.081,於 2026-05-20 移轉 9.081 MWh
天能綠電股份有限公司,秋精有限公司(秋精_雲林土庫一&二期屋頂型太陽光電案場),欣銓科技股份有限公司,太陽能,轉供,160.137,2026-03-25,46.176,於 2026-03-25 移轉 46.176 MWh
天能綠電股份有限公司,秋精有限公司(秋精_雲林土庫一&二期屋頂型太陽光電案場),欣銓科技股份有限公司,太陽能,轉供,160.137,2026-04-22,49.905,於 2026-04-22 移轉 49.905 MWh
天能綠電股份有限公司,秋精有限公司(秋精_雲林土庫一&二期屋頂型太陽光電案場),欣銓科技股份有限公司,太陽能,轉供,160.137,2026-05-20,64.056,於 2026-05-20 移轉 64.056 MWh
天能綠電股份有限公司,鼎勝能源科技有限公司(鼎勝_台南將軍_屋頂型太陽光電案場),英業達股份有限公司,太陽能,轉供,30.711,2026-04-22,17.973,於 2026-04-22 移轉 17.973 MWh
天能綠電股份有限公司,鼎勝能源科技有限公司(鼎勝_台南將軍_屋頂型太陽光電案場),英業達股份有限公司,太陽能,轉供,30.711,2026-05-20,12.738,於 2026-05-20 移轉 12.738 MWh
天能綠電股份有限公司,威捷鐵工廠股份有限公司(威捷鋼鐵_台中神岡屋頂型太陽光電案場),台灣富士電子材料股份有限公司,太陽能,轉供,149.374,2026-04-01,43.189,於 2026-04-01 移轉 43.189 MWh
天能綠電股份有限公司,威捷鐵工廠股份有限公司(威捷鋼鐵_台中神岡屋頂型太陽光電案場),台灣富士電子材料股份有限公司,太陽能,轉供,149.374,2026-04-15,45.805,於 2026-04-15 移轉 45.805 MWh
天能綠電股份有限公司,威捷鐵工廠股份有限公司(威捷鋼鐵_台中神岡屋頂型太陽光電案場),台灣富士電子材料股份有限公司,太陽能,轉供,149.374,2026-05-20,60.38,於 2026-05-20 移轉 60.38 MWh
天能綠電股份有限公司,家紳能源股份有限公司(家紳能源-彰化縣社頭鄉中山路(彰化特教二期)),廣達電腦股份有限公司,太陽能,轉供,131.722,2026-04-15,80.672,於 2026-04-15 移轉 80.672 MWh
天能綠電股份有限公司,家紳能源股份有限公司(家紳能源-彰化縣社頭鄉中山路(彰化特教二期)),廣達電腦股份有限公司,太陽能,轉供,131.722,2026-05-20,51.05,於 2026-05-20 移轉 51.05 MWh
天能綠電股份有限公司,家紳能源股份有限公司(家紳能源-彰化縣社頭鄉中山路(彰化特教一期)),廣達電腦股份有限公司,太陽能,轉供,146.022,2026-04-15,87.781,於 2026-04-15 移轉 87.781 MWh
天能綠電股份有限公司,家紳能源股份有限公司(家紳能源-彰化縣社頭鄉中山路(彰化特教一期)),廣達電腦股份有限公司,太陽能,轉供,146.022,2026-05-20,58.241,於 2026-05-20 移轉 58.241 MWh
天能綠電股份有限公司,鼎昇貿易有限公司(鼎昇_穩尚二期屋頂型太陽光電案場),京元電子股份有限公司銅鑼分公司,太陽能,轉供,62.261,2026-04-22,47.151,於 2026-04-22 移轉 47.151 MWh
天能綠電股份有限公司,鼎昇貿易有限公司(鼎昇_穩尚二期屋頂型太陽光電案場),京元電子股份有限公司銅鑼分公司,太陽能,轉供,62.261,2026-05-20,15.11,於 2026-05-20 移轉 15.11 MWh
天能綠電股份有限公司,惠翁實業社(惠翁_莊惠珍屋頂型太陽光電案場),台灣富士電子材料股份有限公司,太陽能,轉供,85.439,2026-05-13,38.388,於 2026-05-13 移轉 38.388 MWh
天能綠電股份有限公司,惠翁實業社(惠翁_莊惠珍屋頂型太陽光電案場),台灣富士電子材料股份有限公司,太陽能,轉供,85.439,2026-05-20,47.051,於 2026-05-20 移轉 47.051 MWh
天能綠電股份有限公司,蕈福企業(蕈福_王國賓屋頂型太陽光電案場),台灣富士電子材料股份有限公司,太陽能,轉供,103.618,2026-04-01,30.291,於 2026-04-01 移轉 30.291 MWh
天能綠電股份有限公司,蕈福企業(蕈福_王國賓屋頂型太陽光電案場),台灣富士電子材料股份有限公司,太陽能,轉供,103.618,2026-04-15,32.621,於 2026-04-15 移轉 32.621 MWh
天能綠電股份有限公司,蕈福企業(蕈福_王國賓屋頂型太陽光電案場),台灣富士電子材料股份有限公司,太陽能,轉供,103.618,2026-05-20,40.706,於 2026-05-20 移轉 40.706 MWh
天能綠電股份有限公司,長嘉能源股份有限公司(第一投顧-長嘉能源_陸達工業屋頂型太陽能光電案場),台灣福雷電子股份有限公司,太陽能,轉供,83.494,2026-04-22,48.806,於 2026-04-22 移轉 48.806 MWh
天能綠電股份有限公司,長嘉能源股份有限公司(第一投顧-長嘉能源_陸達工業屋頂型太陽能光電案場),台灣福雷電子股份有限公司,太陽能,轉供,83.494,2026-05-20,34.688,於 2026-05-20 移轉 34.688 MWh
天能綠電股份有限公司,京承能源股份有限公司(京承-高雄市路竹區社東段及新興段（三鎮埤）),旺宏電子股份有限公司,太陽能,轉供,535.838,2026-03-04,169.581,於 2026-03-04 移轉 169.581 MWh
天能綠電股份有限公司,京承能源股份有限公司(京承-高雄市路竹區社東段及新興段（三鎮埤）),旺宏電子股份有限公司,太陽能,轉供,535.838,2026-04-01,167.481,於 2026-04-01 移轉 167.481 MWh
天能綠電股份有限公司,京承能源股份有限公司(京承-高雄市路竹區社東段及新興段（三鎮埤）),旺宏電子股份有限公司,太陽能,轉供,535.838,2026-05-20,198.776,於 2026-05-20 移轉 198.776 MWh
天能綠電股份有限公司,榮貴能源有限公司(榮貴_台南開元_屋頂型太陽光電案場),欣銓科技股份有限公司,太陽能,轉供,20.903,2026-03-25,5.918,於 2026-03-25 移轉 5.918 MWh
天能綠電股份有限公司,榮貴能源有限公司(榮貴_台南開元_屋頂型太陽光電案場),欣銓科技股份有限公司,太陽能,轉供,20.903,2026-04-01,6.222,於 2026-04-01 移轉 6.222 MWh
天能綠電股份有限公司,榮貴能源有限公司(榮貴_台南開元_屋頂型太陽光電案場),欣銓科技股份有限公司,太陽能,轉供,20.903,2026-05-20,8.763,於 2026-05-20 移轉 8.763 MWh
天能綠電股份有限公司,裕電能源股份有限公司(裕電_高雄前鎮譽昌機械廠房_屋頂型太陽光電案場),台灣積體電路製造股份有限公司,太陽能,轉供,13.371,2026-05-20,13.371,於 2026-05-20 移轉 13.371 MWh
天能綠電股份有限公司,榮貴能源有限公司(榮貴_台南柳營_屋頂型太陽光電案場),台灣積體電路製造股份有限公司,太陽能,轉供,0.001,2026-05-20,0.001,於 2026-05-20 移轉 0.001 MWh
天能綠電股份有限公司,榮貴能源有限公司(榮貴_台南柳營_屋頂型太陽光電案場),欣銓科技股份有限公司,太陽能,轉供,66.693,2026-03-25,20.393,於 2026-03-25 移轉 20.393 MWh
天能綠電股份有限公司,榮貴能源有限公司(榮貴_台南柳營_屋頂型太陽光電案場),欣銓科技股份有限公司,太陽能,轉供,66.693,2026-04-01,20.072,於 2026-04-01 移轉 20.072 MWh
天能綠電股份有限公司,榮貴能源有限公司(榮貴_台南柳營_屋頂型太陽光電案場),欣銓科技股份有限公司,太陽能,轉供,66.693,2026-05-20,26.228,於 2026-05-20 移轉 26.228 MWh
天能綠電股份有限公司,裕電能源股份有限公司(裕電_南投茂馳工業廠房_屋頂型太陽光電案場),台灣積體電路製造股份有限公司,太陽能,轉供,9.392,2026-05-20,9.392,於 2026-05-20 移轉 9.392 MWh
天能綠電股份有限公司,立家農業科技有限公司(立家農業屋頂型太陽光電案場),台灣福雷電子股份有限公司,太陽能,轉供,150.229,2026-05-20,150.229,於 2026-05-20 移轉 150.229 MWh
天能綠電股份有限公司,伍朗企業有限公司(伍朗企業屋頂型太陽光電案場),台灣福雷電子股份有限公司,太陽能,轉供,140.262,2026-05-20,140.262,於 2026-05-20 移轉 140.262 MWh
天能綠電股份有限公司,倍綠信有限公司(倍綠信_台西海口地面型太陽光電案場),台灣福雷電子股份有限公司,太陽能,轉供,147.218,2026-04-22,86.337,於 2026-04-22 移轉 86.337 MWh
天能綠電股份有限公司,倍綠信有限公司(倍綠信_台西海口地面型太陽光電案場),台灣福雷電子股份有限公司,太陽能,轉供,147.218,2026-05-20,60.881,於 2026-05-20 移轉 60.881 MWh
天能綠電股份有限公司,倍綠信有限公司(倍綠信_雲林土庫地面型太陽光電案場),台灣福雷電子股份有限公司,太陽能,轉供,74.694,2026-04-22,45.7,於 2026-04-22 移轉 45.7 MWh
天能綠電股份有限公司,倍綠信有限公司(倍綠信_雲林土庫地面型太陽光電案場),台灣福雷電子股份有限公司,太陽能,轉供,74.694,2026-05-20,28.994,於 2026-05-20 移轉 28.994 MWh
天能綠電股份有限公司,永益通運有限公司(永益_梅高路431號屋頂型太陽光電案場),台灣福雷電子股份有限公司,太陽能,轉供,187.981,2026-04-22,113.361,於 2026-04-22 移轉 113.361 MWh
天能綠電股份有限公司,永益通運有限公司(永益_梅高路431號屋頂型太陽光電案場),台灣福雷電子股份有限公司,太陽能,轉供,187.981,2026-05-20,74.62,於 2026-05-20 移轉 74.62 MWh
天能綠電股份有限公司,永益通運有限公司(永益_梅高路450號屋頂型太陽光電案場),台灣福雷電子股份有限公司,太陽能,轉供,52.387,2026-04-22,31.554,於 2026-04-22 移轉 31.554 MWh
天能綠電股份有限公司,永益通運有限公司(永益_梅高路450號屋頂型太陽光電案場),台灣福雷電子股份有限公司,太陽能,轉供,52.387,2026-05-20,20.833,於 2026-05-20 移轉 20.833 MWh
天能綠電股份有限公司,倍綠信有限公司(倍綠信_苗栗苑裡地面型太陽光電案場),台灣福雷電子股份有限公司,太陽能,轉供,70.268,2026-05-20,70.268,於 2026-05-20 移轉 70.268 MWh
天能綠電股份有限公司,旭升行即負責人林興順(旭升行_林興順屋頂型太陽光電案場),京元電子股份有限公司銅鑼分公司,太陽能,轉供,55.835,2026-04-22,43.012,於 2026-04-22 移轉 43.012 MWh
天能綠電股份有限公司,旭升行即負責人林興順(旭升行_林興順屋頂型太陽光電案場),京元電子股份有限公司銅鑼分公司,太陽能,轉供,55.835,2026-05-20,12.823,於 2026-05-20 移轉 12.823 MWh
天能綠電股份有限公司,信陽能源有限公司(信陽_雲林二崙屋頂型太陽光電案場),台灣村田股份有限公司,太陽能,轉供,89.067,2026-03-18,26.571,於 2026-03-18 移轉 26.571 MWh
天能綠電股份有限公司,信陽能源有限公司(信陽_雲林二崙屋頂型太陽光電案場),台灣村田股份有限公司,太陽能,轉供,89.067,2026-04-01,27.976,於 2026-04-01 移轉 27.976 MWh
天能綠電股份有限公司,信陽能源有限公司(信陽_雲林二崙屋頂型太陽光電案場),台灣村田股份有限公司,太陽能,轉供,89.067,2026-05-20,34.52,於 2026-05-20 移轉 34.52 MWh
天能綠電股份有限公司,全日光有限公司(全日光-雲林土庫地面型太陽光電案場),金像電子股份有限公司,太陽能,轉供,41.024,2026-04-22,25.21,於 2026-04-22 移轉 25.21 MWh
天能綠電股份有限公司,全日光有限公司(全日光-雲林土庫地面型太陽光電案場),金像電子股份有限公司,太陽能,轉供,41.024,2026-05-20,15.814,於 2026-05-20 移轉 15.814 MWh
天能綠電股份有限公司,全日光有限公司(全日光-雲林土庫地面型太陽光電案場),中國貨櫃運輸股份有限公司台中分公司,太陽能,轉供,16.168,2026-04-22,9.667,於 2026-04-22 移轉 9.667 MWh
天能綠電股份有限公司,全日光有限公司(全日光-雲林土庫地面型太陽光電案場),中國貨櫃運輸股份有限公司台中分公司,太陽能,轉供,16.168,2026-05-20,6.501,於 2026-05-20 移轉 6.501 MWh
天能綠電股份有限公司,元豐綠能股份有限公司(元豐_邑得廠二期屋頂型太陽光電案場),欣銓科技股份有限公司,太陽能,轉供,51.751,2026-05-20,51.751,於 2026-05-20 移轉 51.751 MWh
天能綠電股份有限公司,豐光潔能有限公司(豐光_鄭智城屋頂型太陽光電案場),台灣積體電路製造股份有限公司,太陽能,轉供,89.496,2026-04-22,30.072,於 2026-04-22 移轉 30.072 MWh
天能綠電股份有限公司,豐光潔能有限公司(豐光_鄭智城屋頂型太陽光電案場),台灣積體電路製造股份有限公司,太陽能,轉供,89.496,2026-05-13,17.747,於 2026-05-13 移轉 17.747 MWh
天能綠電股份有限公司,豐光潔能有限公司(豐光_鄭智城屋頂型太陽光電案場),台灣積體電路製造股份有限公司,太陽能,轉供,89.496,2026-05-20,41.677,於 2026-05-20 移轉 41.677 MWh
天能綠電股份有限公司,日輝企業社(日輝企業_山仔脚一二期屋頂型太陽光電案場),京元電子股份有限公司銅鑼分公司,太陽能,轉供,42.201,2026-04-22,42.201,於 2026-04-22 移轉 42.201 MWh
天能綠電股份有限公司,欣上原股份有限公司(欣上原_台中梧棲屋頂型太陽光電案場),台灣福雷電子股份有限公司,太陽能,轉供,222.995,2026-04-22,130.716,於 2026-04-22 移轉 130.716 MWh
天能綠電股份有限公司,欣上原股份有限公司(欣上原_台中梧棲屋頂型太陽光電案場),台灣福雷電子股份有限公司,太陽能,轉供,222.995,2026-05-20,92.279,於 2026-05-20 移轉 92.279 MWh
天能綠電股份有限公司,金昶科技有限公司(金昶_台中大雅屋頂型太陽光電案場),京元電子股份有限公司銅鑼分公司,太陽能,轉供,60.039,2026-04-22,46.008,於 2026-04-22 移轉 46.008 MWh
天能綠電股份有限公司,金昶科技有限公司(金昶_台中大雅屋頂型太陽光電案場),京元電子股份有限公司銅鑼分公司,太陽能,轉供,60.039,2026-05-20,14.031,於 2026-05-20 移轉 14.031 MWh
天能綠電股份有限公司,宏威環球事業股份有限公司(宏威(二)_桃園天空552號),台灣福雷電子股份有限公司,太陽能,轉供,65.349,2026-04-22,38.958,於 2026-04-22 移轉 38.958 MWh
天能綠電股份有限公司,宏威環球事業股份有限公司(宏威(二)_桃園天空552號),台灣福雷電子股份有限公司,太陽能,轉供,65.349,2026-05-20,26.391,於 2026-05-20 移轉 26.391 MWh
天能綠電股份有限公司,震豐太陽能能源股份有限公司(震豐-台中潭子),台灣積體電路製造股份有限公司,太陽能,轉供,49.66,2026-05-20,49.66,於 2026-05-20 移轉 49.66 MWh
天能綠電股份有限公司,震豐太陽能能源股份有限公司(震豐-台中潭子),台灣富士電子材料股份有限公司,太陽能,轉供,116.709,2026-05-13,52.246,於 2026-05-13 移轉 52.246 MWh
天能綠電股份有限公司,震豐太陽能能源股份有限公司(震豐-台中潭子),台灣富士電子材料股份有限公司,太陽能,轉供,116.709,2026-05-20,64.463,於 2026-05-20 移轉 64.463 MWh
天能綠電股份有限公司,元豐綠能股份有限公司(元豐_大饒路屋頂型太陽光電案場),欣銓科技股份有限公司,太陽能,轉供,113.924,2026-05-20,113.924,於 2026-05-20 移轉 113.924 MWh
天能綠電股份有限公司,創一能源有限公司(創一能源-創一能源-嘉義縣東石雞舍屋頂型),台灣紙業股份有限公司,太陽能,轉供,112.239,2026-05-13,48.208,於 2026-05-13 移轉 48.208 MWh
天能綠電股份有限公司,創一能源有限公司(創一能源-創一能源-嘉義縣東石雞舍屋頂型),台灣紙業股份有限公司,太陽能,轉供,112.239,2026-05-20,64.031,於 2026-05-20 移轉 64.031 MWh
天衝能源股份有限公司,(天衝第一階段及第二階段太陽能發電廠),東和鋼鐵企業股份有限公司,太陽能,轉供,"40,469.814",2026-03-11,12134.611,"於 2026-03-11 移轉 12,134.611 MWh"
天衝能源股份有限公司,(天衝第一階段及第二階段太陽能發電廠),東和鋼鐵企業股份有限公司,太陽能,轉供,"40,469.814",2026-04-22,12262.649,"於 2026-04-22 移轉 12,262.649 MWh"
天衝能源股份有限公司,(天衝第一階段及第二階段太陽能發電廠),東和鋼鐵企業股份有限公司,太陽能,轉供,"40,469.814",2026-05-20,16072.554,"於 2026-05-20 移轉 16,072.554 MWh"
太陽神電力股份有限公司,義暘綠電股份有限公司(E-001-屏東-L1),台英帝國菸草製造股份有限公司,太陽能,轉供,"1,009.601",2026-05-13,607.667,於 2026-05-13 移轉 607.667 MWh
太陽神電力股份有限公司,義暘綠電股份有限公司(E-001-屏東-L1),台英帝國菸草製造股份有限公司,太陽能,轉供,"1,009.601",2026-05-20,401.934,於 2026-05-20 移轉 401.934 MWh
奇異果新能源股份有限公司,昱鼎電業股份有限公司(北捷北投機廠太陽光電發電廠),全家便利商店股份有限公司,太陽能,轉供,160,2026-03-04,54,於 2026-03-04 移轉 54 MWh
奇異果新能源股份有限公司,昱鼎電業股份有限公司(北捷北投機廠太陽光電發電廠),全家便利商店股份有限公司,太陽能,轉供,160,2026-04-01,53,於 2026-04-01 移轉 53 MWh
奇異果新能源股份有限公司,昱鼎電業股份有限公司(北捷北投機廠太陽光電發電廠),全家便利商店股份有限公司,太陽能,轉供,160,2026-05-20,53,於 2026-05-20 移轉 53 MWh
奇異果新能源股份有限公司,昱鼎電業股份有限公司(北捷北投機廠太陽光電發電廠),群品餐飲股份有限公司,太陽能,轉供,45,2026-03-18,15,於 2026-03-18 移轉 15 MWh
奇異果新能源股份有限公司,昱鼎電業股份有限公司(北捷北投機廠太陽光電發電廠),群品餐飲股份有限公司,太陽能,轉供,45,2026-04-01,15,於 2026-04-01 移轉 15 MWh
奇異果新能源股份有限公司,昱鼎電業股份有限公司(北捷北投機廠太陽光電發電廠),群品餐飲股份有限公司,太陽能,轉供,45,2026-05-20,15,於 2026-05-20 移轉 15 MWh
奇異果新能源股份有限公司,京實股份有限公司(嘉義六腳中溝2-48太陽光電發電廠),中投有線電視股份有限公司,太陽能,轉供,4.489,2026-03-04,1.492,於 2026-03-04 移轉 1.492 MWh
奇異果新能源股份有限公司,京實股份有限公司(嘉義六腳中溝2-48太陽光電發電廠),中投有線電視股份有限公司,太陽能,轉供,4.489,2026-04-01,1.497,於 2026-04-01 移轉 1.497 MWh
奇異果新能源股份有限公司,京實股份有限公司(嘉義六腳中溝2-48太陽光電發電廠),中投有線電視股份有限公司,太陽能,轉供,4.489,2026-05-20,1.5,於 2026-05-20 移轉 1.5 MWh
奇異果新能源股份有限公司,京實股份有限公司(嘉義六腳中溝2-48太陽光電發電廠),全家便利商店股份有限公司,太陽能,轉供,28,2026-03-04,28,於 2026-03-04 移轉 28 MWh
奇異果新能源股份有限公司,京實股份有限公司(嘉義六腳中溝2-48太陽光電發電廠),大屯有線電視股份有限公司,太陽能,轉供,1.8,2026-03-04,0.6,於 2026-03-04 移轉 0.6 MWh
奇異果新能源股份有限公司,京實股份有限公司(嘉義六腳中溝2-48太陽光電發電廠),大屯有線電視股份有限公司,太陽能,轉供,1.8,2026-04-01,0.6,於 2026-04-01 移轉 0.6 MWh
奇異果新能源股份有限公司,京實股份有限公司(嘉義六腳中溝2-48太陽光電發電廠),大屯有線電視股份有限公司,太陽能,轉供,1.8,2026-05-20,0.6,於 2026-05-20 移轉 0.6 MWh
奇異果新能源股份有限公司,京實股份有限公司(嘉義六腳中溝2-48太陽光電發電廠),群品餐飲股份有限公司,太陽能,轉供,41.998,2026-04-01,20.998,於 2026-04-01 移轉 20.998 MWh
奇異果新能源股份有限公司,京實股份有限公司(嘉義六腳中溝2-48太陽光電發電廠),群品餐飲股份有限公司,太陽能,轉供,41.998,2026-05-20,21,於 2026-05-20 移轉 21 MWh
奇異果新能源股份有限公司,京實股份有限公司(嘉義六腳中溝2-48太陽光電發電廠),王品餐飲股份有限公司,太陽能,轉供,4,2026-04-01,2,於 2026-04-01 移轉 2 MWh
奇異果新能源股份有限公司,京實股份有限公司(嘉義六腳中溝2-48太陽光電發電廠),王品餐飲股份有限公司,太陽能,轉供,4,2026-05-20,2,於 2026-05-20 移轉 2 MWh
奇異果新能源股份有限公司,愛弼士能源股份有限公司(風之谷太陽光電發電廠),台灣迪卡儂有限公司,太陽能,轉供,"1,214.168",2026-03-04,361.803,於 2026-03-04 移轉 361.803 MWh
奇異果新能源股份有限公司,愛弼士能源股份有限公司(風之谷太陽光電發電廠),台灣迪卡儂有限公司,太陽能,轉供,"1,214.168",2026-04-01,394.094,於 2026-04-01 移轉 394.094 MWh
奇異果新能源股份有限公司,愛弼士能源股份有限公司(風之谷太陽光電發電廠),台灣迪卡儂有限公司,太陽能,轉供,"1,214.168",2026-05-20,458.271,於 2026-05-20 移轉 458.271 MWh
奇異果新能源股份有限公司,京實股份有限公司(彰化溪州廣一12-6太陽光電發電廠),全家便利商店股份有限公司,太陽能,轉供,144,2026-05-13,96,於 2026-05-13 移轉 96 MWh
奇異果新能源股份有限公司,京實股份有限公司(彰化溪州廣一12-6太陽光電發電廠),全家便利商店股份有限公司,太陽能,轉供,144,2026-05-20,48,於 2026-05-20 移轉 48 MWh
奇異果新能源股份有限公司,京實股份有限公司(彰化溪州廣一12-6太陽光電發電廠),王品餐飲股份有限公司,太陽能,轉供,109.947,2026-03-18,34.721,於 2026-03-18 移轉 34.721 MWh
奇異果新能源股份有限公司,京實股份有限公司(彰化溪州廣一12-6太陽光電發電廠),王品餐飲股份有限公司,太陽能,轉供,109.947,2026-04-01,37.226,於 2026-04-01 移轉 37.226 MWh
奇異果新能源股份有限公司,京實股份有限公司(彰化溪州廣一12-6太陽光電發電廠),王品餐飲股份有限公司,太陽能,轉供,109.947,2026-05-20,38,於 2026-05-20 移轉 38 MWh
奇異果新能源股份有限公司,京實股份有限公司(彰化溪州廣一12-6太陽光電發電廠),王莆餐飲股份有限公司,太陽能,轉供,6,2026-03-18,2,於 2026-03-18 移轉 2 MWh
奇異果新能源股份有限公司,京實股份有限公司(彰化溪州廣一12-6太陽光電發電廠),王莆餐飲股份有限公司,太陽能,轉供,6,2026-04-01,2,於 2026-04-01 移轉 2 MWh
奇異果新能源股份有限公司,京實股份有限公司(彰化溪州廣一12-6太陽光電發電廠),王莆餐飲股份有限公司,太陽能,轉供,6,2026-05-20,2,於 2026-05-20 移轉 2 MWh
奇異果新能源股份有限公司,京實股份有限公司(彰化溪州廣一12-6太陽光電發電廠),王德興茶業股份有限公司,太陽能,轉供,11.873,2026-03-04,4.127,於 2026-03-04 移轉 4.127 MWh
奇異果新能源股份有限公司,京實股份有限公司(彰化溪州廣一12-6太陽光電發電廠),王德興茶業股份有限公司,太陽能,轉供,11.873,2026-04-01,3.949,於 2026-04-01 移轉 3.949 MWh
奇異果新能源股份有限公司,京實股份有限公司(彰化溪州廣一12-6太陽光電發電廠),王德興茶業股份有限公司,太陽能,轉供,11.873,2026-05-20,3.797,於 2026-05-20 移轉 3.797 MWh
宇軒電業股份有限公司,永煜能源股有限公司(山子脚段2266地號),台灣積體電路製造股份有限公司,太陽能,轉供,19.707,2026-04-01,9.716,於 2026-04-01 移轉 9.716 MWh
宇軒電業股份有限公司,永煜能源股有限公司(山子脚段2266地號),台灣積體電路製造股份有限公司,太陽能,轉供,19.707,2026-05-13,9.991,於 2026-05-13 移轉 9.991 MWh
宇軒電業股份有限公司,永煜能源股份有限公司(旭山段91地號),台灣積體電路製造股份有限公司,太陽能,轉供,26.803,2026-05-13,26.803,於 2026-05-13 移轉 26.803 MWh
宇軒電業股份有限公司,永煜能源股份有限公司(旭山段96、97、98地號),台灣積體電路製造股份有限公司,太陽能,轉供,50.597,2026-05-13,50.597,於 2026-05-13 移轉 50.597 MWh
宇軒電業股份有限公司,永煜能源股份有限公司(旭山段156地號),台灣積體電路製造股份有限公司,太陽能,轉供,31.009,2026-05-13,31.009,於 2026-05-13 移轉 31.009 MWh
宇軒電業股份有限公司,林碧麗(宅子港633(1~3期)),台灣積體電路製造股份有限公司,太陽能,轉供,114.141,2026-05-13,114.141,於 2026-05-13 移轉 114.141 MWh
宇軒電業股份有限公司,永煜能源股份有限公司(岱墾2),台灣積體電路製造股份有限公司,太陽能,轉供,29.921,2026-05-13,29.921,於 2026-05-13 移轉 29.921 MWh
宇軒電業股份有限公司,永煜能源股份有限公司(岱墾1),台灣積體電路製造股份有限公司,太陽能,轉供,19.271,2026-05-13,19.271,於 2026-05-13 移轉 19.271 MWh
宇軒電業股份有限公司,永煜能源股份有限公司(蒙特利),台灣積體電路製造股份有限公司,太陽能,轉供,20.593,2026-05-13,20.593,於 2026-05-13 移轉 20.593 MWh
宇軒電業股份有限公司,晁星能源股份有限公司(土庫段1841地號),台灣積體電路製造股份有限公司,太陽能,轉供,43.633,2026-05-13,43.633,於 2026-05-13 移轉 43.633 MWh
宇軒電業股份有限公司,晁星能源股份有限公司(高樹泰山1、2期),台灣積體電路製造股份有限公司,太陽能,轉供,98.672,2026-05-13,98.672,於 2026-05-13 移轉 98.672 MWh
宇軒電業股份有限公司,晁星能源股份有限公司(大興段969地號),台灣積體電路製造股份有限公司,太陽能,轉供,49.689,2026-05-13,49.689,於 2026-05-13 移轉 49.689 MWh
宇軒電業股份有限公司,晁星能源股份有限公司(蘇慶瑞二期),台灣積體電路製造股份有限公司,太陽能,轉供,7.207,2026-05-13,7.207,於 2026-05-13 移轉 7.207 MWh
宇軒電業股份有限公司,兆飛鴻有限公司(公平段574地號-鄭賜寶),台灣積體電路製造股份有限公司,太陽能,轉供,7.549,2026-05-13,7.549,於 2026-05-13 移轉 7.549 MWh
宇軒電業股份有限公司,晁星能源股份有限公司(山子脚段2287地號),台灣積體電路製造股份有限公司,太陽能,轉供,4.904,2026-05-13,4.904,於 2026-05-13 移轉 4.904 MWh
宇軒電業股份有限公司,晁星能源股份有限公司(許芷蕙、許鈴敏),台灣積體電路製造股份有限公司,太陽能,轉供,7.663,2026-05-13,7.663,於 2026-05-13 移轉 7.663 MWh
宇軒電業股份有限公司,晁星能源股份有限公司(董明光),台灣積體電路製造股份有限公司,太陽能,轉供,7.229,2026-05-13,7.229,於 2026-05-13 移轉 7.229 MWh
宇軒電業股份有限公司,晁星能源股份有限公司(鄒正興),台灣積體電路製造股份有限公司,太陽能,轉供,28.298,2026-05-13,28.298,於 2026-05-13 移轉 28.298 MWh
宇軒電業股份有限公司,晁星能源股份有限公司(鄒春選),台灣積體電路製造股份有限公司,太陽能,轉供,20.622,2026-05-13,20.622,於 2026-05-13 移轉 20.622 MWh
宇軒電業股份有限公司,晁星能源股份有限公司(土庫段1847、1848地號),台灣積體電路製造股份有限公司,太陽能,轉供,46.113,2026-05-13,46.113,於 2026-05-13 移轉 46.113 MWh
宇軒電業股份有限公司,晁星能源股份有限公司(土庫段117-80地號),台灣積體電路製造股份有限公司,太陽能,轉供,10.204,2026-05-13,10.204,於 2026-05-13 移轉 10.204 MWh
宇軒電業股份有限公司,晁星能源股份有限公司(土庫段117-84地號),台灣積體電路製造股份有限公司,太陽能,轉供,20.239,2026-05-13,20.239,於 2026-05-13 移轉 20.239 MWh
宇軒電業股份有限公司,晁星能源有限公司(泰山段1152地號),台灣積體電路製造股份有限公司,太陽能,轉供,8.33,2026-05-13,8.33,於 2026-05-13 移轉 8.33 MWh
宇軒電業股份有限公司,晁星能源有限公司(新土庫段567地號),台灣積體電路製造股份有限公司,太陽能,轉供,15.682,2026-05-13,15.682,於 2026-05-13 移轉 15.682 MWh
宇軒電業股份有限公司,晁星能源有限公司(土庫段1338地號),台灣積體電路製造股份有限公司,太陽能,轉供,36.311,2026-05-13,36.311,於 2026-05-13 移轉 36.311 MWh
宇軒電業股份有限公司,晁星能源股份有限公司(土庫段1271-2地號),台灣積體電路製造股份有限公司,太陽能,轉供,34.513,2026-05-13,34.513,於 2026-05-13 移轉 34.513 MWh
宇軒電業股份有限公司,晁星能源股份有限公司(昌榮段156地號),台灣積體電路製造股份有限公司,太陽能,轉供,20.796,2026-05-13,20.796,於 2026-05-13 移轉 20.796 MWh
宇軒電業股份有限公司,晁星能源股份有限公司(牛角灣段1510.1511地號),台灣積體電路製造股份有限公司,太陽能,轉供,42.136,2026-05-13,42.136,於 2026-05-13 移轉 42.136 MWh
宇軒電業股份有限公司,永煜能源股份有限公司(蘇慶瑞一期),台灣積體電路製造股份有限公司,太陽能,轉供,15.643,2026-04-01,7.91,於 2026-04-01 移轉 7.91 MWh
宇軒電業股份有限公司,永煜能源股份有限公司(蘇慶瑞一期),台灣積體電路製造股份有限公司,太陽能,轉供,15.643,2026-05-13,7.733,於 2026-05-13 移轉 7.733 MWh
宇軒電業股份有限公司,晁星能源股份有限公司(西盛段1期、2期),台灣積體電路製造股份有限公司,太陽能,轉供,68.393,2026-05-13,68.393,於 2026-05-13 移轉 68.393 MWh
宇軒電業股份有限公司,晁星能源股份有限公司(瀰力肚一、二期),台灣積體電路製造股份有限公司,太陽能,轉供,68.08,2026-05-13,68.08,於 2026-05-13 移轉 68.08 MWh
宇軒電業股份有限公司,晁星能源股份有限公司(三張廍1期、2期),台灣積體電路製造股份有限公司,太陽能,轉供,77.46,2026-05-13,77.46,於 2026-05-13 移轉 77.46 MWh
宇軒電業股份有限公司,兆飛鴻有限公司(三軍餐廳),台灣積體電路製造股份有限公司,太陽能,轉供,22.322,2026-05-13,22.322,於 2026-05-13 移轉 22.322 MWh
宇軒電業股份有限公司,兆飛鴻有限公司(玉港段691地號),台灣積體電路製造股份有限公司,太陽能,轉供,18.476,2026-05-13,18.476,於 2026-05-13 移轉 18.476 MWh
宇軒電業股份有限公司,兆飛鴻有限公司(埤子頭段148地號),台灣積體電路製造股份有限公司,太陽能,轉供,35.537,2026-05-13,35.537,於 2026-05-13 移轉 35.537 MWh
宇軒電業股份有限公司,兆飛鴻有限公司(崙子頂段111地號),台灣積體電路製造股份有限公司,太陽能,轉供,198.701,2026-05-13,198.701,於 2026-05-13 移轉 198.701 MWh
宇軒電業股份有限公司,兆飛鴻有限公司(莊瑞芳-南海段202地號),台灣積體電路製造股份有限公司,太陽能,轉供,43.805,2026-05-13,43.805,於 2026-05-13 移轉 43.805 MWh
宇軒電業股份有限公司,兆飛鴻有限公司(宇軒-永華運動中心),台灣積體電路製造股份有限公司,太陽能,轉供,38.245,2026-05-13,38.245,於 2026-05-13 移轉 38.245 MWh
宇軒電業股份有限公司,兆飛鴻有限公司(首府-致宏樓.致勤樓.圖資大樓),台灣積體電路製造股份有限公司,太陽能,轉供,37.147,2026-05-13,37.147,於 2026-05-13 移轉 37.147 MWh
宇軒電業股份有限公司,兆飛鴻有限公司(同皇),台灣積體電路製造股份有限公司,太陽能,轉供,2.823,2026-05-13,2.823,於 2026-05-13 移轉 2.823 MWh
宇軒電業股份有限公司,兆飛鴻有限公司(三軍停車場),台灣積體電路製造股份有限公司,太陽能,轉供,47.498,2026-05-13,47.498,於 2026-05-13 移轉 47.498 MWh
宇軒電業股份有限公司,兆飛鴻有限公司(華僑市場-屏東東港漁會),台灣積體電路製造股份有限公司,太陽能,轉供,37.023,2026-05-13,37.023,於 2026-05-13 移轉 37.023 MWh
宇軒電業股份有限公司,兆飛鴻有限公司(台南-麗湖段427.428地號),台灣積體電路製造股份有限公司,太陽能,轉供,36.531,2026-05-13,36.531,於 2026-05-13 移轉 36.531 MWh
宇軒電業股份有限公司,兆飛鴻有限公司(永秀段793地號),台灣積體電路製造股份有限公司,太陽能,轉供,50.887,2026-05-13,50.887,於 2026-05-13 移轉 50.887 MWh
宇軒電業股份有限公司,兆飛鴻有限公司(南海段251地號(一二期)),台灣積體電路製造股份有限公司,太陽能,轉供,99.575,2026-05-13,99.575,於 2026-05-13 移轉 99.575 MWh
宇軒電業股份有限公司,兆飛鴻有限公司(六堆停車場、增設),台灣積體電路製造股份有限公司,太陽能,轉供,96.977,2026-05-13,96.977,於 2026-05-13 移轉 96.977 MWh
宇軒電業股份有限公司,兆飛鴻有限公司(南海段195、197一二期),台灣積體電路製造股份有限公司,太陽能,轉供,76.067,2026-05-13,76.067,於 2026-05-13 移轉 76.067 MWh
宇軒電業股份有限公司,兆飛鴻有限公司(大客南段656、659、660地號),台灣積體電路製造股份有限公司,太陽能,轉供,67.045,2026-05-13,67.045,於 2026-05-13 移轉 67.045 MWh
宇軒電業股份有限公司,晁星能源股份有限公司(尚德段2211地號),台灣積體電路製造股份有限公司,太陽能,轉供,24.495,2026-04-01,11.08,於 2026-04-01 移轉 11.08 MWh
宇軒電業股份有限公司,晁星能源股份有限公司(尚德段2211地號),台灣積體電路製造股份有限公司,太陽能,轉供,24.495,2026-05-13,13.415,於 2026-05-13 移轉 13.415 MWh
宇軒電業股份有限公司,晁星能源股份有限公司(尚德段2196地號),台灣積體電路製造股份有限公司,太陽能,轉供,10.114,2026-05-13,10.114,於 2026-05-13 移轉 10.114 MWh
宇軒電業股份有限公司,晁星能源股份有限公司(海口段179地號),台灣積體電路製造股份有限公司,太陽能,轉供,22.248,2026-05-13,22.248,於 2026-05-13 移轉 22.248 MWh
宇軒電業股份有限公司,晁星能源股份有限公司(海口段179-3、179-8地號),台灣積體電路製造股份有限公司,太陽能,轉供,41.225,2026-05-13,41.225,於 2026-05-13 移轉 41.225 MWh
宇軒電業股份有限公司,永煜能源股份有限公司(三姓段983地號),台灣積體電路製造股份有限公司,太陽能,轉供,20.311,2026-05-13,20.311,於 2026-05-13 移轉 20.311 MWh
宇軒電業股份有限公司,永煜能源股份有限公司(海口段452-3、578-63、578-69地號),台灣積體電路製造股份有限公司,太陽能,轉供,43.665,2026-05-13,43.665,於 2026-05-13 移轉 43.665 MWh
宇軒電業股份有限公司,永煜能源股份有限公司(海口段655-1地號),台灣積體電路製造股份有限公司,太陽能,轉供,30.827,2026-05-13,30.827,於 2026-05-13 移轉 30.827 MWh
宇軒電業股份有限公司,兆明升股份有限公司(崁子頭段457-1地號),台灣積體電路製造股份有限公司,太陽能,轉供,16.837,2026-04-29,16.837,於 2026-04-29 移轉 16.837 MWh
宇軒電業股份有限公司,兆明升股份有限公司(頂秀祐段457地號),台灣積體電路製造股份有限公司,太陽能,轉供,24.968,2026-04-29,24.968,於 2026-04-29 移轉 24.968 MWh
宇軒電業股份有限公司,兆明升股份有限公司(中洲46),台灣積體電路製造股份有限公司,太陽能,轉供,98.319,2026-04-29,98.319,於 2026-04-29 移轉 98.319 MWh
宇軒電業股份有限公司,昊陽電業股份有限公司(港埔段217地號),台灣積體電路製造股份有限公司,太陽能,轉供,81.794,2026-04-29,81.794,於 2026-04-29 移轉 81.794 MWh
宇軒電業股份有限公司,兆明升股份有限公司(公平段579地號),台灣積體電路製造股份有限公司,太陽能,轉供,16.246,2026-04-29,16.246,於 2026-04-29 移轉 16.246 MWh
宇軒電業股份有限公司,兆明升股份有限公司(崁子頭段459地號),台灣積體電路製造股份有限公司,太陽能,轉供,18.817,2026-04-29,18.817,於 2026-04-29 移轉 18.817 MWh
宇軒電業股份有限公司,兆明升有限公司(頂秀祐段321地號),台灣積體電路製造股份有限公司,太陽能,轉供,49.734,2026-04-29,49.734,於 2026-04-29 移轉 49.734 MWh
宇軒電業股份有限公司,兆明升股份有限公司(頂秀祐段322地號),台灣積體電路製造股份有限公司,太陽能,轉供,25.343,2026-04-29,25.343,於 2026-04-29 移轉 25.343 MWh
宇軒電業股份有限公司,昊陽電業股份有限公司(保吉段894地號-1期.2期.3期),台灣積體電路製造股份有限公司,太陽能,轉供,292.74,2026-04-29,292.74,於 2026-04-29 移轉 292.74 MWh
宇軒電業股份有限公司,兆明升股份有限公司(麗湖段779地號一、二期),台灣積體電路製造股份有限公司,太陽能,轉供,171.315,2026-04-29,171.315,於 2026-04-29 移轉 171.315 MWh
宇軒電業股份有限公司,兆明升股份有限公司(台南-飯店段一、二、三期),台灣積體電路製造股份有限公司,太陽能,轉供,244.762,2026-04-29,244.762,於 2026-04-29 移轉 244.762 MWh
宇軒電業股份有限公司,兆明升股份有限公司(草坔段1、2、3、4期),台灣積體電路製造股份有限公司,太陽能,轉供,374.871,2026-04-29,374.871,於 2026-04-29 移轉 374.871 MWh
宇軒電業股份有限公司,兆明升股份有限公司(旭山段165-1.2期),台灣積體電路製造股份有限公司,太陽能,轉供,149.656,2026-04-29,149.656,於 2026-04-29 移轉 149.656 MWh
宇軒電業股份有限公司,昊陽電業股份有限公司(三寮灣小段405-1、2、3、4期),台灣積體電路製造股份有限公司,太陽能,轉供,400.953,2026-04-29,400.953,於 2026-04-29 移轉 400.953 MWh
宇軒電業股份有限公司,昊陽電業股份有限公司(溪底寮段二重港小段207-4地號),台灣積體電路製造股份有限公司,太陽能,轉供,260.756,2026-04-29,260.756,於 2026-04-29 移轉 260.756 MWh
宇軒電業股份有限公司,兆明升股份有限公司(旭山158地號),台灣積體電路製造股份有限公司,太陽能,轉供,45.121,2026-04-29,45.121,於 2026-04-29 移轉 45.121 MWh
宇軒電業股份有限公司,兆明升股份有限公司(學甲段324地號),台灣積體電路製造股份有限公司,太陽能,轉供,103.524,2026-04-29,103.524,於 2026-04-29 移轉 103.524 MWh
宇軒電業股份有限公司,兆明升股份有限公司(社子段125地號),台灣積體電路製造股份有限公司,太陽能,轉供,19.02,2026-04-29,19.02,於 2026-04-29 移轉 19.02 MWh
宇軒電業股份有限公司,兆明升股份有限公司(允力發),台灣積體電路製造股份有限公司,太陽能,轉供,44.953,2026-04-29,44.953,於 2026-04-29 移轉 44.953 MWh
宇軒電業股份有限公司,兆明升股份有限公司(後鎮段675-4地號),台灣積體電路製造股份有限公司,太陽能,轉供,43.705,2026-04-29,43.705,於 2026-04-29 移轉 43.705 MWh
宇軒電業股份有限公司,兆明升股份有限公司(後鎮段675-3地號),台灣積體電路製造股份有限公司,太陽能,轉供,45.428,2026-04-29,45.428,於 2026-04-29 移轉 45.428 MWh
宇軒電業股份有限公司,兆明升股份有限公司(公平段565地號),台灣積體電路製造股份有限公司,太陽能,轉供,16.101,2026-04-29,16.101,於 2026-04-29 移轉 16.101 MWh
宇軒電業股份有限公司,兆明升股份有限公司(大埔段92地號),台灣積體電路製造股份有限公司,太陽能,轉供,52.262,2026-04-29,52.262,於 2026-04-29 移轉 52.262 MWh
宇軒電業股份有限公司,兆明升股份有限公司(二重港小段88-3地號),台灣積體電路製造股份有限公司,太陽能,轉供,57.013,2026-04-29,57.013,於 2026-04-29 移轉 57.013 MWh
宇軒電業股份有限公司,兆明升股份有限公司(頂秀祐段456地號),台灣積體電路製造股份有限公司,太陽能,轉供,60.763,2026-04-29,60.763,於 2026-04-29 移轉 60.763 MWh
宇軒電業股份有限公司,兆明升股份有限公司(頂秀祐段455地號),台灣積體電路製造股份有限公司,太陽能,轉供,53.189,2026-04-29,53.189,於 2026-04-29 移轉 53.189 MWh
宇軒電業股份有限公司,兆明升股份有限公司(頂秀祐段454地號),台灣積體電路製造股份有限公司,太陽能,轉供,34.797,2026-04-29,34.797,於 2026-04-29 移轉 34.797 MWh
宇軒電業股份有限公司,兆明升股份有限公司(頂秀祐段323地號),台灣積體電路製造股份有限公司,太陽能,轉供,30.86,2026-04-29,30.86,於 2026-04-29 移轉 30.86 MWh
安威風力發電股份有限公司,(安威風場一),台灣積體電路製造股份有限公司,風力能,轉供,"1,666.949",2026-03-11,120.121,於 2026-03-11 移轉 120.121 MWh
安威風力發電股份有限公司,(安威風場一),台灣積體電路製造股份有限公司,風力能,轉供,"1,666.949",2026-04-01,106.886,於 2026-04-01 移轉 106.886 MWh
安威風力發電股份有限公司,(安威風場一),台灣積體電路製造股份有限公司,風力能,轉供,"1,666.949",2026-04-15,17.476,於 2026-04-15 移轉 17.476 MWh
安威風力發電股份有限公司,(安威風場一),台灣積體電路製造股份有限公司,風力能,轉供,"1,666.949",2026-04-22,311.567,於 2026-04-22 移轉 311.567 MWh
安威風力發電股份有限公司,(安威風場一),台灣積體電路製造股份有限公司,風力能,轉供,"1,666.949",2026-04-29,177.745,於 2026-04-29 移轉 177.745 MWh
安威風力發電股份有限公司,(安威風場一),台灣積體電路製造股份有限公司,風力能,轉供,"1,666.949",2026-05-13,512.279,於 2026-05-13 移轉 512.279 MWh
安威風力發電股份有限公司,(安威風場一),台灣積體電路製造股份有限公司,風力能,轉供,"1,666.949",2026-05-20,420.875,於 2026-05-20 移轉 420.875 MWh
安威風力發電股份有限公司,(安威風場二),台灣積體電路製造股份有限公司,風力能,轉供,"2,114.008",2026-03-11,126.577,於 2026-03-11 移轉 126.577 MWh
安威風力發電股份有限公司,(安威風場二),台灣積體電路製造股份有限公司,風力能,轉供,"2,114.008",2026-04-01,126.072,於 2026-04-01 移轉 126.072 MWh
安威風力發電股份有限公司,(安威風場二),台灣積體電路製造股份有限公司,風力能,轉供,"2,114.008",2026-04-15,19.457,於 2026-04-15 移轉 19.457 MWh
安威風力發電股份有限公司,(安威風場二),台灣積體電路製造股份有限公司,風力能,轉供,"2,114.008",2026-04-22,388.025,於 2026-04-22 移轉 388.025 MWh
安威風力發電股份有限公司,(安威風場二),台灣積體電路製造股份有限公司,風力能,轉供,"2,114.008",2026-04-29,195.326,於 2026-04-29 移轉 195.326 MWh
安威風力發電股份有限公司,(安威風場二),台灣積體電路製造股份有限公司,風力能,轉供,"2,114.008",2026-05-13,581.517,於 2026-05-13 移轉 581.517 MWh
安威風力發電股份有限公司,(安威風場二),台灣積體電路製造股份有限公司,風力能,轉供,"2,114.008",2026-05-20,677.034,於 2026-05-20 移轉 677.034 MWh
安威風力發電股份有限公司,(安威風場三),台灣積體電路製造股份有限公司,風力能,轉供,"1,772.263",2026-03-11,116.525,於 2026-03-11 移轉 116.525 MWh
安威風力發電股份有限公司,(安威風場三),台灣積體電路製造股份有限公司,風力能,轉供,"1,772.263",2026-04-01,108.016,於 2026-04-01 移轉 108.016 MWh
安威風力發電股份有限公司,(安威風場三),台灣積體電路製造股份有限公司,風力能,轉供,"1,772.263",2026-04-15,17.185,於 2026-04-15 移轉 17.185 MWh
安威風力發電股份有限公司,(安威風場三),台灣積體電路製造股份有限公司,風力能,轉供,"1,772.263",2026-04-22,301.253,於 2026-04-22 移轉 301.253 MWh
安威風力發電股份有限公司,(安威風場三),台灣積體電路製造股份有限公司,風力能,轉供,"1,772.263",2026-04-29,174.178,於 2026-04-29 移轉 174.178 MWh
安威風力發電股份有限公司,(安威風場三),台灣積體電路製造股份有限公司,風力能,轉供,"1,772.263",2026-05-13,500.179,於 2026-05-13 移轉 500.179 MWh
安威風力發電股份有限公司,(安威風場三),台灣積體電路製造股份有限公司,風力能,轉供,"1,772.263",2026-05-20,554.927,於 2026-05-20 移轉 554.927 MWh
安威風力發電股份有限公司,(安威風場四),台灣積體電路製造股份有限公司,風力能,轉供,"1,631.712",2026-03-11,89.245,於 2026-03-11 移轉 89.245 MWh
安威風力發電股份有限公司,(安威風場四),台灣積體電路製造股份有限公司,風力能,轉供,"1,631.712",2026-04-01,99.671,於 2026-04-01 移轉 99.671 MWh
安威風力發電股份有限公司,(安威風場四),台灣積體電路製造股份有限公司,風力能,轉供,"1,631.712",2026-04-15,17.566,於 2026-04-15 移轉 17.566 MWh
安威風力發電股份有限公司,(安威風場四),台灣積體電路製造股份有限公司,風力能,轉供,"1,631.712",2026-04-22,320.066,於 2026-04-22 移轉 320.066 MWh
安威風力發電股份有限公司,(安威風場四),台灣積體電路製造股份有限公司,風力能,轉供,"1,631.712",2026-04-29,165.183,於 2026-04-29 移轉 165.183 MWh
安威風力發電股份有限公司,(安威風場四),台灣積體電路製造股份有限公司,風力能,轉供,"1,631.712",2026-05-13,412.585,於 2026-05-13 移轉 412.585 MWh
安威風力發電股份有限公司,(安威風場四),台灣積體電路製造股份有限公司,風力能,轉供,"1,631.712",2026-05-20,527.396,於 2026-05-20 移轉 527.396 MWh
安威風力發電股份有限公司,(安威風場五),台灣積體電路製造股份有限公司,風力能,轉供,"2,192.016",2026-03-11,150.847,於 2026-03-11 移轉 150.847 MWh
安威風力發電股份有限公司,(安威風場五),台灣積體電路製造股份有限公司,風力能,轉供,"2,192.016",2026-04-01,137.905,於 2026-04-01 移轉 137.905 MWh
安威風力發電股份有限公司,(安威風場五),台灣積體電路製造股份有限公司,風力能,轉供,"2,192.016",2026-04-15,22.635,於 2026-04-15 移轉 22.635 MWh
安威風力發電股份有限公司,(安威風場五),台灣積體電路製造股份有限公司,風力能,轉供,"2,192.016",2026-04-22,397.885,於 2026-04-22 移轉 397.885 MWh
安威風力發電股份有限公司,(安威風場五),台灣積體電路製造股份有限公司,風力能,轉供,"2,192.016",2026-04-29,213.06,於 2026-04-29 移轉 213.06 MWh
安威風力發電股份有限公司,(安威風場五),台灣積體電路製造股份有限公司,風力能,轉供,"2,192.016",2026-05-13,639.677,於 2026-05-13 移轉 639.677 MWh
安威風力發電股份有限公司,(安威風場五),台灣積體電路製造股份有限公司,風力能,轉供,"2,192.016",2026-05-20,630.007,於 2026-05-20 移轉 630.007 MWh
安瑟樂威股份有限公司,彰源企業股份有限公司(彰源企業元山廠),敬鵬工業股份有限公司,太陽能,轉供,0.004,2026-03-25,0.002,於 2026-03-25 移轉 0.002 MWh
安瑟樂威股份有限公司,彰源企業股份有限公司(彰源企業元山廠),敬鵬工業股份有限公司,太陽能,轉供,0.004,2026-04-01,0.002,於 2026-04-01 移轉 0.002 MWh
安瑟樂威股份有限公司,彰源企業股份有限公司(彰源企業元山廠),國家表演藝術中心衛武營國家藝術文化中心,太陽能,轉供,0.958,2026-03-25,0.958,於 2026-03-25 移轉 0.958 MWh
安瑟樂威股份有限公司,彰源企業股份有限公司(彰源企業元山廠),中美和石油化學股份有限公司,太陽能,轉供,145.312,2026-03-04,1.065,於 2026-03-04 移轉 1.065 MWh
安瑟樂威股份有限公司,彰源企業股份有限公司(彰源企業元山廠),中美和石油化學股份有限公司,太陽能,轉供,145.312,2026-04-01,1.136,於 2026-04-01 移轉 1.136 MWh
安瑟樂威股份有限公司,彰源企業股份有限公司(彰源企業元山廠),中美和石油化學股份有限公司,太陽能,轉供,145.312,2026-05-20,143.111,於 2026-05-20 移轉 143.111 MWh
安瑟樂威股份有限公司,彰源企業股份有限公司(彰源企業元山廠),安瀚視特股份有限公司,太陽能,轉供,2.199,2026-03-04,1.064,於 2026-03-04 移轉 1.064 MWh
安瑟樂威股份有限公司,彰源企業股份有限公司(彰源企業元山廠),安瀚視特股份有限公司,太陽能,轉供,2.199,2026-04-01,1.135,於 2026-04-01 移轉 1.135 MWh
安瑟樂威股份有限公司,彰源企業股份有限公司(彰源企業元富廠),香港商立德國際商品試驗有限公司桃園分公司,太陽能,轉供,99.259,2026-03-04,29.999,於 2026-03-04 移轉 29.999 MWh
安瑟樂威股份有限公司,彰源企業股份有限公司(彰源企業元富廠),香港商立德國際商品試驗有限公司桃園分公司,太陽能,轉供,99.259,2026-04-01,30.969,於 2026-04-01 移轉 30.969 MWh
安瑟樂威股份有限公司,彰源企業股份有限公司(彰源企業元富廠),香港商立德國際商品試驗有限公司桃園分公司,太陽能,轉供,99.259,2026-05-20,38.291,於 2026-05-20 移轉 38.291 MWh
安瑟樂威股份有限公司,彰源企業股份有限公司(彰源企業元富廠),桃園國際機場股份有限公司,太陽能,轉供,3.5,2026-03-04,0.5,於 2026-03-04 移轉 0.5 MWh
安瑟樂威股份有限公司,彰源企業股份有限公司(彰源企業元富廠),桃園國際機場股份有限公司,太陽能,轉供,3.5,2026-04-01,1.5,於 2026-04-01 移轉 1.5 MWh
安瑟樂威股份有限公司,彰源企業股份有限公司(彰源企業元富廠),桃園國際機場股份有限公司,太陽能,轉供,3.5,2026-05-20,1.5,於 2026-05-20 移轉 1.5 MWh
安瑟樂威股份有限公司,彰源企業股份有限公司(彰源企業元富廠),國家表演藝術中心衛武營國家藝術文化中心,太陽能,轉供,0.646,2026-03-25,0.646,於 2026-03-25 移轉 0.646 MWh
安瑟樂威股份有限公司,彰源企業股份有限公司(彰源企業元富廠),廣明實業股份有限公司,太陽能,轉供,121.264,2026-03-04,0.915,於 2026-03-04 移轉 0.915 MWh
安瑟樂威股份有限公司,彰源企業股份有限公司(彰源企業元富廠),廣明實業股份有限公司,太陽能,轉供,121.264,2026-04-01,0.974,於 2026-04-01 移轉 0.974 MWh
安瑟樂威股份有限公司,彰源企業股份有限公司(彰源企業元富廠),廣明實業股份有限公司,太陽能,轉供,121.264,2026-05-20,119.375,於 2026-05-20 移轉 119.375 MWh
安瑟樂威股份有限公司,大連金屬工業股份有限公司(大連金屬-大連一廠),敬鵬工業股份有限公司,太陽能,轉供,104.613,2026-05-20,104.613,於 2026-05-20 移轉 104.613 MWh
安瑟樂威股份有限公司,大連金屬工業股份有限公司(大連金屬-大連一廠),國家表演藝術中心衛武營國家藝術文化中心,太陽能,轉供,0.896,2026-03-25,0.896,於 2026-03-25 移轉 0.896 MWh
安瑟樂威股份有限公司,大連金屬工業股份有限公司(大連金屬-大連一廠),安瀚視特股份有限公司,太陽能,轉供,18.801,2026-05-20,18.801,於 2026-05-20 移轉 18.801 MWh
安瑟樂威股份有限公司,乾耀能源科技股份有限公司(乾耀能源-官田廠),威致鋼鐵工業股份有限公司,太陽能,轉供,0.1,2026-03-04,0.1,於 2026-03-04 移轉 0.1 MWh
富威電力股份有限公司,富崴能源股份有限公司(權聖太陽光電廠),亞東工業氣體股份有限公司,太陽能,轉供,0.184,2026-03-25,0.061,於 2026-03-25 移轉 0.061 MWh
富威電力股份有限公司,富崴能源股份有限公司(權聖太陽光電廠),亞東工業氣體股份有限公司,太陽能,轉供,0.184,2026-04-01,0.058,於 2026-04-01 移轉 0.058 MWh
富威電力股份有限公司,富崴能源股份有限公司(權聖太陽光電廠),亞東工業氣體股份有限公司,太陽能,轉供,0.184,2026-05-20,0.065,於 2026-05-20 移轉 0.065 MWh
富威電力股份有限公司,富崴能源股份有限公司(權聖太陽光電廠),博仲法律事務所,太陽能,轉供,1.79,2026-03-25,0.546,於 2026-03-25 移轉 0.546 MWh
富威電力股份有限公司,富崴能源股份有限公司(權聖太陽光電廠),博仲法律事務所,太陽能,轉供,1.79,2026-04-01,0.512,於 2026-04-01 移轉 0.512 MWh
富威電力股份有限公司,富崴能源股份有限公司(權聖太陽光電廠),博仲法律事務所,太陽能,轉供,1.79,2026-05-20,0.732,於 2026-05-20 移轉 0.732 MWh
富威電力股份有限公司,富崴能源股份有限公司(權聖太陽光電廠),伊雲谷數位科技股份有限公司,太陽能,轉供,0.083,2026-03-25,0.03,於 2026-03-25 移轉 0.03 MWh
富威電力股份有限公司,富崴能源股份有限公司(權聖太陽光電廠),伊雲谷數位科技股份有限公司,太陽能,轉供,0.083,2026-04-01,0.026,於 2026-04-01 移轉 0.026 MWh
富威電力股份有限公司,富崴能源股份有限公司(權聖太陽光電廠),伊雲谷數位科技股份有限公司,太陽能,轉供,0.083,2026-05-20,0.027,於 2026-05-20 移轉 0.027 MWh
富威電力股份有限公司,富崴能源股份有限公司(權聖太陽光電廠),台灣日鑛金屬股份有限公司,太陽能,轉供,10.767,2026-03-25,3.408,於 2026-03-25 移轉 3.408 MWh
富威電力股份有限公司,富崴能源股份有限公司(權聖太陽光電廠),台灣日鑛金屬股份有限公司,太陽能,轉供,10.767,2026-04-01,0.145,於 2026-04-01 移轉 0.145 MWh
富威電力股份有限公司,富崴能源股份有限公司(權聖太陽光電廠),台灣日鑛金屬股份有限公司,太陽能,轉供,10.767,2026-04-08,3.18,於 2026-04-08 移轉 3.18 MWh
富威電力股份有限公司,富崴能源股份有限公司(權聖太陽光電廠),台灣日鑛金屬股份有限公司,太陽能,轉供,10.767,2026-05-20,4.034,於 2026-05-20 移轉 4.034 MWh
富威電力股份有限公司,富崴能源股份有限公司(權聖太陽光電廠),海尼根台灣股份有限公司,太陽能,轉供,0.044,2026-03-25,0.015,於 2026-03-25 移轉 0.015 MWh
富威電力股份有限公司,富崴能源股份有限公司(權聖太陽光電廠),海尼根台灣股份有限公司,太陽能,轉供,0.044,2026-04-01,0.012,於 2026-04-01 移轉 0.012 MWh
富威電力股份有限公司,富崴能源股份有限公司(權聖太陽光電廠),海尼根台灣股份有限公司,太陽能,轉供,0.044,2026-05-20,0.017,於 2026-05-20 移轉 0.017 MWh
富威電力股份有限公司,富崴能源股份有限公司(權聖太陽光電廠),台灣微轉股份有限公司,太陽能,轉供,17.13,2026-03-25,9.23,於 2026-03-25 移轉 9.23 MWh
富威電力股份有限公司,富崴能源股份有限公司(權聖太陽光電廠),台灣微轉股份有限公司,太陽能,轉供,17.13,2026-04-01,5.91,於 2026-04-01 移轉 5.91 MWh
富威電力股份有限公司,富崴能源股份有限公司(權聖太陽光電廠),台灣微轉股份有限公司,太陽能,轉供,17.13,2026-05-20,1.99,於 2026-05-20 移轉 1.99 MWh
富威電力股份有限公司,富崴能源股份有限公司(權聖太陽光電廠),台灣瑞環股份有限公司,太陽能,轉供,0.852,2026-03-25,0.31,於 2026-03-25 移轉 0.31 MWh
富威電力股份有限公司,富崴能源股份有限公司(權聖太陽光電廠),台灣瑞環股份有限公司,太陽能,轉供,0.852,2026-04-01,0.279,於 2026-04-01 移轉 0.279 MWh
富威電力股份有限公司,富崴能源股份有限公司(權聖太陽光電廠),台灣瑞環股份有限公司,太陽能,轉供,0.852,2026-05-20,0.263,於 2026-05-20 移轉 0.263 MWh
富威電力股份有限公司,富崴能源股份有限公司(權聖太陽光電廠),僑雄實業股份有限公司,太陽能,轉供,1.446,2026-03-25,0.512,於 2026-03-25 移轉 0.512 MWh
富威電力股份有限公司,富崴能源股份有限公司(權聖太陽光電廠),僑雄實業股份有限公司,太陽能,轉供,1.446,2026-04-01,0.314,於 2026-04-01 移轉 0.314 MWh
富威電力股份有限公司,富崴能源股份有限公司(權聖太陽光電廠),僑雄實業股份有限公司,太陽能,轉供,1.446,2026-05-20,0.62,於 2026-05-20 移轉 0.62 MWh
富威電力股份有限公司,富崴能源股份有限公司(權聖太陽光電廠),競泰股份有限公司,太陽能,轉供,0.277,2026-03-25,0.104,於 2026-03-25 移轉 0.104 MWh
富威電力股份有限公司,富崴能源股份有限公司(權聖太陽光電廠),競泰股份有限公司,太陽能,轉供,0.277,2026-04-01,0.087,於 2026-04-01 移轉 0.087 MWh
富威電力股份有限公司,富崴能源股份有限公司(權聖太陽光電廠),競泰股份有限公司,太陽能,轉供,0.277,2026-05-20,0.086,於 2026-05-20 移轉 0.086 MWh
富威電力股份有限公司,富崴能源股份有限公司(權聖太陽光電廠),富迪印刷企業股份有限公司,太陽能,轉供,0.056,2026-03-25,0.018,於 2026-03-25 移轉 0.018 MWh
富威電力股份有限公司,富崴能源股份有限公司(權聖太陽光電廠),富迪印刷企業股份有限公司,太陽能,轉供,0.056,2026-04-01,0.018,於 2026-04-01 移轉 0.018 MWh
富威電力股份有限公司,富崴能源股份有限公司(權聖太陽光電廠),富迪印刷企業股份有限公司,太陽能,轉供,0.056,2026-05-20,0.02,於 2026-05-20 移轉 0.02 MWh
富威電力股份有限公司,彰苑風力發電股份有限公司(彰苑風力發電廠),采鈺科技股份有限公司,風力能,轉供,"1,146.521",2026-03-25,432.927,於 2026-03-25 移轉 432.927 MWh
富威電力股份有限公司,彰苑風力發電股份有限公司(彰苑風力發電廠),采鈺科技股份有限公司,風力能,轉供,"1,146.521",2026-04-01,233.899,於 2026-04-01 移轉 233.899 MWh
富威電力股份有限公司,彰苑風力發電股份有限公司(彰苑風力發電廠),采鈺科技股份有限公司,風力能,轉供,"1,146.521",2026-05-20,479.695,於 2026-05-20 移轉 479.695 MWh
富威電力股份有限公司,彰苑風力發電股份有限公司(彰苑風力發電廠),日月光半導體製造股份有限公司,風力能,轉供,370.424,2026-04-01,370.424,於 2026-04-01 移轉 370.424 MWh
富威電力股份有限公司,彰苑風力發電股份有限公司(彰苑風力發電廠),台灣固網股份有限公司,風力能,轉供,523.881,2026-03-25,229.539,於 2026-03-25 移轉 229.539 MWh
富威電力股份有限公司,彰苑風力發電股份有限公司(彰苑風力發電廠),台灣固網股份有限公司,風力能,轉供,523.881,2026-04-22,137.783,於 2026-04-22 移轉 137.783 MWh
富威電力股份有限公司,彰苑風力發電股份有限公司(彰苑風力發電廠),台灣固網股份有限公司,風力能,轉供,523.881,2026-05-20,156.559,於 2026-05-20 移轉 156.559 MWh
富威電力股份有限公司,彰苑風力發電股份有限公司(彰苑風力發電廠),元太科技工業股份有限公司,風力能,轉供,210.407,2026-05-20,210.407,於 2026-05-20 移轉 210.407 MWh
富威電力股份有限公司,彰苑風力發電股份有限公司(彰苑風力發電廠),博仲法律事務所,風力能,轉供,2.976,2026-03-25,1.371,於 2026-03-25 移轉 1.371 MWh
富威電力股份有限公司,彰苑風力發電股份有限公司(彰苑風力發電廠),博仲法律事務所,風力能,轉供,2.976,2026-04-01,0.911,於 2026-04-01 移轉 0.911 MWh
富威電力股份有限公司,彰苑風力發電股份有限公司(彰苑風力發電廠),博仲法律事務所,風力能,轉供,2.976,2026-05-20,0.694,於 2026-05-20 移轉 0.694 MWh
富威電力股份有限公司,彰苑風力發電股份有限公司(彰苑風力發電廠),群聯電子股份有限公司 竹南分公司,風力能,轉供,"1,062.561",2026-03-25,481.635,於 2026-03-25 移轉 481.635 MWh
富威電力股份有限公司,彰苑風力發電股份有限公司(彰苑風力發電廠),群聯電子股份有限公司 竹南分公司,風力能,轉供,"1,062.561",2026-04-01,277.251,於 2026-04-01 移轉 277.251 MWh
富威電力股份有限公司,彰苑風力發電股份有限公司(彰苑風力發電廠),群聯電子股份有限公司 竹南分公司,風力能,轉供,"1,062.561",2026-05-20,303.675,於 2026-05-20 移轉 303.675 MWh
富威電力股份有限公司,彰苑風力發電股份有限公司(彰苑風力發電廠),台達電子工業股份有限公司,風力能,轉供,386.481,2026-03-25,179.484,於 2026-03-25 移轉 179.484 MWh
富威電力股份有限公司,彰苑風力發電股份有限公司(彰苑風力發電廠),台達電子工業股份有限公司,風力能,轉供,386.481,2026-04-01,93.739,於 2026-04-01 移轉 93.739 MWh
富威電力股份有限公司,彰苑風力發電股份有限公司(彰苑風力發電廠),台達電子工業股份有限公司,風力能,轉供,386.481,2026-05-20,113.258,於 2026-05-20 移轉 113.258 MWh
富威電力股份有限公司,彰苑風力發電股份有限公司(彰苑風力發電廠),矽品精密工業股份有限公司,風力能,轉供,112.213,2026-04-01,112.213,於 2026-04-01 移轉 112.213 MWh
富威電力股份有限公司,彰苑風力發電股份有限公司(彰苑風力發電廠),台灣福雷電子股份有限公司,風力能,轉供,16.412,2026-04-01,16.412,於 2026-04-01 移轉 16.412 MWh
富威電力股份有限公司,彰苑風力發電股份有限公司(彰苑風力發電廠),矽品精密⼯業股份有限公司新⽵分公司,風力能,轉供,15.546,2026-04-01,15.546,於 2026-04-01 移轉 15.546 MWh
富威電力股份有限公司,彰苑風力發電股份有限公司(彰苑風力發電廠),矽品精密⼯業股份有限公司中科分公司,風力能,轉供,82.928,2026-04-01,82.928,於 2026-04-01 移轉 82.928 MWh
富威電力股份有限公司,彰苑風力發電股份有限公司(彰苑風力發電廠),日月光半導體製造股份有限公司中壢分公司,風力能,轉供,165.609,2026-04-01,165.609,於 2026-04-01 移轉 165.609 MWh
富威電力股份有限公司,彰苑風力發電股份有限公司(彰苑風力發電廠),台灣大哥大股份有限公司,風力能,轉供,791.166,2026-03-25,366.543,於 2026-03-25 移轉 366.543 MWh
富威電力股份有限公司,彰苑風力發電股份有限公司(彰苑風力發電廠),台灣大哥大股份有限公司,風力能,轉供,791.166,2026-04-01,15.817,於 2026-04-01 移轉 15.817 MWh
富威電力股份有限公司,彰苑風力發電股份有限公司(彰苑風力發電廠),台灣大哥大股份有限公司,風力能,轉供,791.166,2026-04-22,189.532,於 2026-04-22 移轉 189.532 MWh
富威電力股份有限公司,彰苑風力發電股份有限公司(彰苑風力發電廠),台灣大哥大股份有限公司,風力能,轉供,791.166,2026-05-20,219.274,於 2026-05-20 移轉 219.274 MWh
富威電力股份有限公司,彰苑風力發電股份有限公司(彰苑風力發電廠),中華電信股份有限公司個人家庭分公司,風力能,轉供,388.643,2026-03-25,175.575,於 2026-03-25 移轉 175.575 MWh
富威電力股份有限公司,彰苑風力發電股份有限公司(彰苑風力發電廠),中華電信股份有限公司個人家庭分公司,風力能,轉供,388.643,2026-04-08,111.551,於 2026-04-08 移轉 111.551 MWh
富威電力股份有限公司,彰苑風力發電股份有限公司(彰苑風力發電廠),中華電信股份有限公司個人家庭分公司,風力能,轉供,388.643,2026-05-20,101.517,於 2026-05-20 移轉 101.517 MWh
富威電力股份有限公司,彰苑風力發電股份有限公司(彰苑風力發電廠),中華電信股份有限公司資訊技術分公司,風力能,轉供,"1,236.274",2026-03-25,511.659,於 2026-03-25 移轉 511.659 MWh
富威電力股份有限公司,彰苑風力發電股份有限公司(彰苑風力發電廠),中華電信股份有限公司資訊技術分公司,風力能,轉供,"1,236.274",2026-04-08,435.656,於 2026-04-08 移轉 435.656 MWh
富威電力股份有限公司,彰苑風力發電股份有限公司(彰苑風力發電廠),中華電信股份有限公司資訊技術分公司,風力能,轉供,"1,236.274",2026-05-20,288.959,於 2026-05-20 移轉 288.959 MWh
富威電力股份有限公司,彰苑風力發電股份有限公司(彰苑風力發電廠),中華電信股份有限公司,風力能,轉供,848.352,2026-03-25,412.332,於 2026-03-25 移轉 412.332 MWh
富威電力股份有限公司,彰苑風力發電股份有限公司(彰苑風力發電廠),中華電信股份有限公司,風力能,轉供,848.352,2026-04-08,263.365,於 2026-04-08 移轉 263.365 MWh
富威電力股份有限公司,彰苑風力發電股份有限公司(彰苑風力發電廠),中華電信股份有限公司,風力能,轉供,848.352,2026-05-20,172.655,於 2026-05-20 移轉 172.655 MWh
富威電力股份有限公司,彰苑風力發電股份有限公司(彰苑風力發電廠),台灣微轉股份有限公司,風力能,轉供,32.992,2026-03-25,16.854,於 2026-03-25 移轉 16.854 MWh
富威電力股份有限公司,彰苑風力發電股份有限公司(彰苑風力發電廠),台灣微轉股份有限公司,風力能,轉供,32.992,2026-04-01,5.514,於 2026-04-01 移轉 5.514 MWh
富威電力股份有限公司,彰苑風力發電股份有限公司(彰苑風力發電廠),台灣微轉股份有限公司,風力能,轉供,32.992,2026-05-20,10.624,於 2026-05-20 移轉 10.624 MWh
富威電力股份有限公司,彰苑風力發電股份有限公司(彰苑風力發電廠),環鴻科技股份有限公司,風力能,轉供,318.446,2026-03-25,110.111,於 2026-03-25 移轉 110.111 MWh
富威電力股份有限公司,彰苑風力發電股份有限公司(彰苑風力發電廠),環鴻科技股份有限公司,風力能,轉供,318.446,2026-04-01,51.032,於 2026-04-01 移轉 51.032 MWh
富威電力股份有限公司,彰苑風力發電股份有限公司(彰苑風力發電廠),環鴻科技股份有限公司,風力能,轉供,318.446,2026-05-20,157.303,於 2026-05-20 移轉 157.303 MWh
富威電力股份有限公司,北苑風力發電股份有限公司(北苑風力發電廠),采鈺科技股份有限公司,風力能,轉供,"1,008.27",2026-03-25,425.634,於 2026-03-25 移轉 425.634 MWh
富威電力股份有限公司,北苑風力發電股份有限公司(北苑風力發電廠),采鈺科技股份有限公司,風力能,轉供,"1,008.27",2026-04-01,226.795,於 2026-04-01 移轉 226.795 MWh
富威電力股份有限公司,北苑風力發電股份有限公司(北苑風力發電廠),采鈺科技股份有限公司,風力能,轉供,"1,008.27",2026-05-20,355.841,於 2026-05-20 移轉 355.841 MWh
富威電力股份有限公司,北苑風力發電股份有限公司(北苑風力發電廠),日月光半導體製造股份有限公司,風力能,轉供,525.603,2026-04-01,525.603,於 2026-04-01 移轉 525.603 MWh
富威電力股份有限公司,北苑風力發電股份有限公司(北苑風力發電廠),台灣固網股份有限公司,風力能,轉供,480.844,2026-03-25,227.42,於 2026-03-25 移轉 227.42 MWh
富威電力股份有限公司,北苑風力發電股份有限公司(北苑風力發電廠),台灣固網股份有限公司,風力能,轉供,480.844,2026-04-22,134.657,於 2026-04-22 移轉 134.657 MWh
富威電力股份有限公司,北苑風力發電股份有限公司(北苑風力發電廠),台灣固網股份有限公司,風力能,轉供,480.844,2026-05-20,118.767,於 2026-05-20 移轉 118.767 MWh
富威電力股份有限公司,北苑風力發電股份有限公司(北苑風力發電廠),元太科技工業股份有限公司,風力能,轉供,194.713,2026-05-20,194.713,於 2026-05-20 移轉 194.713 MWh
富威電力股份有限公司,北苑風力發電股份有限公司(北苑風力發電廠),台達電子工業股份有限公司,風力能,轉供,355.752,2026-03-25,177.897,於 2026-03-25 移轉 177.897 MWh
富威電力股份有限公司,北苑風力發電股份有限公司(北苑風力發電廠),台達電子工業股份有限公司,風力能,轉供,355.752,2026-04-01,91.661,於 2026-04-01 移轉 91.661 MWh
富威電力股份有限公司,北苑風力發電股份有限公司(北苑風力發電廠),台達電子工業股份有限公司,風力能,轉供,355.752,2026-05-20,86.194,於 2026-05-20 移轉 86.194 MWh
富威電力股份有限公司,北苑風力發電股份有限公司(北苑風力發電廠),矽品精密工業股份有限公司,風力能,轉供,162.62,2026-04-01,162.62,於 2026-04-01 移轉 162.62 MWh
富威電力股份有限公司,北苑風力發電股份有限公司(北苑風力發電廠),台灣福雷電子股份有限公司,風力能,轉供,24.302,2026-04-01,24.302,於 2026-04-01 移轉 24.302 MWh
富威電力股份有限公司,北苑風力發電股份有限公司(北苑風力發電廠),矽品精密⼯業股份有限公司新⽵分公司,風力能,轉供,21.952,2026-04-01,21.952,於 2026-04-01 移轉 21.952 MWh
富威電力股份有限公司,北苑風力發電股份有限公司(北苑風力發電廠),矽品精密⼯業股份有限公司中科分公司,風力能,轉供,114.54,2026-04-01,114.54,於 2026-04-01 移轉 114.54 MWh
富威電力股份有限公司,北苑風力發電股份有限公司(北苑風力發電廠),日月光半導體製造股份有限公司中壢分公司,風力能,轉供,241.698,2026-04-01,241.698,於 2026-04-01 移轉 241.698 MWh
富威電力股份有限公司,北苑風力發電股份有限公司(北苑風力發電廠),台灣大哥大股份有限公司,風力能,轉供,736.112,2026-03-25,365.538,於 2026-03-25 移轉 365.538 MWh
富威電力股份有限公司,北苑風力發電股份有限公司(北苑風力發電廠),台灣大哥大股份有限公司,風力能,轉供,736.112,2026-04-01,15.426,於 2026-04-01 移轉 15.426 MWh
富威電力股份有限公司,北苑風力發電股份有限公司(北苑風力發電廠),台灣大哥大股份有限公司,風力能,轉供,736.112,2026-04-22,187.243,於 2026-04-22 移轉 187.243 MWh
富威電力股份有限公司,北苑風力發電股份有限公司(北苑風力發電廠),台灣大哥大股份有限公司,風力能,轉供,736.112,2026-05-20,167.905,於 2026-05-20 移轉 167.905 MWh
富威電力股份有限公司,北苑風力發電股份有限公司(北苑風力發電廠),中華電信股份有限公司個人家庭分公司,風力能,轉供,367.237,2026-03-25,180.425,於 2026-03-25 移轉 180.425 MWh
富威電力股份有限公司,北苑風力發電股份有限公司(北苑風力發電廠),中華電信股份有限公司個人家庭分公司,風力能,轉供,367.237,2026-04-08,110.329,於 2026-04-08 移轉 110.329 MWh
富威電力股份有限公司,北苑風力發電股份有限公司(北苑風力發電廠),中華電信股份有限公司個人家庭分公司,風力能,轉供,367.237,2026-05-20,76.483,於 2026-05-20 移轉 76.483 MWh
富威電力股份有限公司,北苑風力發電股份有限公司(北苑風力發電廠),中華電信股份有限公司資訊技術分公司,風力能,轉供,"1,176.173",2026-03-25,517.555,於 2026-03-25 移轉 517.555 MWh
富威電力股份有限公司,北苑風力發電股份有限公司(北苑風力發電廠),中華電信股份有限公司資訊技術分公司,風力能,轉供,"1,176.173",2026-04-08,431.577,於 2026-04-08 移轉 431.577 MWh
富威電力股份有限公司,北苑風力發電股份有限公司(北苑風力發電廠),中華電信股份有限公司資訊技術分公司,風力能,轉供,"1,176.173",2026-05-20,227.041,於 2026-05-20 移轉 227.041 MWh
富威電力股份有限公司,北苑風力發電股份有限公司(北苑風力發電廠),中華電信股份有限公司,風力能,轉供,809.926,2026-03-25,417.705,於 2026-03-25 移轉 417.705 MWh
富威電力股份有限公司,北苑風力發電股份有限公司(北苑風力發電廠),中華電信股份有限公司,風力能,轉供,809.926,2026-04-08,258.876,於 2026-04-08 移轉 258.876 MWh
富威電力股份有限公司,北苑風力發電股份有限公司(北苑風力發電廠),中華電信股份有限公司,風力能,轉供,809.926,2026-05-20,133.345,於 2026-05-20 移轉 133.345 MWh
富威電力股份有限公司,北苑風力發電股份有限公司(北苑風力發電廠),環鴻科技股份有限公司,風力能,轉供,280.992,2026-03-25,109.428,於 2026-03-25 移轉 109.428 MWh
富威電力股份有限公司,北苑風力發電股份有限公司(北苑風力發電廠),環鴻科技股份有限公司,風力能,轉供,280.992,2026-04-01,49.377,於 2026-04-01 移轉 49.377 MWh
富威電力股份有限公司,北苑風力發電股份有限公司(北苑風力發電廠),環鴻科技股份有限公司,風力能,轉供,280.992,2026-05-20,122.187,於 2026-05-20 移轉 122.187 MWh
富威電力股份有限公司,星崴電力股份有限公司(星崴七股太陽光電發電廠),台灣歐舒丹股份有限公司,太陽能,轉供,7.38,2026-03-25,2.231,於 2026-03-25 移轉 2.231 MWh
富威電力股份有限公司,星崴電力股份有限公司(星崴七股太陽光電發電廠),台灣歐舒丹股份有限公司,太陽能,轉供,7.38,2026-04-01,1.821,於 2026-04-01 移轉 1.821 MWh
富威電力股份有限公司,星崴電力股份有限公司(星崴七股太陽光電發電廠),台灣歐舒丹股份有限公司,太陽能,轉供,7.38,2026-05-20,3.328,於 2026-05-20 移轉 3.328 MWh
富威電力股份有限公司,星崴電力股份有限公司(星崴七股太陽光電發電廠),日月光半導體製造股份有限公司,太陽能,轉供,860.41,2026-04-01,860.41,於 2026-04-01 移轉 860.41 MWh
富威電力股份有限公司,星崴電力股份有限公司(星崴七股太陽光電發電廠),亞東工業氣體股份有限公司,太陽能,轉供,21.084,2026-03-25,7.289,於 2026-03-25 移轉 7.289 MWh
富威電力股份有限公司,星崴電力股份有限公司(星崴七股太陽光電發電廠),亞東工業氣體股份有限公司,太陽能,轉供,21.084,2026-04-01,7.442,於 2026-04-01 移轉 7.442 MWh
富威電力股份有限公司,星崴電力股份有限公司(星崴七股太陽光電發電廠),亞東工業氣體股份有限公司,太陽能,轉供,21.084,2026-05-20,6.353,於 2026-05-20 移轉 6.353 MWh
富威電力股份有限公司,星崴電力股份有限公司(星崴七股太陽光電發電廠),台灣日東光學股份有限公司,太陽能,轉供,177.988,2026-03-25,83.266,於 2026-03-25 移轉 83.266 MWh
富威電力股份有限公司,星崴電力股份有限公司(星崴七股太陽光電發電廠),台灣日東光學股份有限公司,太陽能,轉供,177.988,2026-04-01,78.924,於 2026-04-01 移轉 78.924 MWh
富威電力股份有限公司,星崴電力股份有限公司(星崴七股太陽光電發電廠),台灣日東光學股份有限公司,太陽能,轉供,177.988,2026-05-20,15.798,於 2026-05-20 移轉 15.798 MWh
富威電力股份有限公司,星崴電力股份有限公司(星崴七股太陽光電發電廠),伊雲谷數位科技股份有限公司,太陽能,轉供,10.054,2026-03-25,3.326,於 2026-03-25 移轉 3.326 MWh
富威電力股份有限公司,星崴電力股份有限公司(星崴七股太陽光電發電廠),伊雲谷數位科技股份有限公司,太陽能,轉供,10.054,2026-04-01,3.537,於 2026-04-01 移轉 3.537 MWh
富威電力股份有限公司,星崴電力股份有限公司(星崴七股太陽光電發電廠),伊雲谷數位科技股份有限公司,太陽能,轉供,10.054,2026-05-20,3.191,於 2026-05-20 移轉 3.191 MWh
中鋼光能股份有限公司,(中鋼永光儲區),華新麗華股份有限公司,太陽能,轉供,1,2026-03-04,1,於 2026-03-04 移轉 1 MWh
中鋼光能股份有限公司,(中龍中心倉庫),華新麗華股份有限公司,太陽能,轉供,151.199,2026-03-18,70.799,於 2026-03-18 移轉 70.799 MWh
中鋼光能股份有限公司,(中龍中心倉庫),華新麗華股份有限公司,太陽能,轉供,151.199,2026-05-13,76.364,於 2026-05-13 移轉 76.364 MWh
中鋼光能股份有限公司,(中龍中心倉庫),華新麗華股份有限公司,太陽能,轉供,151.199,2026-05-20,4.036,於 2026-05-20 移轉 4.036 MWh
中鋼光能股份有限公司,(中碳屏南試驗工廠),中鋼碳素化學股份有限公司,太陽能,併網型直供,90.981,2026-03-04,27.151,於 2026-03-04 移轉 27.151 MWh
中鋼光能股份有限公司,(中碳屏南試驗工廠),中鋼碳素化學股份有限公司,太陽能,併網型直供,90.981,2026-04-08,27.817,於 2026-04-08 移轉 27.817 MWh
中鋼光能股份有限公司,(中碳屏南試驗工廠),中鋼碳素化學股份有限公司,太陽能,併網型直供,90.981,2026-05-20,36.013,於 2026-05-20 移轉 36.013 MWh
傑傅能源股份有限公司,千賀機械有限公司(神岡區太陽光電發電系統-千賀機械),台灣積體電路製造股份有限公司,太陽能,轉供,70.758,2026-04-01,34.781,於 2026-04-01 移轉 34.781 MWh
傑傅能源股份有限公司,千賀機械有限公司(神岡區太陽光電發電系統-千賀機械),台灣積體電路製造股份有限公司,太陽能,轉供,70.758,2026-04-29,35.977,於 2026-04-29 移轉 35.977 MWh
傑傅能源股份有限公司,智捷能源股份有限公司(桃園市大園區太陽光電發電系統電廠標租案_客運一段30地號),台灣積體電路製造股份有限公司,太陽能,轉供,109.529,2026-04-01,52.846,於 2026-04-01 移轉 52.846 MWh
傑傅能源股份有限公司,智捷能源股份有限公司(桃園市大園區太陽光電發電系統電廠標租案_客運一段30地號),台灣積體電路製造股份有限公司,太陽能,轉供,109.529,2026-04-29,56.683,於 2026-04-29 移轉 56.683 MWh
